actor_id,name,birth_year,death_year,primary_profession,known_for_titles
nm0000197,Jack Nicholson,1937,\N,"actor,producer,writer","tt0071315,tt0119822,tt0407887,tt0073486"
nm0001167,Shelley Duvall,1949,\N,"actress,producer,writer","tt0081505,tt0075612,tt0081353,tt0075686"
nm0515950,Danny Lloyd,1972,\N,"actor,archive_footage","tt0081505,tt5606664,tt0084908,tt0199184"
nm0001079,Scatman Crothers,1910,1986,"actor,soundtrack,archive_footage","tt0081505,tt0073486,tt0086491,tt0065421"
nm0625167,Barry Nelson,1917,2007,"actor,soundtrack,archive_footage","tt0081505,tt0065377,tt0035959,tt0049212"
nm0832104,Philip Stone,1924,2003,"actor,archive_footage","tt0081505,tt0066921,tt0087469,tt0080745"
nm0877185,Joe Turkel,1927,2022,"actor,archive_footage","tt0081505,tt0083658,tt0050825,tt0049406"
nm0413271,Anne Jackson,1925,2016,"actress,producer,archive_footage","tt0081505,tt0065642,tt0831400,tt0066605"
nm0123748,Tony Burton,1937,2016,"actor,archive_footage","tt0074156,tt0075148,tt0479143,tt0089927"
nm0067672,Lia Beldam,1944,2021,"actress,archive_footage",tt0081505
nm0000222,Brooke Shields,1965,\N,"actress,producer,director","tt0080453,tt0078111,tt0080116,tt0082329"
nm0000803,Christopher Atkins,1961,\N,"actor,writer,producer","tt0080453,tt0084504,tt0086011,tt0493406"
nm0571674,Leo McKern,1920,2002,"actor,director,writer","tt0089457,tt0080453,tt0060665,tt0063599"
nm0200122,William Daniels,1927,\N,"actor,director,soundtrack","tt0083483,tt0061722,tt0080453,tt0068156"
nm0430745,Elva Josephson,1973,\N,"actress,archive_footage","tt0080453,tt0083598,tt0084259,tt0086720"
nm0463174,Glenn Kohan,1969,\N,"actor,archive_footage",tt0080453
nm0394086,Alan Hopgood,1934,2022,"actor,writer,script_department","tt0448011,tt0080453,tt0077064,tt0088580"
nm0580517,Gus Mercurio,1928,2010,"actor,writer,stunts","tt0080453,tt0092493,tt0108215,tt0084296"
nm0459165,Jeffrey Kleiser,\N,\N,"visual_effects,director,actor","tt0080453,tt0111282,tt0120903,tt0120667"
nm0699333,Bradley Pryce,\N,\N,actor,tt0080453
nm0000434,Mark Hamill,1951,\N,"actor,producer,director","tt0076759,tt2527336,tt0080684,tt0086190"
nm0000148,Harrison Ford,1942,\N,"actor,writer,producer","tt0082971,tt0106977,tt0076759,tt0090329"
nm0000402,Carrie Fisher,1956,2016,"actress,miscellaneous,writer","tt0076759,tt2527336,tt0080684,tt0086190"
nm0001850,Billy Dee Williams,1937,\N,"actor,writer,soundtrack","tt0080684,tt0086190,tt4116284,tt2527338"
nm0000355,Anthony Daniels,1946,\N,"actor,producer,writer","tt2488496,tt2527336,tt0076759,tt0080684"
nm0001190,David Prowse,1935,2020,"actor,miscellaneous,archive_footage","tt0076759,tt0086190,tt0066921,tt0080684"
nm0562678,Peter Mayhew,\N,\N,"editor,editorial_department,producer","tt0051542,tt0052805,tt0052172,tt0075868"
nm0048652,Kenny Baker,1934,2016,"actor,miscellaneous,soundtrack","tt0081633,tt0121766,tt0080678,tt0080684"
nm0000568,Frank Oz,1944,\N,"actor,miscellaneous,director","tt0074028,tt0080684,tt0086190,tt0121765"
nm0000027,Alec Guinness,1914,2000,"actor,writer,soundtrack","tt0076759,tt0050212,tt0041546,tt0051739"
nm0000717,Kareem Abdul-Jabbar,1947,\N,"actor,producer,writer","tt0080339,tt11564570,tt0089155,tt0113097"
nm0000978,Lloyd Bridges,1913,1998,"actor,director,soundtrack","tt0107144,tt0083530,tt0080339,tt0102059"
nm0336335,Peter Graves,1926,2010,"actor,director,soundtrack","tt0046359,tt0080339,tt0060009,tt0048424"
nm0353546,Julie Hagerty,1955,\N,"actress,soundtrack,archive_footage","tt0240515,tt7653254,tt0083530,tt0080339"
nm0001332,Robert Hays,1947,\N,"actor,producer,director","tt0080339,tt0083530,tt0426592,tt0088889"
nm0000558,Leslie Nielsen,1926,2010,"actor,producer,writer","tt0080339,tt0102510,tt0095705,tt0120901"
nm0666309,Lorna Patterson,1956,\N,"actress,soundtrack,archive_footage","tt0080339,tt0080225,tt0164386,tt0081918"
nm0821041,Robert Stack,1919,2003,"actor,producer,soundtrack","tt0049966,tt0035446,tt0080339,tt0078723"
nm0835992,Stephen Stucker,1947,1986,"actor,soundtrack","tt0080339,tt0083530,tt0086465,tt0081766"
nm10185194,Otto,\N,\N,\N,tt9060786
nm0000331,Chevy Chase,1943,\N,"actor,writer,producer","tt0104850,tt0085995,tt0080487,tt0092086"
nm0001098,Rodney Dangerfield,1921,2004,"actor,writer,producer","tt0090685,tt0102813,tt0080487,tt0085470"
nm0461095,Ted Knight,1923,1986,"actor,soundtrack,archive_footage","tt0065314,tt0080487,tt0069641,tt0055666"
nm0001574,Michael O'Keefe,1955,\N,"actor,director,soundtrack","tt0080487,tt0079239,tt0465538,tt0237572"
nm0000195,Bill Murray,1950,\N,"actor,writer,producer","tt0335266,tt0128445,tt1748122,tt0362270"
nm0390106,Sarah Holcomb,1958,\N,actress,"tt0080487,tt0077975,tt0080837,tt0080114"
nm0173082,Scott Colomby,1952,\N,"actor,miscellaneous,writer","tt0080487,tt0084522,tt0106697,tt0112864"
nm0604563,Cindy Morgan,1951,2023,"actress,producer,archive_footage","tt0080487,tt0084827,tt0081858,tt0075488"
nm0720274,Dan Resin,1931,2010,"actor,miscellaneous","tt0080487,tt0069180,tt0100211,tt0067174"
nm0928295,Henry Wilcoxon,1905,1984,"actor,producer,writer","tt0049833,tt0080487,tt0035093,tt0045125"
nm0658133,Betsy Palmer,1926,2015,"actress,miscellaneous,soundtrack","tt0080761,tt0082418,tt0462475,tt0048380"
nm0454415,Adrienne King,1955,\N,"actress,miscellaneous,producer","tt0080761,tt0082418,tt7798990,tt0111742"
nm0852551,Jeannine Taylor,1954,\N,"actress,miscellaneous,archive_footage","tt0080761,tt0048860,tt0084609,tt2396421"
nm0604987,Robbi Morgan,1961,\N,"actress,stunts,soundtrack","tt0080761,tt0095253,tt10726368,tt0067975"
nm0000102,Kevin Bacon,1958,\N,"actor,producer,director","tt0087277,tt0164052,tt0361127,tt0327056"
nm0188993,Harry Crosby,\N,\N,actor,tt0006325
nm0059324,Laurie Bartram,1958,2007,"actress,archive_footage","tt0080761,tt0068067,tt0057731"
nm0625588,Mark Nelson,\N,\N,"actor,archive_footage","tt0080761,tt0116313,tt0083470,tt0115376"
nm0112829,Peter Brouwer,1945,\N,"actor,archive_footage","tt0080761,tt1334512,tt0062595,tt1839578"
nm0263591,Rex Everhart,1920,2000,"actor,archive_footage","tt0080761,tt0101414,tt0078346,tt0070672"
nm0258931,Tom Erhart,1929,1996,actor,"tt0080455,tt0075223,tt0074964,tt0064684"
nm0909212,Gerald Walling,1928,2011,actor,tt0080455
nm0000004,John Belushi,1949,1982,"actor,writer,music_department","tt0072562,tt0077975,tt0080455,tt0078723"
nm0505979,Walter Levine,\N,\N,actor,"tt0080455,tt0118747,tt0067716,tt0099984"
nm0000101,Dan Aykroyd,1952,\N,"writer,actor,producer","tt0087332,tt0118747,tt0102558,tt0080455"
nm0293466,Kathleen Freeman,1923,2001,"actress,miscellaneous,soundtrack","tt0080455,tt0093260,tt0110622,tt0118747"
nm0130572,Cab Calloway,1907,1994,"actor,music_department,director","tt0080455,tt0110475,tt0421715,tt0036391"
nm0040551,Alonzo Atkins,\N,\N,"actor,archive_footage",tt0080455
nm0113768,James Brown,1933,2006,"music_artist,actor,composer","tt0080455,tt3626440,tt1853728,tt1599348"
nm0000134,Robert De Niro,1943,\N,"actor,producer,director","tt0101540,tt0081398,tt0077416,tt0075314"
nm0001550,Cathy Moriarty,1960,\N,"actress,soundtrack,archive_footage","tt0081398,tt0102951,tt1038919,tt0289848"
nm0000582,Joe Pesci,1943,\N,"actor,soundtrack,archive_footage","tt0099685,tt0081398,tt1302006,tt0104952"
nm0898634,Frank Vincent,1937,2017,"actor,producer,miscellaneous","tt0099685,tt0141842,tt0112641,tt0081398"
nm0170225,Nicholas Colasanto,1924,1985,"actor,director,miscellaneous","tt0083399,tt0081398,tt0074512,tt0068575"
nm0757854,Theresa Saldana,1954,2016,"actress,archive_footage","tt0101069,tt0081398,tt0077714,tt0087222"
nm0002869,Mario Gallo,1923,1984,actor,"tt0081398,tt0074751,tt0072417,tt0086192"
nm0012376,Frank Adonis,1935,2018,"actor,director,writer","tt0099685,tt0081398,tt0109040,tt0165798"
nm0095114,Joseph Bono,\N,\N,actor,"tt0099685,tt0081398,tt0112641,tt1302006"
nm0867666,Frank Topham,1918,1986,"actor,miscellaneous",tt0081398
nm0000432,Gene Hackman,1930,\N,"actor,producer,stunts","tt0067116,tt0095647,tt0265666,tt0105695"
nm0001659,Christopher Reeve,1952,2004,"actor,producer,miscellaneous","tt0078346,tt0086393,tt0094074,tt0081534"
nm0000885,Ned Beatty,1937,2021,"actor,soundtrack,archive_footage","tt0074958,tt0068473,tt0822854,tt0078346"
nm0178114,Jackie Cooper,1922,2011,"actor,director,producer","tt0078346,tt0081573,tt0086393,tt0094074"
nm0235243,Sarah Douglas,1952,\N,"actress,archive_footage,archive_sound","tt0078346,tt0081573,tt0087078,tt0839995"
nm0452288,Margot Kidder,1948,2018,"actress,producer,soundtrack","tt0078346,tt0071222,tt0081573,tt0078767"
nm0641172,Jack O'Halloran,1943,\N,"actor,producer,writer","tt0081573,tt0072973,tt0092925,tt0078346"
nm0674781,Valerie Perrine,1943,\N,"actress,archive_footage","tt0078346,tt0071746,tt0081573,tt0839995"
nm0948772,Susannah York,1939,2011,"actress,writer,soundtrack","tt0060665,tt0078346,tt0065088,tt0081573"
nm0001016,David Carradine,1936,2009,"actor,producer,director","tt0378194,tt0074235,tt0072856,tt0490086"
nm0001018,Keith Carradine,1949,\N,"actor,music_department,producer","tt0073440,tt0409847,tt0348914,tt0773262"
nm0001019,Robert Carradine,1954,\N,"actor,producer,director","tt0088000,tt0116225,tt0306841,tt0228333"
nm0005077,James Keach,1947,\N,"actor,director,producer","tt0085995,tt0081071,tt0358273,tt1296898"
nm0005078,Stacy Keach,1941,\N,"actor,producer,director","tt0116225,tt1194173,tt1821549,tt0078446"
nm0000598,Dennis Quaid,1954,\N,"actor,producer,music_department","tt0297884,tt0319262,tt0186151,tt0093260"
nm0001642,Randy Quaid,1950,\N,"actor,producer,writer","tt0116629,tt0070290,tt0097958,tt0116778"
nm0112403,Kevin Brophy,1953,\N,"actor,archive_footage","tt0082511,tt0081071,tt0075532,tt0097073"
nm0001013,Harry Carey Jr.,1921,2012,"actor,writer,producer","tt0108358,tt0049730,tt0087363,tt0099528"
nm0001302,Christopher Guest,1948,\N,"actor,writer,director","tt0088258,tt0118111,tt0310281,tt0218839"
nm0000142,Clint Eastwood,1930,\N,"actor,producer,director","tt0405159,tt1205489,tt0105695,tt0112579"
nm0516800,Sondra Locke,1944,2018,"actress,director,producer","tt0077523,tt0080472,tt0086383,tt0075029"
nm0507212,Geoffrey Lewis,1935,2015,"actor,writer,director","tt0202677,tt0072288,tt0395584,tt0077523"
nm0807448,William Smith,\N,\N,"sound_department,music_department,production_manager","tt0247082,tt0313043,tt0145660,tt0111999"
nm0345340,Harry Guardino,1925,1995,"actor,soundtrack,archive_footage","tt0074483,tt0066999,tt0051745,tt0055047"
nm0002106,Ruth Gordon,1896,1985,"actress,writer,soundtrack","tt0063522,tt0077523,tt0067185,tt0059314"
nm0146938,Michael Cavanaugh,1942,\N,"actor,archive_footage","tt0074483,tt0171363,tt0311289,tt0233469"
nm0179224,Barry Corbin,1940,\N,"actor,producer,miscellaneous","tt16358384,tt4236770,tt10323338,tt4998212"
nm0421772,Roy Jenson,1927,2007,"actor,stunts,archive_footage","tt0071315,tt0070723,tt0077523,tt0060490"
nm0571853,Bill McKinney,1931,2011,"actor,miscellaneous,soundtrack","tt0083944,tt0068473,tt0099088,tt0120689"
nm0923366,Marius Weyers,1945,\N,"actor,archive_footage","tt0080801,tt0450259,tt0083987,tt0097179"
nm0697865,Sandra Prinsloo,\N,\N,"actress,director,producer","tt0080801,tt8595478,tt6693960,tt0151131"
nm0618452,N!xau,1944,2003,"actor,archive_footage","tt0080801,tt0097443,tt0107102,tt0109788"
nm0895116,Louw Verwey,1930,\N,actor,"tt0080801,tt2034644,tt2035574,tt1841579"
nm0862347,Michael Thys,\N,\N,actor,tt0080801
nm0208910,Nic de Jager,\N,\N,"actor,director","tt0080801,tt4846298,tt6971714,tt2035510"
nm0796717,Fanyana H. Sidumo,\N,\N,actor,"tt0080801,tt0074542,tt0151131,tt0093525"
nm0780494,Joe Seakatsie,\N,\N,"actor,assistant_director,director","tt0080801,tt6424510,tt0095792,tt1765947"
nm0642598,Brian O'Shaughnessy,1931,2001,"actor,writer,miscellaneous","tt0080801,tt0367031,tt0105159,tt1956493"
nm0304027,Ken Gampu,1929,2003,"actor,assistant_director","tt0080801,tt0089421,tt0076270,tt0078492"
nm0000245,Robin Williams,1951,2014,"actor,writer,producer","tt0107614,tt0093105,tt0265459,tt0077053"
nm0001827,Ray Walston,1914,2001,"actor,soundtrack,archive_footage","tt0081353,tt0083929,tt0070735,tt0064782"
nm0233209,Paul Dooley,1928,\N,"actor,writer,producer","tt0078902,tt0427327,tt0081353,tt0088128"
nm0809544,Paul L. Smith,1936,2012,"actor,director,producer","tt0110478,tt0081353,tt0087182,tt0089893"
nm0508844,Richard Libertini,1933,2016,"actor,soundtrack,archive_footage","tt0081353,tt0099472,tt0089155,tt0086873"
nm0595567,Donald Moffat,1930,2018,"actor,archive_footage","tt0084787,tt0109444,tt0086197,tt0081353"
nm0228912,MacIntyre Dixon,1931,\N,"actor,archive_footage","tt0081353,tt0804497,tt0105265,tt0092494"
nm0561809,Roberta Maxwell,1941,\N,actress,"tt0081353,tt0119925,tt0080516,tt0388795"
nm0779073,Donovan Scott,1947,\N,"actor,assistant_director,director","tt0081353,tt0099088,tt0087928,tt0897361"
nm0000661,Donald Sutherland,1935,\N,"actor,producer,writer","tt1951264,tt0414387,tt0067309,tt1951265"
nm0001546,Mary Tyler Moore,1936,2017,"actress,producer,director","tt0081283,tt0065314,tt0054533,tt0062362"
nm0002139,Judd Hirsch,1935,\N,"actor,miscellaneous,producer","tt14208870,tt0116629,tt0077089,tt0268978"
nm0000459,Timothy Hutton,1960,\N,"actor,producer,director","tt0081283,tt1103987,tt0115639,tt0343737"
nm0001826,M. Emmet Walsh,1935,2024,"actor,producer,stunts","tt0086979,tt0083658,tt0079367,tt0119738"
nm0001527,Elizabeth McGovern,1961,\N,"actress,producer,writer","tt0081283,tt0099731,tt0087843,tt3750872"
nm0001503,Dinah Manoff,1956,\N,"actress,director,writer","tt0077631,tt0094862,tt0094455,tt0081283"
nm0499791,Fredric Lehne,1959,\N,"actor,director,writer","tt0119654,tt1345836,tt5838338,tt0081283"
nm0797725,James Sikking,1934,\N,"actor,soundtrack,archive_footage","tt0107798,tt0088170,tt0082869,tt0332047"
nm0388819,Basil Hoffman,1938,2021,"actor,miscellaneous,archive_footage","tt0362478,tt0475290,tt1655442,tt2125663"
nm0000323,Michael Caine,1933,\N,"actor,producer,miscellaneous","tt0468569,tt3312830,tt0124315,tt0482571"
nm0001141,Angie Dickinson,1931,\N,"actress,soundtrack,archive_footage","tt0053221,tt0080661,tt0114319,tt0062138"
nm0000262,Nancy Allen,1950,\N,"actress,soundtrack,archive_footage","tt0093870,tt0080661,tt0107978,tt0100502"
nm0330360,Keith Gordon,1961,\N,"director,actor,producer","tt0102443,tt0127349,tt0117093,tt2802850"
nm0001240,Dennis Franz,1944,\N,"actor,writer,producer","tt0106079,tt0120632,tt0099423,tt0080661"
nm0546868,David Margulies,1937,2016,"actor,archive_footage","tt0087332,tt0097428,tt0109040,tt0080661"
nm0048643,Ken Baker,\N,\N,"assistant_director,actor,visual_effects","tt0096446,tt0355295,tt0086393,tt0091369"
nm0166290,Susanna Clemm,\N,\N,actress,"tt0080661,tt0076999,tt0185876,tt0237349"
nm0535933,Brandon Maggart,1933,\N,"actor,producer,soundtrack","tt0080661,tt0081793,tt0086677,tt0084917"
nm0171876,Amalie Collier,\N,\N,actress,"tt0080661,tt0085873"
nm0005412,Jane Seymour,1951,\N,"actress,producer,soundtrack","tt0103405,tt0081534,tt0070328,tt0396269"
nm0001626,Christopher Plummer,1929,2021,"actor,producer,music_department","tt1532503,tt0140352,tt3704050,tt5294550"
nm0942863,Teresa Wright,1918,2005,"actress,soundtrack,archive_footage","tt0036342,tt0036868,tt0035093,tt0081534"
nm0259984,Bill Erwin,1914,2010,"actor,miscellaneous,soundtrack","tt0093748,tt0081534,tt0099785,tt0114660"
nm0903667,George Voskovec,1905,1981,"actor,writer,soundtrack","tt0050083,tt0081534,tt0070212,tt0025248"
nm0294215,Susan French,1912,2003,"actress,archive_footage","tt0081534,tt0091223,tt0077766,tt0099582"
nm0023569,John Alvin,1917,2009,"actor,archive_footage","tt0081534,tt0038338,tt0035799,tt0086765"
nm0301841,Eddra Gale,1921,2001,"actress,archive_footage","tt0056801,tt0061722,tt0081534,tt0059903"
nm0071599,Audrey Bennett,\N,\N,actress,tt0081534
nm0058532,Eddie Barth,1931,2010,"actor,soundtrack,archive_footage","tt0080716,tt0120595,tt0066808,tt0078767"
nm0001011,Irene Cara,1959,2022,"music_artist,actress,music_department","tt0080716,tt0085549,tt0075249,tt0085387"
nm0001087,Lee Curreri,1961,\N,"actor,composer,sound_department","tt0083412,tt0080716,tt0405473,tt0480239"
nm0212847,Laura Dean,1963,\N,"actress,soundtrack,archive_footage","tt0080716,tt0299658,tt0108778,tt0091584"
nm0289900,Antonia Franceschi,1960,\N,"actress,archive_footage","tt0080716,tt0077631,tt0200669,tt13800816"
nm0301305,Boyd Gaines,1953,\N,"actor,soundtrack,archive_footage","tt0091187,tt0084522,tt0808279,tt0090103"
nm0353831,Albert Hague,1920,2001,"actor,composer,music_department","tt0117705,tt0080716,tt0170016,tt0083412"
nm0400955,Tresa Hughes,1929,2011,actress,"tt0080716,tt0112883,tt0108159,tt0088765"
nm0409481,Steve Inwood,1947,\N,"actor,archive_footage","tt0080569,tt0086361,tt0080716,tt0090481"
nm0005204,Paul McCrane,1961,\N,"actor,director,producer","tt0108757,tt0355853,tt0108909,tt10329042"
nm0000105,Adrienne Barbeau,1945,\N,"actress,soundtrack,writer","tt0082340,tt0090685,tt0083767,tt0080749"
nm0000130,Jamie Lee Curtis,1958,\N,"actress,producer,director","tt1502407,tt6710474,tt0111503,tt0120694"
nm0001463,Janet Leigh,1927,2004,"actress,producer,miscellaneous","tt0054215,tt0056218,tt0052311,tt0080749"
nm0002144,John Houseman,1902,1988,"actor,producer,writer","tt0070509,tt0073631,tt0073802,tt0080749"
nm0040662,Tom Atkins,1935,\N,"actor,archive_footage","tt0085636,tt0091630,tt0080749,tt1179891"
nm0134110,James Canning,1946,\N,actor,"tt0080749,tt0077270,tt0068098,tt0079103"
nm0194234,Charles Cyphers,1939,\N,"actor,archive_footage","tt0077651,tt0097815,tt0074156,tt0080749"
nm0477341,Nancy Kyes,1949,\N,"actress,costume_department,archive_footage","tt0077651,tt0080749,tt0074156,tt0085636"
nm0593792,Ty Mitchell,\N,\N,"camera_department,actor,cinematographer","tt0080749,tt0405336,tt0810988,tt0082495"
nm0001358,Hal Holbrook,1925,2021,"actor,director,writer","tt0758758,tt0443272,tt0074119,tt0083767"
nm0000698,Gene Wilder,1933,2016,"actor,writer,director","tt0067992,tt0072431,tt0063462,tt0098282"
nm0001640,Richard Pryor,1940,2005,"actor,writer,producer","tt0086393,tt0082121,tt0098282,tt0081562"
nm0113617,Georg Stanford Brown,1943,\N,"actor,director,producer","tt0081562,tt0075572,tt0062765,tt0081873"
nm0001851,JoBeth Williams,1948,\N,"actress,producer,director","tt0084516,tt0085244,tt0091778,tt0079417"
nm0840822,Miguel Ángel Suárez,1939,2009,"actor,director,writer","tt0066808,tt0081562,tt0164212,tt0892255"
nm0005266,Craig T. Nelson,1944,\N,"actor,producer,director","tt0096560,tt0317705,tt0356680,tt0084516"
nm0919714,Charles Weldon,1940,2018,"actor,producer","tt0081562,tt0104797,tt0108876,tt0078509"
nm0182661,Nicolas Coster,1933,2023,"actor,producer,miscellaneous","tt0086793,tt1688612,tt0074119,tt0092455"
nm0112063,Joel Brooks,1949,\N,actor,"tt0081562,tt0107211,tt0106145,tt0340281"
nm0000199,Al Pacino,1940,\N,"actor,director,producer","tt0070666,tt0072890,tt0068646,tt0099422"
nm0000649,Paul Sorvino,1939,2022,"actor,director,producer","tt0963194,tt0099685,tt0102803,tt0113987"
nm0000261,Karen Allen,1951,\N,"actress,director,soundtrack","tt0082971,tt0088172,tt0367882,tt0077975"
nm0185210,Richard Cox,1948,\N,"actor,soundtrack","tt0080569,tt0092172,tt0073988,tt0313043"
nm0769135,Don Scardino,1949,\N,"director,producer,actor","tt0790628,tt0496424,tt1845307,tt4094300"
nm0818874,Joe Spinell,1936,1989,"actor,writer,producer","tt0075314,tt0075148,tt0081114,tt0071562"
nm0010264,Jay Acovone,1955,\N,"actor,archive_footage","tt5164196,tt4936406,tt0364845,tt9144756"
nm0432921,Randy Jurgensen,1933,\N,"actor,producer,miscellaneous","tt0076740,tt0078346,tt0112864,tt0067116"
nm0382263,Barton Heyman,1937,1996,"actor,archive_footage","tt0070047,tt0112461,tt0105217,tt0067341"
nm0204634,Gene Davis,1952,\N,"actor,producer,archive_footage","tt0091209,tt0120004,tt0105698,tt0085121"
nm0001434,Kris Kristofferson,1936,\N,"music_artist,actor,composer","tt0120611,tt0120784,tt0187738,tt0075265"
nm0000686,Christopher Walken,1943,\N,"actor,producer,miscellaneous","tt0077416,tt0264464,tt0427327,tt1931533"
nm0000457,John Hurt,1940,2017,"actor,soundtrack,archive_footage","tt0087803,tt0078748,tt0080678,tt0077928"
nm0001832,Sam Waterston,1940,\N,"actor,producer,director","tt0087553,tt0071577,tt0098844,tt0111127"
nm0000374,Brad Dourif,1950,\N,"actor,archive_footage,archive_sound","tt0167261,tt0073486,tt0095647,tt0087182"
nm0001376,Isabelle Huppert,1953,\N,"actress,music_department,producer","tt3716530,tt0283832,tt0254686,tt4120176"
nm0001072,Joseph Cotten,1905,1994,"actor,writer,soundtrack","tt0041959,tt0033467,tt0036855,tt0035015"
nm0000313,Jeff Bridges,1949,\N,"actor,producer,art_department","tt0118715,tt1263670,tt0088172,tt1403865"
nm0370214,Ronnie Hawkins,1935,2022,"actor,soundtrack,archive_footage","tt0080855,tt0077838,tt0093176,tt0078151"
nm0467178,Paul Koslo,1944,2019,"actor,producer,assistant_director","tt0067525,tt0067927,tt0102800,tt0066126"
nm0000018,Kirk Douglas,1916,2020,"actor,producer,director","tt0080736,tt0054331,tt0049456,tt0050825"
nm0000640,Martin Sheen,1940,\N,"actor,producer,director","tt0407887,tt0069762,tt0078788,tt1441912"
nm0001684,Katharine Ross,1940,\N,"actress,writer,soundtrack","tt0061722,tt0064115,tt0073747,tt0246578"
nm0267232,James Farentino,1938,2012,"actor,soundtrack,archive_footage","tt0080736,tt0115783,tt0075520,tt0081856"
nm0641938,Ron O'Neal,1937,2004,"actor,director,writer","tt0087985,tt0069332,tt0080736,tt0070753"
nm0001164,Charles Durning,1923,2012,"actor,miscellaneous,soundtrack","tt0072890,tt0080736,tt0079588,tt0190590"
nm0595991,Victor Mohica,1933,2019,actor,"tt0080736,tt0073210,tt0106469,tt0081873"
nm0171061,James Coleman,\N,\N,actor,"tt0344025,tt0028500"
nm0644902,Soon-Tek Oh,1932,2018,"actor,soundtrack,archive_footage","tt0120762,tt0118708,tt0071807,tt0080736"
nm0000556,Olivia Newton-John,1948,2022,"music_artist,actress,music_department","tt0077631,tt0081777,tt0086494,tt0119094"
nm0000037,Gene Kelly,1912,1996,"actor,miscellaneous,director","tt0045152,tt0043278,tt0053946,tt0041716"
nm0065235,Michael Beck,1949,\N,"actor,archive_footage","tt0080120,tt0081777,tt0084316,tt0115285"
nm0806277,James Sloyan,1940,\N,actor,"tt0070735,tt0092455,tt0112178,tt0106145"
nm0035195,Dimitra Arliss,1932,2012,"actress,sound_department,archive_sound","tt0070735,tt0083943,tt0056758,tt0106728"
nm0360088,Katie Hanley,1949,\N,"actress,soundtrack","tt0070121,tt0081777,tt0073972,tt0078585"
nm0564985,Fred McCarren,1951,2006,actor,"tt0076095,tt0083470,tt0077012,tt0092450"
nm0940758,Renn Woods,1958,\N,"actress,soundtrack,archive_footage","tt12537234,tt3545908"
nm0000922,Sandahl Bergman,1951,\N,"actress,miscellaneous,soundtrack","tt0082198,tt0089893,tt0090009,tt0093171"
nm0004263,Lynne Latham,\N,\N,"actress,casting_department,miscellaneous","tt0075485,tt0081777,tt0082474,tt0084273"
nm0000237,John Travolta,1954,\N,"actor,producer,music_department","tt0110912,tt0113161,tt0076666,tt0077631"
nm0000700,Debra Winger,1955,\N,"actress,producer,miscellaneous","tt0086425,tt0084434,tt1084950,tt0081696"
nm0001277,Scott Glenn,1939,\N,"actor,producer,stunts","tt0099810,tt1194173,tt0102926,tt0101393"
nm0001750,Madolyn Smith Osborne,1957,\N,actress,"tt0086837,tt0086873,tt0081696,tt0095188"
nm0017574,Brooke Alderson,\N,\N,actress,"tt0113501,tt0081696,tt0091051,tt0085000"
nm0399590,Cooper Huckabee,1951,\N,"actor,archive_footage","tt0107007,tt0082427,tt0186566,tt0144214"
nm0304000,James Gammon,1940,2010,"actor,archive_footage","tt0097815,tt0159365,tt0090021,tt0129167"
nm0319076,Mickey Gilley,1936,2022,"actor,producer,writer","tt0086461,tt0088287,tt2153963,tt14270652"
nm0496739,Johnny Lee,1898,1965,"actor,soundtrack,archive_footage","tt0038969,tt0043175,tt0022692,tt0040176"
nm0000458,William Hurt,1950,2022,"actor,producer,archive_footage","tt0399146,tt0120738,tt0092699,tt0080360"
nm0001974,Blair Brown,1946,\N,"actress,director,producer","tt0092336,tt0080360,tt0186566,tt0138304"
nm0000837,Bob Balaban,1945,\N,"actor,director,producer","tt0280707,tt0310281,tt0075860,tt0379725"
nm0354024,Charles Haid,1943,\N,"actor,director,producer","tt0080360,tt0100260,tt0299172,tt0108757"
nm0671837,Thaao Penghlis,1945,\N,"actor,archive_footage","tt0058796,tt0080360,tt0094511,tt0186779"
nm0324196,Miguel Godreau,1946,1996,"actor,miscellaneous","tt0080360,tt0789767,tt0075294,tt0082397"
nm0107467,Dori Brenner,1946,2000,actress,"tt0080360,tt0092605,tt0092332,tt0101902"
nm0104793,Peter Brandon,1926,1983,actor,"tt0080360,tt0159876,tt0073952,tt0068149"
nm0925618,Charles White-Eagle,\N,\N,actor,"tt0080360,tt0076818,tt0082001,tt0073979"
nm0000106,Drew Barrymore,1975,\N,"producer,actress,director","tt0160127,tt0151738,tt0343660,tt0120631"
nm0001575,Tatum O'Neal,1963,\N,"actress,producer,soundtrack","tt0070510,tt0074174,tt1017451,tt0081060"
nm0001531,Kristy McNichol,1962,\N,"actress,producer,soundtrack","tt0084504,tt0081060,tt0096324,tt0082853"
nm0000800,Armand Assante,1949,\N,"actor,producer,stunts","tt0116441,tt0765429,tt0104802,tt0113492"
nm0000369,Matt Dillon,1964,\N,"actor,director,producer","tt0129387,tt0375679,tt0097240,tt4003440"
nm0089984,Margaret Blye,1939,2016,"actress,archive_footage","tt0064505,tt0073092,tt0082334,tt0061770"
nm0259799,Krista Errickson,1964,\N,"actress,producer,soundtrack","tt0081060,tt0078623,tt0098749,tt0077003"
nm0447782,Alexa Kenin,1962,1985,"actress,soundtrack","tt0091790,tt0081060,tt0086140,tt0084088"
nm0089579,Abby Bluestone,\N,\N,"talent_agent,actress","tt0081060,tt0081230"
nm0633223,Cynthia Nixon,1966,\N,"actress,producer,director","tt1261945,tt0159206,tt4288636,tt1000774"
nm0001673,Jason Robards,1922,2000,"actor,soundtrack,archive_footage","tt0074119,tt0175880,tt0064116,tt0098067"
nm0430151,Richard Jordan,1937,1993,"actor,producer,script_department","tt0099810,tt0074812,tt0087182,tt0107007"
nm0782978,David Selby,1941,\N,"actor,assistant_director,soundtrack","tt0081858,tt1285016,tt0116000,tt0059978"
nm0000271,Anne Archer,1947,\N,"actress,producer,writer","tt0093010,tt0108122,tt0105112,tt0160009"
nm0116066,Bo Brundin,1937,2022,actor,"tt0074074,tt0083488,tt0073075,tt0111848"
nm0134201,J.D. Cannon,1922,2005,"actor,soundtrack,archive_footage","tt0061512,tt0065317,tt0082250,tt0056757"
nm0058991,Norman Bartold,1928,1994,actor,"tt0070909,tt0075860,tt0071268,tt0070752"
nm0059946,Elya Baskin,1950,\N,"actor,miscellaneous,archive_footage","tt0413300,tt0316654,tt1399103,tt0146309"
nm0000602,Robert Redford,1936,\N,"producer,actor,director","tt0087781,tt0081283,tt0064115,tt0074119"
nm0001433,Yaphet Kotto,1939,2021,"actor,writer,director","tt0078748,tt0095631,tt0070328,tt0106028"
nm0000737,Jane Alexander,1939,\N,"actress,producer,soundtrack","tt0079417,tt0124315,tt0298130,tt0074119"
nm0358069,Murray Hamilton,1923,1986,"actor,archive_footage","tt0073195,tt0061722,tt0077766,tt0052561"
nm0001418,David Keith,1954,\N,"actor,music_department,director","tt0084434,tt0159273,tt0113419,tt0287978"
nm0000151,Morgan Freeman,1937,\N,"actor,producer,director","tt0114369,tt0097239,tt0468569,tt0405159"
nm0164273,Matt Clark,1936,\N,"actor,director,soundtrack","tt0086856,tt0075029,tt0068762,tt0099088"
nm0532838,Tim McIntire,1944,1986,"actor,composer,soundtrack","tt0080474,tt0072730,tt0077158,tt0068762"
nm0911797,Richard Ward,1915,1979,actor,"tt0079367,tt0080474,tt0073349,tt0068168"
nm0887551,Jon Van Ness,1957,\N,"actor,writer,producer","tt0087781,tt0080040,tt0080474"
nm0000152,Richard Gere,1949,\N,"actor,producer,music_department","tt0299658,tt0100405,tt0084434,tt0119395"
nm0001381,Lauren Hutton,1943,\N,"producer,actress,soundtrack","tt0080365,tt0089730,tt0120577,tt0083366"
nm0001185,Hector Elizondo,1936,\N,"actor,director,producer","tt0100405,tt0163187,tt0109254,tt0368933"
nm0887684,Nina van Pallandt,1932,\N,"actress,soundtrack,archive_footage","tt0070334,tt0080365,tt0064757,tt0084749"
nm0004886,Bill Duke,1943,\N,"actor,director,producer","tt0093773,tt0088944,tt0376994,tt0242445"
nm0203617,Brian Davies,1938,\N,"actor,soundtrack","tt0080365,tt0077369,tt0106226,tt0130121"
nm0130282,K Callan,1936,\N,"actress,producer,archive_footage","tt8946378,tt0106057,tt1759761,tt0065916"
nm0829872,Tom Stewart,\N,\N,"actor,director,writer","tt0080365,tt2084993,tt0064639,tt0083470"
nm0139823,Patricia Carr,\N,\N,"producer,production_manager,miscellaneous","tt0120616,tt0076759,tt0078346,tt0080684"
nm0190541,David Cryer,1936,\N,actor,"tt0079116,tt0080365,tt0074074,tt0081290"
nm0538485,Chris Makepeace,1964,\N,"actor,assistant_director,producer","tt0079540,tt0081207,tt0092147,tt0082642"
nm0000284,Adam Baldwin,1962,\N,"actor,soundtrack,archive_footage","tt0379786,tt0116629,tt0093058,tt0187393"
nm0702861,Paul Quandt,1966,\N,actor,tt0081207
nm0757591,Hank Salas,\N,\N,"actor,producer","tt0081207,tt0085450,tt0088495,tt0081871"
nm0000349,Joan Cusack,1962,\N,"actress,writer,soundtrack","tt0119360,tt0119229,tt0096463,tt1659337"
nm0588213,Dean R. Miller,\N,\N,actor,"tt0090060,tt0086765,tt0095897,tt0096606"
nm0721502,Tim Reyna,\N,\N,"actor,miscellaneous","tt0110057,tt0081207"
nm0103379,Richard Bradley,1961,\N,"producer,director,miscellaneous","tt1400819,tt4791314,tt0383766,tt0439923"
nm0059922,Denise Baske,\N,\N,actress,"tt0081207,tt0088405,tt0106067"
nm0828309,Casey Stevens,1954,1994,"actor,archive_footage","tt0081383,tt0077728,tt0083197,tt0072529"
nm0551926,Anne-Marie Martin,1957,\N,"actress,writer,soundtrack","tt0117998,tt0090525,tt0081383,tt0077469"
nm0100949,Antoinette Bower,1932,\N,"actress,archive_footage","tt0068485,tt0081383,tt0061277,tt0098869"
nm0869517,Michael Tough,\N,\N,"location_management,actor,archive_footage","tt0081383,tt0455760,tt0401997,tt0384488"
nm0798887,Robert A. Silverman,1943,\N,"actor,archive_footage","tt0211443,tt0081455,tt0078908,tt0102511"
nm0646964,Pita Oliver,\N,\N,"actress,archive_footage","tt0081383,tt0080656,tt0151070,tt0075438"
nm0610820,David Mucci,\N,\N,"actor,archive_footage","tt0105695,tt0120693,tt0126916,tt0081383"
nm0934637,Jeff Wincott,1956,\N,"actor,producer,director","tt2401256,tt1124373,tt1595859,tt0088582"
nm0000608,Burt Reynolds,1936,2018,"actor,director,producer","tt0118749,tt0076729,tt0082136,tt0117765"
nm0001276,Jackie Gleason,1916,1987,"music_department,actor,writer","tt0054997,tt0076729,tt0042114,tt0081529"
nm0715274,Jerry Reed,1937,2008,"music_artist,actor,music_department","tt0076729,tt0120484,tt0081529,tt0067927"
nm0001123,Dom DeLuise,1933,2009,"actor,director,writer","tt0082136,tt0071230,tt0084649,tt0096787"
nm0000398,Sally Field,1946,\N,"actress,producer,director","tt0109830,tt0443272,tt0098384,tt0076729"
nm0931435,Paul Williams,1943,\N,"actor,director,producer","tt0063401,tt0327490,tt0068455,tt0113827"
nm0566588,Pat McCormick,1927,2005,"writer,actor,miscellaneous","tt0076729,tt0096061,tt0082517,tt0074254"
nm0399663,David Huddleston,1930,2016,"actor,producer,director","tt0118715,tt0071230,tt0395251,tt0095174"
nm0322439,Redmond Gleeson,1935,2020,"actor,miscellaneous","tt0100994,tt0087175,tt0081259,tt0088591"
nm0750916,William Russ,1950,\N,"actor,miscellaneous,director","tt0105958,tt0092484,tt0080569,tt9657076"
nm0130100,Kenny Call,\N,\N,"actor,stunts,miscellaneous","tt0093605,tt0088172,tt0120891,tt0087985"
nm0001698,John Savage,1949,\N,"actor,producer,composer","tt0783640,tt0077416,tt0079261,tt0120863"
nm0852076,Buck Taylor,1938,\N,"actor,art_department,miscellaneous","tt0409847,tt0107007,tt2582782,tt0108358"
nm0175700,Michael Conrad,1925,1983,"actor,archive_footage","tt0081873,tt0071771,tt0065088,tt0071054"
nm0001625,Amanda Plummer,1957,\N,"actress,writer,archive_footage","tt0110912,tt2190165,tt0101889,tt8806524"
nm0000178,Diane Lane,1965,\N,"actress,soundtrack,archive_footage","tt0250797,tt0328589,tt0086066,tt2096673"
nm0000044,Burt Lancaster,1913,1994,"actor,producer,miscellaneous","tt0045793,tt0085859,tt0051036,tt0057091"
nm0000443,Goldie Hawn,1945,\N,"actress,producer,director","tt0081375,tt0093693,tt0116313,tt0104070"
nm0001301,Charles Grodin,1935,2021,"actor,writer,director","tt0095631,tt0074751,tt0068687,tt0081480"
nm0347039,Robert Guillaume,1927,2017,"actor,producer,director","tt0078569,tt0110357,tt0097722,tt0165961"
nm0332390,Harold Gould,1923,2010,"actor,soundtrack,archive_footage","tt0129290,tt0070735,tt0295427,tt0322330"
nm0342732,George Grizzard,1928,2007,"actor,archive_footage","tt0418689,tt0086927,tt0079153,tt0073952"
nm0928648,Yvonne Wilder,1937,2021,"actress,writer,soundtrack","tt0055614,tt0081480,tt0075551,tt0085000"
nm0141953,T.K. Carter,1956,\N,"actor,producer,miscellaneous","tt0084787,tt0421054,tt0089941,tt0081480"
nm0648381,Judd Omen,1940,\N,"actor,archive_footage","tt0089791,tt0087182,tt0087985,tt0082685"
nm0015826,Marc Alaimo,1942,\N,actor,"tt0100802,tt0098439,tt0106145,tt0110622"
nm0107281,Eileen Brennan,1932,2013,"actress,writer,soundtrack","tt0088930,tt0074937,tt0081375,tt0263488"
nm0916433,Robert Webber,\N,\N,"sound_department,actor","tt1591479,tt2369135,tt0411061,tt0120032"
nm0910737,Sam Wanamaker,1919,1993,"actor,director,miscellaneous","tt0094074,tt0091828,tt0077025,tt0059749"
nm0057363,Barbara Barrie,1931,\N,"actress,soundtrack,archive_footage","tt0078902,tt0119282,tt0081375,tt0072472"
nm0005316,Mary Kay Place,1947,\N,"actress,director,writer","tt0120601,tt0074021,tt0172493,tt0085244"
nm0001765,Harry Dean Stanton,1926,2017,"actor,soundtrack,archive_footage","tt5859238,tt0078748,tt0087995,tt0120689"
nm0000983,Albert Brooks,1947,\N,"actor,writer,music_department","tt0780504,tt0092699,tt0101698,tt0089504"
nm0649178,Alan Oppenheimer,1930,\N,"actor,soundtrack,archive_footage","tt0070909,tt0472033,tt0126158,tt3513500"
nm0042976,Julius Averitt,\N,\N,actor,tt0080881
nm0050673,Steve Ballard,\N,\N,"actor,miscellaneous","tt0083006,tt0082083,tt0080881,tt0467468"
nm0075540,Phil Berle,1901,1999,"actor,producer","tt0080881,tt0381290,tt0044296,tt0092322"
nm0082802,Mike Binder,1958,\N,"writer,actor,producer","tt10259078,tt0490204,tt0365885,tt0181689"
nm0107775,Herbert Bress,1919,1986,actor,"tt0068892,tt0078622,tt0057765,tt0074042"
nm0116779,Jerry Brutsche,1939,\N,"stunts,actor,assistant_director","tt0088944,tt0092005,tt0088933,tt0077416"
nm0131436,Joey Camen,1957,\N,"actor,writer,producer","tt0117705,tt1677720,tt2197166,tt1016087"
nm0149940,Al Chalk,\N,\N,actor,"tt0111999,tt0077158,tt0110018,tt0080881"
nm0163847,Dawn Clark,\N,\N,actress,"tt0083131,tt0081859,tt0080881,tt0076125"
nm0001983,Rory Calhoun,1922,1999,"actor,producer,writer","tt0081184,tt0105191,tt0045891,tt0039133"
nm0512912,Paul Linke,1948,\N,"actor,writer,archive_footage","tt0098067,tt0081184,tt0272152,tt0075488"
nm0663878,Nancy Parsons,1942,2001,actress,"tt0084522,tt0086383,tt0081184,tt0098384"
nm0043497,Nina Axelrod,1955,\N,"casting_director,actress,casting_department","tt0081184,tt0087262,tt0090859,tt0120915"
nm0413125,Wolfman Jack,1938,1995,"actor,soundtrack,archive_footage","tt0069704,tt0078239,tt0081184,tt0067736"
nm0431519,Elaine Joyce,1945,\N,"actress,miscellaneous,soundtrack","tt0081184,tt0092112,tt0098749,tt0075529"
nm0193318,Dick Curtis,1902,1952,"actor,archive_footage","tt0265608,tt0034233,tt0032259,tt0033139"
nm0820811,Monique St. Pierre,1953,\N,"actress,miscellaneous","tt0081184,tt0086381,tt11961652,tt0081859"
nm0441423,Rosanne Katon,1952,\N,"actress,stunts,archive_footage","tt0081184,tt0086927,tt0083483,tt0068128"
nm0004871,Neil Diamond,1941,\N,"music_artist,music_department,actor","tt0080948,tt0239948,tt0070248,tt10539608"
nm0000059,Laurence Olivier,1907,1989,"actor,producer,director","tt0069281,tt0077269,tt0032976,tt0074860"
nm0036109,Lucie Arnaz,1951,\N,"actress,producer,miscellaneous","tt0080948,tt0062570,tt0469152,tt4995540"
nm0010818,Catlin Adams,1950,\N,"actress,director,producer","tt0079367,tt1496025,tt0202179,tt1657507"
nm0014977,Franklyn Ajaye,1949,\N,"actor,writer,producer","tt0096734,tt0081562,tt1478338,tt0077369"
nm0629417,Paul Nicholas,1944,\N,"actor,music_department,miscellaneous","tt0073298,tt0085040,tt0073812,tt0078239"
nm0101604,Sully Boyar,1923,2001,actor,"tt0072890,tt0104503,tt0074281,tt0089841"
nm0446037,Mike Kellin,1922,1983,"actor,archive_footage","tt0077928,tt0086320,tt0062755,tt0080948"
nm0095718,James Booth,1927,2005,"actor,writer,soundtrack","tt0058777,tt0101326,tt0075648,tt0089835"
nm0000651,Sissy Spacek,1949,\N,"actress,art_department,director","tt0247425,tt0074285,tt0080549,tt1454029"
nm0000169,Tommy Lee Jones,1946,\N,"actor,director,writer","tt0106977,tt0477348,tt2398231,tt0443272"
nm0375629,Levon Helm,1940,2012,"music_artist,actor,music_department","tt0822854,tt0086197,tt0419294,tt0910905"
nm0101992,Phyllis Boyens,1947,2009,"actress,soundtrack,archive_footage","tt0080549,tt0104377,tt0087160,tt0074605"
nm0026286,Bill Anderson Jr.,\N,\N,actor,tt0080549
nm0225417,Foister Dickerson,\N,\N,actor,tt0080549
nm0566685,Malla McCown,\N,\N,actress,tt0080549
nm0566687,Pamela McCown,\N,\N,actress,tt0080549
nm0759467,Kevin Salvilla,\N,\N,actor,tt0080549
nm0761836,William Sanderson,1944,\N,"actor,archive_footage","tt0083658,tt0116830,tt0348914,tt0844441"
nm0000012,Bette Davis,1908,1989,"actress,make_up_department,producer","tt0042192,tt0056687,tt0031210,tt0035140"
nm0000468,Lynn-Holly Johnson,1958,\N,"actress,director,archive_footage","tt0082398,tt0081738,tt0077716,tt0088395"
nm0724201,Kyle Richards,\N,\N,"sound_department,composer,music_department","tt7651352,tt7657556,tt13119450,tt6795336"
nm0004647,Carroll Baker,1931,\N,"actress,archive_footage","tt0048973,tt0099938,tt0049261,tt0051411"
nm0564724,David McCallum,1933,2023,"actor,soundtrack,archive_footage","tt0057115,tt0057765,tt3139072,tt0078682"
nm0852028,Benedict Taylor,1960,\N,"actor,archive_footage","tt0465551,tt0120915,tt0084984,tt0086746"
nm0191311,Frances Cuka,1936,2020,actress,"tt0380599,tt0066344,tt0324133,tt0254768"
nm0664390,Richard Pasco,1926,2014,"actor,archive_footage","tt0119280,tt0081738,tt0163463,tt0240301"
nm0000846,Ian Bannen,1928,1999,"actor,soundtrack,archive_footage","tt0166396,tt0112573,tt0093209,tt0059183"
nm0506496,Katharine Levy,1961,\N,actress,"tt0081738,tt0424671,tt0081963,tt0210636"
nm0940919,Edward Woodward,1930,2009,"actor,producer,soundtrack","tt0070917,tt0088513,tt0425112,tt0080310"
nm0860233,Jack Thompson,1940,\N,"actor,producer,miscellaneous","tt0080310,tt0119668,tt0121765,tt0364961"
nm0000691,John Waters,1946,\N,"actor,writer,director","tt0126604,tt0069089,tt0095270,tt0387575"
nm0000986,Bryan Brown,1947,\N,"actor,producer,writer","tt0094889,tt0080310,tt0145547,tt2404233"
nm0863968,Charles 'Bud' Tingwell,1923,2009,"actor,director,producer","tt0080310,tt0055205,tt0277941,tt0057334"
nm0233065,Terence Donovan,1942,\N,"actor,writer,soundtrack","tt0064238,tt0108709,tt0084296,tt0092858"
nm0050482,Vincent Ball,1923,\N,"actor,archive_footage","tt0065207,tt0110598,tt0049871,tt0050904"
nm0575114,Ray Meagher,1944,\N,"actor,archive_footage","tt0094481,tt0080310,tt0090439,tt0092830"
nm0371824,Chris Haywood,1948,\N,"actor,camera_department,production_manager","tt1588398,tt0110598,tt0102744,tt0119467"
nm0452352,Russell Kiefel,1951,2016,"actor,writer","tt2452200,tt0088580,tt0108709,tt0238546"
nm0000564,Peter O'Toole,1932,2013,"actor,producer,director","tt0056172,tt0063227,tt0332452,tt0081568"
nm0706883,Steve Railsback,1945,\N,"actor,producer,director","tt0089489,tt0081568,tt0230169,tt0115624"
nm0001347,Barbara Hershey,1948,\N,"actress,soundtrack,archive_footage","tt0947798,tt0091167,tt0106856,tt1591095"
nm0307255,Allen Garfield,1939,2020,"actor,writer,soundtrack","tt0092644,tt0071360,tt0073440,tt0268995"
nm0733678,Alex Rocco,1936,2015,"actor,archive_footage","tt0068646,tt0209475,tt0419749,tt0475394"
nm0268331,Sharon Farrell,1940,2023,"actress,soundtrack,archive_footage","tt0092718,tt0087799,tt0085862,tt0071675"
nm0730126,Adam Roarke,1937,1996,"actor,director,archive_footage","tt0061619,tt0071424,tt0068615,tt0061758"
nm0116575,Philip Bruns,1931,2012,"actor,archive_footage","tt0085549,tt0095990,tt0066193,tt0081568"
nm0047094,Charles Bail,1935,2020,"actor,director,stunts","tt0081568,tt0117761,tt0074597,tt0090836"
nm0217953,John Garwood,1927,2020,"actor,producer,director","tt0185248,tt0083437,tt0098601,tt0085121"
nm0001967,Peter Boyle,1935,2006,"actor,soundtrack,archive_footage","tt0115167,tt0095963,tt0075314,tt0072431"
nm0456124,Bruno Kirby,1949,2006,"actor,director,soundtrack","tt0101587,tt0098635,tt0093105,tt0112461"
nm0041281,Rene Auberjonois,1940,2019,"actor,director,soundtrack","tt0106145,tt0066026,tt0402711,tt0187393"
nm0035866,R.G. Armstrong,1917,2012,"actor,soundtrack,archive_footage","tt0093773,tt0099422,tt0061619,tt0087050"
nm0325761,Danny Goldman,1939,2020,"actor,casting_director,casting_department","tt0072431,tt0066026,tt0081933,tt0192884"
nm0133310,Rafael Campos,1936,1985,"actor,archive_footage","tt0060074,tt0051074,tt0076993,tt0051312"
nm0294600,Leonard Frey,1938,1988,"actor,soundtrack,archive_footage","tt0067093,tt0065488,tt0085059,tt0064622"
nm0301334,Leonard Gaines,1922,2007,"actor,producer,archive_footage","tt0086856,tt0100029,tt0105323,tt0076451"
nm0422221,Otis Day,1951,\N,"actor,soundtrack,archive_footage","tt0077975,tt0074281,tt0072844,tt0076674"
nm0356017,Rebecca Hall,1982,\N,"actress,producer,director","tt0497465,tt0840361,tt0482571,tt4666726"
nm0922035,Dominic West,1969,\N,"actor,producer,director","tt0306414,tt0299658,tt0356618,tt0416449"
nm0001767,Imelda Staunton,1956,\N,"actress,soundtrack,archive_footage","tt0383694,tt0373889,tt3169706,tt0138097"
nm3652842,Isaac Hempstead Wright,1999,\N,"actor,soundtrack,archive_footage","tt0787474,tt0944947,tt1687901,tt9664108"
nm0233215,Shaun Dooley,1974,\N,"actor,executive,soundtrack","tt1490726,tt17351924,tt1687901,tt1596365"
nm1152798,Joseph Mawle,1974,\N,"actor,archive_footage","tt0944947,tt1127876,tt1390411,tt2183641"
nm0448712,Diana Kent,\N,\N,actress,"tt0110005,tt0455538,tt2527338,tt1563738"
nm0243983,Richard Durden,1944,\N,actor,"tt1179034,tt0366627,tt2527338,tt0096895"
nm0795344,John Shrapnel,1942,2020,"actor,archive_footage","tt0125439,tt0332452,tt0790686,tt0115433"
nm0531229,Cal MacAninch,1963,\N,"actor,writer,archive_footage","tt1606375,tt6218358,tt2310212,tt3508050"
nm0001507,Cheech Marin,1946,\N,"actor,writer,producer","tt0092690,tt0117918,tt0078446,tt0116367"
nm0001045,Tommy Chong,1938,\N,"actor,writer,producer","tt0078446,tt2948356,tt0080520,tt0086366"
nm0346186,Evelyn Guerrero,1949,\N,"actress,producer,miscellaneous","tt0106469,tt0092455,tt0110657,tt0082163"
nm0447926,Betty Kennedy,\N,\N,"actress,miscellaneous,soundtrack","tt0083470,tt0080520,tt0071042,tt0093033"
nm0469680,Sy Kramer,1933,1992,actor,"tt0073972,tt0069599,tt0069620,tt0073345"
nm0547499,Rikki Marin,\N,\N,"actress,producer,writer","tt0087042,tt0077597,tt0084788,tt0080520"
nm0111325,Peter Bromilow,1933,1994,"actor,soundtrack,archive_footage","tt0100935,tt0095687,tt0102803,tt0102034"
nm0307063,Paul 'Mousie' Garner,1909,2004,"actor,soundtrack,archive_footage","tt0392878,tt0110939,tt0088478,tt0058805"
nm6512202,Jonathan T. Moore,\N,\N,actor,tt0080520
nm0000191,Ewan McGregor,1971,\N,"actor,producer,writer","tt0203009,tt0117951,tt1322269,tt2763304"
nm0424060,Scarlett Johansson,1984,\N,"actress,producer,director","tt1798709,tt0335266,tt0848228,tt0162346"
nm0005023,Djimon Hounsou,1964,\N,"actor,producer,director","tt0450259,tt2015381,tt0298845,tt0118607"
nm0000293,Sean Bean,1959,\N,"actor,producer,animation_department","tt0120737,tt0944947,tt1181791,tt0167261"
nm0000114,Steve Buscemi,1957,\N,"actor,director,producer","tt0116282,tt0162346,tt0105236,tt4686844"
nm0003817,Michael Clarke Duncan,1957,2012,"actor,producer,soundtrack","tt0120689,tt0401792,tt0120591,tt0190138"
nm0680392,Ethan Phillips,1955,\N,"actor,writer,soundtrack","tt2042568,tt3715320,tt0399201,tt0112178"
nm0522429,Suzanna Love,1950,\N,"actress,writer,producer","tt0079261,tt0080464,tt0082841,tt0083690"
nm0416893,Ron James,\N,\N,"writer,actor,producer","tt0114694,tt0106827,tt0112818,tt0326258"
nm0001017,John Carradine,1906,1988,"actor,soundtrack,archive_footage","tt0032551,tt0031971,tt0082533,tt0049833"
nm0522392,Nicholas Love,\N,\N,"actor,archive_footage","tt0100935,tt0094963,tt0098936,tt0104549"
nm0101973,Raymond Boyden,\N,\N,"actor,archive_footage",tt0080464
nm0604650,Felicite Morgan,1926,2002,"actress,archive_footage",tt0080464
nm0713072,Bill Rayburn,\N,\N,"actor,archive_footage","tt0080464,tt0285337"
nm0859169,Llewelyn Thomas,\N,2002,"actor,archive_footage",tt0080464
nm0942478,Jay Wright,\N,\N,"actor,archive_footage","tt0179803,tt0802999,tt0815168,tt0273048"
nm0771276,Natasha Schiano,\N,\N,"actress,archive_footage",tt0080464
nm0010915,Don Adams,1923,2005,"actor,director,writer","tt0058805,tt0081249,tt0141369,tt0066697"
nm0000482,Sylvia Kristel,1952,2012,"actress,director,soundtrack","tt0078740,tt0071464,tt0081249,tt0077497"
nm0281766,Rhonda Fleming,1923,2020,"actress,soundtrack,archive_footage","tt0039689,tt0038109,tt0081249,tt0041259"
nm0253020,Dana Elcar,1927,2005,"actor,director,archive_footage","tt0070735,tt0088559,tt0086837,tt0086873"
nm0002135,Pamela Hensley,1950,\N,"actress,archive_footage","tt0077278,tt0073631,tt0081249,tt0071054"
nm0397109,Andrea Howard,1947,\N,actress,"tt0081249,tt0086107,tt0094072,tt0078382"
nm0516093,Norman Lloyd,1914,2021,"producer,actor,director","tt0097165,tt0035279,tt0106226,tt0047708"
nm0199049,Bill Dana,1924,2017,"actor,writer,producer","tt0081249,tt0056741,tt0224967,tt0058805"
nm0408189,Gary Imhoff,1952,\N,"actor,assistant_director,miscellaneous","tt0111419,tt0120689,tt0094072,tt0081249"
nm0750706,Sarah Rush,1955,\N,"actress,archive_footage","tt0264464,tt0076984,tt0077215,tt0312172"
nm0000063,Anthony Quinn,1915,2001,"actor,producer,director","tt0057831,tt0056172,tt0049456,tt0064952"
nm0001657,Oliver Reed,1938,1999,"actor,soundtrack,archive_footage","tt0172495,tt0063385,tt0078908,tt0080658"
nm0660327,Irene Papas,1929,2022,"actress,director,soundtrack","tt0054953,tt0074896,tt0055950,tt0055375"
nm0885203,Raf Vallone,1916,2002,"actor,archive_footage","tt0064505,tt0099674,tt0056668,tt0076507"
nm0001768,Rod Steiger,1925,2002,"actor,soundtrack,archive_footage","tt0061811,tt0047296,tt0059575,tt0067140"
nm0000024,John Gielgud,1904,2000,"actor,director,writer","tt0082031,tt0071877,tt0045943,tt0117631"
nm0445139,Andrew Keir,1926,1997,"actor,soundtrack,archive_footage","tt0114287,tt0056937,tt0062168,tt0051994"
nm0608311,Gastone Moschin,1929,2017,"actor,miscellaneous,archive_footage","tt0071562,tt0062271,tt0065571,tt0088710"
nm0665981,Stefano Patrizi,1950,\N,"actor,editorial_department,producer","tt0075152,tt0071585,tt0325254,tt0077648"
nm0489947,Adolfo Lastretti,1937,2018,"actor,archive_footage","tt0073051,tt0081059,tt0072196,tt0071267"
nm0000095,Woody Allen,1935,\N,"writer,director,actor","tt0075686,tt0079522,tt0118954,tt0091167"
nm0001648,Charlotte Rampling,1946,\N,"actress,writer,camera_department","tt3544082,tt0324133,tt1527186,tt2094766"
nm0363888,Jessica Harper,1949,\N,"actress,writer,music_department","tt0076786,tt0083067,tt0181689,tt0071994"
nm0056763,Marie-Christine Barrault,1944,\N,"actress,writer,producer","tt0064612,tt0072826,tt0098852,tt0078073"
nm0731634,Tony Roberts,1939,\N,"actor,soundtrack,archive_footage","tt0069097,tt0072251,tt0075686,tt0070666"
nm0827663,Daniel Stern,1957,\N,"actor,director,writer","tt0101587,tt0099785,tt0094582,tt0104431"
nm0942195,Amy Wright,1950,\N,"actress,archive_footage","tt0078767,tt0077416,tt0078902,tt0383028"
nm0359834,Helen Hanft,1934,2013,actress,"tt0082031,tt0079522,tt0095519,tt0093565"
nm0745232,John Rothman,1949,\N,"actor,writer,producer","tt4947608,tt0387514"
nm0211408,Anne DeSalvo,1949,\N,"actress,director,writer","tt0082031,tt0213446,tt0084370,tt0081554"
nm0494432,Paul Le Mat,1945,\N,"actor,cinematographer,producer","tt0069704,tt0081150,tt0079576,tt0098143"
nm0156187,Elizabeth Cheshire,1967,\N,actress,"tt0075648,tt0081290,tt0082243,tt0072571"
nm0005460,Mary Steenburgen,1953,\N,"actress,producer,music_department","tt1204975,tt0838283,tt0099088,tt0080025"
nm0852118,Chip Taylor,1940,\N,"composer,actor,director","tt0093640,tt1431045,tt0160127,tt0116695"
nm0241594,Melvin E. Dummar,1944,2018,actor,"tt0081150,tt1831504,tt0056770,tt1229946"
nm0689488,Michael J. Pollard,1939,2019,"actor,soundtrack,archive_footage","tt0061418,tt0098439,tt0096061,tt0093886"
nm0302113,Denise Galik,1950,\N,actress,"tt0417217,tt0080904,tt0080645,tt0074963"
nm0096908,Gene Borkan,1947,\N,actor,"tt0086960,tt0102266,tt0114369,tt0102926"
nm0123652,Lesley Margret Burton,\N,\N,actress,tt0081150
nm0801163,Ray Simpson,1952,\N,"actor,archive_footage","tt0080492,tt0092400,tt0476104,tt0075529"
nm0388317,David Hodo,1947,\N,"actor,archive_footage","tt0080492,tt0092400,tt0476104,tt0075529"
nm0741377,Felipe Rose,1954,\N,"actor,archive_footage","tt0116130,tt0080492,tt0092400,tt0075529"
nm0429062,Randy Jones,\N,\N,actor,"tt0446010,tt0122113,tt0425190,tt0910586"
nm0400629,Glenn Hughes,1950,2001,"actor,soundtrack,archive_footage","tt0102034,tt0080492,tt0092400,tt0476104"
nm0109298,Alex Briley,1951,\N,"actor,archive_footage","tt0080492,tt0086793,tt0092400,tt0476104"
nm0421063,Caitlyn Jenner,1949,\N,"actress,producer,miscellaneous","tt0080492,tt0810913,tt3138104,tt0081859"
nm0000430,Steve Guttenberg,1958,\N,"actor,producer,director","tt0094137,tt0091949,tt0087928,tt0098966"
nm0761190,Paul Sand,1932,\N,"actor,director,soundtrack","tt0101088,tt0079510,tt0428038,tt0068718"
nm0098734,Sam Bottoms,1955,2008,"actor,producer,soundtrack","tt0075029,tt0078788,tt0329575,tt0067328"
nm0883013,Dan Vadis,1938,1987,"actor,stunts,archive_footage","tt0068699,tt0077523,tt0056997,tt0057629"
nm0669579,Sierra Pecheur,1938,\N,actress,"tt0107302,tt0207201,tt0075612,tt0080472"
nm0055812,Walter Barnes,1918,1998,"actor,miscellaneous,archive_footage","tt0068699,tt0077523,tt0083097,tt0167862"
nm0661416,Woodrow Parfrey,1922,1984,"actor,archive_footage","tt0066999,tt0075029,tt0070511,tt0063442"
nm0000052,Marcello Mastroianni,1924,1996,"actor,producer,miscellaneous","tt0053779,tt0056801,tt0076085,tt0058335"
nm0699147,Anna Prucnal,1940,\N,"actress,writer,music_department","tt0230218,tt0072235,tt0057512,tt0218485"
nm0825231,Bernice Stegers,1949,\N,"actress,archive_footage","tt0109831,tt0900387,tt1289403,tt6108178"
nm0798574,Jole Silvani,1910,1994,"actress,archive_footage","tt0044000,tt0210335,tt0043520,tt0094208"
nm0198767,Donatella Damiani,1955,\N,actress,"tt0089790,tt0080539,tt0082747,tt0084030"
nm0543188,Ettore Manni,1927,1979,"actor,archive_footage","tt0054851,tt0055377,tt0045255,tt0045614"
nm0052921,Fiammetta Baralla,1943,2013,actress,"tt0103303,tt0073406,tt0153511,tt0062902"
nm0131017,Hélène Calzarelli,\N,\N,actress,"tt0192458,tt0268795,tt0076852,tt0080539"
nm0140151,Catherine Carrel,\N,\N,actress,"tt0084135,tt0080539,tt0093902,tt0294748"
nm0223794,Marcello Di Falco,1943,2010,"actor,archive_footage","tt0071129,tt0064940,tt0069684,tt0072010"
nm0176792,Tim Conway,1933,2019,"actor,writer,producer","tt0061240,tt0081376,tt0496424,tt0096560"
nm0461455,Don Knotts,1924,2006,"actor,writer,soundtrack","tt0053479,tt0057193,tt0120789,tt0075596"
nm0633682,Trisha Noble,1944,2021,"actress,soundtrack,archive_footage","tt0121766,tt0081940,tt0058836,tt0254890"
nm0288882,Bernard Fox,1927,2016,"actor,writer,soundtrack","tt0120338,tt0120616,tt0076618,tt0100477"
nm0951471,Grace Zabriskie,1941,\N,"actress,producer,soundtrack","tt0460829,tt0120591,tt0100935,tt0391198"
nm0297801,John Fujioka,1925,2018,"actor,archive_footage","tt0113855,tt0088708,tt0213149,tt0074899"
nm0743829,Stan Ross,1926,\N,"actor,archive_footage","tt0069495,tt0040208,tt0089560,tt0047197"
nm0450815,Irwin Keyes,1952,2015,"actor,writer,producer","tt0109813,tt0138524,tt0080120,tt0072519"
nm0541681,Suzy Mandel,1953,\N,"actress,producer,archive_footage","tt0082082,tt0078092,tt0075868,tt0074689"
nm0836475,Fred Stuthman,1919,1982,"actor,writer,producer","tt0079116,tt0074860,tt0074958,tt0823676"
nm0000056,Paul Newman,1925,2008,"actor,producer,director","tt0054997,tt0257044,tt0084855,tt0110684"
nm0000302,Jacqueline Bisset,1944,\N,"actress,producer,soundtrack","tt0062765,tt0071877,tt0088322,tt0421054"
nm0000034,William Holden,1918,1981,"actor,miscellaneous,soundtrack","tt0046359,tt0047437,tt0043014,tt0074958"
nm0001902,Edward Albert,1951,2006,"actor,miscellaneous,producer","tt0068326,tt0074899,tt0082431,tt0493406"
nm0000999,Red Buttons,1919,2006,"actor,writer,miscellaneous","tt0076538,tt0069113,tt0050933,tt0056059"
nm0000324,Barbara Carrera,1945,\N,"actress,soundtrack,archive_footage","tt0086006,tt0076210,tt0084112,tt0085862"
nm0181305,Valentina Cortese,1923,2019,"actress,camera_department,miscellaneous","tt0070460,tt0096764,tt0046754,tt0047821"
nm0357557,Veronica Hamel,1943,\N,"actress,producer,archive_footage","tt0081873,tt0074279,tt0081747,tt0411008"
nm0440090,Alex Karras,1935,2012,"actor,producer,soundtrack","tt0071230,tt0084865,tt0084522,tt0076993"
nm0580565,Burgess Meredith,1907,1997,"actor,writer,director","tt0082186,tt0075148,tt0079817,tt0084602"
nm1449294,Benjean,\N,\N,actress,"tt0081269,tt0092638,tt0076044,tt0147747"
nm0001725,Omar Sharif,1932,2015,"actor,writer,producer","tt0056172,tt0059113,tt0329388,tt0088286"
nm0605923,Robert Morley,1908,1992,"actor,writer,director","tt0043265,tt0078488,tt0030418,tt0033868"
nm0314492,Stuart Germain,\N,\N,actor,"tt0081269,tt0202206,tt0048860,tt0043229"
nm0837297,Alan Sues,1926,2011,"actor,writer,soundtrack","tt0057840,tt0062601,tt0052520,tt0079828"
nm0834438,John Stride,1936,2018,actor,"tt0071706,tt0075005,tt0075784,tt0159179"
nm0722413,Donnelly Rhodes,1936,2018,"actor,director,producer","tt0064115,tt0156442,tt1104001,tt0281373"
nm0001569,Chuck Norris,1940,\N,"actor,music_department,producer","tt0106168,tt1764651,tt0068935,tt0089348"
nm0137948,Karen Carlson,1945,\N,"actress,producer,director","tt0216624,tt0081259,tt0076993,tt0094484"
nm0001812,Lee Van Cleef,1925,1989,"actor,soundtrack,archive_footage","tt0082340,tt0060196,tt0059578,tt0056217"
nm0385543,Art Hindle,1948,\N,"actor,director,producer","tt0084522,tt0071222,tt0078908,tt0098784"
nm0046560,Carol Bagdasarian,1947,\N,"actress,soundtrack","tt0081259,tt0061277,tt0066415,tt0090675"
nm0945632,Tadashi Yamashita,\N,\N,"actor,stunts,miscellaneous","tt0088708,tt0089243,tt0107969,tt0081259"
nm0486905,Kim Lankford,1954,\N,"actress,soundtrack,archive_footage","tt0118376,tt0078638,tt0077895,tt0081259"
nm0542847,Larry D. Mann,1922,2014,"actor,soundtrack,archive_footage","tt0070735,tt0061811,tt0058536,tt0081259"
nm0337117,Kurt Grayson,1943,2007,actor,"tt0081259,tt0060009,tt0074041,tt0074899"
nm0636280,Richard Norton,1950,\N,"actor,stunts,producer","tt1245679,tt0103950,tt8874764,tt1392190"
nm0004833,Gary Collins,1938,2012,"actor,writer,archive_footage","tt0065377,tt0080836,tt0075503,tt0204091"
nm0001816,Robert Vaughn,1932,2016,"actor,director,archive_footage","tt0054047,tt0062765,tt0072308,tt0086393"
nm0358996,James Hampton,1936,2021,"actor,director,writer","tt0117666,tt0090142,tt0071771,tt0078966"
nm0008041,Philip Abbott,1924,1998,"actor,director,writer","tt0056541,tt0058801,tt0059796,tt0050546"
nm0132103,Joseph Campanella,1924,2018,"actor,producer,soundtrack","tt0061277,tt0072554,tt0100266,tt0056757"
nm0000900,Pamela Bellwood,1944,\N,actress,"tt0075648,tt0081856,tt0081485,tt0075359"
nm0356535,Tom Hallick,1941,\N,"actor,archive_footage","tt1321870,tt0080836,tt0069658,tt0068131"
nm0444198,Steven Keats,1945,1994,"actor,archive_footage","tt0071402,tt0070077,tt0075765,tt0084684"
nm0769974,William Schallert,1922,2016,"actor,soundtrack,archive_footage","tt0093260,tt0061811,tt0056778,tt0061787"
nm0569000,Darren McGavin,1922,2006,"actor,director,producer","tt0085334,tt0112508,tt0091828,tt0067490"
nm0001458,Cloris Leachman,1926,2021,"actress,soundtrack,archive_footage","tt0067328,tt0072431,tt0371246,tt0481499"
nm0001747,Charles Martin Smith,1953,\N,"actor,director,writer","tt1564349,tt0094226,tt0069704,tt0086005"
nm0006893,John Vernon,1932,2005,"actor,production_manager,soundtrack","tt0077975,tt0066999,tt0095444,tt0083530"
nm0122881,Stephen W. Burns,1954,1990,actor,"tt0085101,tt0078558,tt0080861,tt0081930"
nm0202497,Elyssa Davalos,1957,\N,"actress,producer,writer","tt0088559,tt0156146,tt0105986,tt0076094"
nm0304872,Joaquin Garay III,1968,\N,"actor,director,writer","tt0080861,tt27493520,tt4932244,tt1520978"
nm0466327,Harvey Korman,1927,2008,"actor,director,producer","tt0071230,tt0082517,tt0061240,tt0112896"
nm0001395,Richard Jaeckel,1926,1997,"actor,soundtrack,archive_footage","tt0088172,tt0061578,tt0083530,tt0070518"
nm0270915,Fritz Feld,1900,1993,"actor,miscellaneous,production_manager","tt0029947,tt0064418,tt0293892,tt0082517"
nm0000377,Richard Dreyfuss,1947,\N,"actor,producer,writer","tt0076095,tt0075860,tt0073195,tt0113862"
nm0001388,Amy Irving,1953,\N,"actress,producer,music_department","tt0181865,tt0074285,tt1185836,tt0094921"
nm0001665,Lee Remick,1935,1991,"actress,soundtrack,archive_footage","tt0075005,tt0052561,tt0055895,tt0057681"
nm0129955,Joseph Cali,1950,\N,"actor,miscellaneous,archive_footage","tt0076666,tt0120241,tt0085863,tt0118435"
nm0376621,Ty Henderson,1953,2018,actor,"tt0068067,tt0080556,tt0077053,tt0077088"
nm0471226,Vicki Kriegler,\N,\N,actress,"tt0080556,tt0086765,tt0077008,tt0085410"
nm0827617,Adam Stern,1955,\N,"music_department,actor","tt0313542,tt0252503,tt0219699,tt0245674"
nm0827572,Philip Sterling,1922,1998,"actor,soundtrack","tt0099387,tt0056752,tt0080556,tt0067124"
nm0835083,Gloria Stroock,1924,\N,actress,"tt0042141,tt0086508,tt0042112,tt0080601"
nm0001049,Jill Clayburgh,1944,2010,"actress,soundtrack,archive_footage","tt1478338,tt0078444,tt0439289,tt0079948"
nm0000140,Michael Douglas,1944,\N,"actor,producer,director","tt0094291,tt1291580,tt0088011,tt0093010"
nm0307500,Beverly Garland,1926,2008,"actress,soundtrack,archive_footage","tt0052549,tt0049370,tt0048682,tt0071110"
nm0384696,Steven Hill,1922,2016,"actor,archive_footage","tt0098844,tt0106918,tt0091828,tt0101453"
nm0062823,Teresa Baxter,\N,\N,actress,"tt0090103,tt0082250,tt0080936,tt0075519"
nm0178616,Joan Copeland,1922,2022,"actress,archive_footage","tt0328880,tt0119874,tt1134629,tt0176357"
nm0300235,John Gabriel,1931,2021,"actor,miscellaneous,producer","tt0072559,tt0061619,tt0051750,tt0054343"
nm0453909,Charles Kimbrough,1936,2023,"actor,soundtrack,archive_footage","tt0116583,tt0094514,tt0257778,tt0209475"
nm0733051,Roger Robinson,1940,2018,"actor,writer,soundtrack","tt0306597,tt0069599,tt0071902,tt0108757"
nm0005268,Willie Nelson,1933,\N,"music_artist,actor,composer","tt0377818,tt0120885,tt0145660,tt0092003"
nm0001007,Dyan Cannon,1937,\N,"actress,writer,producer","tt0077663,tt0064100,tt0083806,tt0070291"
nm0001620,Slim Pickens,1919,1983,"actor,writer,stunts","tt0057012,tt0071230,tt0068638,tt0078723"
nm0283269,Joey Floyd,1968,2016,"actor,archive_footage",tt0080888
nm0505570,Charles Levin,1949,2019,"actor,soundtrack","tt0091129,tt0075686,tt0079522,tt0088258"
nm0688467,Priscilla Pointer,1924,\N,"actress,archive_footage","tt0090756,tt0093629,tt0074285,tt0086491"
nm0740296,Mickey Rooney Jr.,1945,2022,"actor,soundtrack","tt0061784,tt0080888,tt0072698,tt0046593"
nm0785277,Pepe Serna,1944,\N,"actor,producer,miscellaneous","tt0086856,tt0079367,tt0086250,tt0100514"
nm0809031,Lane Smith,1936,2005,"actor,soundtrack,archive_footage","tt0104952,tt0087985,tt0104868,tt0108186"
nm0000619,Tim Roth,1961,\N,"actor,producer,director","tt0114287,tt3460252,tt0110912,tt0133152"
nm4272103,Grace Kaufman,2002,\N,"actress,soundtrack","tt2201261,tt11540726,tt5536400,tt3082920"
nm1092022,Michael Esper,1976,\N,"actor,soundtrack,archive_footage","tt8550800,tt7545524,tt5664952,tt2689966"
nm7688164,Angela Wong Carbone,1993,\N,"actress,producer,writer","tt11540726,tt12734052,tt4655480,tt28255598"
nm0989156,Josh Drennen,\N,\N,"actor,stunts","tt12747748,tt11324406,tt2560078,tt7513012"
nm0397582,Rosemary Howard,1929,\N,actress,tt0050302
nm1175113,Winsome Brown,1972,\N,"actress,writer,director","tt6878306,tt9174558,tt2191671,tt4016454"
nm9221491,Zarra Kaahn,\N,\N,actress,"tt11540726,tt7980536,tt8839930,tt0096555"
nm0955245,Jaime Zevallos,\N,\N,actor,tt0228750
nm0000843,Anne Bancroft,1931,2005,"actress,director,writer","tt0061722,tt0056241,tt0076843,tt0119223"
nm0137030,Ron Carey,1935,2007,"actor,soundtrack,archive_footage","tt0082517,tt0076141,tt0072472,tt0080724"
nm0044489,Candice Azzara,1945,\N,"actress,soundtrack,archive_footage","tt0264464,tt0080724,tt0085470,tt0388125"
nm0518323,Michael Lombard,1934,2020,"actor,soundtrack","tt0098084,tt0155267,tt0083415,tt0090555"
nm0899601,Sal Viscuso,1948,\N,"actor,archive_footage","tt6110318,tt1837576,tt0094012,tt0075584"
nm0759432,Delia Salvi,1927,2015,"actress,art_department,archive_footage","tt0080724,tt0096684,tt0091931,tt0069599"
nm0182456,Robert Costanzo,1942,\N,"actor,producer,director","tt0100802,tt0099423,tt0076666,tt0101587"
nm0717995,Estelle Reiner,1914,2008,"actress,miscellaneous,soundtrack","tt0098635,tt0085894,tt0080724,tt0092492"
nm0440126,Richard Karron,1934,2017,"actor,soundtrack","tt0082517,tt0080724,tt0079725,tt0101076"
nm0018079,Vera Alentova,1942,\N,"actress,archive_footage","tt0079579,tt0261450,tt0905579,tt10256894"
nm0060692,Aleksey Batalov,1928,2017,"actor,writer,director","tt0053746,tt0046797,tt0050634,tt0073933"
nm0613655,Irina Muravyova,1949,\N,"actress,soundtrack,archive_footage","tt0079579,tt1697949,tt0089957,tt0103856"
nm0268945,Aleksandr Fatyushin,1951,2003,actor,"tt0076727,tt0079579,tt0089721,tt0076066"
nm0752925,Raisa Ryazanova,1944,\N,actress,"tt0079579,tt0092621,tt3274484,tt0100530"
nm0810672,Boris Smorchkov,1944,2008,actor,"tt0079579,tt1245736,tt0073583,tt0081093"
nm0890588,Yuriy Vasilev,1939,1999,"actor,archive_footage","tt0079579,tt0079464,tt4859766,tt0091357"
nm0891347,Natalya Vavilova,1959,\N,actress,"tt0079579,tt0075155,tt0100693,tt0188306"
nm0845867,Oleg Tabakov,1935,2018,"actor,director,assistant_director","tt0063794,tt0079619,tt0069628,tt0059884"
nm0451355,Yevgeniya Khanayeva,1921,1987,"actress,soundtrack,archive_footage","tt0075155,tt0079579,tt0081557,tt0072232"
nm0000634,Peter Sellers,1925,1980,"actor,writer,director","tt0078841,tt0057012,tt0057413,tt0072081"
nm0000545,Helen Mirren,1945,\N,"actress,producer,director","tt0436697,tt1245526,tt0280707,tt0975645"
nm0866835,David Tomlinson,1917,2000,"actor,soundtrack,archive_footage","tt0058331,tt0066817,tt0064603,tt0057590"
nm0128377,Sid Caesar,1922,2014,"actor,producer,production_manager","tt0077631,tt0057193,tt0082517,tt0071110"
nm0931702,Simon Williams,1946,\N,"actor,soundtrack,archive_footage","tt0081888,tt0076221,tt1653665,tt0056751"
nm0291266,Steve Franken,1932,2012,"actor,soundtrack,archive_footage","tt0070909,tt0063415,tt0058659,tt0092718"
nm0424368,Stratford Johns,1925,2002,"actor,writer,archive_footage","tt0065593,tt0108207,tt0096029,tt0106124"
nm0494452,John Le Mesurier,1912,1983,"actor,soundtrack,archive_footage","tt0064505,tt0072608,tt0058371,tt0066963"
nm0789070,John Sharp,1920,1992,"actor,archive_footage","tt0069824,tt0070917,tt0072684,tt0069697"
nm0611898,Martin Mull,1943,\N,"actor,miscellaneous,writer","tt0088930,tt0116705,tt0085970,tt0094540"
nm0001839,Tuesday Weld,1943,\N,"actress,soundtrack,archive_footage","tt0087843,tt0083190,tt0106856,tt0069098"
nm0001419,Sally Kellerman,1937,2022,"actress,miscellaneous,producer","tt0066026,tt0090685,tt0110907,tt0079477"
nm0000489,Christopher Lee,1922,2015,"actor,miscellaneous,producer","tt0121765,tt0167261,tt0070917,tt0120737"
nm0534409,Bill Macy,1922,2019,"actor,soundtrack,archive_footage","tt0079367,tt0068103,tt0122933,tt0252028"
nm0094288,Peter Bonerz,1938,\N,"director,actor,miscellaneous","tt0068049,tt0094514,tt0098105,tt0125664"
nm0810691,Tom Smothers,1937,2023,"actor,producer,writer","tt0061296,tt0098369,tt1130080,tt0068637"
nm0722315,Barbara Rhoades,1946,\N,"actress,soundtrack,archive_footage","tt0076095,tt0071598,tt0192884,tt0077066"
nm0000615,John Ritter,1948,2003,"actor,producer,writer","tt0117666,tt0075596,tt0100419,tt0307987"
nm0176622,Bert Convy,1933,1991,"actor,producer,director","tt0082136,tt0080863,tt0092195,tt0069633"
nm0002994,Kevin McCarthy,1914,2010,"actor,miscellaneous,soundtrack","tt0049366,tt0098546,tt0093260,tt0077745"
nm0068772,Harry Bellaver,1905,1993,"actor,miscellaneous","tt0045793,tt0031047,tt0046076,tt0051297"
nm0199525,Anita Dangler,1922,2000,actress,"tt0101889,tt0080863,tt0103872,tt0086814"
nm0356284,Jane Hallaren,1940,\N,"actress,casting_director,casting_department","tt0082089,tt0102492,tt0085838,tt0080863"
nm0364996,Leonard Harris,1924,1982,"costume_designer,costume_department","tt0043088,tt0042581,tt0057752,tt0042956"
nm0687940,Rick Podell,1946,\N,"actor,writer,producer","tt7467926,tt0091653,tt0068067,tt0092325"
nm0723590,Allan Rich,1926,2020,"actor,director,producer","tt0109635,tt0070666,tt0110932,tt0489225"
nm0001545,Dudley Moore,1935,2002,"actor,writer,music_department","tt0082031,tt0078721,tt0076161,tt0061391"
nm0628170,Laraine Newman,1952,\N,"actress,music_department,miscellaneous","tt0106598,tt0102719,tt0116705,tt0120669"
nm0168394,James Coco,1930,1987,"actor,soundtrack,archive_footage","tt0074937,tt0068909,tt0087755,tt0088591"
nm0318527,Jack Gilford,1908,1990,"actor,writer,soundtrack","tt0088933,tt0094890,tt0065528,tt0070640"
nm0001404,Madeline Kahn,1942,1999,"actress,soundtrack,archive_footage","tt0070510,tt0072431,tt0088930,tt0071230"
nm0026561,Daniel Anderson,\N,\N,"director,writer,assistant_director","tt0108985,tt0108979,tt0178142,tt0108977"
nm0063502,Scott Beach,1931,1996,"actor,writer,miscellaneous","tt0092005,tt0107614,tt0069704,tt0086197"
nm1313870,Casey Carlson,\N,\N,actress,"tt0080461,tt0174200,tt0173983,tt0173721"
nm0612111,Debbie Muller,\N,\N,actress,"tt0066415,tt0066687,tt0174200,tt0080461"
nm0666647,Patricia Patts,1967,\N,"actress,soundtrack","tt0174200,tt0080161,tt0080461,tt0095825"
nm0001204,Marty Feldman,1934,1982,"writer,actor,script_department","tt0072431,tt0080917,tt0076297,tt0129696"
nm0489837,Louise Lasser,1939,\N,"actress,writer,archive_footage","tt0147612,tt0066808,tt0132347,tt0074021"
nm0001412,Andy Kaufman,1949,1984,"actor,writer,composer","tt0077089,tt0082507,tt0125664,tt0080917"
nm0405035,Wilfrid Hyde-White,1903,1991,"actor,soundtrack,archive_footage","tt0058385,tt0041959,tt0054022,tt0061075"
nm0201089,Severn Darden,1929,1995,"actor,writer,composer","tt0069768,tt0089886,tt0083033,tt0068408"
nm0859129,Larri Thomas,1932,2013,"actress,miscellaneous,soundtrack","tt0097257,tt0052225,tt0051301,tt0049115"
nm0123556,David Burton,1877,1963,"director,writer,actor","tt0026696,tt0023479,tt0025381,tt0032648"
nm0160842,Kaisen Chu,\N,\N,actor,tt0080917
nm0001533,Meat Loaf,1947,2022,"music_artist,actor,producer","tt0073629,tt0137523,tt0227984,tt0120185"
nm0402895,Kaki Hunter,1955,\N,actress,"tt0084522,tt0086129,tt0081433,tt0089826"
nm0138770,Art Carney,1918,2003,"actor,producer,soundtrack","tt0071598,tt0087262,tt0079219,tt0107362"
nm0765605,Gailard Sartain,1946,\N,"actor,writer,producer","tt0101921,tt0086066,tt0191397,tt0099703"
nm0004843,Don Cornelius,1936,2012,"writer,producer,actor","tt0144528,tt0161194,tt0202409,tt0096223"
nm0061014,Rhonda Bates,1948,\N,actress,"tt0081433,tt0070993,tt0069620,tt0079136"
nm0816876,Joe Spano,1946,\N,"actor,soundtrack,archive_footage","tt0112384,tt0427969,tt0488120,tt0069704"
nm0548003,Richard Marion,1949,1999,"actor,director,miscellaneous","tt0103956,tt0089360,tt0075551,tt0088527"
nm0205479,Sonny Carl Davis,\N,\N,"actor,miscellaneous,casting_department","tt0083929,tt0103074,tt1704573,tt0096734"
nm0890109,Ginger Varney,\N,\N,actress,tt0081433
nm0532298,Ali MacGraw,1939,\N,"actress,producer,soundtrack","tt0066011,tt0068638,tt0064381,tt0077369"
nm0454418,Alan King,1927,2004,"producer,actor,writer","tt0112641,tt0088889,tt0266915,tt0063227"
nm0001485,Myrna Loy,1905,1993,"actress,soundtrack,archive_footage","tt0025878,tt0036868,tt0040613,tt0027260"
nm0943978,Keenan Wynn,1916,1986,"actor,stunts,soundtrack","tt0057012,tt0042200,tt0039853,tt0062138"
nm0000693,Peter Weller,1947,\N,"actor,director,writer","tt0093870,tt0102511,tt0100502,tt0086856"
nm0874424,Sara Truslow,\N,\N,actress,"tt0080975,tt0081482"
nm0443332,Judy Kaye,1948,\N,"actress,soundtrack,archive_footage","tt12885272,tt0116583,tt0069599,tt0080975"
nm0581277,Dina Merrill,1923,2017,"actress,producer,archive_footage","tt0053622,tt0053143,tt0105151,tt0050307"
nm0536850,Joseph Maher,1933,1998,"actor,soundtrack","tt0119360,tt0110099,tt0077663,tt0111143"
nm0001285,Elliott Gould,1938,\N,"actor,producer,soundtrack","tt0066026,tt0240772,tt0496806,tt0070334"
nm0000991,Geneviève Bujold,1942,\N,"actress,writer,music_department","tt0094964,tt0077355,tt0064030,tt0079592"
nm0005401,Ricky Schroder,1970,\N,"actor,producer,director","tt0363475,tt0080671,tt0106079,tt0078950"
nm0306696,Vincent Gardenia,1920,1992,"actor,soundtrack,archive_footage","tt0093565,tt0071402,tt0091419,tt0069765"
nm0491079,Tammy Lauren,1968,\N,"actress,archive_footage","tt0120524,tt0077053,tt0101121,tt0369179"
nm0793715,Yuki Shimoda,1921,1981,"actor,soundtrack,archive_footage","tt0051383,tt0081949,tt0073961,tt0074074"
nm0752636,John P. Ryan,1936,2007,"actor,archive_footage","tt0089941,tt0106364,tt0115736,tt0086197"
nm0543371,Ruth Manning,1920,2004,"actress,miscellaneous,archive_footage","tt0098273,tt0081031,tt0083470,tt0073965"
nm0579663,Adolphe Menjou,1890,1963,"actor,producer,soundtrack","tt0050825,tt0021890,tt0029606,tt0029604"
nm0217306,Dorothy Dell,1915,1934,"actress,soundtrack,archive_footage","tt0025410,tt0025784,tt0025972,tt0376818"
nm0001948,Charles Bickford,1891,1967,"actor,soundtrack,archive_footage","tt0047522,tt0036377,tt0039224,tt0039370"
nm0000073,Shirley Temple,1928,2014,"actress,writer,miscellaneous","tt0016029,tt0030657,tt0024914,tt0031580"
nm0653892,Lynne Overman,1887,1943,"actor,soundtrack,archive_footage","tt0032080,tt0035244,tt0025774,tt0025410"
nm0569466,Frank McGlynn Sr.,1866,1951,"actor,director,writer","tt0026174,tt0025410,tt0026641,tt0028108"
nm0790596,John Sheehan,1885,1952,actor,"tt0021770,tt0028380,tt0032591,tt0036255"
nm0654136,Garry Owen,1902,1951,"actor,soundtrack","tt0036613,tt0027428,tt0024130,tt0042182"
nm0079008,Willie Best,1916,1962,"actor,soundtrack,archive_footage","tt0034850,tt0032520,tt0033717,tt0033963"
nm0924873,Huey White,1897,1938,"actor,archive_footage","tt0024008,tt0025161,tt0030967,tt0025327"
nm0648920,Michael Ontkean,1946,\N,"actor,archive_footage","tt0076723,tt0098936,tt0081758,tt0409594"
nm0788829,Ray Sharkey,1952,1993,"actor,soundtrack,archive_footage","tt0080913,tt0092484,tt0098261,tt0078490"
nm0591149,Jan Miner,1917,2004,"actress,archive_sound","tt0100140,tt0071746,tt0063663,tt0186160"
nm0107418,Tom Brennan,\N,\N,miscellaneous,tt0120632
nm0100566,Julie Bovasso,1930,1991,"actress,miscellaneous","tt0076666,tt0084855,tt0100212,tt0086361"
nm0348927,Louis Guss,1918,2008,"actor,soundtrack,archive_footage","tt0093565,tt0091203,tt0419749,tt0346222"
nm0536594,Kathleen Maguire,1925,1989,actress,"tt0078740,tt0056752,tt0057063,tt0057747"
nm0213374,Kristine DeBell,1954,\N,"actress,soundtrack,archive_footage","tt0074113,tt0084756,tt0079540,tt0077714"
nm3660262,J.C. Currais,\N,\N,"actor,writer","tt10640346,tt5164196,tt2380303,tt13585514"
nm3886586,Diego Calva,1992,\N,"actor,assistant_director,camera_department","tt10640346,tt4863784,tt14400246,tt5671170"
nm0650887,Jimmy Ortega,1957,\N,"stunts,actor,miscellaneous","tt10640346,tt0429493,tt0116830,tt0109254"
nm0273836,Marcos A. Ferraez,1966,\N,"actor,writer,director","tt1124373,tt0452046,tt1837642,tt1078588"
nm0694615,Shane Powers,1970,\N,"actor,archive_footage","tt10640346,tt0155425,tt0112519,tt0302340"
nm2100081,Phoebe Tonkin,1989,\N,"actress,director,writer","tt10399902,tt10640346,tt6816530,tt8888322"
nm1146786,Troy Metcalf,1973,\N,"actor,producer,writer","tt10640346,tt1442464,tt11315808,tt0194624"
nm5381254,Jovan Adepo,1988,\N,"actor,soundtrack","tt2671706,tt4530422,tt10640346,tt10275534"
nm0697659,Hansford Prince,\N,\N,actor,"tt0112722,tt10640346,tt0115285,tt0412142"
nm6666010,Telvin Griffin,1990,\N,actor,"tt10640346,tt8873996,tt3487356,tt6128300"
nm0002145,Trevor Howard,1913,1988,"actor,archive_footage","tt0041959,tt0037558,tt0066319,tt0083987"
nm0709142,Nick Ramus,1929,2007,"actor,archive_footage","tt0092007,tt0076993,tt0102962,tt0081760"
nm0001664,James Remar,1953,\N,"actor,soundtrack,archive_footage",tt0420896
nm0373306,Serene Hedin,\N,\N,"producer,actress","tt0093158,tt0088772,tt0081760,tt3333992"
nm0566945,Dusty McCrea,1940,1996,actress,tt0081760
nm0302637,Silvana Gallardo,1953,2012,"actress,producer,director","tt0082250,tt0076993,tt0114887,tt0106079"
nm0424157,Emerson John,\N,\N,"actor,cinematographer","tt0485098,tt0081760"
nm0828470,Jason Stevens,1969,\N,actor,"tt5511582,tt0305206,tt0081760,tt2193021"
nm2331000,Radhika Apte,1985,\N,"actress,writer,director","tt8108198,tt3678782,tt12567088,tt3043252"
nm13633813,Amrita Bagchi,\N,\N,art_department,tt18247152
nm12265866,Nivedita Bhattacharya,\N,\N,actress,tt1445563
nm8216309,Yashaswini Dayama,1994,\N,actress,"tt5946128,tt8427538,tt5743656,tt10083640"
nm4288932,Satyadeep Misra,1972,\N,actor,"tt6084582,tt21811062,tt21916016,tt1734110"
nm8738703,Arush Nand,\N,\N,actor,"tt5946128,tt8108274,tt6826438,tt5286444"
nm1340178,Ankur Vikal,\N,\N,actor,"tt1010048,tt2905838,tt11301946,tt2792284"
nm0001735,Talia Shire,1946,\N,"actress,producer,director","tt0075148,tt0068646,tt0089927,tt0100507"
nm0181288,Joe Cortese,1948,\N,"actor,producer,writer","tt6966692,tt6821044,tt0120586,tt0312329"
nm0039051,Elizabeth Ashley,1939,\N,"actress,archive_footage","tt0081759,tt0147612,tt0077355,tt0092003"
nm0575552,Kay Medford,1919,1980,"actress,soundtrack,archive_footage","tt0062994,tt0050371,tt0036407,tt0053622"
nm0326284,Michael Gorrin,1914,1987,"actor,miscellaneous","tt0072251,tt0078718,tt0028957,tt0043238"
nm0395671,Russell Horton,1941,\N,actor,"tt0075686,tt0088889,tt0098844,tt0052520"
nm0513862,Michael Lipton,1925,2012,"actor,archive_footage","tt0074958,tt0065832,tt0060660,tt0081759"
nm0678385,Rick Petrucelli,1942,1999,actor,"tt0089853,tt0075686,tt0100602,tt0081759"
nm0752823,Ron Ryan,\N,\N,actor,"tt0113845,tt0092105,tt4045930,tt0093042"
nm0318838,Linda Gillen,1949,\N,actress,"tt0094737,tt0096933,tt0069362,tt0075654"
nm0000511,Shirley MacLaine,1934,\N,"actress,writer,producer","tt0086425,tt0053604,tt0098384,tt0048750"
nm0000336,James Coburn,1928,2002,"actor,producer,director","tt0057115,tt0054047,tt0056923,tt0074695"
nm0000215,Susan Sarandon,1946,\N,"actress,producer,miscellaneous","tt0103074,tt0112818,tt0120686,tt0109446"
nm0004834,Stephen Collins,1947,\N,"actor,director,soundtrack","tt0115083,tt0079945,tt0116313,tt0450259"
nm0552832,Nan Martin,1927,2010,"actress,make_up_department,archive_footage","tt0256380,tt0093629,tt0162222,tt0092455"
nm0061277,Shelly Batt,\N,\N,actress,"tt0076666,tt0081080,tt0083232,tt0082525"
nm0067049,Bernard Behrens,1926,2012,"actor,soundtrack","tt0085894,tt0080516,tt0083943,tt0082431"
nm0089133,Anne Bloom,1947,\N,"actress,archive_footage","tt0085065,tt0080240,tt0081080,tt0098464"
nm0138790,Fred Carney,1914,2006,actor,"tt0082121,tt0081080,tt0079550,tt0083399"
nm6077951,Tom Glynn-Carney,1995,\N,actor,"tt5013056,tt7984766,tt3361792,tt11198330"
nm5994557,Gábor Czap,\N,\N,"actor,stunts","tt0816711,tt3467412,tt7984766,tt3037164"
nm0279818,Tom Fisher,\N,\N,"director,cinematographer,camera_department",tt0125031
nm0039049,Edward Ashley,1904,2000,"actor,archive_footage","tt0032943,tt0039320,tt0049096,tt0044863"
nm0253097,Steven Elder,\N,\N,"actor,writer,producer","tt11716756,tt7984766,tt5336698,tt0411008"
nm9941172,Stephen Fewell,\N,\N,"actor,writer","tt7984766,tt4555364,tt23061466,tt7321048"
nm0365317,Sean Harris,1966,\N,"actor,writer,director","tt4912910,tt1289406,tt2381249,tt2614684"
nm0443321,Ivan Kaye,1961,\N,"actor,producer,director","tt2306299,tt13932844,tt8368408,tt1436568"
nm0493058,Tom Lawrence,1937,2020,"actor,miscellaneous,archive_footage","tt0086567,tt0119396,tt0098258,tt0113972"
nm0578853,Ben Mendelsohn,1969,\N,"actor,producer,script_department","tt3748528,tt1313092,tt1345836,tt1677720"
nm0122675,George Burns,1896,1996,"actor,producer,writer","tt0076489,tt0079219,tt0073766,tt0078239"
nm0687189,Suzanne Pleshette,1937,2008,"actress,soundtrack,archive_footage","tt0056869,tt0068049,tt0245429,tt0056424"
nm0083709,David Birney,1939,2022,"actor,producer,writer","tt0078295,tt0146389,tt0176357,tt0112051"
nm0521608,Louanne,1970,\N,actress,"tt0081268,tt0095736,tt0077053,tt0081035"
nm0521829,John Louie,1970,\N,"actor,archive_footage","tt0087363,tt0084786,tt0086789,tt0094070"
nm0417641,Conrad Janis,1928,2022,"actor,director,producer","tt0115798,tt0071110,tt0495024,tt0100661"
nm0390603,Anthony Holland,1928,1988,"actor,writer,soundtrack","tt0078754,tt0067309,tt0085863,tt0064665"
nm0236180,Hugh Downs,1921,2020,"actor,miscellaneous,writer","tt0165042,tt0054528,tt0197146,tt0124932"
nm0112579,Joyce Brothers,1927,2013,"actress,miscellaneous,archive_footage","tt0107659,tt0085794,tt0117723,tt0283111"
nm0001449,Frank Langella,1938,\N,"actor,producer,soundtrack","tt0870111,tt1990314,tt0362478,tt1070874"
nm0640344,Glynnis O'Connor,1955,\N,"actress,soundtrack","tt0074995,tt0084318,tt0074236,tt0070238"
nm0001371,Tom Hulce,1953,\N,"actor,producer,sound_department","tt0086879,tt0116583,tt0077975,tt0098067"
nm0005467,Jerry Stiller,1927,2020,"actor,producer,writer","tt0408839,tt0427327,tt0098904,tt0072251"
nm0074596,Herbert Berghof,1909,1990,"actor,miscellaneous,archive_footage","tt0056937,tt0071598,tt0045073,tt0051640"
nm0604420,George Morfogen,1933,2019,"actor,producer,miscellaneous","tt0085106,tt1767372,tt0089560,tt0118421"
nm0173268,Marshall Colt,1948,\N,actor,"tt0089360,tt0093036,tt0079640,tt0077588"
nm0543409,Anthony Mannino,1944,\N,actor,"tt0074119,tt0091203,tt0079227,tt0098627"
nm0785664,Michel Serrault,1928,2007,"actor,writer,producer","tt0077288,tt0113947,tt0046911,tt0084358"
nm0865575,Ugo Tognazzi,1922,1990,"actor,director,writer","tt0077288,tt0072637,tt0061668,tt0084813"
nm0102566,Marcel Bozzuffi,1929,1988,"actor,director,writer","tt0067116,tt0065234,tt0076175,tt0060305"
nm0095979,Paola Borboni,1900,1995,"actress,archive_footage","tt0046250,tt0046521,tt0029007,tt0067565"
nm0895477,Giovanni Vettorazzo,1953,\N,actor,"tt0335345,tt0246677,tt0086434,tt0094901"
nm0648852,Glauco Onorato,1936,2009,"miscellaneous,actor,sound_department","tt0096787,tt0386935,tt0162819,tt0074586"
nm0083838,Roberto Bisacco,1939,2022,"actor,archive_footage","tt0063518,tt0939810,tt0069684,tt0220219"
nm0525574,Benny Luke,1939,2013,"actor,archive_footage","tt0077288,tt0088873,tt0080489,tt0075251"
nm0301556,Michel Galabru,1922,2016,"actor,writer,miscellaneous","tt0090095,tt0077288,tt0133385,tt1064932"
nm0022928,Robin Altman,1952,\N,actress,tt0080808
nm0057567,Chuck Barris,1929,2017,"producer,writer,actor","tt0080808,tt0270288,tt1270798,tt3949660"
nm0641873,Brian O'Mullin,\N,\N,actor,"tt0159474,tt0080808,tt0072543"
nm0076022,Jack Bernardi,1909,1994,actor,"tt0057765,tt0071517,tt0061189,tt0061827"
nm14588787,Satisfaction,\N,\N,\N,tt0188349
nm0871741,William Tregoe,1921,1989,"actor,miscellaneous","tt0080339,tt0089941,tt0076257,tt0061277"
nm2654887,Harvey Alpert,\N,\N,actor,tt0080808
nm0455028,Mabel King,1932,1999,"actress,soundtrack,archive_footage","tt0079367,tt0078504,tt0074071,tt0096061"
nm0791360,Lillie Shelton,1896,1984,actress,"tt0084786,tt0080808,tt0078658"
nm0235096,James B. Douglas,1929,2009,"actor,archive_footage","tt0080516,tt0097166,tt0080808,tt0348926"
nm0705717,Gilda Radner,1946,1989,"actress,writer,miscellaneous","tt0072562,tt0091178,tt0070290,tt0084049"
nm0637038,Don Novello,1943,\N,"actor,writer,producer","tt0230011,tt0099674,tt0112642,tt0072562"
nm0787238,Paul Shaffer,1949,\N,"music_department,actor,composer","tt0088258,tt0119282,tt0118747,tt0116213"
nm0629680,Nils Nichols,\N,\N,"actor,miscellaneous,editor","tt0090660,tt0088790,tt0072562,tt3133220"
nm0160242,Bob Christianson,\N,\N,"composer,music_department,actor","tt0114576,tt0116999,tt0349825,tt0159206"
nm0006290,Howard Shore,1946,\N,"music_department,composer,actor","tt0120737,tt14549466,tt0903624,tt1480656"
nm0001852,Treat Williams,1951,2023,"actor,director,producer","tt0118956,tt0079261,tt0117331,tt0114660"
nm0002059,Lisa Eichhorn,1952,\N,"actress,writer,producer","tt0108473,tt0082220,tt0079123,tt2194499"
nm0532683,Gabriel Macht,1972,\N,"actor,producer,director","tt0343737,tt0369672,tt0831887,tt1632701"
nm0374954,Susan Heldfond,1948,\N,actress,"tt0253588,tt0084274,tt0080240,tt0072471"
nm0126117,Anne Byrne Hoffman,1943,\N,actress,"tt0079522,tt0077548,tt0081753,tt0080146"
nm0193224,Valerie Curtin,1941,\N,"actress,writer,producer","tt0078718,tt0071115,tt0074119,tt0105629"
nm0104720,Jocelyn Brando,1919,2005,"actress,archive_footage","tt0045555,tt0082766,tt0045395,tt0060232"
nm0627878,Bob Newhart,1929,\N,"actor,writer,soundtrack","tt0076618,tt0319343,tt0119360,tt0083455"
nm0000907,Richard Benjamin,1938,\N,"actor,director,producer","tt0070909,tt0118954,tt0070291,tt0065636"
nm0228336,Bob Dishy,1934,\N,"actor,soundtrack","tt0343135,tt1082886,tt0112883,tt0119432"
nm0671721,Austin Pendleton,1940,\N,"actor,director,writer","tt0091949,tt0079588,tt0104952,tt0266543"
nm0001800,Rip Torn,1931,2019,"actor,director,producer","tt0119654,tt0240515,tt0103466,tt0107978"
nm0929609,Fred Willard,1933,2020,"actor,writer,soundtrack","tt0218839,tt0310281,tt0357413,tt0366551"
nm0359379,John Hancock,1941,1992,"actor,director","tt0079336,tt0083530,tt0088224,tt0159876"
nm0415777,Ka-Yan Leung,1949,\N,"actor,director,stunts","tt1258972,tt0117786,tt0088418,tt0108663"
nm1533682,Mien Fang,1916,1995,"actor,director","tt0070800,tt10466506,tt0185648,tt0445534"
nm0803298,Siu-Tin Yuen,1912,1979,"actor,stunts,miscellaneous","tt0080179,tt0201366,tt0078252,tt0081097"
nm0293550,Paul Freeman,1943,\N,"actor,archive_footage","tt0082971,tt0113820,tt0425112,tt0096454"
nm0479951,Ronald Lacey,1935,1991,"actor,miscellaneous,archive_footage","tt0082971,tt0086856,tt0089893,tt0083943"
nm0722636,John Rhys-Davies,1944,\N,"actor,sound_department,producer","tt0167260,tt0167261,tt0120737,tt0082971"
nm0001186,Denholm Elliott,1922,1992,"actor,soundtrack,archive_footage","tt0091867,tt0086465,tt0082971,tt0097576"
nm0000547,Alfred Molina,1953,\N,"actor,producer,director","tt0316654,tt0120679,tt0118749,tt0175880"
nm0434759,Wolf Kahler,1940,\N,"actor,miscellaneous,soundtrack","tt0082971,tt0077269,tt0451279,tt7560984"
nm0001891,Anthony Higgins,1947,\N,"actor,soundtrack,archive_footage","tt0082971,tt0090357,tt0083851,tt0088851"
nm0846004,Vic Tablian,1937,\N,"actor,archive_footage","tt0082971,tt0077928,tt0100232,tt0155436"
nm0000678,Kathleen Turner,1954,\N,"actress,producer,director","tt0088011,tt0091738,tt0082089,tt0111127"
nm0001077,Richard Crenna,1926,2003,"actor,director,producer","tt0095956,tt0062467,tt0083944,tt0089880"
nm0001101,Ted Danson,1947,\N,"actor,producer,soundtrack","tt0083399,tt4955642,tt0082089,tt0098966"
nm0696430,J.A. Preston,1932,\N,"actor,archive_footage","tt0104257,tt0082089,tt0089901,tt0079781"
nm0000620,Mickey Rourke,1952,\N,"actor,writer,producer","tt0401792,tt1125849,tt0092563,tt1228705"
nm0956631,Kim Zimmer,1955,\N,"actress,archive_footage","tt0082089,tt0044265,tt0088559,tt0062595"
nm0766869,Lanna Saunders,1941,2007,actress,"tt0082089,tt0058796,tt0071054,tt0065317"
nm0570123,Carola McGuinness,\N,\N,actress,"tt0082089,tt0084608"
nm0067643,Joe Belcher,1928,2006,actor,"tt0082010,tt0181264,tt0313118,tt0079073"
nm0622544,David Naughton,1951,\N,"actor,music_department,miscellaneous","tt0082010,tt0165710,tt0100688,tt0087425"
nm0001162,Griffin Dunne,1955,\N,"actor,director,producer","tt0088680,tt0082010,tt1333125,tt0790636"
nm0774516,David Schofield,1951,\N,"actor,producer,archive_footage","tt0172495,tt0383574,tt0082010,tt0985699"
nm0323093,Brian Glover,1934,1997,"actor,writer,miscellaneous","tt0082010,tt0103644,tt0109010,tt0119227"
nm0443343,Lila Kaye,1929,2012,"actress,archive_footage","tt0082010,tt0087478,tt0067727,tt0327277"
nm0562201,Rik Mayall,1958,2014,"actor,writer,music_department","tt0083505,tt0101775,tt0141166,tt0146503"
nm0048917,Sean Baker,\N,\N,actor,"tt0082010,tt1617661,tt0820333,tt0106138"
nm0752761,Paddy Ryan,1911,1990,"actor,stunts,archive_footage","tt0082010,tt0085959,tt0047072,tt0059549"
nm0000256,Jenny Agutter,1952,\N,"actress,soundtrack,archive_footage","tt0074812,tt0082010,tt0848228,tt0067959"
nm0000621,Kurt Russell,1951,\N,"actor,producer,writer","tt0082340,tt3460252,tt0084787,tt0116225"
nm0000308,Ernest Borgnine,1917,2012,"actor,producer,soundtrack","tt0048356,tt0082340,tt0069113,tt0086662"
nm0000587,Donald Pleasence,1919,1995,"actor,writer,director","tt0082495,tt0077651,tt0062512,tt0057115"
nm0005002,Isaac Hayes,1942,2008,"music_artist,actor,music_department","tt0082340,tt0158983,tt0184858,tt0067741"
nm0399530,Season Hubley,1951,\N,"actress,soundtrack,archive_footage","tt0082340,tt0079271,tt0084861,tt0070332"
nm0132257,Bruce Campbell,1958,\N,"actor,producer,director","tt0281686,tt0106308,tt0083907,tt4189022"
nm0762445,Ellen Sandweiss,1958,\N,"actress,producer,miscellaneous","tt0083907,tt1288558,tt0489235,tt1623205"
nm0217822,Richard DeManincor,\N,\N,"actor,soundtrack,archive_footage","tt0083907,tt0088967,tt4200472,tt3402100"
nm0048260,Betsy Baker,1955,\N,"actress,miscellaneous,producer","tt0083907,tt2649356,tt3973768,tt1623205"
nm0863462,Theresa Tilly,1953,\N,"actress,producer,miscellaneous","tt0083907,tt1754700,tt2246887,tt1623205"
nm0319310,Philip A. Gillis,\N,\N,actor,"tt0083907,tt0099365,tt0102357,tt0088967"
nm0849962,Dorothy Tapert,\N,\N,"actress,editorial_department","tt0083907,tt0092991"
nm0349762,Cheryl Guttridge,\N,\N,"actress,archive_footage","tt0083907,tt0090093,tt0076216,tt4200472"
nm0136908,Barbara Carey,\N,\N,actress,tt0083907
nm0395583,David Horton,\N,\N,sound_department,"tt3170832,tt0120255,tt5153288,tt1091909"
nm0597517,Dan Monahan,1955,\N,actor,"tt0084522,tt0086129,tt0089826,tt0118665"
nm0380628,Mark Herrier,1954,\N,"actor,director,producer","tt0084522,tt0086129,tt0089826,tt0093828"
nm0461129,Wyatt Knight,1955,2011,"actor,miscellaneous,stunts","tt0084522,tt0086129,tt0118665,tt0329639"
nm0934059,Roger Wilson,1956,\N,"actor,writer,soundtrack","tt0084522,tt0082085,tt0086129,tt0083476"
nm0642429,Cyril O'Reilly,1957,\N,"actor,producer,soundtrack","tt0084522,tt0080339,tt0086734,tt0094942"
nm0304393,Tony Ganios,1959,2024,"actor,soundtrack","tt0084522,tt0099423,tt0080117,tt0107969"
nm0000326,Kim Cattrall,1956,\N,"actress,producer,soundtrack","tt0102975,tt1261945,tt0159206,tt1000774"
nm0001475,John Lithgow,1945,\N,"actor,producer,writer","tt0084917,tt0106582,tt0086856,tt2639344"
nm0101972,Peter Boyden,1945,\N,actor,"tt0082085,tt0094889,tt0120533,tt0085044"
nm0561903,Curt May,1945,\N,actor,"tt0065272,tt0082085"
nm0032640,John Aquino,1948,\N,actor,"tt0082085,tt0078718,tt0072559,tt0082402"
nm0533979,John McMartin,1929,2016,"actor,soundtrack,archive_footage","tt0082085,tt0074119,tt0481141,tt0362269"
nm0263715,Deborah Everton,\N,\N,"costume_designer,costume_department,actress","tt0117731,tt0082085,tt0088247,tt0096754"
nm0573688,J. Patrick McNamara,1942,2023,"actor,archive_footage","tt0075860,tt0096928,tt0078723,tt0101452"
nm0941777,Sam Worthington,1976,\N,"actor,producer,director","tt0499549,tt0438488,tt0800320,tt1630029"
nm0000553,Liam Neeson,1952,\N,"actor,producer,writer","tt0362269,tt0108052,tt1601913,tt0429493"
nm0000146,Ralph Fiennes,1962,\N,"actor,director,producer","tt0387131,tt2278388,tt0108052,tt1372686"
nm0002076,Jason Flemyng,1966,\N,"actor,producer,director","tt0421715,tt0120735,tt0118956,tt0311429"
nm2605345,Gemma Arterton,1986,\N,"actress,producer,soundtrack","tt0473075,tt1531901,tt4547056,tt0800320"
nm1111968,Alexa Davalos,1982,\N,actress,"tt0296572,tt1034303,tt0800320,tt0884328"
nm3548867,Tine Stapelfeldt,\N,\N,actress,"tt0800320,tt4401006,tt1969978"
nm0586568,Mads Mikkelsen,1965,\N,"actor,miscellaneous,writer","tt2243973,tt2106476,tt1211837,tt10288566"
nm11437243,Luke Evans,\N,\N,producer,tt12004308
nm0856050,Nigel Terry,1945,2015,"actor,archive_footage","tt0082348,tt0063227,tt0282768,tt0090798"
nm0165551,Nicholas Clay,1946,2000,"actor,archive_footage","tt0082348,tt0083908,tt0130414,tt0080180"
nm0526724,Cherie Lunghi,1952,\N,"actress,archive_footage","tt0082348,tt0109836,tt0091530,tt0194946"
nm0313264,Paul Geoffrey,1955,2023,"actor,archive_footage","tt0082348,tt0155267,tt0104181,tt0087365"
nm0932116,Nicol Williamson,1936,2011,"actor,miscellaneous,soundtrack","tt0082348,tt0120177,tt0075194,tt0089908"
nm0011665,Robert Addie,1960,2003,actor,"tt0082348,tt0086791,tt0111904,tt0140731"
nm0000321,Gabriel Byrne,1950,\N,"actor,producer,writer","tt0114814,tt0146675,tt7784604,tt0145531"
nm0118645,Keith Buckley,1941,2020,actor,"tt0082348,tt0076752,tt0068130,tt0273399"
nm0095573,Katrine Boorman,1960,\N,"actress,producer,director","tt0082348,tt0093209,tt0422720,tt0120404"
nm0000154,Mel Gibson,1956,\N,"actor,producer,director","tt0112573,tt0104714,tt0118883,tt0117438"
nm0817748,Bruce Spence,1945,\N,"actor,archive_footage","tt0082694,tt0167260,tt0118929,tt0121766"
nm0696463,Michael Preston,1938,\N,"actor,soundtrack,archive_footage","tt0082694,tt0330323,tt0129685,tt0085296"
nm0681041,Max Phipps,1939,2000,"actor,archive_footage","tt0082694,tt0085994,tt0081561,tt0080016"
nm0920460,Vernon Wells,1945,\N,"actor,producer,director","tt0082694,tt0088944,tt0090305,tt0093260"
nm0632250,Kjell Nilsson,1949,\N,"actor,archive_footage","tt0082694,tt0084504,tt12417222,tt0088169"
nm0591755,Emil Minty,1972,\N,"actor,archive_footage","tt0082694,tt0470153,tt0086591,tt0125752"
nm0382162,Virginia Hey,1952,\N,"actress,archive_footage","tt0082694,tt0187636,tt0093428,tt2861424"
nm0953265,William Zappa,1948,\N,"actor,archive_footage","tt5144174,tt9010738,tt11853364"
nm0925800,Arkie Whiteley,1964,2001,"actress,archive_footage","tt0082694,tt0082614,tt0081949,tt0110892"
nm0001638,Jürgen Prochnow,1941,\N,"actor,producer,soundtrack","tt0082096,tt0087182,tt0116209,tt0113492"
nm0344963,Herbert Grönemeyer,1956,\N,"music_artist,actor,composer","tt0082096,tt1440728,tt1972571,tt0421082"
nm0921044,Klaus Wennemann,1940,2000,"actor,archive_footage","tt0082096,tt0088517,tt0081834,tt0094223"
nm0071059,Hubertus Bengsch,1952,\N,actor,"tt0082096,tt0081834,tt0092389,tt0086564"
nm0783847,Martin Semmelrogge,1955,\N,"actor,soundtrack,archive_footage","tt0082096,tt0108052,tt1651321,tt0081834"
nm0851427,Bernd Tauber,1950,\N,"actor,archive_footage","tt0082096,tt0074245,tt0081834,tt2779016"
nm0496441,Erwin Leder,1951,\N,"actor,miscellaneous,archive_footage","tt0320691,tt0082096,tt0165623,tt0108333"
nm0562056,Martin May,1961,\N,"actor,writer,archive_footage","tt0082096,tt0093034,tt0806910,tt0081834"
nm0388517,Heinz Hoenig,1951,\N,"actor,soundtrack,archive_footage","tt0082096,tt0112154,tt0136356,tt0110285"
nm0643805,Uwe Ochsenknecht,1956,\N,"actor,soundtrack,archive_footage",tt1885102
nm0000601,Harold Ramis,1944,2014,"writer,actor,producer","tt0087332,tt0107048,tt0083131,tt0478311"
nm0643105,Warren Oates,1928,1982,"actor,music_department,stunts","tt0065214,tt0083131,tt0069762,tt0071249"
nm0001753,P.J. Soles,1950,\N,"actress,producer,camera_department","tt0077651,tt0074285,tt0079813,tt0081375"
nm0000707,Sean Young,1959,\N,"actress,miscellaneous,director","tt0083658,tt0093640,tt0087182,tt1856101"
nm0001006,John Candy,1950,1994,"actor,writer,music_department","tt0093748,tt0094012,tt0098554,tt0080455"
nm0488662,John Larroquette,1947,\N,"actor,producer,director","tt0086770,tt3663490,tt0088170,tt0083131"
nm0901390,John Voldstad,1951,\N,"actor,archive_footage","tt0107387,tt0083131,tt0109830,tt0083455"
nm0225963,John Diehl,1950,\N,"actor,producer,archive_footage",tt0109446
nm0499223,Lance LeGault,1935,2012,"actor,stunts,music_department","tt0119707,tt0083131,tt0092480,tt2382396"
nm0000254,Isabelle Adjani,1955,\N,"actress,producer,miscellaneous","tt0082933,tt0094828,tt0073114,tt0079641"
nm0000554,Sam Neill,1947,\N,"actor,producer,director","tt0107290,tt4698684,tt0104850,tt0107822"
nm0141380,Margit Carstensen,1940,2023,"actress,miscellaneous,archive_footage","tt0068278,tt0070374,tt0082933,tt0074312"
nm0071502,Heinz Bennent,1921,2011,"actor,archive_footage","tt0082933,tt0080610,tt0097565,tt0076686"
nm0388682,Johanna Hofer,1896,1988,"actress,archive_footage","tt0082933,tt0279134,tt0084654,tt1653862"
nm0240268,Carl Duering,1923,2018,"actor,miscellaneous,casting_department","tt0066921,tt0077269,tt0082933,tt0060121"
nm0493391,Shaun Lawton,1941,\N,"actor,miscellaneous","tt1371111,tt0402022,tt1521197,tt0082933"
nm0389660,Michael Hogben,\N,\N,actor,tt0082933
nm0754144,Maximilian Rüthlein,\N,\N,actor,"tt0082933,tt0089222,tt1941600,tt0094729"
nm0000549,Roger Moore,1927,2017,"actor,miscellaneous,producer","tt0079574,tt0076752,tt0086034,tt0082398"
nm0000396,Farrah Fawcett,1947,2009,"actress,producer,miscellaneous","tt0079285,tt0074812,tt0082136,tt0091024"
nm0001509,Dean Martin,1917,1995,"music_artist,actor,producer","tt0058797,tt0060980,tt0060728,tt0053221"
nm0002035,Sammy Davis Jr.,1925,1990,"actor,producer,director","tt0082136,tt0087032,tt0063534,tt0053182"
nm0001181,Jack Elam,1920,2003,"actor,soundtrack,archive_footage","tt0064116,tt0082136,tt0048261,tt0065051"
nm0103537,Terry Bradshaw,1948,\N,"actor,producer,director","tt0082136,tt0427229,tt0358082,tt0081529"
nm0000329,Jackie Chan,1954,\N,"producer,actor,stunts","tt0127357,tt0120812,tt0089374,tt0266915"
nm0001001,James Caan,1940,2022,"actor,director,stunts","tt0083190,tt0073631,tt0068646,tt0100157"
nm0000902,Jim Belushi,1954,\N,"actor,music_department,producer","tt0095963,tt0097637,tt0072562,tt0117468"
nm0698764,Robert Prosky,1930,2008,"actor,soundtrack,archive_footage","tt0083190,tt0092699,tt0107614,tt0112818"
nm0797529,Tom Signorelli,1935,2010,actor,"tt0083190,tt0117665,tt0099422,tt0065938"
nm0001199,Dennis Farina,1944,2013,"actor,producer,executive","tt0113161,tt0091474,tt0208092,tt0184858"
nm0629973,Nick Nickeas,\N,\N,"actor,miscellaneous,archive_footage","tt0083190,tt1152836,tt0090410"
nm0114873,W.R. Brown,\N,\N,actor,tt0083190
nm0864957,Norm Tobin,1936,2022,actor,"tt0083190,tt0082200,tt0087639"
nm1641117,Alex Pettyfer,1990,\N,"actor,producer,director","tt1915581,tt2093991,tt1637688,tt0972544"
nm13523339,Gabriella Wilde,\N,\N,"art_department,production_designer","tt6263066,tt26217324"
nm0339304,Bruce Greenwood,1956,\N,"actor,producer,soundtrack","tt0796366,tt0146309,tt0343818,tt1408101"
nm0000613,Joely Richardson,1965,\N,"actress,producer,soundtrack","tt0361217,tt0187393,tt0115433,tt1881002"
nm0001598,Robert Patrick,1958,\N,"actor,producer,archive_footage","tt0103064,tt0133751,tt0106912,tt0419946"
nm1973422,Rhys Wakefield,1988,\N,"actor,writer,director","tt2356777,tt2184339,tt0881320"
nm3912883,Dayo Okeniyi,1988,\N,"actor,producer,archive_footage","tt19231492,tt11242162,tt8354752,tt8080204"
nm12972521,Emma Rigby,\N,\N,make_up_department,"tt8740790,tt11204094,tt6586318"
nm2738196,Anna Enger Ritch,1988,\N,"actress,archive_footage","tt6763664,tt4655480,tt1600194,tt2234155"
nm4211652,Fabianne Therese,\N,\N,"actress,director,writer","tt1783732,tt2318092,tt2139555,tt7379178"
nm0000092,John Cleese,1939,\N,"actor,writer,producer","tt0095159,tt0071853,tt0063929,tt0085959"
nm0000125,Sean Connery,1930,2020,"actor,producer,director","tt0117500,tt0055928,tt0094226,tt0091605"
nm0001340,Katherine Helmond,1929,2019,"actress,director,archive_footage","tt0093693,tt0075584,tt0088846,tt0086827"
nm0000453,Ian Holm,1931,2020,"actor,animation_department,miscellaneous","tt0167260,tt0120737,tt0088846,tt0382932"
nm0001589,Michael Palin,1943,\N,"writer,actor,miscellaneous","tt0071853,tt0085959,tt0079470,tt0081633"
nm0724732,Ralph Richardson,1902,1983,"actor,director,producer","tt0059113,tt0041452,tt0081633,tt0040338"
nm0891092,Peter Vaughan,1923,2016,"actor,soundtrack,archive_footage","tt0067800,tt0088846,tt0795368,tt0081633"
nm0000257,Alan Alda,1936,\N,"actor,miscellaneous,writer","tt0068098,tt0082405,tt0097123,tt7653254"
nm0000993,Carol Burnett,1933,\N,"actress,producer,writer","tt0061240,tt0083564,tt0105017,tt0082405"
nm0137230,Len Cariou,1939,\N,"actor,producer,soundtrack","tt0257360,tt1595859"
nm0006800,Sandy Dennis,1937,1992,"actress,archive_footage","tt0061184,tt0062425,tt0066193,tt0083745"
nm0001549,Rita Moreno,1931,\N,"actress,producer,soundtrack","tt0055614,tt3581652,tt0049408,tt0118421"
nm0922967,Jack Weston,1924,1996,"actor,archive_footage","tt0092890,tt0062467,tt0063688,tt0064117"
nm0000787,Bess Armstrong,1953,\N,"actress,archive_footage","tt0085750,tt0108872,tt0082405,tt0091653"
nm0017374,Elizabeth Alda,1960,\N,actress,"tt0091630,tt0082405,tt0086716,tt2168412"
nm0017373,Beatrice Alda,1961,\N,"actress,producer,director","tt0082405,tt1341764,tt0102432,tt5685084"
nm0386966,Robert Hitt,1942,\N,actor,"tt0078754,tt0107501,tt0084335,tt0083051"
nm0824386,Amy Steel,1960,\N,"actress,writer,location_management","tt0082418,tt0090655,tt0044265,tt0156146"
nm0298859,John Furey,1951,\N,"actor,soundtrack,archive_footage","tt0082418,tt0292858,tt0065272,tt0068067"
nm0048661,Kirsten Baker,1960,\N,"actress,archive_footage","tt0082418,tt0077597,tt0081159,tt0078928"
nm0153385,Stuart Charno,1956,\N,"actor,writer","tt0082418,tt0085333,tt0092455,tt0089393"
nm0319068,Warrington Gillette,1960,\N,"actor,archive_footage","tt0082418,tt0084796,tt0462475,tt21293382"
nm0331189,Walt Gorney,1912,2004,"actor,archive_footage","tt0080761,tt0082418,tt0086465,tt0085470"
nm0462118,Marta Kober,1963,\N,"actress,archive_footage","tt0082418,tt0127045,tt0091817,tt0092156"
nm0564381,Tom McBride,1952,1995,"actor,archive_footage","tt0082418,tt0089901,tt0048845,tt0118156"
nm0709876,Bill Randolph,1953,\N,"actor,miscellaneous,archive_footage","tt0082418,tt0080661,tt0089044,tt0098073"
nm0642198,Jennifer O'Neill,1948,\N,"actress,soundtrack,archive_footage","tt0081455,tt0067803,tt0074686,tt0066301"
nm0480099,Stephen Lack,1946,\N,"actor,writer,miscellaneous","tt0081455,tt0078183,tt0094964,tt0077946"
nm0001526,Patrick McGoohan,1928,2009,"actor,producer,director","tt0061287,tt0112573,tt1466074,tt0117913"
nm0199325,Lawrence Dane,1937,2022,"actor,writer,producer","tt0081455,tt0144120,tt0082498,tt0074532"
nm0000461,Michael Ironside,1950,\N,"actor,producer,writer","tt0120201,tt0100802,tt0081455,tt0092099"
nm0111240,Lee Broker,\N,\N,"actor,producer,writer","tt0081455,tt0091183,tt0080656,tt26454480"
nm0601603,Mavor Moore,1919,2006,"actor,writer,composer","tt0081455,tt0341777,tt0082509,tt0348926"
nm0524970,Adam Ludwig,1930,2005,actor,"tt0081455,tt0096101,tt0253375,tt0104763"
nm0189927,Murray Cruchley,\N,\N,actor,"tt0094964,tt0081455,tt0108909,tt0081989"
nm0000962,Carole Bouquet,1957,\N,"actress,director,soundtrack","tt0082398,tt0281364,tt0398664,tt0098520"
nm0867694,Topol,1935,2023,"actor,producer,soundtrack","tt0067093,tt0080745,tt0082398,tt0069131"
nm0002103,Julian Glover,1935,\N,"actor,soundtrack,archive_footage","tt0097576,tt0080684,tt0082398,tt0332452"
nm0364520,Cassandra Harris,1942,1991,"actress,archive_footage","tt0082398,tt0083470,tt0081439,tt0072564"
nm0071824,Jill Bennett,1931,1990,"actress,writer,archive_footage","tt0059496,tt0082398,tt0044926,tt0091374"
nm0331788,Michael Gothard,1939,1992,"actor,archive_footage","tt0089489,tt0082398,tt0072281,tt0095388"
nm0943840,John Wyman,1944,\N,"actor,archive_footage","tt0082398,tt0196245,tt0075995,tt0084830"
nm0373324,Jack Hedley,1929,2021,"actor,archive_footage","tt0084719,tt0082398,tt0058425,tt1728172"
nm0469552,Jeffrey Kramer,1945,\N,"producer,actor,miscellaneous","tt0073195,tt0077766,tt0088930,tt0118437"
nm0346411,Lance Guest,1960,\N,"actor,soundtrack,archive_footage","tt0087597,tt0093300,tt0082495,tt0094462"
nm0794870,Pamela Susan Shoop,1948,\N,"actress,archive_footage","tt0082495,tt0075989,tt0080240,tt0074074"
nm0902608,Hunter von Leer,1944,\N,"actor,archive_footage","tt0082495,tt0082517,tt0098557,tt0081558"
nm0006441,Dick Warlock,1940,\N,"stunts,actor,miscellaneous","tt0087262,tt0093260,tt0082340,tt0084787"
nm0744234,Leo Rossi,\N,\N,cinematographer,"tt0009164,tt0010296,tt0009225,tt0009782"
nm0001715,George C. Scott,1927,1999,"actor,director,producer","tt0066206,tt0054997,tt0080516,tt0099528"
nm0001074,Ronny Cox,1938,\N,"actor,writer,producer","tt0093870,tt0100802,tt0068473,tt0086960"
nm0000576,Sean Penn,1960,\N,"actor,producer,director","tt0327056,tt0315733,tt1013753,tt0112818"
nm0000129,Tom Cruise,1962,\N,"actor,producer,director","tt0092099,tt0325710,tt0116695,tt0120755"
nm0911421,Brendan Ward,\N,2021,"writer,producer","tt1453932,tt0388863"
nm0359577,Evan Handler,1961,\N,"actor,soundtrack,archive_footage","tt0117438,tt1000774,tt0904208,tt0214698"
nm0623117,John P. Navin Jr.,1968,\N,actor,"tt0085995,tt0085038,tt0089114,tt0078610"
nm0888345,Billy Van Zandt,1957,\N,"producer,writer,actor","tt0077766,tt0168337,tt0103488,tt0083455"
nm0002064,Giancarlo Esposito,1958,\N,"music_department,actor,producer","tt0903747,tt0114814,tt3040964,tt0097216"
nm0000886,Warren Beatty,1937,\N,"actor,producer,writer","tt0082979,tt0077663,tt0118798,tt0061418"
nm0000473,Diane Keaton,1946,\N,"actress,producer,director","tt0075686,tt0337741,tt0356680,tt0082979"
nm0001346,Edward Herrmann,1943,2014,"actor,miscellaneous,soundtrack","tt0093693,tt0093437,tt0113987,tt0083564"
nm0467085,Jerzy Kosinski,1933,1991,"writer,actor,archive_footage","tt0078841,tt0082979,tt1667354,tt0098185"
nm0822972,Maureen Stapleton,1925,2006,"actress,soundtrack,archive_footage","tt0082979,tt0077742,tt0065377,tt0088933"
nm0938052,Ian Wolfe,1896,1992,"actor,soundtrack,archive_footage","tt0047472,tt0066434,tt0051201,tt0035279"
nm0000031,Katharine Hepburn,1907,2003,"actress,writer,soundtrack","tt0063227,tt0032904,tt0082846,tt0043265"
nm0000020,Henry Fonda,1905,1982,"actor,producer,miscellaneous","tt0050083,tt0082846,tt0032551,tt0051207"
nm0000404,Jane Fonda,1937,\N,"actress,producer,miscellaneous","tt0067309,tt0062711,tt3312830,tt0077362"
nm0571630,Doug McKeon,1966,\N,"actor,director,writer","tt0082846,tt0409838,tt0292459,tt0076993"
nm0001056,Dabney Coleman,1932,\N,"actor,miscellaneous,producer","tt0086567,tt0080319,tt0128853,tt0084805"
nm0487140,William Lanteau,1922,1993,actor,"tt0082846,tt0054989,tt0074074,tt0053001"
nm0753068,Christopher Rydell,1963,\N,"actor,writer,miscellaneous","tt0082846,tt0089560,tt0089222,tt0097530"
nm0004949,Troy Garity,1973,\N,"actor,producer,miscellaneous","tt2891574,tt3628584,tt1833285,tt0324013"
nm0001682,Mickey Rooney,1920,2014,"actor,producer,director","tt0057193,tt0054698,tt0031066,tt0076538"
nm0047440,Pearl Bailey,1918,1990,"actress,writer,soundtrack","tt0082406,tt0053182,tt0046828,tt0039951"
nm0016776,Jack Albertson,1907,1981,"actor,soundtrack,archive_footage","tt0067992,tt0069113,tt0082406,tt0063654"
nm0242098,Sandy Duncan,1946,\N,"actress,producer,soundtrack","tt0111333,tt0082406,tt0066657,tt0075572"
nm0634282,Jeanette Nolan,1911,1998,"actress,soundtrack,archive_footage","tt0082406,tt0045555,tt0056217,tt0076618"
nm0125426,Pat Buttram,1915,1994,"actor,writer,soundtrack","tt0070608,tt0082406,tt0099088,tt0065421"
nm0275835,John Fiedler,1925,2005,"actor,soundtrack,archive_footage","tt0050083,tt0063374,tt0065126,tt0076363"
nm0570615,John McIntire,1907,1991,"actor,soundtrack,archive_footage","tt0054215,tt0098536,tt0076618,tt0042208"
nm0048147,Richard Bakalyan,1931,2015,"actor,writer,producer","tt0071315,tt0082406,tt0059885,tt0050213"
nm0268297,Nicholas Farrell,1955,\N,"actor,archive_footage","tt0082158,tt1007029,tt0116477,tt3569230"
nm0369814,Nigel Havers,1951,\N,"actor,director,soundtrack","tt0082158,tt0472160,tt0092965,tt0053494"
nm0153182,Ian Charleson,1949,1990,"actor,archive_footage","tt0082158,tt0083987,tt0093677,tt0086809"
nm0002027,Ben Cross,1947,2020,"actor,producer,archive_footage","tt0796366,tt0113071,tt0082158,tt0760188"
nm0314776,Daniel Gerroll,1951,\N,actor,"tt0101775,tt0094739,tt0082158,tt1872181"
nm0000755,Lindsay Anderson,1923,1994,"director,actor,writer","tt0063850,tt0082158,tt0083694,tt0057578"
nm0202638,Nigel Davenport,1928,2013,"actor,soundtrack,archive_footage","tt0060665,tt0082158,tt0076210,tt0070531"
nm0132293,Cheryl Campbell,1949,\N,"actress,soundtrack,archive_footage","tt0077060,tt0078699,tt0162096,tt0082158"
nm0227039,Melinda Dillon,1939,2023,"actress,soundtrack,archive_footage","tt0175880,tt0075860,tt0085334,tt0093148"
nm0012204,Luther Adler,1903,1984,"actor,soundtrack,archive_footage","tt0040552,tt0042369,tt0043461,tt0042005"
nm0697587,Barry Primus,1938,\N,"actor,director,writer","tt1661382,tt1034331,tt0179626,tt0082846"
nm0813977,Josef Sommer,1934,\N,"actor,archive_footage","tt0066999,tt0114558,tt0090329,tt0376994"
nm0363157,John Harkins,1932,1999,"actor,archive_footage","tt0081974,tt0078841,tt0086969,tt0059978"
nm0393458,Don Hood,1940,2003,actor,"tt0084809,tt0081974,tt0313542,tt0109198"
nm0000979,Wilford Brimley,1934,2020,"actor,stunts,archive_footage","tt0087781,tt0119360,tt0088933,tt0106918"
nm0919321,Johnny Weissmuller,1904,1984,"actor,music_department,archive_footage","tt0023551,tt0035419,tt0042311,tt0036414"
nm0358076,Neil Hamilton,1899,1984,"actor,soundtrack,archive_footage","tt0060153,tt0025862,tt0059968,tt0023551"
nm0807580,C. Aubrey Smith,1863,1948,"actor,soundtrack,archive_footage","tt0032976,tt0037515,tt0029442,tt0023551"
nm0001577,Maureen O'Sullivan,1911,1998,"actress,soundtrack,archive_footage","tt0025878,tt0091167,tt0025862,tt0023551"
nm0515967,Doris Lloyd,1896,1968,"actress,soundtrack,archive_footage","tt0054387,tt0043274,tt0059742,tt0022550"
nm0367516,Forrester Harvey,1884,1945,"actor,soundtrack,archive_footage","tt0024184,tt0034398,tt0018328,tt0032976"
nm0930797,Ivory Williams,1907,1982,actor,"tt0027700,tt0023551"
nm7573140,Franz Balluck,1913,1987,actor,\N
nm0065373,Charles Becker,1887,1968,"actor,archive_footage","tt0017421,tt0030845"
act_22c40b99,Burre Billingsley,,,,
nm0000230,Sylvester Stallone,1946,\N,"actor,writer,producer","tt0075148,tt0089927,tt3076658,tt0084602"
nm0671446,Pelé,1940,2022,"actor,producer,writer","tt0083284,tt0282744,tt0085943,tt0186637"
nm0600961,Bobby Moore,1941,1993,"actor,archive_footage","tt0083284,tt0068188,tt0398478,tt0060035"
nm0034055,Osvaldo Ardiles,1952,\N,"actor,writer,soundtrack","tt0083284,tt12459594,tt27683607,tt1962879"
nm0887122,Paul Van Himst,1943,\N,actor,"tt0083284,tt0151513,tt0233095,tt12459594"
nm0223391,Kazimierz Deyna,1947,1989,"actor,archive_footage",tt0083284
nm0861228,Hallvar Thoresen,1957,\N,actor,"tt0083284,tt7336664,tt0473415"
nm0838620,Mike Summerbee,1942,\N,"actor,archive_footage","tt0083284,tt0135733,tt2950104,tt0239185"
nm0697848,Co Prins,1938,1987,actor,tt0083284
nm0591485,Liza Minnelli,1946,\N,"actress,director,producer","tt0068327,tt0082031,tt0076451,tt0367279"
nm0280242,Geraldine Fitzgerald,1913,2005,"actress,writer,producer","tt0031210,tt0032145,tt0082031,tt0059575"
nm0251708,Jill Eikenberry,1947,\N,"actress,producer,soundtrack","tt0090466,tt1625346,tt0082031,tt0491152"
nm0254634,Stephen Elliott,1918,2005,"actor,archive_footage","tt0086960,tt0082031,tt0071402,tt0092585"
nm0743874,Ted Ross,1934,2002,"actor,soundtrack","tt0082031,tt0078504,tt0094678,tt0101889"
nm0551949,Barney Martin,1923,2005,"actor,miscellaneous,soundtrack","tt0082031,tt0063462,tt0098904,tt0079308"
nm0053856,Thomas Barbour,1921,2005,actor,"tt0072251,tt0082031,tt0106226,tt0094678"
nm0339737,Andre Gregory,1934,\N,"actor,producer,writer","tt0082783,tt0106697,tt0095497,tt0111143"
nm0001728,Wallace Shawn,1943,\N,"actor,writer,producer","tt0082783,tt0093779,tt0120434,tt0317705"
nm0501721,Jean Lenauer,1904,1983,"director,actor","tt0223010,tt19716106,tt0082783"
nm0125122,Roy Butler,1893,1973,"actor,archive_footage","tt0178896,tt0034871,tt0041289,tt0037318"
nm0251977,Deborah Eisenberg,1945,\N,"actress,writer,producer","tt1791682,tt0365480,tt10808832,tt27845177"
nm0823592,Ringo Starr,1940,\N,"music_artist,actor,producer","tt0058182,tt3960412,tt0073298,tt0064622"
nm0001480,Shelley Long,1949,\N,"actress,producer,miscellaneous","tt0083399,tt0091541,tt0093175,tt0112572"
nm0399155,Cork Hubbert,1952,2003,actor,"tt0089469,tt0092332,tt0082146,tt0080240"
nm0455040,Mark King,\N,\N,"actor,stunts","tt0103285,tt0099558,tt0102562,tt0094357"
nm0603218,Paco Morayta,1946,2001,"actor,writer","tt0120746,tt0088011,tt0274763,tt0117509"
nm0453447,Evan C. Kim,1953,\N,"actor,archive_footage","tt0094963,tt0076257,tt0085106,tt0082146"
nm0338504,Ed Greenberg,\N,\N,"actor,writer","tt0069704,tt0082146,tt0088067,tt0077053"
nm0525855,Carl Lumbly,1951,\N,"actor,archive_footage,archive_sound","tt0203019,tt0086856,tt4731136,tt0285333"
nm0000758,Melody Anderson,1955,\N,"actress,archive_footage","tt0080745,tt0098369,tt0082242,tt0091055"
nm0714836,Dennis Redfield,1943,\N,"actor,miscellaneous,director","tt0100419,tt0077000,tt0087244,tt0102593"
nm0198553,Nancy Locke,\N,\N,"actress,writer,miscellaneous","tt0100405,tt0101831,tt0093639,tt0092841"
nm0089408,Lisa Blount,1957,2010,"actress,producer,archive_footage","tt0084434,tt0093777,tt0362506,tt0096945"
nm0000387,Robert Englund,1947,\N,"actor,miscellaneous,director","tt0087800,tt0329101,tt0095742,tt0093629"
nm0703767,Bill Quinn,1912,1994,"actor,soundtrack,archive_footage","tt0086491,tt0098382,tt0056869,tt0082242"
nm0192980,Michael Currie,1928,2009,actor,"tt0086383,tt0085636,tt0083530,tt0094963"
nm0000316,Mel Brooks,1926,\N,"actor,writer,producer","tt0094012,tt0395251,tt0082517,tt0071230"
nm0908914,Dee Wallace,1948,\N,"actress,producer,miscellaneous","tt0083866,tt0085382,tt0082533,tt0090887"
nm0001495,Patrick Macnee,1922,2015,"actor,costume_department,producer","tt0054518,tt0082533,tt0090264,tt0088258"
nm0240797,Dennis Dugan,1946,\N,"actor,director,writer","tt0116483,tt0960144,tt0142342,tt0077070"
nm0831791,Christopher Stone,1940,1995,"actor,director,writer","tt0082533,tt0085382,tt0096661,tt0073965"
nm0049470,Belinda Balaski,1947,\N,"actress,archive_footage","tt0082533,tt0122718,tt0087363,tt0074228"
nm0111974,Elisabeth Brooks,1951,1997,actress,"tt0082533,tt0071054,tt0099601,tt0092863"
nm0000585,Robert Picardo,1953,\N,"actor,writer,director","tt0112178,tt0094433,tt0117731,tt0093260"
nm0001493,Peter MacNicol,1954,\N,"actor,director,writer","tt0084707,tt0118254"
nm0164680,Caitlin Clarke,1952,2004,"actress,archive_footage","tt0082288,tt0109303,tt0090555,tt0098073"
nm0356268,John Hallam,1941,2006,actor,"tt0080745,tt0082288,tt0089489,tt0102798"
nm0264235,Peter Eyre,1942,\N,"actor,archive_footage","tt0082288,tt0107943,tt0120681,tt0118892"
nm0758692,Albert Salmi,1928,1990,"actor,soundtrack,archive_footage","tt0051435,tt0067065,tt0080487,tt0082288"
nm0111356,Sydney Bromley,1909,1987,"actor,archive_footage","tt0088323,tt0082010,tt0082288,tt0059014"
nm0757474,Chloe Salaman,\N,\N,actress,"tt0082288,tt0081963,tt0165592,tt0112189"
nm0416476,Emrys James,1928,1989,"actor,archive_footage","tt0082288,tt0499560,tt0499367,tt0233598"
nm0447358,Roger Kemp,1931,\N,actor,"tt0082288,tt0081573,tt0084503,tt0196252"
nm0001334,John Heard,1946,2017,"actor,producer,soundtrack","tt0406816,tt0094737,tt0099077,tt0099785"
nm0244619,Ann Dusenberry,1953,\N,"actress,soundtrack,archive_footage","tt0077766,tt0085846,tt0080240,tt0083470"
nm0742172,Arthur Rosenberg,\N,\N,"actor,archive_footage","tt0087277,tt0078841,tt0085382,tt0104020"
nm0231978,Patricia Donahue,1925,2012,"actress,miscellaneous","tt0202206,tt0164295,tt0063893,tt0083500"
nm0056240,Geraldine Baron,1940,2010,actress,"tt0080025,tt0085287,tt0063671,tt0082220"
nm0664776,Katherine Pass,\N,\N,actress,"tt0080465,tt0082220,tt0074621,tt0068795"
nm0569239,Everett McGill,1945,\N,"actor,soundtrack","tt4093826,tt0166896,tt0091187,tt0082484"
nm0000579,Ron Perlman,1950,\N,"actor,producer,director","tt3973768,tt0411477,tt0167190,tt0092319"
nm0252832,Nicholas Kadi,1952,\N,"actor,miscellaneous","tt0082484,tt0100232,tt0119190,tt0240462"
nm0001044,Rae Dawn Chong,1961,\N,"actress,director,writer","tt0088944,tt0088939,tt0082484,tt0100740"
nm0777229,Gary Schwartz,1952,\N,"actor,miscellaneous,writer","tt1210335,tt0098084,tt0099052,tt0103241"
nm1874510,Naseer El-Kadi,1952,\N,actor,tt0082484
nm0094958,Franck-Olivier Bonnet,1946,2013,"actor,writer","tt0473753,tt0211915,tt0133385,tt0083734"
nm0454338,Jean-Michel Kindt,\N,\N,actor,"tt0082484,tt0079002,tt0169519,tt0143022"
nm0771391,Kurt Schiegl,1925,1984,"actor,camera_department","tt0125421,tt0082484,tt0076760,tt0082244"
nm0318633,Brian Gill,\N,\N,actor,tt0082484
nm0106387,Rossano Brazzi,1916,1994,"actor,writer,director","tt0046754,tt0052225,tt0064505,tt0047580"
nm0330150,Don Gordon,1926,2017,"actor,writer,archive_footage","tt0072308,tt0070511,tt0062765,tt0099528"
nm0366027,Lisa Harrow,1943,\N,actress,"tt0120244,tt0082377,tt0104685,tt0366037"
nm0391476,Barnaby Holm,1967,\N,actor,"tt0082377,tt0071706,tt0077045,tt0098307"
nm0011199,Mason Adams,1919,2005,"actor,miscellaneous,soundtrack","tt0108186,tt0075528,tt0213689,tt0103112"
nm0034013,Robert Arden,1922,2004,"actor,producer,archive_footage","tt0048393,tt0091419,tt0092211,tt0094791"
nm0932587,Leueen Willoughby,\N,\N,"actress,archive_footage","tt0078346,tt0081573,tt0075471,tt11534440"
nm0102291,Marc Boyle,1945,1999,"stunts,actor,archive_footage","tt0082869,tt0119116,tt0118661,tt0113492"
nm0449266,Milos Kirek,1946,1993,"actor,archive_footage","tt0086006,tt0397828,tt0079481,tt0424725"
nm0001159,Faye Dunaway,1941,\N,"actress,producer,director","tt0074958,tt0061418,tt0071315,tt0082766"
nm0769311,Diana Scarwid,1955,\N,"actress,soundtrack,archive_footage","tt0161081,tt0082766,tt0086312,tt0114738"
nm0002079,Steve Forrest,1925,2013,"actor,soundtrack,archive_footage","tt0082766,tt0056197,tt0090056,tt0046333"
nm0196247,Howard Da Silva,1909,1986,"actor,director,soundtrack","tt0037884,tt0068156,tt0038369,tt0071577"
nm0387664,Mara Hobel,1971,\N,"actress,archive_footage","tt0082766,tt0082497,tt0949731,tt0362269"
nm0017377,Rutanya Alda,1942,\N,"actress,miscellaneous,writer","tt0077416,tt0082766,tt0083550,tt0106664"
nm0333100,Harry Goz,1932,2003,"actor,soundtrack","tt0074860,tt0278877,tt0082766,tt0085044"
nm0250218,Michael Edwards,1944,\N,"actor,soundtrack,archive_footage","tt0103064,tt0082766,tt3799232,tt0094075"
nm0381606,Howard Hesseman,1940,2022,"actor,writer,director","tt0077097,tt0090444,tt0091059,tt0089822"
nm0113525,Eric Brown,1964,\N,"actor,assistant_director,stunts","tt0085050,tt0096426,tt0082948,tt0105645"
nm0681523,Patrick Piccininni,1966,\N,actor,"tt0082948,tt0086814,tt4388650,tt0075471"
nm0000893,Ed Begley Jr.,1949,\N,"actor,producer,director","tt0310281,tt0910936,tt1178663,tt1289401"
nm0117200,Pamela Jean Bryant,1959,2010,actress,"tt0080645,tt0082677,tt0077031,tt0082685"
nm0046369,Meridith Baer,1947,\N,"actress,writer,miscellaneous","tt0082948,tt0075836,tt0082947,tt0077351"
nm0288031,Ron Foster,1930,2015,actor,"tt0057160,tt0091541,tt0054041,tt0044265"
nm0253004,Peter Elbling,1943,\N,"actor,writer,producer","tt0085894,tt0104437,tt0089730,tt0094006"
nm0057885,Beans Morocco,1934,\N,"actor,sound_department,soundtrack","tt0112346,tt0111686,tt0081698,tt0098105"
nm0001448,Jessica Lange,1949,\N,"actress,producer,soundtrack","tt0084805,tt0074751,tt0109306,tt0083967"
nm0171475,John Colicos,1928,2000,"actor,soundtrack,archive_footage","tt0080516,tt0077215,tt0064030,tt0106145"
nm0503627,Michael Lerner,1941,2023,"actor,archive_footage","tt0101410,tt0120685,tt0319343,tt1877832"
nm0001378,Anjelica Huston,1951,\N,"actress,producer,director","tt0099703,tt0100944,tt0120631,tt0101272"
nm0871501,William Traylor,1929,1989,"actor,archive_footage","tt0086856,tt0085894,tt0082934,tt0097166"
nm0384718,Thomas Hill,1927,2009,"actor,archive_footage","tt0088323,tt0100240,tt0083943,tt0067411"
nm0268185,Brian Farrell,\N,\N,actor,"tt0082934,tt0086662,tt0073961,tt0069599"
nm0000010,James Cagney,1899,1986,"actor,director,producer","tt0029870,tt0031867,tt0042041,tt0035575"
nm0348214,Moses Gunn,1929,1993,"actor,archive_footage","tt0067741,tt0073631,tt0091187,tt0082970"
nm0573299,Kenneth McMillan,1932,1989,"actor,soundtrack,archive_footage","tt0087182,tt0088889,tt0089941,tt0086879"
nm0002285,Pat O'Brien,1899,1983,"actor,producer,soundtrack","tt0053291,tt0029870,tt0039772,tt0021890"
nm0640307,Donald O'Connor,1925,2003,"actor,director,producer","tt0045152,tt0045899,tt0045592,tt0040111"
nm0647921,James Olson,1930,2022,"actor,soundtrack,archive_footage","tt0066769,tt0088944,tt0083550,tt0082970"
nm0001597,Mandy Patinkin,1952,\N,"actor,producer,soundtrack","tt1796960,tt0093779,tt0094631,tt0099422"
nm0738415,Howard E. Rollins Jr.,1950,1996,"actor,archive_footage","tt0082970,tt0094484,tt0088146,tt0176357"
nm0421596,Maren Jensen,1956,\N,"actress,production_designer,archive_footage","tt0077215,tt0082245,tt0076984,tt0082070"
nm0000232,Sharon Stone,1958,\N,"actress,producer,miscellaneous","tt0103772,tt0112641,tt0114214,tt0108162"
nm0118761,Susan Buckner,1953,\N,"actress,soundtrack","tt0077631,tt0082245,tt0075485,tt0075513"
nm0247532,Jeff East,1957,\N,"actor,writer,producer","tt0078346,tt0095925,tt0070814,tt0071634"
nm0727006,Colleen Riley,\N,\N,actress,"tt0082245,tt0089274,tt0085078,tt0075584"
nm0056491,Douglas Barr,1930,2015,actor,"tt0168804,tt0042377,tt0039478,tt0168943"
nm0004998,Lisa Hartman,1956,\N,"actress,music_department,producer","tt0075590,tt0078638,tt0082245,tt0088395"
nm0626728,Lois Nettleton,1927,2008,"actress,soundtrack,archive_footage","tt0094484,tt0076993,tt0312351,tt0064379"
nm0077720,Michael Berryman,1948,\N,"actor,producer,transportation_department","tt0090305,tt0077681,tt0395584,tt0073486"
nm0000244,Sigourney Weaver,1949,\N,"actress,producer,soundtrack","tt0118583,tt0078748,tt0499549,tt0095243"
nm0000249,James Woods,1947,\N,"actor,producer,director","tt0120877,tt0119282,tt0159097,tt0086541"
nm0941683,Irene Worth,1916,2002,actress,"tt0083806,tt0052033,tt0067483,tt0067306"
nm0715622,Pamela Reed,1949,\N,"actress,archive_footage","tt0228750,tt0099938,tt0086197,tt0110216"
nm0667292,Albert Paulsen,1925,2004,"actor,soundtrack,archive_footage","tt0056218,tt0056742,tt0060009,tt0055674"
nm0497826,Mark Lee,1958,\N,"actor,director,producer","tt0082432,tt0452003,tt2358586,tt0095117"
nm0449652,Bill Kerr,1922,2014,"actor,archive_footage","tt0082432,tt0084504,tt0087981,tt0316396"
nm0394176,Harold Hopkins,1944,2011,"actor,archive_footage","tt0080546,tt0082432,tt0120756,tt0426698"
nm0950971,Charles Lathalu Yunipingu,\N,\N,actor,"tt0082432,tt0085079,tt0080296,tt0081111"
nm0364759,Heath Harris,\N,\N,"miscellaneous,stunts,actor","tt0082432,tt0074385,tt0074466,tt0080310"
nm0334277,Ron Graham,1926,2020,"actor,archive_footage","tt0082432,tt0094481,tt0108800,tt0380106"
nm0630490,Gerda Nicolson,1937,1992,actress,"tt0082432,tt0077064,tt0073966,tt0166034"
nm0344188,Robert Grubb,1950,\N,"actor,archive_footage","tt0089530,tt0082432,tt0079596,tt0088519"
nm0571619,Tim McKenzie,\N,\N,actor,"tt0082432,tt0424880,tt0081949,tt0094591"
nm0827973,Frances Sternhagen,1930,2023,"actress,miscellaneous,soundtrack","tt0082869,tt0100157,tt0884328,tt0105217"
nm0548440,Kika Markham,1940,\N,"actress,archive_footage","tt0250468,tt0082869,tt0893402,tt0494192"
nm0676370,Clarke Peters,1952,\N,"actor,producer,writer","tt0306414,tt9777644,tt5027774,tt2911666"
nm0000925,Steven Berkoff,1937,\N,"actor,writer,director","tt0086034,tt0066921,tt0086960,tt1243957"
nm0001652,John Ratzenberger,1947,\N,"actor,director,producer","tt0083399,tt0114709,tt0317219,tt0910970"
nm0055715,Nicholas Barnes,1967,\N,"actor,archive_footage","tt0082869,tt0075476,tt0423667,tt0111011"
nm0715197,Manning Redwood,1929,2006,"actor,soundtrack,archive_footage","tt0090264,tt0082869,tt0083067,tt0086006"
nm0000959,Powers Boothe,1948,2017,"actor,soundtrack,archive_footage","tt0401792,tt0114576,tt0848228,tt0458481"
nm0911542,Fred Ward,1942,2022,"actor,producer,executive","tt0108122,tt0100814,tt0115857,tt0086197"
nm0780546,Franklyn Seales,1952,1990,"actor,soundtrack","tt0083111,tt0079945,tt0159876,tt0079668"
nm0809095,Lewis Smith,1956,\N,"actor,director,writer","tt0086856,tt0111756,tt0083111,tt1853728"
nm0486985,Les Lannom,1946,\N,"actor,stunts,soundtrack","tt0083111,tt0119887,tt0076993,tt0096098"
nm0001075,Peter Coyote,1941,\N,"actor,producer,writer","tt0104779,tt0281358,tt0120184,tt0129290"
nm0042641,Alan Autry,1952,\N,"actor,director,writer","tt0094484,tt0083111,tt0081353,tt0091223"
nm0001397,Brion James,1945,1999,"actor,producer,archive_footage","tt0083658,tt0119116,tt0108238,tt0099044"
nm0000267,Julie Andrews,1935,\N,"actress,writer,producer","tt0059742,tt0058331,tt0084865,tt0247638"
nm0001943,Marisa Berenson,1947,\N,"actress,soundtrack,archive_footage","tt0068327,tt0072684,tt1130984,tt0393403"
nm0001306,Larry Hagman,1931,2012,"actor,producer,director","tt0077000,tt0078346,tt0119942,tt0113987"
nm0005162,Robert Loggia,1930,2015,"actor,director,miscellaneous","tt0094737,tt0116629,tt0116922,tt0086250"
nm0546765,Stuart Margolin,1940,2022,"actor,director,writer","tt0071402,tt0071042,tt1764183,tt0065938"
nm0612321,Richard Mulligan,1932,2000,"actor,soundtrack,archive_footage","tt0075584,tt0065988,tt0094455,tt0095776"
nm0696481,Robert Preston,1918,1987,"actor,soundtrack,archive_footage","tt0056262,tt0084865,tt0087597,tt0083015"
nm0301887,Craig Stevens,1918,2000,"actor,soundtrack,archive_footage","tt0061739,tt0050294,tt0051301,tt0072515"
nm0842794,Loretta Swit,1937,\N,"actress,soundtrack,archive_footage","tt0068098,tt0085231,tt0092211,tt0083015"
nm0675110,Jane Perry,\N,\N,"actress,archive_sound","tt5776858,tt12496966,tt7939218,tt2995858"
nm0053443,Nigel Barber,\N,\N,"actor,producer,sound_department","tt8368294,tt13080774,tt2381249,tt4786824"
nm3582727,Noeleen Comiskey,\N,\N,"actress,miscellaneous","tt27618867,tt4471908,tt8400856,tt2402137"
nm1542545,Ezra Faroque Khan,\N,\N,actor,"tt1211837,tt13452446,tt0323633,tt3305308"
nm1017942,Kosha Engler,1977,\N,actress,"tt1877830,tt27494999,tt7671070,tt5137338"
nm1452724,Stuart Ashton,\N,\N,"cinematographer,camera_department","tt1509782,tt0287075,tt1802814"
nm3103544,Alexander Clay,\N,\N,actor,"tt5723416,tt3659786,tt2106552,tt10243780"
nm7668234,Louisa Hollway,\N,\N,actor,"tt5723416,tt15978152,tt7915650,tt9140392"
nm3624545,Wes Nike,\N,\N,"art_department,actor,art_director","tt4575328,tt1661275,tt18815410,tt4108134"
nm0000001,Fred Astaire,1899,1987,"actor,miscellaneous,producer","tt0072308,tt0050419,tt0053137,tt0027125"
nm0002048,Melvyn Douglas,1901,1981,"actor,soundtrack,archive_footage","tt0078841,tt0057163,tt0031725,tt0040613"
nm0001195,Douglas Fairbanks Jr.,1909,2000,"actor,producer,production_manager","tt0021079,tt0024962,tt0041363,tt0029442"
nm0913738,Craig Wasson,1954,\N,"actor,writer,composer","tt0093629,tt0086984,tt0082404,tt0104797"
nm0623658,Patricia Neal,1926,2010,"actress,soundtrack,archive_footage","tt0057163,tt0043456,tt0059309,tt0054698"
nm0000481,Alice Krige,1954,\N,"actress,producer,writer","tt0117731,tt9086228,tt0105428,tt1981115"
nm0111795,Jacqueline Brookes,1930,2013,"actress,archive_footage","tt0107034,tt0102510,tt0098273,tt0079437"
nm0010075,Jensen Ackles,1978,\N,"actor,producer,director","tt0460681,tt1179891,tt0829297,tt0058796"
nm0454809,Jaime King,1979,\N,"actress,producer,writer","tt1179891,tt0401792,tt0381707,tt0831887"
nm0005445,Kerr Smith,1972,\N,"actor,director,archive_footage","tt0195714,tt0118300,tt1179891,tt1442109"
nm2175732,Betsy Rue,\N,\N,"actress,producer,stunts","tt1179891,tt2417854,tt1151922,tt0408839"
nm1346230,Edi Gathegi,1979,\N,"actor,producer,director","tt5028002,tt6533972,tt7772588,tt5950044"
nm0001798,Kevin Tighe,1944,\N,"actor,director,stunts","tt0098206,tt0099044,tt0068067,tt0097637"
nm1443644,Megan Boone,1983,\N,"actor,actress,soundtrack","tt7949212,tt6704972,tt2741602,tt1657081"
nm2182505,Karen Baum,\N,\N,actress,"tt1179891,tt2091473,tt13365348,tt0862593"
nm3193079,Joy de la Paz,\N,\N,actress,"tt1179891,tt2091473"
nm0000931,Elizabeth Berridge,1962,\N,"actress,producer,archive_footage","tt0086879,tt0317648,tt0082427,tt0106039"
nm0141323,Shawn Carson,\N,\N,actor,"tt0082427,tt0086336,tt0083772,tt0267717"
nm0042415,Jeanne Austin,1940,2017,actress,"tt0082427,tt0284523"
nm0567524,Jack McDermott,1927,\N,actor,"tt0080736,tt0081974,tt0094890,tt0082427"
nm0940462,Largo Woodruff,1955,\N,"actress,archive_footage","tt0082427,tt0081554,tt0082208,tt0091370"
nm0152187,Miles Chapin,1954,\N,"actor,miscellaneous,archive_footage","tt0091225,tt0079261,tt0117318,tt0082427"
nm0141213,David Carson,\N,\N,actor,"tt0082427,tt0085276,tt0074455"
nm0957784,Sonia Zomina,1916,1985,actress,"tt0085398,tt0082427,tt0087817,tt0086759"
nm0605630,Ralph Morino,\N,\N,actor,"tt0082427,tt0166913,tt0080933,tt0086759"
nm0002078,Frederic Forrest,1936,2023,"actor,soundtrack,archive_footage","tt0078788,tt0071360,tt0106856,tt0096639"
nm0000414,Teri Garr,1947,\N,"actress,miscellaneous,soundtrack","tt0084805,tt0075860,tt0072431,tt0085970"
nm0000471,Raul Julia,1940,1994,"actor,soundtrack,archive_footage","tt0111301,tt0101272,tt0089424,tt0106220"
nm0000176,Nastassja Kinski,1961,\N,"actress,producer,soundtrack","tt0080009,tt0087884,tt0083722,tt0111400"
nm0443577,Lainie Kazan,1942,\N,"actress,producer,soundtrack","tt0259446,tt3760922,tt0299930,tt0960144"
nm0358272,Jeff Hamlin,\N,\N,"production_manager,miscellaneous,actor","tt0084445,tt0165042,tt0271792"
nm0178889,Italia Coppola,1912,2004,"actress,soundtrack","tt0084445,tt0018192"
nm0178874,Carmine Coppola,1910,1991,"composer,music_department,actor","tt0078788,tt0071562,tt0099674,tt0068646"
nm0000658,Meryl Streep,1949,\N,"actress,writer,producer","tt0089755,tt1322269,tt0084707,tt0458352"
nm0000460,Jeremy Irons,1948,\N,"actor,producer,director","tt0094964,tt0110357,tt2094766,tt2975590"
nm0574436,Hilton McRae,1949,\N,actor,"tt2935476,tt2884018,tt0089568,tt0082416"
nm0604640,Emily Morgan,\N,\N,actress,"tt0109831,tt0082416,tt0098117,tt0215407"
nm0593209,Charlotte Mitchell,1926,2012,"actress,writer,archive_footage","tt0066702,tt0068030,tt1729107,tt0272766"
nm0062785,Lynsey Baxter,1959,\N,"actress,director,writer","tt0082416,tt0159199,tt0086177,tt0110125"
nm0269029,Jean Faulds,1913,2000,actress,"tt0072570,tt0082416,tt5343840,tt1706613"
nm0420010,Colin Jeavons,1929,\N,"actor,archive_footage","tt0424464,tt0196252,tt1343011,tt0499612"
nm0809131,Liz Smith,1921,2016,"actress,archive_footage,archive_sound","tt0367594,tt0129711,tt0095304,tt0089838"
nm0001345,Jim Henson,1936,1990,"actor,writer,producer","tt0074028,tt0063951,tt0083791,tt0079588"
nm0000380,Robert Duvall,1931,\N,"actor,producer,director","tt0118632,tt0086423,tt1872194,tt0068646"
nm0281130,Ed Flanders,1934,1995,"actor,archive_footage","tt0083483,tt0099528,tt0081237,tt0209015"
nm0159258,Cyril Cusack,1910,1993,"actor,miscellaneous,archive_footage","tt0060390,tt0087803,tt0104231,tt0069947"
nm0339717,Rose Gregorio,1925,2023,actress,"tt4846232,tt0063663,tt0093029,tt0056752"
nm0000445,Dan Hedaya,1940,\N,"actor,soundtrack,archive_footage","tt0114814,tt0112697,tt0166924,tt0088944"
nm0885934,Gwen Van Dam,\N,\N,"actress,soundtrack,archive_footage","tt0111280,tt1126591,tt0081562,tt0077362"
nm0001215,Albert Finney,1936,2019,"actor,producer,director","tt0071877,tt0195685,tt0319061,tt0066344"
nm0001138,Susan Dey,1952,\N,"actress,producer,archive_footage","tt0065333,tt0090466,tt0069278,tt0082677"
nm0853375,Leigh Taylor-Young,1945,\N,"actress,archive_footage","tt0070723,tt0063115,tt0064087,tt0103512"
nm0002126,Dorian Harewood,1950,\N,"actor,soundtrack,archive_footage","tt0093058,tt0117705,tt0114576,tt0398712"
nm0744523,Tim Rossovich,1946,2018,"actor,stunts","tt0081859,tt0088559,tt0081071,tt0084967"
nm0382718,Darryl Hickman,1931,\N,"producer,actor,writer","tt0074958,tt0053363,tt0036022,tt0037865"
nm0936874,Kathryn Witt,1950,\N,"actress,producer","tt0107818,tt0077011,tt0086355,tt0082677"
nm0919957,Terri Welles,1956,\N,actress,"tt0106918,tt0082677,tt0112451,tt1392266"
nm0370186,Michael Hawkins,1928,2014,actor,"tt0056751,tt0053759,tt0054518,tt0162795"
nm0905993,Lindsay Wagner,1949,\N,"actress,producer,miscellaneous","tt0073965,tt0070509,tt0093853,tt0096931"
nm0001422,Persis Khambatta,1948,1998,"actress,producer,archive_footage","tt0079945,tt0088380,tt0093731,tt0084316"
nm0000442,Rutger Hauer,1944,2019,"actor,producer,director","tt1640459,tt0083658,tt0091209,tt0401792"
nm0860208,Hilarie Thompson,1949,\N,"actress,archive_footage","tt0082817,tt0077588,tt0064471,tt0076973"
nm0558732,Walter Mathews,1926,2012,"actor,archive_footage","tt0093550,tt0058390,tt0060034,tt0082817"
nm0212759,E. Brian Dean,\N,\N,actor,"tt0102266,tt0086460,tt0082817,tt0083006"
nm0057365,Benita Barrie,\N,2017,actress,tt0082163
nm0000928,Sandra Bernhard,1955,\N,"actress,writer,music_department","tt0085794,tt0102070,tt0138967,tt0120901"
nm0081698,Big Yank,\N,\N,actor,"tt0089941,tt0084602,tt0114339,tt0085409"
nm0137901,Don Carlson,1924,2003,actor,"tt0107492,tt0251529,tt0082163,tt0431822"
nm0145259,David Castle,\N,\N,"producer,actor,writer","tt0081748,tt2306463,tt0082163,tt0081158"
nm0150353,Jerry Chambers,\N,\N,actor,"tt0079154,tt0082806,tt0046593,tt0082163"
nm0157460,Jennifer Child,\N,\N,actress,"tt0088258,tt0082163"
nm0002094,Vittorio Gassman,1922,2000,"actor,writer,director","tt0117665,tt0056512,tt0049399,tt0072037"
nm0001417,Brian Keith,1921,1997,"actor,director,soundtrack","tt0055277,tt0096487,tt0073906,tt0062185"
nm0391096,Earl Holliman,1928,\N,"actor,archive_footage","tt0049223,tt0059740,tt0049261,tt0103399"
nm0143378,Bernie Casey,1939,2017,"actor,director,writer","tt0096928,tt0086006,tt0088000,tt0095348"
nm0798328,Henry Silva,1926,2022,"actor,archive_footage","tt0056218,tt0165798,tt0088936,tt0099422"
nm0001829,Rachel Ward,1957,\N,"actress,director,writer","tt0085101,tt0086859,tt0083064,tt0083798"
nm0736622,Seth Rogen,1982,\N,"producer,actor,writer","tt1245492,tt0829482,tt0910936,tt1700841"
nm0126284,Rose Byrne,1979,\N,"actress,producer,soundtrack","tt3079380,tt1591095,tt1478338,tt2004420"
nm5746224,Elise Vargas,\N,\N,actress,"tt2004420,tt1698641,tt4438848"
nm5746225,Zoey Vargas,\N,\N,actress,"tt2004420,tt1698641,tt4438848"
nm1111656,Brian Huskey,1968,\N,"actor,writer,miscellaneous","tt1759761,tt3593432,tt1561755,tt1325113"
nm0054697,Ike Barinholtz,1977,\N,"actor,producer,writer","tt1386697,tt1213644,tt2004420,tt2211129"
nm0303013,Carla Gallo,1975,\N,"actress,soundtrack,archive_footage","tt2004420,tt0829482,tt0800039,tt1226229"
nm1374980,Zac Efron,1987,\N,"actor,producer,soundtrack","tt0974661,tt0962726,tt2481498,tt0427327"
nm11860668,Dave Franco,\N,\N,actor,tt2815138
nm4296013,Halston Sage,1993,\N,"actress,producer,soundtrack","tt3622592,tt1691916,tt2004420,tt5691552"
nm0774537,Nell Schofield,1963,\N,"actress,director,cinematographer","tt0082956,tt2010934,tt0138476,tt0172455"
nm0135035,Jad Capelja,1964,2010,"actress,archive_footage","tt0082956,tt0083971,tt0086689"
nm0722564,Jeffrey Rhoe,1962,\N,actor,"tt0082956,tt0094481,tt0100596,tt0084616"
nm0400976,Tony Hughes,\N,\N,costume_department,"tt0109836,tt0120744,tt0117002,tt0104237"
nm0666986,Sandy Paul,\N,\N,actress,"tt0082956,tt0138817"
nm0107959,Leander Brett,\N,\N,actress,"tt0082956,tt0123656,tt0289827"
nm0352462,Jay Hackett,1961,\N,actor,"tt0082956,tt0094481,tt0087844,tt0123656"
nm0484593,Ned Lander,1956,\N,"producer,director,writer","tt6903214,tt3680410,tt2316561,tt0163169"
nm0647686,Joanne Olsen,\N,\N,actress,"tt0082956,tt0074077"
nm0575398,Julie Medana,\N,\N,actress,tt0082956
nm0533249,Stephen MacKenna,1944,\N,actor,"tt0078865,tt0082351,tt0111890,tt0068069"
nm0114441,Philip Martin Brown,1956,\N,"actor,archive_footage","tt0086993,tt1340800,tt0082351,tt0162661"
nm0625075,Kate Nelligan,1950,\N,"actress,archive_footage","tt0101912,tt0120873,tt0124315,tt0102713"
nm0147392,Christopher Cazenove,1943,2010,"actor,soundtrack,archive_footage","tt0183790,tt0098966,tt0081856,tt0082351"
nm0067620,George Belbin,1920,2008,actor,"tt0082351,tt0065851,tt0090499,tt0065009"
nm0111623,Faith Brook,1922,2012,"actress,archive_footage","tt0082351,tt0081809,tt0087980,tt0034928"
nm0334479,Barbara Graley,1930,2007,actress,"tt0082351,tt0058846,tt0045481,tt0153099"
nm0497304,George Lee,1939,2006,actor,"tt0129290,tt0104409,tt0107889,tt0168344"
nm0522467,Arthur Lovegrove,1913,1981,"actor,writer","tt0082351,tt0042724,tt0054518,tt0085066"
nm0893204,Diane Venora,1952,\N,"actress,producer,archive_footage","tt0113277,tt0119395,tt0117509,tt0094747"
nm0001579,Edward James Olmos,1947,\N,"actor,producer,director","tt0407362,tt0120094,tt0094027,tt0083658"
nm0002138,Gregory Hines,1946,2003,"actor,miscellaneous,director","tt0082517,tt0091875,tt0110971,tt0157246"
nm0006888,Tom Noonan,1951,\N,"actor,writer,director","tt0383028,tt0100502,tt1172994,tt0091474"
nm0642143,Dick O'Neill,1928,1998,"actor,soundtrack,archive_footage","tt0079367,tt0072251,tt0071524,tt0083336"
nm0078046,Dehl Berti,1921,1991,"actor,writer,archive_sound","tt0083336,tt0090779,tt0089348,tt0092327"
nm0324533,Peter Michael Goetz,1941,\N,actor,"tt0113041,tt0091306,tt0102492,tt0097441"
nm0336935,Sam Gray,1923,2010,actor,"tt0083336,tt0120533,tt0109493,tt0098844"
nm0068466,Ralph Bell,1915,1998,"actor,archive_sound","tt0086637,tt0083336,tt0041061,tt0048860"
nm0728779,Kristen Riter,\N,\N,"actress,archive_footage",tt0083133
nm0325999,Matthew Goldsby,\N,\N,actor,"tt0083133,tt0083967,tt15857312"
act_fc50242f,Richard Brando,,,,
nm0282551,Joe Flood,\N,\N,actor,"tt0090264,tt0110622,tt0083133,tt0805661"
nm0847824,Joe Talarowski,1930,1999,actor,"tt0083133,tt0080269"
nm0917114,Mimi Weddell,1915,2009,actress,"tt0083133,tt0155267,tt0089853,tt0386588"
nm0414351,Carl Jacobs,1916,2008,actor,tt0083133
nm0178296,Peggy Cooper,1931,\N,actress,tt0083133
nm0641734,Janice E. O'Malley,1938,2016,actress,"tt0083133,tt0067328"
nm0543432,Kevin Mannis,\N,\N,"actor,producer,cinematographer","tt0431021,tt0083133,tt1808577,tt1078290"
nm0001583,Jerry Orbach,1935,2004,"actor,soundtrack,archive_footage","tt0098844,tt0101414,tt0092890,tt0097123"
nm0286561,Richard Foronjy,1937,\N,"actor,archive_footage","tt0087995,tt0095631,tt0070666,tt0097428"
nm0082400,Don Billett,1935,\N,"actor,archive_footage","tt0081283,tt0071054,tt0073133,tt0071042"
nm1222818,Kenny Marino,1943,2010,"actor,archive_footage","tt0089003,tt0093042,tt0086877,tt0087229"
nm0137142,Carmine Caridi,1934,2019,"actor,soundtrack,archive_footage","tt0071562,tt0099674,tt0091541,tt0101516"
nm0656367,Tony Page,1939,1984,actor,"tt0066156,tt0100101,tt0082945,tt28817436"
nm0006559,Norman Parker,\N,\N,"actor,archive_footage","tt0082945,tt0099165,tt0083413,tt0087555"
nm0736259,Paul Roebling,1934,1994,"actor,producer,archive_footage","tt0085255,tt0082945,tt0069393,tt0212362"
nm0151654,Chang Chen,1976,\N,"actor,producer,archive_footage","tt0190332,tt0425637,tt0101985,tt13598976"
nm0284608,Feng Tien,1928,2015,"actor,director,assistant_director","tt0068767,tt0070800,tt0092263,tt0185174"
nm1741757,Chun-Luk Chan,\N,\N,actress,"tt0369060,tt15165236,tt0343663,tt0439890"
nm10700079,Jianjun Zhou,\N,\N,script_department,tt5782090
nm1742464,Wing Tong Sheung,\N,\N,actor,"tt15165236,tt0343663"
nm1745524,Kim Tak Wong,\N,\N,actor,"tt15165236,tt0343663"
nm1745488,Siu Man Ting,\N,\N,actor,"tt15165236,tt0343663"
nm1742636,Lai Fu Yim,\N,\N,actor,"tt15165236,tt0343663"
nm1742465,Cheng You Shin,\N,\N,actor,"tt15165236,tt0343663"
nm1745463,Wing-Kong Siu,\N,\N,"actor,production_manager","tt0100444,tt15165236,tt0343663"
nm0323344,Carlin Glynn,1940,2023,"actress,editorial_department,producer","tt0088128,tt0073802,tt0101238,tt0112182"
nm0043088,Val Avery,1924,2009,"actor,miscellaneous","tt0054047,tt0078767,tt0090859,tt0080117"
nm0751290,Liam Russell,\N,\N,actor,"tt0082200,tt0099601,tt0078919"
nm0808192,Everett Smith,\N,\N,"actor,camera_department,stunts",\N
nm0376347,Bill Henderson,1926,2016,"actor,soundtrack,archive_footage","tt0088930,tt0101587,tt0086856,tt0110478"
nm0418589,Bruce Jarchow,1948,\N,"actor,archive_footage","tt0099653,tt0114069,tt0094737,tt0096061"
nm0029268,Frédéric Andréi,1959,\N,"actor,director,writer","tt0082269,tt1073671,tt0091723,tt4649482"
nm0078109,Roland Bertin,1930,2024,actor,"tt0099334,tt0100112,tt0082269,tt0068959"
nm0092184,Richard Bohringer,1942,\N,"actor,writer,director","tt0097108,tt0363494,tt0086852,tt0082269"
nm0201462,Gérard Darmon,1948,\N,"actor,writer,camera_department","tt0250223,tt0090563,tt0281820,tt7933484"
nm0220650,Chantal Deruaz,\N,\N,actress,"tt0082269,tt0084589,tt0101152,tt0084562"
nm0264429,Jacques Fabbri,1925,1997,"actor,miscellaneous,writer","tt0082269,tt0275822,tt0046086,tt0044544"
nm0282505,Patrick Floersheim,1944,2016,"actor,archive_footage","tt0095174,tt0082269,tt0096741,tt0120404"
nm0527625,An Luu,\N,\N,actress,tt0101747
nm0603398,Jean-Jacques Moreau,1947,\N,"actor,writer,archive_footage","tt0272982,tt0279581,tt0082269,tt0069747"
nm0684500,Dominique Pinon,1955,\N,"actor,music_department,soundtrack","tt0101700,tt0118583,tt0211915,tt0112682"
nm0362766,Tom Hardy,1977,\N,"actor,producer,writer","tt1375666,tt1345836,tt2692904,tt1392190"
nm0931329,Michelle Williams,1980,\N,"actress,producer,music_department","tt1655420,tt1120985,tt4034228,tt1592281"
nm1981893,Riz Ahmed,1982,\N,"actor,producer,writer","tt5363618,tt3748528,tt2872718,tt1341167"
nm2020278,Scott Haze,1980,\N,"actor,director,producer","tt1951095,tt8041270,tt12731980,tt1270797"
nm1169428,Reid Scott,1977,\N,"actor,writer,producer","tt1759761,tt1515193,tt0496356,tt3914332"
nm2809577,Jenny Slate,1982,\N,"actress,writer,producer","tt2910274,tt15339456,tt2948356,tt2709768"
nm0001828,Melora Walters,1960,\N,"actress,director,writer","tt0175880,tt0118749,tt0097165,tt0289879"
nm0000437,Woody Harrelson,1961,\N,"actor,producer,director","tt2356777,tt0117318,tt0110632,tt5027774"
nm0000799,Edward Asner,1929,2021,"actor,producer,miscellaneous","tt1049413,tt0065314,tt0319343,tt0102138"
nm0906261,Ken Wahl,1954,\N,"actor,producer,writer","tt0092484,tt0080117,tt0091121,tt0105526"
nm0000732,Danny Aiello,1933,2019,"actor,producer,writer","tt0097216,tt0110413,tt0093565,tt0102070"
nm0001797,Rachel Ticotin,1958,\N,"actress,miscellaneous,archive_footage","tt0100802,tt0118880,tt0106856,tt0406759"
nm0000427,Pam Grier,1949,\N,"actress,writer,soundtrack","tt0119396,tt0228333,tt0069897,tt0071517"
nm0000898,Kathleen Beller,1956,\N,"actress,archive_footage","tt0071562,tt0081856,tt0084749,tt0077952"
nm0333026,Tito Goya,1951,1985,actor,"tt0074860,tt0078754,tt0081230,tt0086759"
nm0684102,Miguel Pinero,1946,1988,"actor,writer,production_manager","tt0086759,tt0081635,tt0076706,tt0085276"
nm0856708,Lauren Tewes,1953,\N,"actress,soundtrack,archive_footage","tt0075529,tt0164974,tt0112887,tt0073972"
nm0000492,Jennifer Jason Leigh,1962,\N,"actress,producer,writer","tt3460252,tt0105414,tt0108122,tt0109642"
nm0228277,John DiSanti,1938,\N,actor,"tt0092494,tt0120004,tt0081974,tt0086356"
nm0243397,Peter DuPre,\N,\N,actor,"tt0082213,tt0082352,tt0462475,tt0081873"
nm0507244,Gwen Lewis,1888,1966,actress,"tt0055271,tt0047179,tt0048882,tt0407426"
nm0526755,Kitty Lunn,\N,\N,actress,"tt0082352,tt0085049,tt0048845,tt6324330"
nm0370235,Timothy Hawkins,\N,\N,actor,"tt0081974,tt0086325,tt0082352"
nm0724925,Ted Richert,1932,2022,actor,"tt0080736,tt1824929,tt0082910,tt0082352"
nm0185619,Toni Crabtree,\N,\N,"actress,art_director","tt0095882,tt0076111,tt0086759,tt0082352"
nm0806427,Robert Small,\N,\N,actor,"tt1000771,tt1095174,tt0091059,tt0120701"
nm0001313,George Hamilton,1939,\N,"actor,producer,soundtrack","tt0083366,tt0079489,tt0099674,tt0278823"
nm0882853,Brenda Vaccaro,1939,\N,"actress,camera_department,archive_footage","tt0064665,tt0077294,tt0088206,tt0083366"
nm0500038,Ron Leibman,1937,2019,"actor,writer,soundtrack","tt0333766,tt0083366,tt0077034,tt0298744"
nm0122689,Helen Burns,1916,2018,actress,"tt0080516,tt0084117,tt0108915,tt0083366"
nm0720890,Clive Revill,1930,\N,"actor,miscellaneous,soundtrack","tt0068240,tt0066249,tt0092106,tt0080684"
nm0786809,Carolyn Seymour,1947,\N,"actress,soundtrack,archive_footage","tt0119707,tt0112715,tt0069198,tt0085970"
nm0000781,Eve Arden,1908,1990,"actress,soundtrack,archive_footage","tt0044287,tt0037913,tt0077631,tt0052561"
nm0232817,Robert Donner,1931,2006,"actor,soundtrack,archive_footage","tt0068699,tt0061619,tt0067927,tt0077053"
nm0000863,Billy Barty,1924,2000,"actor,director,miscellaneous","tt0093507,tt0096446,tt0089469,tt0083254"
nm0538683,Mako,1933,2006,"actor,production_designer,soundtrack","tt0082198,tt0213149,tt0120102,tt0087078"
nm0035060,Adam Arkin,1956,\N,"actor,director,producer","tt5761496,tt1019452,tt1124373,tt1489428"
nm0001719,George Segal,1934,2021,"actor,producer,soundtrack","tt0061184,tt1190080,tt0097778,tt0066195"
nm0756634,Susan Saint James,1946,\N,"actress,soundtrack,archive_footage","tt0066685,tt0079489,tt0062591,tt0086742"
nm0912001,Jack Warden,1920,2006,"actor,soundtrack,archive_footage","tt0078718,tt0050083,tt0114924,tt0074119"
nm0552189,Dick Martin,1922,2008,"director,actor,producer","tt0062601,tt0060463,tt0103372,tt0064627"
nm0000243,Denzel Washington,1954,\N,"actor,producer,director","tt2671706,tt1037705,tt0139654,tt0168786"
nm0934902,Paul Winfield,1939,2004,"actor,miscellaneous,soundtrack","tt0084726,tt0088247,tt0116996,tt0096071"
nm0564782,Macon McCalman,1932,2005,actor,"tt0076729,tt0101921,tt0068473,tt0109446"
nm0206290,Vicky Dawson,1961,\N,"actress,producer,production_manager","tt13223248,tt6560320,tt7120010,tt0082951"
nm0046373,Parley Baer,1914,2002,"actor,soundtrack,archive_footage","tt0095519,tt0054873,tt0106673,tt0057897"
nm0917136,Vernon Weddle,1935,\N,actor,"tt0091949,tt0079638,tt0081930,tt0077000"
nm0005499,Lily Tomlin,1939,\N,"actress,producer,writer","tt0073440,tt4270516,tt0086873,tt0080319"
nm0002099,Henry Gibson,1935,2009,"actor,soundtrack,archive_footage","tt0073440,tt0080455,tt0175880,tt0093260"
nm0933361,Elizabeth Wilson,1921,2015,"actress,archive_footage","tt0061722,tt0080319,tt0101272,tt0110932"
nm0087578,Mark Blankfield,1950,\N,"actor,writer,soundtrack","tt0107977,tt0112896,tt0090525,tt0084171"
nm0809220,Maria Smith,1947,\N,actress,"tt0071772,tt0075679,tt0082558,tt0069599"
nm0426286,Sunny Johnson,\N,\N,camera_department,"tt0268695,tt0106918,tt0293815,tt0106965"
nm0835144,Don Stroud,1943,\N,"actor,producer,archive_footage","tt0097742,tt1853728,tt0078767,tt0077280"
nm0811405,Arlen Dean Snyder,1933,\N,"actor,archive_footage","tt0091187,tt0062595,tt0077000,tt0119693"
nm0574004,Lulu McNichol,\N,\N,actress,tt0082816
nm0164455,Royce Clark,1937,2003,actor,"tt0090968,tt0085803,tt0078376,tt0095975"
nm0750739,Elijah Perry,\N,\N,"actor,stunts,miscellaneous","tt0082378,tt0087796,tt0071854,tt0207374"
nm0001749,Maggie Smith,1934,\N,"actress,soundtrack,archive_footage","tt0280707,tt0091867,tt3722070,tt1412386"
nm0183822,Tom Courtenay,1937,\N,"actor,soundtrack,archive_footage","tt3544082,tt0059113,tt0056194,tt1441951"
nm0175262,Billy Connolly,1942,\N,"actor,writer,composer","tt1217209,tt0144117,tt0119280,tt0443701"
nm0172604,Pauline Collins,1940,\N,"actress,soundtrack,archive_footage","tt0098319,tt1441951,tt1182350,tt0066722"
nm0002091,Michael Gambon,1940,2023,"actor,music_department,soundtrack","tt0280707,tt0417741,tt0097108,tt1504320"
nm0809956,Sheridan Smith,1981,\N,"actress,producer,music_department","tt3568088,tt0278251,tt0443390,tt1435513"
nm0755132,Andrew Sachs,1974,\N,"producer,cinematographer,camera_department","tt14865290,tt13472984,tt23731554,tt7909092"
nm0428186,Gwyneth Jones,1936,\N,"actress,soundtrack,archive_footage","tt1441951,tt0253591,tt0218232,tt2145944"
nm0668807,Trevor Peacock,1931,2021,"actor,writer,music_department","tt0486583,tt0115288,tt0108388,tt0076990"
nm0752379,David Ryall,1935,2014,"actor,soundtrack,archive_footage","tt0327437,tt1971325,tt0970411,tt0926084"
nm0313387,Christopher George,1931,1983,"actor,archive_footage","tt0061619,tt0060018,tt0082467,tt0065547"
nm0533378,Patch Mackenzie,\N,\N,"actress,manager,producer","tt0081485,tt0106488,tt0083936,tt0092488"
nm0614228,E. Danny Murphy,\N,\N,actor,"tt0082467,tt0402399,tt0112039,tt0083470"
nm0668855,E.J. Peaker,1940,\N,"actress,producer,soundtrack","tt0064418,tt0082467,tt0286181,tt0071054"
nm0329029,Michael Pataki,1938,2010,"actor,director,producer","tt0089927,tt0095271,tt0064276,tt0082467"
nm0050250,Richard Balin,1940,\N,"actor,director,writer","tt0082467,tt1419102,tt1419077,tt0215557"
nm0034492,Carmen Argenziano,1943,2019,"actor,producer,archive_footage","tt0309698,tt0094608,tt0115759,tt0181316"
nm0228765,Beverly Dixon,\N,\N,actress,"tt0082467,tt0069599,tt0077053,tt0088139"
nm0296901,Virgil Frye,1930,2012,"actor,make_up_department,producer","tt0064276,tt0094894,tt0074228,tt0082467"
nm0092564,Hal Bokar,1928,1990,actor,"tt0082467,tt0095484,tt0096684,tt0061189"
nm0001091,Patti D'Arbanville,1951,\N,"actress,soundtrack,archive_footage","tt1126618,tt0082763,tt0116277,tt0197182"
nm0141846,Nell Carter,1948,2003,"actress,soundtrack,archive_footage","tt0081869,tt0082763,tt0079261,tt0113211"
nm0236519,Brian Doyle-Murray,1945,\N,"actor,writer,music_department","tt0080487,tt0102138,tt0107048,tt0105793"
nm0470656,Mitch Kreindel,1944,\N,"actor,miscellaneous","tt0078841,tt0107889,tt0106664,tt0106452"
nm0783334,Arthur Sellers,1945,\N,"writer,actor,miscellaneous","tt0159103,tt0092402,tt0108758,tt0082763"
nm0374864,Sandy Helberg,1949,\N,"actor,writer,producer","tt0094012,tt0113855,tt0462519,tt0080881"
nm0860541,Neil Thompson,1948,\N,"actor,script_department","tt0076257,tt0068098,tt0065317,tt0082763"
nm0000188,Steve Martin,1945,\N,"writer,actor,producer","tt0093886,tt0079367,tt0102250,tt0383216"
nm0001613,Bernadette Peters,1948,\N,"actress,soundtrack,archive_footage","tt0079367,tt0082894,tt0118617,tt0176357"
nm0046770,Vernel Bagneris,1949,\N,"actor,miscellaneous,soundtrack","tt0090967,tt0350258,tt3799694,tt0082894"
nm0439482,John Karlen,1933,2020,"actor,soundtrack,archive_footage","tt0083395,tt0059978,tt0065856,tt0108258"
nm0307717,Jay Garner,1929,2011,actor,"tt0082894,tt0084049,tt0078579,tt0070694"
nm0280023,Robert Fitch,1934,\N,"actor,art_department,camera_department","tt0986263,tt0117894,tt0072559,tt0040048"
nm0707720,Tommy Rall,1929,2020,"actor,miscellaneous,soundtrack","tt0047472,tt0045963,tt0049933,tt0048401"
nm0472786,Eliska Krupka,\N,\N,actress,"tt0092820,tt0082894"
nm0860658,Ron Thompson,1941,\N,actor,"tt0082009,tt0083395,tt0104073,tt4196364"
nm0806500,Mews Small,1942,\N,"actress,writer,producer","tt0073486,tt0070707,tt0125664,tt0176357"
nm0390723,Jerry Holland,\N,\N,actor,"tt0072251,tt0082009,tt0072536,tt0076342"
nm0675484,Lisa Jane Persky,1955,\N,"actress,miscellaneous","tt0091738,tt0106598,tt0092654,tt0098635"
nm0513578,Jeffrey Lippa,1951,\N,"actor,location_management","tt0094961,tt0082009,tt0086765,tt0073955"
nm0446840,Roz Kelly,1943,\N,"actress,archive_footage","tt0082806,tt0070992,tt0075900,tt0075484"
nm0215308,Frank DeKova,1910,1981,"actor,archive_footage","tt0049833,tt0058800,tt0068931,tt0055992"
nm0802029,Rick Singer,\N,\N,"producer,miscellaneous,writer","tt0115376,tt5500158,tt3288518,tt0112066"
nm0712341,Elsa Raven,1929,2020,"actress,miscellaneous","tt0088763,tt0078767,tt0120338,tt0086491"
nm0445719,Klinton Spilsbury,1950,\N,"actor,archive_footage","tt0082648,tt0075528,tt0078339"
nm0395398,Michael Horse,1949,\N,"actor,miscellaneous,writer","tt0098936,tt0082648,tt0106087,tt0105104"
nm0000502,Christopher Lloyd,1938,\N,"actor,producer,soundtrack","tt0088763,tt0096438,tt0101272,tt0106220"
nm0165536,Juanin Clay,1949,1995,"actress,archive_footage","tt0086567,tt0048860,tt0082648,tt0088594"
nm0675134,John Bennett Perry,1941,\N,"actor,soundtrack","tt0119190,tt0116629,tt0119141,tt0082648"
nm0371730,David Hayward,\N,\N,composer,tt0065044
nm0366359,John Hart,1917,2009,"actor,sound_department,producer","tt0066221,tt0178352,tt0039505,tt0081871"
nm0001153,Lesley-Anne Down,1954,\N,"actress,writer,soundtrack","tt0088583,tt0092325,tt0075066,tt0079240"
nm0740067,Maurice Ronet,1927,1983,"actor,writer,director","tt0051378,tt0057058,tt0054189,tt0064816"
nm0072578,Martin Benson,1918,2010,"actor,writer,archive_footage","tt0075005,tt0049408,tt0058150,tt0074896"
nm0768022,Nadim Sawalha,1933,\N,actor,"tt0093428,tt1017428,tt0762121,tt0118661"
nm0501384,Tutte Lemkow,1918,1991,"actor,miscellaneous,writer","tt0082971,tt0067093,tt0073312,tt0054953"
nm0006762,Saeed Jaffrey,1929,2015,"actor,miscellaneous,archive_footage","tt0073341,tt0091578,tt0087892,tt0076696"
nm0366389,Kevin Hart,1979,\N,"producer,writer,actor","tt1408253,tt1489889,tt1661382,tt2709768"
nm1840504,Tiffany Haddish,1979,\N,"actress,producer,writer","tt3564472,tt7545266,tt6781982,tt4139124"
nm1443527,Rob Riggle,1970,\N,"actor,writer,producer","tt0115147,tt1119646,tt1232829,tt2096672"
nm0539082,Romany Malco,1968,\N,"actor,director,writer","tt0439100,tt0405422,tt1621045,tt1204975"
nm0453115,Taran Killam,1982,\N,"actor,writer,producer","tt5689068,tt0072562,tt2024544,tt4000956"
nm0248461,Megalyn Echikunwoke,1983,\N,"actress,producer,director","tt6781982,tt6107548,tt1797404,tt1667307"
nm1371339,Al Madrigal,1971,\N,"actor,producer,writer","tt6781982,tt11828492,tt8544498,tt14852960"
nm0707476,Mary Lynn Rajskub,1971,\N,"actress,writer,producer","tt0285331,tt0272338,tt0408345,tt1862079"
nm0202966,Keith David,1956,\N,"actor,producer,composer","tt0780521,tt0096256,tt0084787,tt0120591"
nm3453476,Anne Winters,1994,\N,"actress,producer,soundtrack","tt1837492,tt6781982,tt7487358,tt5462326"
nm0745780,Richard Roundtree,1942,2023,"actor,soundtrack,archive_footage","tt0067741,tt0811080,tt0393109,tt0119190"
nm0178232,Maggie Cooper,1955,2016,actress,"tt0081858,tt0082350,tt0078774,tt0086662"
nm0001034,Rosalind Chao,1957,\N,"actress,soundtrack,archive_footage","tt4566758,tt0425123,tt0322330,tt0120889"
nm0849048,Professor Toru Tanaka,1930,2000,actor,"tt0107362,tt0089791,tt0093894,tt0099365"
nm0659573,Stuart Pankin,1946,\N,"actor,writer,soundtrack","tt0112715,tt0099052,tt0093010,tt0085065"
nm0435218,Terry Kiser,1939,\N,"actor,director,stunts","tt0095179,tt0098627,tt0084690,tt0106057"
nm0883639,Daniel Valdez,1949,\N,"actor,composer,music_department","tt0093378,tt0078966,tt0083365,tt0159876"
nm0014493,Charles Aidman,1925,1993,"actor,writer,director","tt0062827,tt0093260,tt2393975,tt0070533"
nm0002033,Tyne Daly,1946,\N,"actress,writer,soundtrack","tt0209069,tt2250912,tt0083395,tt0074483"
nm0026930,John Anderson,1922,1992,"actor,assistant_director,soundtrack","tt0054215,tt0095082,tt0059678,tt0056412"
nm0290496,Abel Franco,1922,2000,actor,"tt0092086,tt0086793,tt0069646,tt0087231"
nm0327059,Mike Gomez,1951,\N,"actor,miscellaneous,sound_department","tt0091187,tt0118715,tt3315342,tt13320622"
nm0554976,Alma Martinez,1953,\N,"actress,sound_department,miscellaneous","tt2975590,tt2708480,tt5577494,tt4419214"
nm0565133,Francis X. McCarthy,1942,\N,"actor,writer,archive_footage","tt0085894,tt0131857,tt0816692,tt0094072"
nm0000298,Candice Bergen,1946,\N,"actress,producer,soundtrack","tt0212346,tt0901476,tt0256415,tt0094514"
nm0000952,Hart Bochner,1956,\N,"actor,director,writer","tt0095016,tt0106364,tt0088206,tt0078902"
nm0000212,Meg Ryan,1961,\N,"actress,producer,director","tt0098635,tt0128853,tt0108160,tt0120632"
nm0490402,Matt Lattanzi,1959,\N,"actor,soundtrack,archive_footage","tt0093886,tt0081777,tt0084021,tt0097029"
nm0267066,Daniel Faraldo,1949,\N,"actor,writer,producer","tt5715524,tt7350790,tt4364202,tt10101806"
nm0001176,Nicole Eggert,1972,\N,"actress,producer,archive_footage","tt0086681,tt0103843,tt0096542,tt0086827"
nm0549557,Joe Maross,1923,2009,"actor,archive_footage","tt0067774,tt0060036,tt0077000,tt0039123"
nm0000493,Jack Lemmon,1925,2001,"actor,producer,director","tt0053604,tt0104348,tt0053291,tt0078966"
nm0000527,Walter Matthau,1920,2000,"actor,director,producer","tt0063374,tt0072251,tt0060424,tt0069865"
nm0696038,Paula Prentiss,1938,\N,"actress,soundtrack,archive_footage","tt0054469,tt0073747,tt0071970,tt0082111"
nm0001428,Klaus Kinski,1926,1991,"actor,writer,miscellaneous","tt0079641,tt0068182,tt0083946,tt0059578"
nm0258117,Michael Ensign,1944,\N,"actor,archive_footage,archive_sound","tt0086567,tt0087332,tt0120338,tt0084503"
nm0790064,Joan Shawlee,1926,1987,"actress,soundtrack,archive_footage","tt0053291,tt0053604,tt0043142,tt0072973"
nm0286426,Fil Formicola,1946,\N,actor,"tt0088161,tt0390185,tt0086734,tt0073972"
nm0402368,C.J. Hunt,1954,\N,actor,\N
nm0001807,Cicely Tyson,1924,2021,"actress,producer,soundtrack","tt1454029,tt0422093,tt0101921,tt0069303"
nm0709337,Angel Ramirez Jr.,\N,\N,"actor,cinematographer","tt0097216,tt0082121,tt0477736,tt0092969"
nm0400691,Jimmy Hughes,\N,\N,actor,tt0082121
nm0216736,Edwin DeLeon,\N,\N,actor,tt0082121
nm0455929,Edwin Kinter,\N,\N,actor,tt0082121
nm0524536,Tami Luchow,1970,\N,actress,tt0082121
nm0939131,Janet Wong,\N,\N,actress,"tt0188510,tt0188511,tt0082121,tt3355976"
nm0018245,Alphonso Alexander,\N,\N,actor,"tt0082121,tt2047146"
nm0178195,Kia Cooper,\N,\N,actress,tt0082121
nm0002130,Kathryn Harrold,1950,\N,"actress,archive_footage","tt0091828,tt0084931,tt0082764,tt0395843"
nm0575187,Tyann Means,\N,\N,"stunts,actress","tt0093780,tt0095348,tt0082764,tt0084945"
nm0151413,Karen Chandler,\N,\N,actress,tt0082764
nm0466728,Dennis Kort,1952,\N,actor,"tt0086896,tt0068098,tt0076489,tt0074875"
nm0251872,Bob Einstein,1942,2019,"writer,actor,producer","tt0092456,tt0080200,tt0264235,tt1442475"
nm0270727,Virginia Feingold,\N,\N,"actress,miscellaneous","tt0082764,tt0074042,tt0079304,tt0082527"
nm0077157,Thelma Leeds,1910,2006,"actress,soundtrack,archive_footage","tt0029303,tt0029675,tt0082764,tt0079781"
nm0563039,Melanie Mayron,1952,\N,"director,actress,producer","tt0092492,tt0077613,tt5322168,tt0071598"
nm0795711,Richard B. Shull,1929,1999,"actor,writer,soundtrack","tt0088161,tt0104452,tt0067309,tt0087313"
nm0588241,Dick Miller,1928,2019,"actor,writer,director","tt0088247,tt0096734,tt0114608,tt0087363"
nm0001862,Mary Woronov,1943,\N,"actress,writer,director","tt0083869,tt0072856,tt0087799,tt0079813"
nm0607184,Jennifer Morrison,\N,\N,costume_department,"tt0111742,tt0112346,tt0117247,tt0112462"
nm2443758,Nicola Peltz Beckham,1995,\N,"actress,director,writer","tt14375666,tt14675860,tt8815382,tt0972544"
nm5988570,Chiara Aurelia,2002,\N,"actress,soundtrack","tt4595186,tt11083696,tt7177890,tt3748172"
nm6442629,Hala Finley,2009,\N,actress,"tt10600398,tt7469828,tt0972544,tt8080204"
nm0518547,June Carryl,1967,\N,"actress,writer,director","tt10266874,tt5290382,tt1586680,tt8064302"
nm0000496,Juliette Lewis,1973,\N,"actress,director,producer","tt0110632,tt0101540,tt1322269,tt0116367"
nm0519486,Robert Longstreet,1962,\N,"actor,producer,editor","tt5688932,tt5710514,tt6763664,tt15567174"
nm0691131,Jeff Pope,\N,\N,"producer,writer,editor","tt2431286,tt3385524,tt13421498,tt2186101"
nm0859772,Tim Thomerson,1946,\N,"actor,producer,miscellaneous","tt0093605,tt0086508,tt0090192,tt0090274"
nm0000734,Eddie Albert,1908,2005,"actor,producer,writer","tt0046250,tt0058808,tt0068687,tt0056197"
nm0587340,Penelope Milford,1948,\N,"actress,archive_footage","tt0097493,tt0077362,tt0076868,tt0071806"
nm0723615,Charlie Rich,1932,1995,"actor,soundtrack,archive_footage","tt2305051,tt1340800,tt0106918,tt0077523"
nm0019892,David Allan Coe,1939,\N,"actor,composer,soundtrack","tt0114682,tt0086066,tt3063516,tt0415306"
nm0000616,Eric Roberts,1956,\N,"actor,producer,soundtrack","tt0089941,tt1791528,tt0468569,tt1320253"
nm0001731,Sam Shepard,1943,2017,"actor,writer,director","tt1322269,tt0265086,tt1935179,tt0086197"
nm0910145,Tracey Walter,1947,\N,"actor,soundtrack,archive_footage","tt0087995,tt0096895,tt0087078,tt0101587"
nm0001794,Henry Thomas,1971,\N,"actor,producer,composer","tt0083866,tt0331811,tt0110322,tt0217505"
nm0391178,Carey Hollis Jr.,1974,\N,actor,tt0082969
nm0312239,Ed Geldart,1925,2002,"actor,art_department,special_effects","tt0100502,tt0095647,tt0128445,tt0107808"
nm0862174,Bill Thurman,1920,1995,"actor,camera_department","tt0090022,tt0067328,tt0075860,tt0074080"
nm0001023,John Cassavetes,1929,1989,"actor,director,writer","tt0063522,tt0087644,tt0072417,tt0079672"
nm0001441,Christine Lahti,1950,\N,"actress,director,soundtrack","tt0108724,tt0096018,tt0410997,tt0078718"
nm0141960,Thomas Carter,\N,\N,actor,"tt0073165,tt7700036"
nm0648479,Alba Oms,\N,\N,actress,"tt0106673,tt0080716,tt0203259,tt0116379"
nm0251733,Janet Eilber,1951,\N,actress,"tt0120751,tt0115963,tt0096542,tt0083326"
nm0342852,Kathryn Grody,1946,\N,"actress,producer","tt0081207,tt0100003,tt0107413,tt0125602"
nm0001262,Ben Gazzara,1930,2012,"actor,director,writer","tt0098206,tt0118715,tt0052561,tt0074749"
nm0001536,Toshirô Mifune,1920,1997,"actor,producer,director","tt0055630,tt0047478,tt0057565,tt0050613"
nm0418148,David Janssen,1931,1980,"actor,sound_department,miscellaneous","tt0063035,tt0055048,tt0056757,tt0063599"
nm0938860,Won Namkung,1934,2024,actor,"tt0220695,tt0349831,tt0391936,tt0424844"
nm0275213,Gabriele Ferzetti,1925,2015,"actor,miscellaneous,archive_footage","tt0064116,tt0053619,tt0064757,tt0071910"
nm0715643,Rex Reed,1938,\N,"actor,writer,soundtrack","tt0078346,tt0066115,tt0087482,tt0072074"
nm0754744,Sabine Sun,1933,2014,actress,"tt0061116,tt0061646,tt0066970,tt0085755"
nm0000659,Barbra Streisand,1942,\N,"music_artist,actress,producer","tt0086619,tt0062994,tt0117057,tt0070903"
nm0002663,Diane Ladd,1935,\N,"actress,producer,director","tt0100935,tt0071115,tt2446980,tt0071315"
nm0004878,Kevin Dobson,1943,2020,"actor,director,archive_footage","tt0078638,tt0069599,tt0450385,tt0074899"
nm0233352,Ann Doran,1911,2000,"actress,miscellaneous,soundtrack","tt0048545,tt0030993,tt0031614,tt0051786"
nm0634278,James Nolan,1915,1985,"actor,soundtrack,archive_footage","tt0066999,tt0065377,tt0041152,tt0040744"
nm0449742,Judy Kerr,\N,\N,"miscellaneous,actress,producer","tt0083717,tt0094321,tt0093185,tt0095583"
nm0309598,Marlyn Gates,\N,\N,actress,"tt0082001,tt0080936"
nm0322339,Paul Gleason,1939,2006,"actor,producer,archive_footage","tt0088847,tt0277371,tt0086465,tt0082031"
nm0276127,Dorothy Fielding,\N,\N,"actress,archive_footage","tt0089175,tt0084210,tt0083470,tt0083483"
nm0808485,Howard K. Smith,1914,2002,"writer,actor,archive_footage","tt0083642,tt0086822,tt0319967,tt0057883"
nm0002025,Hume Cronyn,1911,2003,"actor,producer,writer","tt0088933,tt0092494,tt0036342,tt0088850"
nm0348409,Bob Gunton,1945,\N,"actor,soundtrack,archive_footage","tt0111161,tt4513678,tt0129290,tt0285331"
nm0292623,Ron Frazier,1939,2003,"actor,archive_footage","tt0091183,tt0100404,tt0084917,tt0080474"
nm0519023,Jodi Long,1954,\N,"actress,writer,archive_footage","tt0302640,tt0088161,tt9376612,tt0107978"
nm0627493,Crocker Nevin,\N,\N,actor,tt0083006
nm0154059,Marvin Chatinover,1927,\N,actor,"tt0086637,tt0196216,tt0118954,tt0097965"
nm0556850,Marsha Mason,1942,\N,"actress,director,miscellaneous","tt0076095,tt0069883,tt0078952,tt0113972"
nm0601153,Ed Moore,1935,\N,actor,"tt0048860,tt0043214,tt0221285,tt0085049"
nm0352466,Joan Hackett,1934,1983,"actress,soundtrack,archive_footage","tt0070291,tt0082853,tt0065051,tt0063811"
nm0619383,Nancy Nagler,\N,\N,"actress,casting_department,soundtrack","tt0082853,tt0078638,tt0081088"
nm0241232,David Dukes,1945,2000,"actor,archive_footage","tt0120684,tt0091829,tt0079477,tt0085112"
nm0478617,Ellen La Gamba,\N,\N,actress,tt0082853
nm0743693,Michael A. Ross,1956,\N,"producer,writer,actor","tt1235547,tt0307716,tt0247122,tt0790772"
nm0711058,David Rasche,1944,\N,"actor,soundtrack,archive_footage","tt1226774,tt0475276,tt1409024,tt0887883"
nm0412955,Paul Jabara,1948,1992,"actor,composer,music_department","tt0078382,tt0116213,tt1175709,tt0248126"
nm0860279,Jenn Thompson,1967,\N,"actress,archive_footage","tt0081060,tt0098844,tt0082525,tt0129280"
nm0082526,Peter Billingsley,1971,\N,"producer,actor,director","tt0085334,tt0371746,tt6320628,tt0369436"
nm0000977,Beau Bridges,1941,\N,"actor,director,producer","tt0097322,tt0467197,tt1033575,tt2097307"
nm0000350,Beverly D'Angelo,1951,\N,"actress,producer,soundtrack","tt0085995,tt0120434,tt0120586,tt0097958"
nm0564504,Sandra McCabe,1948,\N,"actress,archive_footage","tt0082525,tt0079826,tt0074419,tt0075584"
nm0001205,Norman Fell,1924,1998,"actor,soundtrack,archive_footage","tt0075596,tt0062765,tt0061722,tt0053946"
nm0601428,Juanita Moore,1914,2014,"actress,archive_footage","tt0052918,tt0219854,tt0044331,tt0049656"
nm0002122,Harry Hamlin,1951,\N,"actor,producer,writer","tt0082186,tt0090466,tt0077952,tt0804503"
nm0098733,Joseph Bottoms,1954,\N,"actor,soundtrack,archive_footage","tt0071438,tt0077025,tt0078869,tt0163953"
nm0888154,Deborah Van Valkenburgh,1952,\N,"actress,soundtrack,archive_footage","tt0080120,tt0088194,tt0096684,tt0080299"
nm0000454,Dennis Hopper,1936,2010,"actor,director,writer","tt0064276,tt0090756,tt0111257,tt0114898"
nm0353624,Dan Haggerty,1942,2016,"actor,miscellaneous,producer","tt0490086,tt0099496,tt0090578,tt0109033"
nm0001025,Seymour Cassel,1935,2019,"actor,cinematographer,miscellaneous","tt0128445,tt0104503,tt0099422,tt0338466"
nm0805982,Sloan Roberts,\N,\N,actor,"tt0088185,tt10820008,tt0082619,tt0096109"
nm0429283,Steve Jones,\N,\N,actor,"tt0099739,tt0081858,tt0077278,tt0082619"
nm0184915,Ashley Cox,1956,\N,actress,"tt0074812,tt0074433,tt0081249,tt0082677"
nm0413994,Roger Jackson,\N,\N,actor,"tt0094080,tt0104377,tt0078607,tt0407650"
nm0909384,Kevin Patrick Walls,\N,\N,"actor,archive_footage","tt0120611,tt0117571,tt0212867,tt0113094"
nm0095672,David Booth,\N,\N,"casting_director,casting_department,miscellaneous","tt0055701,tt0056044,tt0053900,tt0052205"
nm0368938,Carla Hatley,\N,\N,actress,tt0117571
nm0000117,Neve Campbell,1973,\N,"actress,producer,writer","tt0117571,tt0120082,tt0134084,tt0120890"
nm0000240,Skeet Ulrich,1970,\N,"actor,director,producer","tt0117571,tt0115963,tt0409572,tt0913354"
nm0372967,Lawrence Hecht,\N,\N,actor,"tt0134084,tt0117571,tt0330151,tt3025636"
nm0001073,Courteney Cox,1964,\N,"actress,producer,director","tt0108778,tt0117571,tt0134084,tt0120082"
nm0114868,W. Earl Brown,1963,\N,"actor,writer,producer","tt0348914,tt0129387,tt5016504,tt1355683"
nm0001070,Bill Cosby,1937,\N,"actor,writer,music_department","tt0086687,tt0093405,tt0058816,tt0063871"
nm0000769,Susan Anspach,1942,2018,"actress,soundtrack,archive_footage","tt0065724,tt0069097,tt0077233,tt0069808"
nm0723588,Adam Rich,\N,\N,miscellaneous,"tt0119695,tt0115245"
nm0118920,Julie Budd,1954,\N,"actress,soundtrack","tt1103275,tt0082263,tt0083444,tt0082017"
nm0795449,Sonny Shroyer,1935,\N,"actor,producer","tt0109830,tt0078607,tt0119978,tt0080213"
nm0460671,David Knell,1961,\N,"actor,director,cinematographer","tt11003218,tt0086352,tt0100802,tt0088161"
nm0787825,Chuck Shamata,1942,\N,"actor,writer,producer","tt0352248,tt0319262,tt1780798,tt1104806"
nm0051259,Deborah Baltzell,1955,1981,actress,"tt0080360,tt0080232,tt0082263,tt0081132"
nm0770742,Ronnie Schell,1931,\N,"actor,miscellaneous,soundtrack","tt0077305,tt0068067,tt0081940,tt0086873"
