actor_id,name,birth_year,nationality,gender
nm0001749,Maggie Smith,1934,ES,F
nm0000980,Jim Broadbent,1949,KR,M
nm5297113,Clare Hammond,1974,TW,F
nm0006070,George Fenton,1949,DE,M
nm3137699,BBC Concert Orchestra,1980,JP,M
nm0421105,Alex Jennings,1957,KR,M
nm10272811,Jamie Parker,1957,FR,M
nm0277525,Deborah Findlay,1947,CA,F
nm0019885,Roger Allam,1953,ES,M
nm0341743,Richard Griffiths,1947,TW,M
nm0005134,Jason Lee,1970,DE,M
nm0227759,Peter Dinklage,1969,US,M
nm0000902,Jim Belushi,1954,ES,M
nm0911320,Patrick Warburton,1964,FR,M
nm1665342,Alex Neuberger,1992,US,M
nm0597410,Taylor Momsen,1993,FR,F
nm0805476,John Slattery,1962,JP,M
nm0010734,Amy Adams,1950,JP,F
nm0004951,Brad Garrett,1960,KR,M
nm1200650,Samantha Bee,1969,TW,F
nm5428973,Jay Border,1950,DE,M
nm3306978,Jeff Fuell,1940,FR,M
nm5117061,Cynthia Gower,1999,KR,M
nm5118111,Austin Hays,1957,DE,M
nm5116997,Cat Hindman,1992,TW,M
nm12870513,Dave Kiffer,1963,US,M
nm6497181,Laura Jeanne Meyer,1963,JP,F
nm0000285,Alec Baldwin,1958,DE,M
nm10427805,Nikki Reed,1940,TW,F
nm0005251,Carrie-Anne Moss,1967,KR,F
nm0000156,Jeff Goldblum,1952,US,M
nm0005561,Luke Wilson,1971,CA,M
nm1343003,Svetlana Metkina,1974,FR,F
nm0337042,Sprague Grayden,1978,ES,F
nm1815264,Artie Baxter,1961,JP,M
nm0756089,Melissa Sagemiller,1974,UK,F
nm0004747,Wes Bentley,1978,KR,M
nm0000729,Casey Affleck,1975,DE,M
nm0244630,Eliza Dushku,1980,KR,F
nm0004911,Angela Featherstone,1965,KR,F
nm0357718,Allen Hamilton,1935,KR,M
nm0604050,Ken Moreno,1979,ES,M
nm0660013,Carl Paoli,1975,ES,M
nm0731732,Barbara E. Robertson,1998,UK,F
nm0000313,Jeff Bridges,1949,JP,M
nm1602660,Ben Barnes,1981,DE,M
nm0000194,Julianne Moore,1960,IT,F
nm2539953,Alicia Vikander,1988,KR,F
nm1662644,Antje Traue,1981,UK,F
nm0931404,Olivia Williams,1968,ES,F
nm0220883,John DeSantis,1973,UK,M
nm3229685,Kit Harington,1986,FR,M
nm0005023,Djimon Hounsou,1964,US,M
nm0687679,Gerard Plunkett,2000,DE,M
nm0000658,Meryl Streep,1949,UK,F
nm0000197,Jack Nicholson,1937,UK,M
nm0001099,Jeff Daniels,1955,US,M
nm0822972,Maureen Stapleton,1925,JP,F
nm0000330,Stockard Channing,1944,UK,F
nm0557956,Richard Masur,1948,KR,M
nm0001573,Catherine O'Hara,1954,IT,F
nm0384696,Steven Hill,1922,US,M
nm0001232,Milos Forman,1932,TW,M
nm0336701,Mamie Gummer,1983,KR,F
nm0631490,Bill Nighy,1949,FR,M
nm1289434,Emily Blunt,1983,DE,F
nm0342488,Rupert Grint,1988,FR,M
nm0000391,Rupert Everett,1959,IT,M
nm0040586,Eileen Atkins,1934,KR,F
nm0293508,Martin Freeman,1980,FR,F
nm0279524,Gregor Fisher,1953,US,M
nm1052141,Geoff Bell,1963,CA,M
nm1239499,Rory Kinnear,1976,FR,M
nm0240375,Duncan Duff,1964,DE,M
nm5473880,A$AP Rocky,1988,FR,M
nm10336906,Blake Anderson,1982,KR,F
nm0064193,Bruce Beatty,1982,UK,M
nm0094170,De'aundre Bonds,1976,UK,M
nm3903943,Julian Brand,1970,DE,M
nm15885596,Quincy Brown,1983,JP,M
nm4169922,Kiersey Clemons,1993,UK,F
nm0253708,Kimberly Elise,1967,CA,F
nm0289213,Rick Fox,1969,ES,M
nm10706920,Christopher Glenn,1984,JP,M
nm0467563,Shô Kosugi,1948,ES,M
nm0899918,Keith Vitali,1943,IT,M
nm0296901,Virgil Frye,1930,JP,M
nm0730837,Arthur Roberts,1890,KR,M
nm0002869,Mario Gallo,1923,UK,M
nm0651930,Grace Oshita,1925,TW,F
nm0274014,Ashley Ferrare,1964,CA,F
nm0467559,Kane Kosugi,1974,JP,M
nm0483767,John LaMotta,1939,UK,M
nm0032536,Annabelle Apsion,1960,UK,F
nm0038918,Kate Ashfield,1972,TW,F
nm0069331,Lara Belmont,1980,US,F
nm0192191,Freddie Cunliffe,1981,CA,M
nm0268199,Colin Farrell,1976,UK,M
nm0642718,Aisling O'Sullivan,1968,ES,F
nm0842770,Tilda Swinton,1960,IT,F
nm0861631,Megan Thorp,1945,CA,F
nm0908446,Kim Wall,1969,FR,F
nm0935653,Ray Winstone,1957,TW,M
nm0452009,Leleti Khumalo,1970,TW,F
nm0000155,Whoopi Goldberg,1955,KR,F
nm0538460,Miriam Makeba,1932,IT,F
nm0434712,John Kani,1942,TW,M
nm0229335,Dumisani Dlamini,1960,DE,M
nm0628913,Mbongeni Ngema,1955,CA,M
nm1984577,Sipho Kunene,1981,IT,M
nm0576945,Tertius Meintjes,1945,JP,M
nm0925722,Robert Whitehead,1950,DE,M
nm0583905,Somizi Mhlongo,1968,DE,M
nm1265802,Josh Gad,1981,UK,M
nm0000598,Dennis Quaid,1954,US,M
nm0005152,Peggy Lipton,1946,JP,F
nm7291339,Bryce Gheisar,2004,UK,M
nm2187559,KJ Apa,2004,IT,F
nm1628115,Juliet Rylance,1979,ES,F
nm0456186,Luke Kirby,1978,TW,M
nm0000518,John Malkovich,1953,TW,M
nm0000641,Gary Sinise,1955,ES,M
nm0001827,Ray Walston,1914,DE,M
nm0797150,Casey Siemaszko,1961,FR,M
nm0000145,Sherilyn Fenn,1965,ES,F
nm0856012,John Terry,1950,KR,M
nm0726223,Richard Riehle,1948,DE,M
nm0000793,Alexis Arquette,1969,CA,F
nm0608012,Joe Morton,1947,ES,M
nm0932244,Noble Willingham,1931,ES,M
nm0136797,Steve Carell,1962,DE,M
nm13501063,Falk Hentschel,1944,IT,M
nm0641610,Matt O'Leary,1987,US,M
nm15609025,Nikolai Witschl,1996,FR,M
nm5025690,Patrick Roccas,1940,DE,M
nm0280559,Leo Fitzpatrick,1978,CA,M
nm0376592,Sarah Henderson,1941,KR,F
nm0682399,Justin Pierce,1975,IT,M
nm0150954,Joseph Chan,1976,KR,M
nm0821022,Johnathan Staci Kim,1989,TW,M
nm0112957,Adriane Brown,1982,FR,F
nm0080159,Sajan Bhagat,1971,DE,M
nm0883600,Billy Valdes,1973,ES,M
nm0907050,Billy Waldeman,1980,TW,M
nm0639241,Javier Nunez,1982,US,M
nm0001737,Martin Short,1950,UK,M
nm0325390,Annie Golden,1951,TW,F
nm0000347,Tim Curry,1946,FR,M
nm0454436,Alissa King,1973,KR,F
nm0f868984,Stevie Louise Vallance,1967,UK,F
nm0752900,Will Ryan,1949,ES,M
nm0743719,Neil Ross,1944,JP,M
nm13247318,Katie Leung,1943,JP,M
nm0000329,Jackie Chan,1954,TW,M
nm10619279,Rufus Jones,1945,FR,F
nm0849214,Mark Tandy,1957,CA,M
nm0188770,John Cronin,1981,UK,M
nm0126133,Caolan Byrne,1981,DE,M
nm2980858,Donna Bernard,1986,DE,F
nm1394398,Aaron Monaghan,1980,FR,M
nm4027215,Niall McNamee,1978,KR,F
nm0000112,Pierce Brosnan,1953,JP,M
nm0127447,Katia Caballero,1998,FR,F
nm0808907,Keith Smith,1926,KR,M
nm0606656,John Morris,1963,US,M
nm0286964,Jill Forster,1936,ES,F
nm0239914,Colin Duckworth,1926,JP,M
nm0492192,Reine Lavoie,1981,US,F
nm0425355,Jeremy Johnson,1980,FR,F
nm0494189,Odile Le Clezio,1980,IT,F
nm0846811,Stephan Tailly,2002,JP,M
nm0389520,Eldon Hogan,1990,US,M
nm0001191,Adam Sandler,1966,ES,M
nm0000106,Drew Barrymore,1975,FR,F
nm0005265,Kevin Nealon,1953,IT,M
nm0187719,Terry Crews,1968,ES,M
nm1018488,Wendi McLendon-Covey,1969,FR,F
nm15432581,Bella Thorne,2003,UK,F
nm0570364,Joel McHale,1971,DE,M
nm0628951,Abdoulaye NGom,1972,US,M
nm12883919,Jessica Lowe,1948,DE,F
nm4758216,Braxton Beckham,2001,IT,M
nm0931329,Michelle Williams,1980,CA,F
nm0001082,Billy Crudup,1968,DE,M
nm5362984,Abby Quinn,1983,UK,F
nm15004811,Alex Esola,1949,FR,F
nm0085959,Susan Blackwell,1969,IT,F
nm0153855,Will Chase,1970,IT,M
nm0204555,Eisa Davis,1971,US,F
nm7309485,Azhy Robertson,1954,FR,M
nm7867623,Tre Ryder,1960,UK,M
nm0000331,Chevy Chase,1943,KR,M
nm0000402,Carrie Fisher,1956,CA,F
nm0000781,Eve Arden,1908,US,F
nm0536850,Joseph Maher,1933,UK,M
nm0232817,Robert Donner,1931,ES,M
nm0000863,Billy Barty,1924,DE,M
nm0538683,Mako,1933,FR,M
nm0399155,Cork Hubbert,1952,FR,M
nm0566588,Pat McCormick,1927,TW,M
nm0035060,Adam Arkin,1956,FR,M
nm0002332,Stephen Lang,1952,CA,M
nm0138482,Michael Carmine,1979,IT,F
nm0000452,Lauren Holly,1963,FR,F
nm0593463,John Cameron Mitchell,1963,ES,M
nm0703811,Danny Quinn,1964,ES,M
nm0502442,Leon,1962,KR,M
nm0788251,Al Shannon,1978,UK,M
nm0831814,Danton Stone,1964,FR,M
nm0129538,Paul Calderon,1959,FR,M
nm0000401,Laurence Fishburne,1961,KR,M
nm0432040,Gérard Jugnot,1951,ES,M
nm0075710,François Berléand,1952,FR,M
nm0580101,Kad Merad,1964,FR,M
nm0094786,Jean-Paul Bonnaire,1943,ES,M
nm0120431,Marie Bunel,1961,ES,F
nm1533863,Jean-Baptiste Maunier,1990,IT,M
nm1532669,Maxence Perrin,1995,UK,M
nm1531691,Grégory Gatignol,1978,KR,M
nm1533569,Thomas Blumenthal,1983,UK,M
nm1531112,Cyril Bernicot,1965,IT,M
nm1072555,Morena Baccarin,1979,JP,F
nm3821405,Jake Lacy,1986,US,M
nm1851981,Melissa Rauch,1980,UK,F
nm0940990,Shannon Woodward,1984,KR,F
nm1887429,Hayes MacArthur,1977,IT,M
nm0788453,Adam Shapiro,1995,JP,M
nm14836720,Jackie Seiden,1970,UK,M
nm0004852,Jane Curtin,1947,CA,F
nm0480775,Adam LeFevre,1950,IT,M
nm1475594,Channing Tatum,1980,US,M
nm1086543,Amanda Seyfried,1985,JP,F
nm0003496,Richard Jenkins,1993,TW,F
nm0001794,Henry Thomas,1971,KR,M
nm1366616,D.J. Cotrona,1980,US,M
nm1150144,Cullen Moss,1975,US,M
nm3185212,Gavin McCulley,1942,KR,M
nm3398026,Jose Lucena Jr.,1970,JP,M
nm0732803,Keith D. Robinson,1976,UK,M
nm0692288,Scott Porter,1998,IT,M
nm0000173,Nicole Kidman,1967,FR,F
nm0027683,Harriet Andersson,1932,FR,F
nm0000002,Lauren Bacall,1924,TW,F
nm0000852,Jean-Marc Barr,1960,CA,M
nm0079273,Paul Bettany,1971,KR,M
nm0001974,Blair Brown,1946,JP,F
nm0001001,James Caan,1940,UK,M
nm0165101,Patricia Clarkson,1959,FR,F
nm0001111,Jeremy Davies,1969,UK,M
nm0001262,Ben Gazzara,1930,TW,M
nm2040230,Ray Corasani,1996,TW,M
nm7556035,Alek Skarlatos,1959,ES,M
nm10452536,Anthony Sadler,1992,ES,M
nm10270623,Spencer Stone,1997,CA,M
nm0339460,Judy Greer,1975,CA,F
nm0278979,Jenna Fischer,1974,FR,F
nm0924884,Irene White,1970,KR,F
nm0421264,William Jennings,1998,KR,F
nm8227651,Stephen Matthew Smith,1996,ES,M
nm0746583,Nicholas Rowe,1966,TW,M
nm0184893,Alan Cox,1970,UK,M
nm0001830,Sophie Ward,1964,ES,F
nm0001891,Anthony Higgins,1947,DE,M
nm0281453,Susan Fleetwood,1944,JP,F
nm0428086,Freddie Jones,1927,IT,M
nm0830740,Nigel Stock,1919,IT,M
nm0004355,Roger Ashton-Griffiths,1957,ES,M
nm0722419,Earl Rhodes,1962,CA,M
nm0653580,Brian Oulton,1908,CA,M
nm0001574,Michael O'Keefe,1955,DE,M
nm0000261,Karen Allen,1951,UK,F
nm0001228,Peter Fonda,1940,JP,M
nm0000249,James Woods,1947,UK,M
nm0039051,Elizabeth Ashley,1939,US,F
nm0001133,Brian Dennehy,1938,CA,M
nm0780121,Ronnie Scribner,1966,ES,M
nm0525041,Pamela Ludwig,1960,FR,F
nm0241143,John Dukakis,1958,TW,M
nm0000221,Charlie Sheen,1965,UK,M
nm0000978,Lloyd Bridges,1913,CA,M
nm0000420,Valeria Golino,1965,ES,F
nm0001077,Richard Crenna,1926,FR,M
nm0000283,Brenda Bakke,1963,UK,F
nm0001208,Miguel Ferrer,1955,US,M
nm0000100,Rowan Atkinson,1955,IT,M
nm0355062,Jerry Haleva,1946,UK,M
nm0906251,David Wohl,2005,TW,M
nm0752751,Mitchell Ryan,1934,TW,M
nm2154960,Amy Schumer,1981,DE,F
nm2584392,Tom Hopper,1985,UK,M
nm2665168,Rory Scovel,1980,IT,M
nm0553440,Adrian Martinez,2003,ES,M
nm1589279,Emily Ratajkowski,1991,ES,F
nm5262775,Aidy Bryant,1987,IT,F
nm0005311,Busy Philipps,1979,CA,F
nm0001381,Lauren Hutton,1943,DE,F
nm3550886,Sasheer Zamata,1986,KR,F
nm0258931,Tom Erhart,1929,JP,M
nm0909212,Gerald Walling,1928,US,M
nm0000004,John Belushi,1949,IT,M
nm0505979,Walter Levine,1943,JP,M
nm0000568,Frank Oz,1944,DE,M
nm0000101,Dan Aykroyd,1952,JP,M
nm0293466,Kathleen Freeman,1923,FR,F
nm0130572,Cab Calloway,1907,TW,M
nm0040551,Alonzo Atkins,1969,DE,M
nm0113768,James Brown,1933,FR,M
nm0004647,Carroll Baker,1931,FR,F
nm0814799,Jean Sorel,1934,KR,M
nm0246293,Luis Dávila,1927,CA,M
nm0197623,Alberto Dalbés,1922,US,M
nm0168822,Marina Coffa,1951,DE,F
nm0698330,Anna Proclemer,1923,US,F
nm0357166,Lisa Halvorsen,1951,TW,F
nm0246502,Manuel Díaz Velasco,1978,JP,M
nm0822268,Jacques Stany,1930,US,M
nm0746295,Rossana Rovere,1981,IT,F
nm0001637,Vincent Price,1911,CA,M
nm0656116,Bobbi Page,1945,CA,F
nm0515138,Steve Lively,1955,UK,M
nm0140805,Eddie Carroll,1933,TW,M
nm0720890,Clive Revill,1930,JP,M
nm0551065,Mona Marshall,1947,US,F
nm0000560,Nick Nolte,1941,ES,M
nm0862923,Brigid Tierney,1985,TW,F
nm0651660,Holmes Osborne,1947,CA,M
nm0874082,Jim True-Frost,1966,IT,M
nm0692874,Tim Post,1963,US,M
nm0382216,Christopher Heyerdahl,1963,DE,M
nm0783033,Marian Seldes,1928,ES,F
nm0857574,Janine Theriault,1979,TW,F
nm0002148,Mary Beth Hurt,1946,DE,F
nm0829717,Paul Stewart,1908,DE,M
nm0000158,Tom Hanks,1956,KR,M
nm0001858,Mare Winningham,1959,KR,F
nm0005266,Craig T. Nelson,1944,CA,M
nm0001817,Reginald VelJohnson,1952,IT,M
nm0667182,Scott Paulin,1950,CA,M
nm0703862,J.C. Quinn,1940,DE,M
nm0570615,John McIntire,1907,IT,M
nm0460671,David Knell,1961,TW,M
nm0808076,Ebbe Roe Smith,1949,FR,M
nm0769000,Kevin Scannell,1951,US,M
nm0000578,Anthony Perkins,1932,JP,M
nm0053392,Glynis Barber,1955,ES,F
nm0861639,Sarah Maur Ward,1968,TW,F
nm0517084,David Lodge,1921,DE,M
nm0170450,Ben Cole,1989,US,M
nm0422457,Ray Jewers,1945,JP,M
nm0577657,Jill Melford,1931,US,F
nm0205040,Lisa Davis,1936,KR,F
nm0171168,Noel Coleman,1919,IT,M
nm0000892,Jason Beghe,1960,JP,M
nm0659601,John Pankow,1955,DE,M
nm0573896,Kate McNeil,1959,ES,F
nm0887696,Joyce Van Patten,1934,CA,F
nm0286611,Christine Forrest,1943,ES,F
nm0740535,Stephen Root,1951,US,M
nm0001804,Stanley Tucci,1960,TW,M
nm10135555,Boo,1976,KR,M
nm0005508,Janine Turner,1962,FR,F
nm0628309,William Newman,1934,FR,M
nm0000147,Colin Firth,1960,UK,M
nm0000906,Annette Bening,1958,TW,F
nm0000672,Meg Tilly,1960,JP,F
nm0000103,Fairuza Balk,1974,TW,F
nm0680795,Siân Phillips,1933,KR,F
nm0000470,Jeffrey Jones,1946,IT,M
nm0236902,Fabia Drake,1904,CA,F
nm0571435,T.P. McKenna,1929,IT,M
nm0086262,Isla Blair,1944,FR,F
nm0005392,Keri Russell,1976,JP,F
nm0357979,Josh Hamilton,1969,CA,M
nm2023672,Dakota Goyo,1999,CA,M
nm4595603,Kadan Rockett,1974,UK,M
nm0799777,J.K. Simmons,1955,FR,M
nm7537456,LJ Benet,1941,CA,F
nm0404475,Rich Hutchman,1995,JP,M
nm0188041,Myndy Crist,1971,US,F
nm4114443,Annie Thurman,1941,JP,F
nm10752025,Jake Brennan,1944,CA,M
nm0568169,Mary Beth McDonough,1961,TW,F
nm0908594,David Wysocki,1958,CA,M
nm0000200,Bill Paxton,1955,FR,M
nm0313519,Lynda Day George,1944,US,F
nm0313387,Christopher George,1931,KR,M
nm0043771,Curt Ayers,1992,JP,M
nm0174681,Bill Conklin,1978,DE,M
nm0308108,Donna Garrett,1942,ES,F
nm0443314,Greg Kaye,1967,CA,M
nm0541636,Denis Mandel,1954,IT,M
nm0000492,Jennifer Jason Leigh,1962,FR,F
nm0882853,Brenda Vaccaro,1939,TW,F
nm0356478,Jack Hallett,1948,KR,M
nm0522392,Nicholas Love,1953,IT,M
nm0714310,James Rebhorn,1948,CA,M
nm0920446,Tico Wells,1943,KR,M
nm0769508,Sam Schacht,1936,TW,M
nm1262203,Nina Lora,1951,FR,F
nm0000114,Steve Buscemi,1957,DE,M
nm0821734,Frank Stallone,1950,TW,M
nm4360085,Callum Turner,1990,KR,M
nm0000295,Kate Beckinsale,1973,JP,F
nm0633223,Cynthia Nixon,1966,CA,F
nm0004883,Tate Donovan,1963,UK,M
nm0001728,Wallace Shawn,1943,ES,M
nm0243117,Anh Duong,1960,ES,F
nm0000529,Debi Mazar,1964,ES,F
nm0000368,Laura Dern,1967,UK,F
nm0000380,Robert Duvall,1931,KR,M
nm0002663,Diane Ladd,1935,ES,F
nm0001305,Lukas Haas,1976,KR,M
nm0001334,John Heard,1946,DE,M
nm0176723,Kevin Conway,1942,JP,M
nm0121559,Robert John Burke,1960,DE,M
nm0004356,Lisa Jakub,1978,CA,F
nm0516970,Evan Lockwood,1947,FR,M
nm0840175,Taylor Sutherland,1998,CA,M
nm0004874,Vin Diesel,1967,DE,M
nm0908094,Paul Walker,1973,KR,M
nm0425005,Dwayne Johnson,1972,UK,M
nm0108287,Jordana Brewster,1980,ES,F
nm0735442,Michelle Rodriguez,1978,US,F
nm0879085,Tyrese Gibson,1978,UK,M
nm0437646,Sung Kang,1972,UK,M
nm2933757,Gal Gadot,1985,UK,F
nm0524839,Ludacris,1977,IT,M
nm11437243,Luke Evans,1984,US,F
nm0000867,Jason Bateman,1969,JP,M
nm1043006,Victor Pagan,1948,FR,M
nm0000098,Jennifer Aniston,1969,UK,F
nm0000496,Juliette Lewis,1973,UK,F
nm0521974,Todd Louiso,1970,US,M
nm2040932,Scott Elrod,1975,IT,M
nm0933940,Patrick Wilson,1973,CA,M
nm3135063,Rebecca Naomi Jones,1981,US,F
nm1799058,Kelli Barrett,1984,JP,F
nm0189504,Lance Crouther,1962,DE,F
nm1356578,J.B. Smoove,1965,UK,M
nm0177639,Jennifer Coolidge,1961,KR,F
nm0146146,Reg E. Cathey,1958,FR,M
nm0001816,Robert Vaughn,1932,DE,M
nm0843100,Wanda Sykes,1964,UK,F
nm0001674,Chris Rock,1965,ES,M
nm0431660,Mario Joyner,1961,UK,M
nm0000128,Russell Crowe,1964,KR,M
nm0195439,James D'Arcy,1975,US,M
nm0940105,Edward Woodall,1976,ES,M
nm0488271,Chris Larkin,1967,DE,M
nm1263986,Max Pirkis,1989,CA,M
nm0709526,Jack Randall,1906,KR,M
nm1263131,Max Benitz,1985,UK,M
nm0408846,Lee Ingleby,1976,UK,M
nm11695874,Richard Pates,1988,CA,M
nm2623902,Jassa Ahluwalia,1990,ES,M
nm2633535,Asa Butterfield,1997,ES,M
nm3284401,Jamie Blackley,1991,DE,M
nm6806440,Finn Cole,1995,IT,M
nm5795508,Hermione Corfield,1993,TW,F
nm8525655,Cory Chambers,1994,CA,M
nm5598573,Kit Connor,2004,KR,M
nm0670408,Simon Pegg,1970,KR,M
nm2367998,Alan Drake,1971,ES,M
nm0262621,Charles Evans,1958,CA,M
nm0000154,Mel Gibson,1956,DE,M
nm0000130,Jamie Lee Curtis,1958,ES,F
nm0000704,Elijah Wood,1981,FR,M
nm0322050,Isabel Glasser,1958,ES,F
nm0001841,George Wendt,1948,US,M
nm0839708,Nicolas Surovy,1944,FR,M
nm0335344,David Marshall Grant,1955,TW,M
nm0331117,Robert Hy Gorman,1980,US,M
nm0805594,Millie Slavin,1954,FR,F
nm0564215,James McAvoy,1979,TW,M
nm0000705,Robin Wright,1966,CA,F
nm0000177,Kevin Kline,1947,FR,M
nm0939697,Evan Rachel Wood,1987,IT,F
nm0929489,Tom Wilkinson,1948,ES,M
nm0519043,Justin Long,1978,DE,M
nm0396812,Danny Huston,1962,US,M
nm0197647,James Badge Dale,1978,DE,M
nm0000538,Colm Meaney,1953,UK,M
nm0088127,Alexis Bledel,1981,ES,F
nm3201626,Andrew von Urtz,1945,ES,M
nm0153942,Cindy Chastain,1948,DE,F
nm0169753,Scott Cohen,1961,CA,M
nm2131379,Genevieve Hudson-Price,1983,IT,F
nm1675596,Gary Wilmes,1962,ES,M
nm3220899,Kendra Hurley,2001,US,F
nm0834127,Sabin Streeter,1961,UK,F
nm0785723,Ramin Serry,1952,TW,F
nm0528982,Shauna Lyon,1947,US,F
nm0739548,Paul Romero,1960,UK,M
nm0001513,Tim Matheson,1947,JP,M
nm0086806,Susan Blakely,1948,UK,F
nm0912001,Jack Warden,1920,IT,M
nm0795711,Richard B. Shull,1929,DE,M
nm0835651,Barbara Stuart,1930,IT,F
nm0124184,Owen Bush,1921,JP,M
nm0806500,Mews Small,1942,DE,F
nm0164273,Matt Clark,1936,IT,M
nm0186833,John Crawford,1920,CA,M
nm0770919,Chris Schenkel,1923,KR,M
nm0532193,Matthew Macfadyen,1974,IT,M
nm0000170,Milla Jovovich,1975,US,F
nm11365041,Helen George,1997,CA,F
nm0646792,Christian Oliver,1972,KR,M
nm0829032,Ray Stevenson,1964,KR,M
nm0001709,Til Schweiger,1963,CA,M
nm1994766,Markus Brandl,1975,JP,M
nm0089217,Orlando Bloom,1977,IT,M
nm0503567,Logan Lerman,1992,JP,M
nm0000206,Keanu Reeves,1964,TW,M
nm0935664,Alex Winter,1965,ES,M
nm0006669,William Sadler,1950,JP,M
nm0000722,Joss Ackland,1928,ES,M
nm0000427,Pam Grier,1949,ES,F
nm0137506,George Carlin,1937,KR,M
nm0830757,Amy Stoch,1958,DE,F
nm0552513,Jim Martin,1961,KR,M
nm0484900,Hal Landon Jr.,1941,ES,M
nm0000476,Sally Kirkland,1941,IT,F
nm0708260,Anthony Ramirez,2001,CA,M
nm0846507,Gary Taggart,1958,TW,M
nm0503266,Ray LePere,1979,TW,M
nm0715698,Steve Reed,1992,FR,M
nm0267141,Jodie Farber,1950,JP,F
nm0239505,Columbia Dubose,1940,IT,F
nm0575181,Randy Means,1990,DE,M
nm0000126,Kevin Costner,1955,CA,M
nm0761587,Jay O. Sanders,1953,UK,M
nm0000105,Adrienne Barbeau,1945,JP,F
nm0001463,Janet Leigh,1927,ES,F
nm0002144,John Houseman,1902,UK,M
nm0040662,Tom Atkins,1935,IT,M
nm0134110,James Canning,1946,CA,M
nm0194234,Charles Cyphers,1939,CA,M
nm0477341,Nancy Kyes,1949,US,F
nm0593792,Ty Mitchell,1978,JP,M
nm0001358,Hal Holbrook,1925,TW,M
nm0000678,Kathleen Turner,1954,FR,F
nm0001164,Charles Durning,1923,JP,M
nm0324462,Angela Goethals,1977,US,F
nm0666933,Nancy Paul,1970,FR,F
nm0168918,Frederick Coffin,1943,CA,M
nm0565470,Charles McCaughan,1997,DE,M
nm0575081,Stephen Meadows,1951,FR,M
nm0001431,Wayne Knight,1955,JP,M
nm0323998,Lynnie Godfrey,1952,FR,F
nm0001588,Jack Palance,1919,US,M
nm0001848,Dianne Wiest,1946,ES,F
nm0001108,Robert Davi,1951,JP,M
nm0336558,David Barry Gray,1980,FR,M
nm0725284,Jason James Richter,1980,ES,M
nm0557739,Fay Masterson,1974,KR,F
nm0400816,Miko Hughes,1986,IT,M
nm0739087,Richard Romanus,1943,US,M
nm0484764,Sal Landi,1951,UK,M
nm0001277,Scott Glenn,1939,US,M
nm0000418,Danny Glover,1946,KR,M
nm0570793,Marvin J. McIntyre,1973,KR,M
nm0500894,Brad Leland,1954,FR,M
nm0941125,Sheb Wooley,1921,FR,M
nm0440459,Jonathan Kasdan,1979,DE,M
nm0000092,John Cleese,1939,IT,M
nm0021112,Todd Allen,1960,ES,M
nm0000245,Robin Williams,1951,DE,M
nm0853364,Hannah Taylor Gordon,1987,CA,F
nm0407285,Éva Igó,1956,CA,F
nm0050268,István Bálint,1943,KR,M
nm0230649,Justus von Dohnányi,1960,FR,M
nm0309670,Kathleen Gati,1957,US,F
nm0000837,Bob Balaban,1945,KR,M
nm0000273,Alan Arkin,1934,US,M
nm0005052,Michael Jeter,1952,TW,M
nm0546797,Mark Margolis,1939,KR,M
nm0731074,Emma Roberts,1986,ES,F
nm1069180,Craig Gellis,1975,DE,M
nm0178324,Rich Cooper,1999,JP,M
nm1302735,Max Thieriot,1988,JP,M
nm1426904,Amy Bruckner,1991,JP,F
nm0659048,Kay Panabaker,1990,DE,F
nm0069856,Cliff Bemis,1948,KR,M
nm0234606,David Doty,1984,US,M
nm0005009,Laura Harring,1964,CA,F
nm0000244,Sigourney Weaver,1949,CA,F
nm0000986,Bryan Brown,1947,JP,M
nm0364915,Julie Harris,1925,IT,F
nm0590731,John Omirah Miluwi,2005,CA,M
nm0193868,Iain Cuthbertson,1930,KR,M
nm15843128,Konstantin Aleksandrov,2001,UK,F
nm0905138,Waigwa Wachira,1954,JP,M
nm0322513,Iain Glen,1961,KR,M
nm0487050,David Lansbury,1961,JP,M
nm0642239,Maggie O'Neill,1962,IT,F
nm0000553,Liam Neeson,1952,IT,M
nm0000531,Frances McDormand,1957,DE,F
nm0295506,Colin Friels,1952,DE,M
nm0236952,Larry Drake,1949,DE,M
nm0556335,Nelson Mashita,1957,ES,M
nm0272480,Jessie Lawrence Ferguson,1942,CA,M
nm0733292,Rafael H. Robledo,1982,DE,M
nm0382830,Dan Hicks,1951,KR,M
nm0001646,Ted Raimi,1965,IT,M
nm0001056,Dabney Coleman,1932,FR,M
nm0614526,Michael Murphy,1938,DE,M
nm0631506,Christina Nigra,1975,US,F
nm0634282,Jeanette Nolan,1911,KR,F
nm0142746,Eloy Casados,1949,CA,M
nm0744523,Tim Rossovich,1946,CA,M
nm0001235,William Forsythe,1955,TW,M
nm0050975,Timothy Balme,1967,UK,M
nm0679272,Diana Peñalver,1965,KR,F
nm0600473,Elizabeth Moody,1939,IT,F
nm0914240,Ian Watkin,1940,DE,M
nm0447572,Brenda Kendall,1949,IT,F
nm0222313,Stuart Devenie,1940,FR,M
nm0112400,Jed Brophy,1963,KR,M
nm0109416,Elizabeth Brimilcombe,1993,JP,F
nm0660657,Stephen Papps,1949,CA,M
nm0443885,Murray Keane,1992,JP,M
nm0005268,Willie Nelson,1933,ES,M
nm0001007,Dyan Cannon,1937,IT,F
nm0001388,Amy Irving,1953,IT,F
nm0001620,Slim Pickens,1919,TW,M
nm0283269,Joey Floyd,1968,ES,M
nm0505570,Charles Levin,1949,ES,M
nm0688467,Priscilla Pointer,1924,DE,F
nm0740296,Mickey Rooney Jr.,1945,IT,M
nm0785277,Pepe Serna,1944,KR,M
nm0809031,Lane Smith,1936,CA,M
nm0000335,Glenn Close,1947,CA,F
nm0001475,John Lithgow,1945,KR,M
nm0002025,Hume Cronyn,1911,ES,M
nm0001788,Jessica Tandy,1909,KR,F
nm0001436,Swoosie Kurtz,1944,ES,F
nm0564648,James McCall,1970,ES,M
nm0324533,Peter Michael Goetz,1941,JP,M
nm0248923,George Ede,1931,UK,M
nm0001131,Patrick Dempsey,1966,FR,M
nm0000584,Amanda Peterson,1971,TW,F
nm0301381,Courtney Gains,1965,JP,M
nm0143836,Tina Caspary,1970,ES,F
nm0001293,Seth Green,1974,TW,M
nm0268331,Sharon Farrell,1940,JP,F
nm0218674,Darcy DeMoss,1963,JP,F
nm0240797,Dennis Dugan,1946,US,M
nm0607474,Cloyce Morrow,1986,IT,F
nm0222233,Devin DeVasquez,1963,FR,F
nm6170168,Harris Dickinson,1996,CA,M
nm7187575,Madeline Weinstein,1984,US,F
nm0388082,Kate Hodge,1966,ES,F
nm0400223,Neal Huff,1966,CA,M
nm8732839,Nicole Flyus,1942,CA,F
nm8732838,Frank Hakaj,2002,DE,M
nm1863115,David Ivanov,1981,CA,M
nm8732837,Anton Selyaninov,1946,CA,M
nm8215630,Harrison Sheehan,1976,KR,M
nm7088466,Douglas Everett Davis,1989,IT,M
nm0906261,Ken Wahl,1954,US,M
nm0914491,Alberta Watson,1955,US,F
nm0838136,Jeremiah Sullivan,1935,TW,M
nm0697629,William Prince,1941,JP,M
nm0021835,Joaquim de Almeida,1957,DE,M
nm0393848,Peter Hooten,1950,UK,M
nm0416944,Steve James,1952,TW,M
nm0817851,Alexander Spencer,1946,KR,M
nm0001428,Klaus Kinski,1926,UK,M
nm0025574,Bill Anagnos,1958,DE,M
nm0993242,Clémence Poésy,1982,US,F
nm1304386,Stephen Campbell Moore,1979,JP,M
nm0607375,David Morrissey,1964,CA,M
nm1285342,Laura Birn,1981,FR,F
nm0539643,Sarah Malin,1968,ES,F
nm0534777,Anna Madeley,1976,IT,F
nm2325042,Jonathan Harden,1971,CA,M
nm3308443,Sam Pamphilon,2002,TW,M
nm0039139,Franc Ashman,1957,TW,F
nm0000129,Tom Cruise,1962,CA,M
nm0004937,Jamie Foxx,1967,DE,M
nm0000586,Jada Pinkett Smith,1971,ES,F
nm0749263,Mark Ruffalo,1967,IT,M
nm0000916,Peter Berg,1964,UK,M
nm0569226,Bruce McGill,1950,US,M
nm0355659,Irma P. Hall,1935,FR,F
nm0377106,Barry Shabaka Henley,1954,CA,M
nm0429114,Richard T. Jones,1972,CA,M
nm0779455,Klea Scott,1968,FR,F
nm0001049,Jill Clayburgh,1944,CA,F
nm0001347,Barbara Hershey,1948,ES,F
nm0000588,Martha Plimpton,1970,ES,F
nm0125190,Merritt Butrick,1959,KR,M
nm0679904,John Philbin,1960,UK,M
nm0842023,Don Swayze,1958,IT,M
nm0898546,Pruitt Taylor Vince,1960,IT,M
nm0041603,Michael Audley,1899,UK,M
nm0345695,Sverrir Gudnason,1978,CA,M
nm0479471,Shia LaBeouf,1986,ES,M
nm0001745,Stellan Skarsgård,1951,TW,M
nm0637259,Tuva Novotny,1979,FR,F
nm15954202,Leo Borg,1941,CA,F
nm9001273,Marcus Mossberg,2001,JP,M
nm6388519,Jackson Gann,1956,FR,M
nm11448394,Scott Arthur,1981,DE,M
nm0085745,Ian Blackman,1959,US,M
nm3016166,Robert Emms,1986,FR,M
nm0000115,Nicolas Cage,1964,US,M
nm0000744,Maria Conchita Alonso,1957,TW,F
nm0000884,Jennifer Beals,1963,FR,F
nm0501435,Kasi Lemmons,1961,DE,F
nm0525439,Robert Lujan,1942,ES,M
nm0526649,Jessica Lundy,1966,TW,F
nm0907887,Johnny Walker,1973,US,M
nm0504007,Boris Lyoskin,1923,JP,M
nm0461545,Michael Knowles,1937,TW,M
nm0000237,John Travolta,1954,UK,M
nm0000235,Uma Thurman,1970,IT,F
nm0000681,Vince Vaughn,1970,IT,M
nm0147825,Cedric The Entertainer,1964,DE,M
nm0071275,André 3000,1975,JP,M
nm0878911,Steven Tyler,1948,IT,M
nm0665123,Robert Pastorelli,1954,IT,M
nm0587396,Christina Milian,1981,CA,F
nm0011882,Paul Adelstein,1969,US,M
nm0000721,Victoria Abril,1959,DE,F
nm0000104,Antonio Banderas,1960,US,M
nm0508249,Loles León,1950,TW,F
nm0056686,María Barranco,1961,IT,F
nm0658041,Rossy de Palma,1964,IT,F
nm0785565,Julieta Serrano,1933,TW,F
nm0704719,Francisco Rabal,1926,JP,M
nm0136571,Lola Cardona,1936,TW,F
nm0739617,Montse García Romeu,1989,DE,F
nm0715127,Emiliano Redondo,1937,DE,M
nm0000357,Lolita Davidovich,1961,FR,F
nm0000874,Steven Bauer,1956,FR,M
nm0827973,Frances Sternhagen,1930,CA,F
nm0001344,Gregg Henry,1952,CA,M
nm0101005,Tom Bower,1938,CA,M
nm0000216,Arnold Schwarzenegger,1947,ES,M
nm0001044,Rae Dawn Chong,1961,US,F
nm0000445,Dan Hedaya,1940,UK,M
nm0920460,Vernon Wells,1945,ES,M
nm0647921,James Olson,1930,JP,M
nm0446314,David Patrick Kelly,1951,JP,M
nm0000192,Alyssa Milano,1972,ES,F
nm0004886,Bill Duke,1943,UK,M
nm0811446,Drew Snyder,1946,UK,M
nm0943583,Sharon Wyatt,1953,CA,F
nm0024404,Lauren Ambrose,1978,US,F
nm0004959,Thomas Gibson,1962,TW,M
nm0107183,Nicholas Brendon,1971,TW,M
nm0203808,Kimberley Davies,1973,UK,F
nm0444832,Matt Keeslar,1972,IT,M
nm0123958,Charles Busch,1954,CA,M
nm0110803,Beth Broderick,1959,KR,F
nm0923796,Danni Wheeler,1974,JP,F
nm0180431,Nick Cornish,1976,JP,M
nm0000226,Will Smith,1968,TW,M
nm3053338,Margot Robbie,1990,IT,F
nm0574468,Gerald McRaney,1947,ES,M
nm0763928,Rodrigo Santoro,1975,KR,M
nm0000703,BD Wong,1960,ES,M
nm1000502,Brennan Brown,1968,ES,M
nm0001791,Robert Taylor,1911,US,M
nm0094278,Dotan Bonen,1996,CA,M
nm0975225,Griff Furst,1981,TW,M
nm0000474,Michael Keaton,1951,UK,M
nm0913797,Gedde Watanabe,1955,US,M
nm0000211,Mimi Rogers,1956,DE,F
nm0001806,John Turturro,1957,TW,M
nm0945522,Sô Yamamura,1910,JP,M
nm0793634,Sab Shimono,1937,DE,M
nm0653959,Rick Overton,1954,UK,M
nm0397212,Clint Howard,1959,ES,M
nm0448097,Jihmi Kennedy,1956,JP,M
nm1191481,Leigh Whannell,1977,KR,M
nm0000144,Cary Elwes,1962,CA,M
nm0504962,Ken Leung,1970,JP,M
nm0000539,Dina Meyer,1968,CA,F
nm0125320,Mike Butters,1994,JP,M
nm0349673,Paul Gutrecht,1967,DE,M
nm0256237,Michael Emerson,1954,US,M
nm0553468,Benito Martinez,1971,TW,M
nm0809938,Shawnee Smith,1969,ES,F
nm0004715,Will Arnett,1970,DE,M
nm0148418,Michael Cera,1988,FR,M
nm0206257,Rosario Dawson,1979,CA,F
nm0000146,Ralph Fiennes,1962,UK,M
nm0802806,Siri,1989,ES,M
nm0302108,Zach Galifianakis,1969,US,M
nm2809577,Jenny Slate,1982,KR,F
nm0002078,Frederic Forrest,1936,TW,M
nm0001967,Peter Boyle,1935,IT,M
nm0000447,Marilu Henner,1952,TW,F
nm0455702,Roy Kinnear,1934,CA,M
nm0176879,Elisha Cook Jr.,1903,IT,M
nm0499989,Lydia Lei,1952,CA,F
nm0035866,R.G. Armstrong,1917,TW,M
nm0103019,Richard Bradford,1966,CA,F
nm0159485,Michael Chow,1939,KR,M
nm0461498,Beyoncé,1981,IT,F
nm0000552,Eddie Murphy,1961,ES,M
nm15054340,Jennifer Hudson,1947,CA,M
nm0741242,Anika Noni Rose,1972,JP,F
nm0495095,Sharon Leal,1972,TW,F
nm0061507,Hinton Battle,1956,KR,M
nm2260999,Mariah Iman Wilson,1994,DE,F
nm0587256,Vera Miles,1929,IT,F
nm0005162,Robert Loggia,1930,ES,M
nm0001240,Dennis Franz,1944,TW,M
nm0318761,Hugh Gillin,1925,US,M
nm0117267,Claudia Bryar,1918,JP,F
nm0115067,Robert Alan Browne,1932,JP,M
nm0366732,Ben Hartigan,1923,CA,M
nm0307600,Lee Garlington,1953,DE,F
nm0836343,Jim Sturgess,1978,CA,M
nm0000379,Kirsten Dunst,1982,US,F
nm0001758,Timothy Spall,1957,US,M
nm0542558,Blu Mankuma,1948,FR,M
nm11266396,Nicholas Rose,1972,KR,M
nm0452308,James Kidnie,1960,TW,M
nm0903985,Vlasta Vrana,1950,FR,M
nm0873693,Kate Trotter,1953,UK,F
nm0999272,Holly Uloth,1944,ES,F
nm2404562,Elliott Larson,1987,US,M
nm0000136,Johnny Depp,1963,IT,M
nm0001471,Jerry Lewis,1926,TW,M
nm0001159,Faye Dunaway,1941,KR,F
nm0000666,Lili Taylor,1967,IT,F
nm0001252,Vincent Gallo,1961,FR,M
nm0005320,Paulina Porizkova,1965,US,F
nm0689488,Michael J. Pollard,1939,FR,M
nm0556631,Candyce Mason,1953,CA,F
nm0709975,Alexia Rane,1965,US,F
nm0634741,Polly du Pont Noonan,1993,DE,F
nm0888321,Steve Van Wormer,1969,DE,M
nm0486277,A.J. Langer,1974,CA,F
nm0039226,John Ashton,1948,KR,M
nm0000454,Dennis Hopper,1936,IT,M
nm0000967,Eric Braeden,1941,DE,M
nm0512610,Richard Lineback,1952,JP,M
nm0000387,Robert Englund,1947,UK,M
nm0301370,M.C. Gainey,1948,CA,M
nm0309430,Ana Gasteyer,1967,UK,F
nm12171224,Jacob Tremblay,1951,TW,M
nm5470093,Keith L. Williams,2007,JP,M
nm4054776,Brady Noon,2005,IT,M
nm0330472,Molly Gordon,1983,US,F
nm6377764,Midori Francis,1994,KR,F
nm9865565,Izaac Wang,2007,KR,M
nm4438246,Millie Davis,2006,CA,F
nm15306165,Josh Caras,2000,UK,M
nm0287182,Will Forte,1970,CA,M
nm3157943,Mariessa Portelance,1997,IT,F
nm1461267,Natalie Press,1973,JP,F
nm0175916,Paddy Considine,1973,CA,M
nm0028632,Dean Andrews,2003,DE,F
nm1918098,Michelle Byrne,2000,FR,F
nm0031524,Paul Antony-Barber,1953,KR,M
nm12543229,Lynette Edwards,1950,KR,M
nm1869712,Kathryn Sumner,1962,CA,F
nm0000008,Marlon Brando,1924,IT,M
nm0656768,Géraldine Pailhas,1971,JP,F
nm0228336,Bob Dishy,1934,US,M
nm0001797,Rachel Ticotin,1958,TW,F
nm0000650,Talisa Soto,1967,ES,F
nm0313882,Marita Geraghty,1962,JP,F
nm0764781,Richard C. Sarafian,1930,IT,M
nm0400955,Tresa Hughes,1929,DE,F
nm0000409,Brendan Fraser,1968,US,M
nm0347149,Sienna Guillory,1975,JP,F
nm1146916,Eliza Bennett,1992,ES,F
nm0833380,Richard Strange,1951,UK,M
nm0000545,Helen Mirren,1945,US,F
nm0455057,Matt King,1968,US,M
nm0818648,Steve Speirs,1965,UK,M
nm0286044,Jamie Foreman,1958,CA,M
nm0334318,Stephen Graham,1973,IT,M
nm0000120,Jim Carrey,1962,IT,M
nm0000515,Virginia Madsen,1961,TW,F
nm11887269,Lynn Collins,1944,TW,M
nm0005218,Tim Meadows,1961,DE,M
nm0663854,Karyn Parsons,1966,DE,F
nm0001850,Billy Dee Williams,1937,IT,M
nm0936762,John Witherspoon,1942,JP,M
nm0848154,Jill Talley,1962,FR,F
nm0262968,Lee Evans,1964,TW,M
nm0002071,Will Ferrell,1967,TW,M
nm0590499,Sofia Milos,1965,DE,F
nm0506405,Eugene Levy,1946,FR,M
nm0399126,David Huband,1957,FR,M
nm0000661,Donald Sutherland,1935,IT,M
nm0840531,Janet Suzman,1939,UK,F
nm0596310,Zakes Mokae,1934,FR,M
nm0001638,Jürgen Prochnow,1941,KR,M
nm0000215,Susan Sarandon,1946,FR,F
nm0637681,Winston Ntshona,1941,CA,M
nm0637680,Thoko Ntshinga,1943,KR,F
nm0536597,Leonard Maguire,1924,TW,M
nm0861141,Gerard Thoolen,1943,ES,M
nm2090422,Constance Wu,1982,FR,F
nm6525901,Henry Golding,1987,US,M
nm0000706,Michelle Yeoh,1962,TW,F
nm2110418,Gemma Chan,1982,TW,F
nm0523734,Lisa Lu,1927,JP,F
nm5377144,Awkwafina,1988,DE,F
nm1484270,Harry Shum Jr.,1982,FR,M
nm0421822,Ken Jeong,1969,TW,M
nm4420495,Sonoya Mizuno,1986,TW,F
nm0659379,Chris Pang,1977,US,M
nm0000190,Matthew McConaughey,1969,TW,M
nm0386472,Emile Hirsch,1985,DE,M
nm1017334,Juno Temple,1989,KR,F
nm0002006,Thomas Haden Church,1960,TW,M
nm0000153,Gina Gershon,1962,US,F
nm0531333,Marc Macaulay,1957,ES,M
nm2505507,Gralen Bryant Banks,1961,FR,M
nm0840285,Carol Sutton,1944,JP,F
nm0258342,Danny Epper,1962,KR,M
nm0303316,Jeff Galpin,1968,CA,M
nm1172285,Martha Higareda,1983,US,F
nm1410318,Omar Chaparro,1974,FR,M
nm3695347,Dunia Alexandra,1955,CA,F
nm1318150,Claudia Álvarez,2001,CA,F
nm10777226,Ramon Alvarez,1986,FR,M
nm4293823,Diana Avellaneda,1982,KR,F
nm14722940,Mauricio Barrientos,1990,JP,M
nm0116737,Cory Brusseau,1975,CA,M
nm11321068,Elfas Cagliari,1959,CA,M
nm6780245,Shuuko Calderón,1984,DE,F
nm0346050,Leonardo Guerra,2002,CA,M
nm0686470,Tony Plana,1952,KR,M
nm0173125,Miriam Colon,1936,JP,F
nm0065493,Kuno Becker,1978,IT,M
nm10057944,Jorge Cervera,1979,IT,M
nm1156914,Herman Chavez,1963,US,M
nm10314848,Alfredo Rodríguez,1998,ES,F
nm0508397,Donald Li,1961,ES,M
nm10350332,Kate Tomlinson,1976,TW,M
nm0425287,Jake Johnson,1997,US,M
nm0947010,Biff Yeager,1942,JP,M
nm0629278,Kristi Somers,1962,JP,F
nm0086014,Richard Blade,1956,US,F
nm0316421,Ian Michael Giatti,1977,CA,M
nm0001147,Shannen Doherty,1971,CA,F
nm0000572,Sarah Jessica Parker,1965,KR,F
nm0599837,Lee Montgomery,1961,UK,M
nm0000166,Helen Hunt,1963,CA,F
nm0940971,Morgan Woodward,1925,UK,M
nm0491590,Ed Lauter,1938,FR,M
nm0000362,Danny DeVito,1944,CA,M
nm0000668,Emma Thompson,1959,KR,F
nm0001449,Frank Langella,1938,ES,M
nm0715622,Pamela Reed,1949,DE,F
nm0878152,Aida Turturro,1962,ES,F
nm0248698,James Eckhouse,1955,FR,M
nm0146903,Megan Cavanagh,1960,US,F
nm0925578,Welker White,1964,UK,F
nm0149910,Kathleen Chalfant,1945,JP,F
nm9296746,Mason Thames,2007,US,M
nm9135274,Nico Parker,2004,DE,F
nm0124930,Gerard Butler,1969,CA,M
nm0296545,Nick Frost,1972,UK,M
nm13985483,Gabriel Howell,2002,IT,M
nm5421877,Julian Dennison,2002,FR,M
nm12088448,Bronwyn James,1991,UK,M
nm10036531,Harry Trevaldwyn,1995,JP,M
nm0564133,Murray McArthur,1966,US,M
nm0784818,Peter Serafinowicz,1972,CA,M
nm0000212,Meg Ryan,1961,IT,F
nm0000870,Kathy Bates,1948,KR,F
nm0000885,Ned Beatty,1937,UK,M
nm0001157,Patty Duke,1946,US,F
nm0908246,Sydney Walker,1921,JP,M
nm0140969,Rocky Carroll,1963,ES,M
nm0598213,Debra Monk,1949,FR,F
nm0000210,Julia Roberts,1967,UK,F
nm0000551,Dermot Mulroney,1963,KR,M
nm0000139,Cameron Diaz,1972,ES,F
nm0097842,Philip Bosco,1930,FR,M
nm0001826,M. Emmet Walsh,1935,UK,M
nm0341737,Rachel Griffiths,1968,DE,F
nm0696387,Carrie Preston,1967,KR,F
nm0838360,Susan Sullivan,1942,FR,F
nm0557733,Christopher Masterson,1980,KR,M
nm0000149,Jodie Foster,1962,US,F
nm0005024,Terrence Howard,1969,ES,M
nm0441588,Nicky Katt,1970,JP,M
nm0004710,Naveen Andrews,1969,ES,M
nm0005460,Mary Steenburgen,1953,US,F
nm2765714,Ene Oloja,2001,JP,F
nm1534888,Luis Da Silva Jr.,1982,FR,M
nm10980434,Blaze Foster,1991,FR,M
nm1294700,Rafael Sardina,1994,JP,M
nm0011037,Jane Adams,1918,UK,F
nm0000199,Al Pacino,1940,TW,M
nm0001839,Tuesday Weld,1943,JP,F
nm0254387,Bob Elliott,1923,IT,M
nm0332551,Ray Goulding,1922,IT,M
nm0348747,Eric Gurry,1966,ES,M
nm0430745,Elva Josephson,1973,JP,F
nm0054626,B.J. Barie,1999,JP,M
nm0583487,Ari Meyers,1969,US,F
nm0925220,Michael Jai White,1967,UK,M
nm0000491,John Leguizamo,1960,KR,M
nm0000640,Martin Sheen,1940,KR,M
nm0005337,Theresa Randle,1964,UK,F
nm0932116,Nicol Williamson,1936,CA,M
nm0000665,D.B. Sweeney,1961,CA,M
nm0164918,Melinda Clarke,1969,FR,F
nm0915989,Hugo Weaving,1960,ES,M
nm0287825,Gloria Foster,1933,UK,F
nm0001592,Joe Pantoliano,1951,JP,M
nm0159059,Marcus Chong,1967,US,M
nm0032810,Julian Arahanga,1972,JP,M
nm0233391,Matt Doran,1976,US,M
nm0565883,Belinda McClory,1968,KR,F
nm0915208,Naomi Watts,1968,ES,F
nm4156443,Sonya Davison,1956,UK,F
nm2878323,Vanessa Chong,1995,FR,F
nm0864604,Anand Tiwari,1964,IT,M
nm4157147,Stephanie Chai,1947,IT,F
nm0000576,Sean Penn,1960,DE,M
nm0123092,Ty Burrell,1967,JP,M
nm0372961,Jessica Hecht,1965,CA,F
nm0125475,Norbert Leo Butz,1967,ES,M
nm0726630,Rebecca Rigg,1967,JP,F
nm0700577,Lucy Punch,1977,CA,F
nm0781981,Jason Segel,1980,IT,M
nm0005493,Justin Timberlake,1981,UK,M
nm0809613,Phyllis Smith,1951,US,F
nm0383422,John Michael Higgins,1963,JP,M
nm0020405,Dave Allen,1958,KR,M
nm0035395,Jillian Armenante,1968,TW,F
nm2298331,Matthew J. Evans,1996,CA,M
nm3239803,Kaitlyn Dever,1996,IT,F
nm0000369,Matt Dillon,1964,KR,M
nm0809277,Mary Jo Smith,1972,ES,F
nm0000140,Michael Douglas,1944,UK,M
nm0001663,Paul Reiser,1956,TW,M
nm0005207,Reba McEntire,1955,TW,F
nm0000422,John Goodman,1952,TW,M
nm0553036,Sandy Martin,1949,US,F
nm0000239,Liv Tyler,1977,FR,F
nm0001048,Andrew Dice Clay,1957,FR,M
nm4235904,Lucas Pittaway,1996,TW,M
nm4444671,Bob Adriaens,1969,JP,M
nm0365027,Louise Harris,2000,FR,F
nm3136132,Frank Cwiertniak,2004,ES,M
nm0397490,Matthew Howard,1977,JP,M
nm11217704,Marcus Howard,1984,DE,F
nm2803631,Anthony Groves,1968,US,M
nm0337809,Richard Green,1957,KR,F
nm4722924,Aaron Viergever,1949,TW,M
nm4722917,Denis Davey,1948,FR,M
nm0000652,James Spader,1960,US,M
nm0000510,Andie MacDowell,1958,CA,F
nm0001251,Peter Gallagher,1955,ES,M
nm0000624,Laura San Giacomo,1961,DE,F
nm0891381,Ron Vawter,1948,TW,M
nm0109359,Steven Brill,1962,FR,M
nm0740498,Alexandra Root,1992,IT,F
nm0852316,Earl T. Taylor,1956,JP,M
nm0283993,David Foil,1977,FR,M
nm0000234,Charlize Theron,1975,US,F
nm0784884,Rade Serbedzija,1946,US,M
nm0278752,Peter Firth,1953,TW,M
nm0001601,David Paymer,1954,JP,M
nm0005093,Regina King,1971,IT,F
nm0936298,Robert Wisdom,1953,UK,M
nm0696303,Lawrence Pressman,1939,IT,M
nm0700909,Linda Purl,1955,TW,F
nm0000353,Willem Dafoe,1955,CA,M
nm0640322,Frances O'Connor,1914,IT,F
nm0000554,Sam Neill,1947,JP,M
nm10004201,Morgan Davies,1962,JP,F
nm3795925,Finn Woodlock,1951,IT,M
nm0464522,Jacek Koman,1956,IT,M
nm0612534,Callan Mulvey,1975,FR,M
nm0115979,John Brumpton,1965,DE,M
nm0943814,Dan Wyllie,1970,IT,M
nm0822982,Sullivan Stapleton,1977,US,M
nm1428821,Joey King,1999,DE,F
nm1179677,Paul Scheer,1976,ES,M
nm0767242,Andrea Savage,1973,CA,F
nm5451410,Jack Kilmer,1995,CA,M
nm0820053,June Squibb,1929,FR,F
nm5766106,Kelly Lamor Wilson,1996,US,F
nm3520615,Erin Darke,1984,DE,F
nm8962520,Logan Medina,1978,ES,M
nm8040665,Stephen Ruffin,1945,JP,M
nm0027989,Rick Andosca,1951,IT,M
nm0001401,Angelina Jolie,1975,JP,F
nm0001096,Timothy Dalton,1946,UK,M
nm0000925,Steven Berkoff,1937,ES,M
nm0001722,Rufus Sewell,1967,UK,M
nm0211565,Christian De Sica,1951,KR,M
nm0094526,Alessio Boni,1966,DE,M
nm1046417,Daniele Pecci,1970,ES,M
nm0000614,Alan Rickman,1946,CA,M
nm0654110,Clive Owen,1964,KR,M
nm0716293,Saskia Reeves,1961,UK,F
nm0425489,Karl Johnson,1924,FR,M
nm0789093,Lesley Sharp,1960,FR,F
nm0308706,Kate Gartside,1964,IT,F
nm0460970,Karen Knight,1988,IT,F
nm0119501,Niall Buggy,1948,US,M
nm0607094,Campbell Morrison,1952,JP,M
nm0370891,Annie Hayes,1946,UK,F
nm0252230,Chiwetel Ejiofor,1977,UK,M
nm0234371,Kriss Dosanjh,2005,FR,M
nm1147560,Israel Oyelumade,1945,TW,M
nm0014994,Yemi Goodman Ajibade,1929,UK,M
nm0438903,Nizwar Karanj,1982,US,M
nm0649046,Deobia Oparei,1971,UK,M
nm0457436,Jeffery Kissoon,1947,JP,M
nm0121519,Zlatko Buric,1953,US,M
nm0851582,Audrey Tautou,1976,JP,F
nm0645683,Sophie Okonedo,1968,IT,F
nm0317757,Enrique Gil,1971,DE,M
nm4715046,Liza Soberano,1998,FR,F
nm4994151,Yves Flores,1994,CA,M
nm4212988,Sue Ramirez,1946,ES,F
nm5015647,Erin Ocampo,1999,JP,F
nm1290816,Yayo Aguila,1949,ES,F
nm0224942,Alex Diaz,1942,IT,M
nm0524190,Jon Lucas,1949,TW,F
nm4589975,Chienna Filomeno,1946,TW,F
nm4912288,Marco Gumabao,1961,CA,M
nm12374511,Alex Wolff,1965,JP,F
nm0000321,Gabriel Byrne,1950,CA,M
nm0001057,Toni Collette,1972,UK,F
nm8412536,Milly Shapiro,2002,US,F
nm0838647,Christy Summerhays,1996,FR,F
nm0526218,Morgan Lund,1956,US,M
nm5533830,Mallory Bechtel,1999,TW,F
nm10076000,Jake Brown,1941,KR,M
nm9889944,Harrison Nell,2003,KR,M
nm6861218,BriAnn Rachele,1985,US,F
nm0001448,Jessica Lange,1949,JP,F
nm0171475,John Colicos,1928,KR,M
nm0503627,Michael Lerner,1941,KR,M
nm0752636,John P. Ryan,1936,FR,M
nm0001378,Anjelica Huston,1951,JP,F
nm0871501,William Traylor,1929,FR,M
nm0384718,Thomas Hill,1927,IT,M
nm0887551,Jon Van Ness,1957,TW,M
nm0268185,Brian Farrell,1991,CA,M
nm0000123,George Clooney,1961,DE,M
nm0000242,Mark Wahlberg,1971,UK,M
nm0001084,Ice Cube,1969,UK,M
nm0005069,Spike Jonze,1969,US,M
nm0193295,Cliff Curtis,1968,CA,M
nm0004887,Nora Dunn,1952,FR,F
nm0005085,Jamie Kennedy,1970,ES,M
nm0846548,Saïd Taghmaoui,1973,ES,M
nm0932112,Mykelti Williamson,1957,ES,M
nm0564697,Holt McCallany,1963,UK,M
nm0001557,Viggo Mortensen,1958,KR,M
nm1126657,George MacKay,1992,TW,M
nm4705966,Samantha Isler,1998,ES,F
nm2399383,Annalise Basso,1998,ES,F
nm5640595,Nicholas Hamilton,2000,IT,M
nm5369197,Shree Crooks,1977,TW,F
nm6339026,Charlie Shotwell,2007,FR,M
nm4407268,Trin Miller,1987,FR,F
nm1063517,Kathryn Hahn,1973,US,F
nm0001872,Steve Zahn,1967,CA,M
nm0000243,Denzel Washington,1954,KR,M
nm13215927,Nate Parker,2001,FR,M
nm0810619,Jurnee Smollett,1986,KR,F
nm1091701,Denzel Whitaker,1990,FR,M
nm0930892,Jermaine Williams,1982,ES,M
nm0001845,Forest Whitaker,1961,US,M
nm0712406,Gina Ravera,1966,UK,F
nm2154316,Devyn A. Tyler,1991,JP,F
nm0000131,John Cusack,1966,US,M
nm0000514,Michael Madsen,1957,DE,M
nm0001125,Benicio Del Toro,1967,US,M
nm0001650,Michael Rapaport,1970,FR,M
nm0001999,Maury Chaykin,1949,JP,M
nm0001254,James Gandolfini,1961,FR,M
nm0001217,Fionnula Flanagan,1941,UK,F
nm0001968,Elizabeth Bracco,1957,KR,F
nm0215193,Ashleigh Dejon,1981,FR,F
nm0267506,Anna Faris,1976,TW,F
nm0262632,Chris Evans,1966,JP,M
nm0310966,Ari Graynor,1983,FR,F
nm0001100,Blythe Danner,1943,JP,F
nm0000893,Ed Begley Jr.,1949,KR,M
nm2719825,Oliver Jackson-Cohen,1986,UK,M
nm0122688,Heather Burns,1975,KR,F
nm2255288,Eliza Coupe,1981,UK,F
nm1564377,Kate Simses,1979,US,F
nm1754366,Tika Sumpter,1980,US,F
nm0001273,Lillian Gish,1893,CA,F
nm0361319,Lars Hanson,1886,DE,M
nm0002311,Montagu Love,1880,US,M
nm0191818,Dorothy Cumming,1894,FR,F
nm0247305,Edward Earle,1882,IT,M
nm0649927,William Orlamond,1867,KR,M
nm0424719,Carmencita Johnson,1923,KR,F
nm0417824,Leon Janney,1917,CA,M
nm0769588,Billy Kent Schaefer,1918,KR,M
nm0032221,Sam Appel,1871,US,M
nm0085312,Jack Black,1969,JP,M
nm0307143,Ana de la Reguera,1977,US,F
nm0422948,Héctor Jiménez,1973,UK,M
nm1377265,Darius Rose,1968,FR,M
nm12415945,Moises Arias,1991,US,M
nm4217572,Diego Eduardo Gomez,1951,KR,M
nm1550638,Carlos Maycotte,1961,TW,M
nm0600247,Richard Montoya,1964,FR,M
nm10174750,Cesar Gonzalez,2005,UK,M
nm0598885,Rafael Montalvo,2000,JP,M
nm0005458,Jason Statham,1967,ES,M
nm0290556,James Franco,1978,IT,M
nm4207679,Izabela Vidovic,2001,CA,F
nm0098378,Kate Bosworth,1983,KR,F
nm0381681,Marcus Hester,2003,UK,M
nm0000317,Clancy Brown,1959,US,M
nm0000213,Winona Ryder,1971,US,F
nm0589077,Omar Benson Miller,1978,ES,M
nm0498956,Rachelle Lefevre,1979,ES,F
nm0342029,Frank Grillo,1965,KR,M
nm1567113,Jessica Chastain,1977,ES,F
nm0352778,Bill Hader,1978,IT,M
nm2248149,Isaiah Mustafa,1974,TW,M
nm10606295,Jay Ryan,1977,TW,M
nm0710447,James Ransone,1979,TW,M
nm10098530,Andy Bean,1953,US,F
nm0803889,Bill Skarsgård,1990,FR,M
nm5897057,Jaeden Martell,2003,TW,M
nm5200476,Wyatt Oleff,2003,KR,M
nm0286010,Ken Foree,1948,FR,M
nm0586133,R.A. Mihailoff,1956,ES,M
nm0124834,William Butler,1968,JP,M
nm0881161,Joe Unger,1949,ES,M
nm0263577,Tom Everett,1948,FR,M
nm0126084,Miriam Byrd-Nethery,1929,TW,F
nm0052079,Jennifer Banko,1978,UK,F
nm0167146,David Cloud,1941,FR,M
nm0000949,Cate Blanchett,1969,IT,F
nm6236783,Owen Vaccaro,2005,JP,M
nm0001492,Kyle MacLachlan,1959,UK,M
nm0325989,Renée Elise Goldsberry,1971,KR,F
nm0131974,Colleen Camp,1953,CA,F
nm6129779,Sunny Suljic,2005,JP,M
nm4448022,Lorenza Izzo,1989,DE,F
nm9215986,Braxton Bjerken,1969,TW,M
nm9305209,Vanessa Anne Williams,1958,TW,F
nm0578949,Eva Mendes,1974,US,F
nm0369513,Cole Hauser,1975,KR,M
nm0058175,Thom Barry,1950,US,M
nm0001664,James Remar,1953,TW,M
nm1226817,Devon Aoki,1982,DE,F
nm1004774,Amaury Nolasco,1970,UK,M
nm1013003,Michael Ealy,1973,ES,M
nm0519225,Victor Wong,1906,JP,M
nm0805189,Max Elliott Slade,1980,US,M
nm0289247,Sean Fox,1979,UK,M
nm0094581,J. Evan Bonifant,1985,ES,M
nm0454550,Caroline Junko King,1964,FR,F
nm0629006,Dustin Nguyen,1962,FR,M
nm0574417,Alan McRae,1955,IT,M
nm0290596,Margarita Franco,1960,US,F
nm0774721,Jason Schombing,1963,ES,M
nm0863007,Angelo Tiffe,1949,US,M
nm0000314,Charles Bronson,1921,JP,M
nm0886556,Trish Van Devere,1941,KR,F
nm0524743,Laurence Luckinbill,1934,CA,M
nm0073137,Daniel Benzali,1950,JP,M
nm0368472,Marilyn Hassett,1947,TW,F
nm0225741,Charles Dierkop,1936,FR,M
nm0179786,Jeff Corey,1914,UK,M
nm0409844,John Ireland,1942,KR,M
nm0679018,Penny Peyser,1951,UK,F
nm0204634,Gene Davis,1952,JP,M
nm0461679,Terence Knox,1946,UK,M
nm0771121,Paul Scherrer,1968,IT,M
nm0093174,Ryan Bollman,1972,UK,M
nm0163775,Christie Clark,1973,DE,F
nm0021008,Rosalind Allen,1957,UK,F
nm0739534,Ned Romero,1926,FR,M
nm0333592,Ed Grady,1923,IT,M
nm0071525,John Bennes,1933,DE,M
nm0580467,Wallace Merck,1941,DE,M
nm0409367,Joe Inscoe,1983,FR,M
nm0000164,Anthony Hopkins,1937,FR,M
nm0000512,Elle Macpherson,1964,CA,F
nm0674782,Harold Perrineau,1963,IT,M
nm1075976,Bart the Bear,1977,CA,M
nm0428618,L.Q. Jones,1927,ES,M
nm0001849,Kathleen Wilhoite,1964,FR,F
nm0512433,David Lindstedt,1998,DE,M
nm0452492,Mark Kiely,1963,UK,M
nm0299956,Eli Gabay,1965,DE,M
nm0000142,Clint Eastwood,1930,IT,M
nm0000991,Geneviève Bujold,1942,ES,F
nm0002055,Alison Eastwood,1972,FR,F
nm0065172,Jenny Beck,1974,FR,F
nm0820660,Marco St. John,1939,DE,M
nm0674173,Rebecca Perle,1961,US,F
nm0724737,Regina Richardson,1981,KR,F
nm0112205,Randi Brooks,1954,CA,F
nm0741454,Jamie Rose,1959,KR,F
nm0000458,William Hurt,1950,KR,M
nm0000983,Albert Brooks,1947,TW,M
nm0000456,Holly Hunter,1958,JP,F
nm0698764,Robert Prosky,1930,JP,M
nm0001042,Lois Chiles,1947,JP,F
nm0000349,Joan Cusack,1962,JP,F
nm0352437,Peter Hackes,1924,UK,M
nm0166061,Christian Clemenson,1958,UK,M
nm0441302,Robert Katims,1933,UK,M
nm0000198,Gary Oldman,1958,CA,M
nm0000260,Joan Allen,1956,JP,F
nm0000225,Christian Slater,1969,US,M
nm0000385,Sam Elliott,1944,IT,M
nm0676973,William Petersen,1953,FR,M
nm0007210,Saul Rubinek,1948,CA,M
nm0001311,Philip Baker Hall,1931,TW,M
nm0082802,Mike Binder,1958,DE,M
nm0859450,Robin Thomas,1949,TW,M
nm11993446,Anna Castillo,1962,UK,M
nm0636991,Tamar Novas,1986,FR,M
nm2386577,Tony Corvillo,1978,US,M
nm5229126,Mariam Torres,1996,FR,F
nm5315625,Irina Bravo,1996,IT,F
nm2119319,Victoria Teijeiro,1977,IT,F
nm11167246,Lucía Soria,1999,US,F
nm15311253,Mary Ruiz,1996,CA,F
nm3632797,Edu Bulnes,1978,KR,M
nm0119650,Antonio Buíl,1962,ES,M
nm0000241,Jean-Claude Van Damme,1960,FR,M
nm0091083,Valérie Bodson,2001,TW,F
nm0812223,Hervé Sogne,1946,DE,M
nm3215635,Rock Chen,1973,CA,M
nm11714389,Huifang Wang,1993,FR,M
nm13794963,John Flanders,1977,IT,F
nm4168572,Renata Kamara,1973,US,F
nm0954238,Mourade Zeguendi,1980,KR,M
nm0496381,Vincent Lecuyer,1953,KR,M
nm3874193,Jenny De Chez,2003,US,F
nm0000593,Kelly Preston,1962,TW,F
nm0001083,Jon Cryer,1965,FR,M
nm0005202,Eric McCormack,1963,JP,M
nm0457683,Sam Kitchin,1991,IT,M
nm0806427,Robert Small,1965,DE,M
nm0832883,Mary Stout,1952,US,F
nm0827663,Daniel Stern,1957,TW,M
nm0689237,Jon Polito,1950,US,M
nm0837976,Brad Sullivan,1931,CA,M
nm0235652,Ann Dowd,1956,DE,F
nm0372217,Anthony Heald,1944,DE,M
nm0940051,Tom Wood,1894,UK,M
nm0003942,Blake Bashoff,1981,JP,M
nm0140393,Corey Carrier,1980,US,M
nm0004944,Michael Galeota,1984,JP,M
nm0325359,Max Goldblatt,1983,UK,M
nm2103974,Cécile Breccia,1968,JP,F
nm0809344,Michael Bailey Smith,1957,ES,M
nm0438055,Archie Kao,1969,ES,M
nm0010264,Jay Acovone,1955,KR,M
nm0462116,Jeff Kober,1953,DE,M
nm0667574,Philip Pavel,1969,TW,M
nm0004499,David Reynolds,1956,IT,M
nm1595515,Tyrell Kemlo,2001,KR,M
nm0949810,Lee Thompson Young,1984,US,M
nm0022161,Daniella Alonso,1978,TW,F
nm0159789,Hayden Christensen,1981,ES,M
nm0004695,Jessica Alba,1981,DE,F
nm0000565,Lena Olin,1955,US,F
nm0001520,Christopher McDonald,1955,CA,M
nm0730168,Sam Robards,1961,CA,M
nm0397124,Arliss Howard,1954,UK,M
nm0001770,Fisher Stevens,1963,DE,M
nm10783300,Georgina Chapman,1988,UK,M
nm1092086,David Harbour,1975,KR,M
nm14022766,Ashish Chhipa,1959,TW,M
nm0008943,John Abraham,1937,CA,M
nm4655028,Mouni Roy,1985,IT,F
nm0006763,Jackie Shroff,1957,CA,M
nm4470391,Shivraj Walvekar,1949,KR,M
nm0944834,Raghubir Yadav,1957,IT,M
nm3071488,Sikandar Kher,1984,UK,M
nm1591897,Anil George,1946,JP,M
nm0000442,Rutger Hauer,1944,JP,M
nm0001979,Tom Burlinson,1956,CA,M
nm0860233,Jack Thompson,1940,FR,M
nm0383779,Fernando Hilbeck,1933,KR,M
nm0879073,Susan Tyrrell,1945,JP,F
nm0479951,Ronald Lacey,1935,ES,M
nm0001397,Brion James,1945,DE,M
nm0426665,John Dennis Johnston,1950,UK,M
nm0028487,Simón Andreu,1941,TW,M
nm2436587,Mick Partridge,1986,ES,M
nm0092216,Big Boi,1975,DE,M
nm0522324,Faizon Love,1968,TW,M
nm0791868,Sherri Shepherd,1967,FR,F
nm1459509,Finesse Mitchell,1972,ES,M
nm0851350,Chase Tatum,1973,TW,M
nm0682063,Jim Piddock,1956,US,M
nm0501489,Samantha Lemole,1970,ES,F
nm1496325,Todd Sherry,1961,US,M
nm1706767,Jonah Hill,1983,JP,M
nm2012635,Adam Herschman,1971,FR,M
nm1551922,Columbus Short,1982,IT,M
nm0857215,Maria Thayer,1975,US,F
nm0085400,Lewis Black,1948,TW,M
nm0515116,Blake Lively,1987,IT,F
nm0220711,Mark Derwin,1960,FR,M
nm0193639,Ann Cusack,1961,JP,F
nm10362095,Hannah Marks,1957,IT,F
nm0000169,Tommy Lee Jones,1946,IT,M
nm0000707,Sean Young,1959,JP,F
nm0450461,Bryan Kestner,1964,CA,M
nm0224532,Illana Diamant,1961,US,F
nm0245653,Dale Dye,1944,DE,M
nm0870729,Mary Ellen Trainor,1952,TW,F
nm0696430,J.A. Preston,1932,FR,M
nm0648846,Peter Onorati,1953,IT,M
nm0487260,Charles Lanyer,1942,US,M
nm0004755,Jason Biggs,1978,IT,M
nm0001605,Amanda Peet,1972,US,F
nm0221902,Amanda Detmer,1971,KR,F
nm0000388,R. Lee Ermey,1944,FR,M
nm0004871,Neil Diamond,1941,DE,M
nm0309307,Kyle Gass,1960,JP,M
nm0035579,Norman Armour,1953,CA,M
nm0285140,Colin Foo,1950,US,M
nm0000569,Gwyneth Paltrow,1972,TW,F
nm0000191,Ewan McGregor,1971,US,M
nm1601397,Olivia Munn,1980,FR,F
nm0665188,Jonny Pasvolsky,1972,FR,M
nm0191410,Michael Culkin,1976,ES,M
nm0860947,Ulrich Thomsen,1963,US,M
nm4110469,Alec Utgoff,1986,TW,M
nm1545953,Rob de Groot,1965,FR,M
nm0000443,Goldie Hawn,1945,TW,F
nm0000621,Kurt Russell,1951,CA,M
nm0001346,Edward Herrmann,1943,DE,M
nm0001340,Katherine Helmond,1929,CA,F
nm0002235,Mike Hagerty,1954,FR,M
nm0001522,Roddy McDowall,1928,KR,M
nm0750758,Jared Rushton,1974,TW,M
nm0936472,Jeffrey Wiseman,1968,FR,M
nm0696813,Brian Price,1975,FR,M
nm0726200,Peter Riegert,1947,US,M
nm0102536,Reizl Bozyk,1914,KR,F
nm0469103,Jeroen Krabbé,1944,CA,M
nm0587249,Sylvia Miles,1924,UK,F
nm0552326,George Martin,1926,ES,M
nm0066023,John Bedford Lloyd,1956,IT,M
nm0798670,Claudia Silver,1947,DE,F
nm0001383,David Hyde Pierce,1959,CA,M
nm0365281,Rosemary Harris,1927,TW,F
nm0000134,Robert De Niro,1943,ES,M
nm0331054,Cliff Gorman,1936,FR,M
nm0454418,Alan King,1927,TW,M
nm0908919,Eli Wallach,1915,ES,M
nm0697587,Barry Primus,1938,UK,M
nm0456801,Gene Kirkwood,1945,DE,M
nm0614283,Gerard Murphy,1948,TW,M
nm0143344,Clem Caserta,1983,UK,M
nm0914612,Emma Watson,1990,US,F
nm1294664,Ellar Coltrane,1994,FR,M
nm0000444,Glenne Headly,1955,TW,F
nm2394794,Karen Gillan,1987,KR,F
nm0065059,Beck,1970,IT,M
nm1682319,Nate Corddry,1977,ES,M
nm6974206,Mamoudou Athie,1988,JP,M
nm1561100,Roger Joseph Manning Jr.,1973,DE,M
nm0504897,Tony Leung Chiu-wai,1962,FR,M
nm0000084,Gong Li,1965,UK,F
nm0910947,Faye Wong,1969,JP,F
nm0454120,Takuya Kimura,1972,FR,M
nm0955471,Ziyi Zhang,1979,JP,F
nm0490500,Carina Lau,1964,UK,F
nm1083271,Megan Fox,1986,DE,F
nm12048279,Johnny Simmons,1976,DE,F
nm0111013,Adam Brody,1979,DE,M
nm2978638,Sal Cortez,2004,IT,M
nm2981833,Ryan Levine,1997,KR,M
nm2017931,Juan Riedinger,1981,ES,M
nm2827877,Colin Askey,1967,DE,M
nm0695435,Chris Pratt,1979,DE,M
nm0748634,Juno Rinaldi,1977,FR,F
nm0000188,Steve Martin,1945,JP,M
nm0001673,Jason Robards,1922,DE,M
nm0001548,Rick Moranis,1953,CA,M
nm0001371,Tom Hulce,1953,TW,M
nm0468772,Harley Jane Kozak,1957,FR,F
nm0005227,Breckin Meyer,1974,US,M
nm0074410,Jenica Bergere,1974,CA,F
nm0000421,Cuba Gooding Jr.,1968,JP,M
nm1036443,Carrie Diamond,1967,DE,F
nm1035460,Douglas Haase,1956,CA,M
nm0616667,Chris Myers,1959,KR,M
nm1035396,Kevin Frazier,1964,CA,M
nm0021608,Gloria Allred,1941,IT,F
nm0896735,Vince Vieluf,1970,ES,M
nm0005476,Hilary Swank,1974,UK,F
nm0001721,Chloë Sevigny,1974,FR,F
nm0765597,Peter Sarsgaard,1971,IT,M
nm0786639,Brendan Sexton III,1980,UK,M
nm0329773,Alicia Goranson,1974,ES,F
nm0284315,Alison Folland,1978,US,F
nm0036261,Jeannetta Arnette,1954,JP,F
nm0132808,Rob Campbell,1947,TW,M
nm0569847,Matt McGrath,1969,DE,M
nm0750735,Cheyenne Rushing,1981,ES,F
nm0176869,Steve Coogan,1965,UK,M
nm0117339,Rob Brydon,1965,TW,M
nm0426037,Rebecca Johnson,1971,JP,M
nm4169770,Elodie Harrod,1973,IT,F
nm3189577,Dolya Gavanski,1955,IT,F
nm15637833,Claire Keelan,2002,CA,F
nm10223485,Justin Edwards,1988,KR,M
nm1626256,Margo Stilley,1982,US,F
nm1733993,Anna Stockton,1962,US,F
nm0787715,Kerry Shale,1952,ES,M
nm0001303,Carla Gugino,1971,JP,F
nm0001450,Angela Lansbury,1925,US,F
nm1166041,Ophelia Lovibond,1986,DE,F
nm1630992,Madeline Carroll,1996,JP,F
nm0163988,Clark Gregg,1962,JP,M
nm0001787,Jeffrey Tambor,1944,FR,M
nm0472710,David Krumholtz,1978,IT,M
nm2265334,Maxwell Perry Cotton,2000,FR,M
nm0504320,Anton Lesser,1952,ES,M
nm0005273,Alessandro Nivola,1972,CA,M
nm0179680,Allan Corduner,1950,JP,M
nm0940245,Nicholas Woodeson,1949,UK,M
nm0281418,David Fleeshman,1952,UK,M
nm0992476,Steve Furst,1967,IT,M
nm0001838,Rachel Weisz,1970,IT,F
nm0204010,Trevor Allan Davies,1989,DE,M
nm10329836,Sophia Brown,1955,US,F
nm7539761,Anthony Dowding,1970,DE,M
nm0284369,Ari Folman,1962,CA,F
nm0803348,Ori Sivan,1963,CA,F
nm2923235,Ronny Dayag,1956,TW,M
nm2923647,Shmuel Frenkel,1973,CA,M
nm3066885,Zahava Solomon,1996,ES,M
nm2924645,Ron Ben-Yishai,1947,US,F
nm2925720,Dror Harazi,1942,DE,F
nm1573064,Miki Leon,1973,DE,M
nm0493787,Yehezkel Lazarov,1974,JP,M
nm0001628,Sydney Pollack,1934,JP,M
nm2796342,Danielle Skraastad,1983,DE,F
nm0151148,Wai Chan,2004,US,F
nm0890651,Alberto Vazquez,1955,JP,M
nm0002718,Brian Koppelman,1966,TW,M
nm0565336,Tom McCarthy,1966,JP,M
nm0011154,Lloyd Adams,1999,US,M
nm0015370,Philip Akin,1950,UK,M
nm0023563,Anna Carolina Arias,1974,US,F
nm0037410,Karina Arroyave,1969,DE,F
nm0085635,Richard Blackburn,1968,US,M
nm0112218,Richard Brooks,1912,ES,F
nm0133474,Ron Canada,1949,UK,M
nm0152430,Kevin Chapman,1962,UK,M
nm0171583,Ivonne Coll,1947,KR,F
nm0172220,K.C. Collins,1971,KR,M
nm1501050,Jonah Bobo,1997,FR,M
nm1242688,Josh Hutcherson,1992,CA,M
nm1009277,Dax Shepard,1975,ES,M
nm0829576,Kristen Stewart,1990,UK,F
nm0000209,Tim Robbins,1958,IT,M
nm0018514,John Alexander,1897,JP,M
nm0575216,Derek Mears,1972,TW,M
nm1408752,Douglas Tait,1978,JP,M
nm0117851,Joe Bucaro III,1964,IT,M
nm10596904,Michael Roark,1985,JP,M
nm0230058,Ali Afshar,1975,TW,M
nm15395290,Allison Paige,1953,JP,F
nm2343444,Brando Eaton,1986,DE,M
nm5050494,Hunter Clowdus,1991,CA,M
nm0659840,Tony Panterra,2001,FR,M
nm0012081,Trace Adkins,1962,KR,M
nm0455068,Michael King,1922,JP,M
nm11535321,Oliver Zorko,1983,CA,M
nm11535322,Orlando Zorko,1940,KR,M
nm0910278,Julie Walters,1950,TW,F
nm0826273,Shirley Stelfox,1941,CA,F
nm0566680,Alec McCowen,1925,CA,M
nm0771633,Danny Schiller,1935,CA,M
nm0941000,Tim Woodward,1953,DE,M
nm0362064,Victoria Hardcastle,1952,KR,F
nm0040573,Dave Atkins,1940,CA,M
nm0393739,Ewan Hooper,1935,FR,M
nm0101470,Alan Bowyer,1971,UK,M
nm0140354,Antony Carrick,1932,KR,M
nm1200692,Eva Green,1980,TW,F
nm0372176,Lena Headey,1973,KR,F
nm0558548,Hans Matheson,1975,JP,M
nm0920992,David Wenham,1965,ES,M
nm0640080,Jack O'Connell,1952,UK,M
nm0862907,Andrew Tiernan,1965,CA,M
nm0620981,Igal Naor,1958,ES,M
nm0344963,Herbert Grönemeyer,1956,FR,M
nm0921044,Klaus Wennemann,1940,CA,M
nm0071059,Hubertus Bengsch,1952,US,M
nm0783847,Martin Semmelrogge,1955,KR,M
nm0851427,Bernd Tauber,1950,DE,M
nm0496441,Erwin Leder,1951,JP,M
nm0562056,Martin May,1961,US,M
nm0388517,Heinz Hoenig,1951,UK,M
nm0643805,Uwe Ochsenknecht,1956,KR,M
nm0714919,Nick Reding,1962,JP,M
nm0050437,Nicholas Ball,1946,JP,M
nm0607916,Alexander Morton,1945,IT,M
nm0442997,Barnaby Kay,1969,DE,M
nm0571160,Gina McKee,1964,ES,F
nm1054058,John Radcliffe,1946,IT,M
nm0925958,Sheila Whitfield,1945,KR,F
nm0357807,David Hamilton,1933,KR,M
nm1054163,Carol Davis,1955,FR,F
nm0001772,Patrick Stewart,1940,IT,M
nm0000408,Jonathan Frakes,1952,IT,M
nm0000653,Brent Spiner,1949,CA,M
nm0000996,LeVar Burton,1957,TW,M
nm0000373,Michael Dorn,1952,CA,M
nm0000533,Gates McFadden,1949,FR,F
nm0000642,Marina Sirtis,1955,CA,F
nm0000719,F. Murray Abraham,1939,DE,M
nm0614220,Donna Murphy,1959,FR,F
nm0001875,Anthony Zerbe,1936,FR,M
nm0005377,Sam Rockwell,1968,KR,M
nm0447695,Anna Kendrick,1985,CA,F
nm0000619,Tim Roth,1961,KR,M
nm0609845,Anson Mount,1973,UK,M
nm1002664,Michael Eklund,1971,ES,M
nm0753526,RZA,1969,CA,M
nm2605625,Katie Nehra,2002,KR,F
nm4005031,Jaiden Kaine,1975,DE,M
nm0000513,William H. Macy,1950,US,M
nm0001780,Peter Stormare,1953,KR,M
nm0749021,Kristin Rudrüd,1955,FR,F
nm0696193,Harve Presnell,1933,CA,M
nm0219301,Tony Denman,1979,UK,M
nm0396828,Gary Houston,1943,ES,M
nm0935041,Sally Wingert,1979,CA,F
nm0777754,Kurt Schweickhardt,1997,ES,M
nm0463698,Larissa Kokernot,1970,UK,F
nm0000333,Cher,1946,UK,F
nm0001132,Judi Dench,1934,TW,F
nm0687506,Joan Plowright,1929,IT,F
nm0005499,Lily Tomlin,1939,IT,F
nm0908529,Baird Wallace,1980,TW,M
nm0524097,Charlie Lucas,1958,KR,M
nm0315767,Massimo Ghini,1954,US,M
nm0781915,Paolo Seganti,1965,JP,M
nm0816517,Claudio Spadaro,1940,JP,M
nm0000141,David Duchovny,1960,ES,M
nm0000459,Timothy Hutton,1960,ES,M
nm0557219,Michael Massee,1952,ES,M
nm0235427,Gary Dourdan,1966,FR,M
nm0370035,John Hawkes,1959,JP,M
nm0829901,Will Stewart,1971,TW,M
nm0600657,Philip Moon,1961,TW,M
nm0320808,Bernard Giraudeau,1947,FR,M
nm0956026,Malik Zidi,1975,KR,M
nm0756203,Ludivine Sagnier,1979,FR,F
nm0505764,Anna Thomson,1953,JP,F
nm0191906,Jim Cummings,1952,IT,M
nm0394251,Nikita Hopkins,1991,CA,M
nm0763052,Ken Sansom,1927,CA,M
nm0275835,John Fiedler,1925,IT,M
nm0191520,Peter Cullen,1941,KR,M
nm0831254,Andre Stojka,1935,IT,M
nm0815718,Kath Soucie,1953,DE,F
nm0041006,Tom Attenborough,1964,US,M
nm0000457,John Hurt,1940,KR,M
nm1676221,Andy Samberg,1978,IT,M
nm1015262,Leighton Meester,1986,IT,F
nm0406678,Vanilla Ice,1967,TW,M
nm0893257,Milo Ventimiglia,1977,TW,M
nm0163703,Blake Clark,1946,UK,M
nm0269599,Meagen Fay,1957,IT,F
nm0650027,Tony Orlando,1944,JP,M
nm10440709,Alex Frost,1967,KR,F
nm1370494,Eric Deulen,1986,CA,M
nm0732754,John Robinson,1908,TW,M
nm1371432,Elias McConnell,1963,US,M
nm0852664,Jordan Taylor,1943,CA,M
nm1377431,Carrie Finn,1988,KR,F
nm0313559,Nicole George,1959,JP,M
nm1381030,Brittany Mountain,1940,KR,F
nm1382894,Alicia Miles,1944,TW,F
nm12394528,Kristen Hicks,1974,UK,F
nm0000618,Isabella Rossellini,1952,IT,F
nm0824373,Johanna ter Steege,1961,CA,F
nm0389424,Marco Hofschneider,1969,JP,M
nm0546816,Miriam Margolyes,1941,TW,F
nm0402032,Barry Humphries,1934,FR,M
nm0394531,Gerard Horan,1962,KR,M
nm0298089,Christopher Fulford,1955,ES,M
nm0000230,Sylvester Stallone,1946,IT,M
nm0000323,Michael Caine,1933,KR,M
nm0671446,Pelé,1940,ES,M
nm0600961,Bobby Moore,1941,IT,M
nm0034055,Osvaldo Ardiles,1952,US,M
nm0887122,Paul Van Himst,1943,JP,M
nm0223391,Kazimierz Deyna,1947,TW,M
nm0861228,Hallvar Thoresen,1957,ES,M
nm0838620,Mike Summerbee,1942,KR,M
nm0697848,Co Prins,1938,CA,M
nm0000152,Richard Gere,1949,KR,M
nm0001439,Anthony LaPaglia,1959,UK,M
nm0834626,Elaine Stritch,1925,TW,F
nm0267812,Vera Farmiga,1973,DE,F
nm0834606,Sherry Stringfield,1967,FR,F
nm0005007,Jill Hennessy,1968,DE,F
nm0870794,Sam Trammell,1969,TW,M
nm0000671,Billy Bob Thornton,1955,KR,M
nm0916617,Jake Weber,1963,FR,M
nm0298281,Kurt Fuller,1953,TW,M
nm0507852,Vicki Lewis,1960,IT,F
nm0743671,Matt Ross,1970,ES,M
nm0187060,Jerry Grayson,1955,US,M
nm0932407,Michael Willis,1949,UK,M
nm1671512,Anamaria Marinca,1978,TW,F
nm1693019,Laura Vasiliu,1976,IT,F
nm0412096,Vlad Ivanov,1969,FR,M
nm2308578,Alexandru Potocean,1984,ES,M
nm0315640,Luminita Gheorghiu,1949,CA,F
nm2304709,Adi Carauleanu,1957,IT,M
nm2671929,Liliana Mocanu,1987,CA,F
nm0691047,Tania Popa,1973,IT,F
nm2276340,Teodor Corban,1957,ES,M
nm1898013,Cerasela Iosifescu,1977,TW,F
nm0000182,Jennifer Lopez,1969,CA,F
nm5515054,Lucy Paez,2008,TW,F
nm1165044,Omari Hardwick,1974,KR,M
nm0001212,Joseph Fiennes,1970,FR,M
nm0305558,Gael García Bernal,1978,JP,M
nm0705152,Paul Raci,1948,UK,M
nm0305266,Jesse Garcia,1951,FR,M
nm5465853,Yvonne Senat Jones,1985,KR,F
nm0004908,Edie Falco,1963,TW,F
nm1652383,Michael Karl Richards,1976,CA,M
nm0000396,Farrah Fawcett,1947,JP,F
nm0751638,James Russo,1953,UK,M
nm0005569,Alfre Woodard,1952,DE,F
nm0769311,Diana Scarwid,1955,ES,F
nm0892455,Eddie Velez,1958,IT,M
nm0495412,Donna Lynn Leavy,1949,KR,F
nm0448734,Enid Kent,1945,CA,F
nm1072446,Michael Hennessy,1955,KR,M
nm1096816,Mike Gassaway,1989,KR,M
nm11723797,Zachary Gordon,1966,ES,M
nm1256602,Devon Bostick,1991,IT,M
nm0006713,Rachael Harris,1968,TW,F
nm2953573,Robert Capron,1998,UK,M
nm3826838,Connor Fielding,1976,ES,M
nm3827421,Owen Fielding,1999,CA,M
nm0514228,Peyton List,1986,FR,F
nm13971805,Karan Brar,1988,DE,M
nm3351930,Laine MacNeil,1996,TW,F
nm0159776,Erika Christensen,1982,TW,F
nm0001860,Alicia Witt,1975,TW,F
nm0363989,Tom Harper,1982,KR,M
nm11993572,Dane Christensen,1950,IT,F
nm0916073,Danny Webb,1958,IT,M
nm0354962,Lucy Hale,1967,CA,F
nm0413994,Roger Jackson,1968,ES,M
nm1501624,Shenae Grimes-Beech,1989,UK,F
nm0267258,Dane Farwell,1957,KR,M
nm0001593,Anna Paquin,1982,JP,F
nm0068338,Kristen Bell,1980,FR,F
nm1631435,Aimee Teegarden,1989,ES,F
nm1429380,Britt Robertson,1990,ES,F
nm0000117,Neve Campbell,1973,JP,F
nm1555340,Alison Brie,1982,ES,F
nm0000274,David Arquette,1971,UK,M
nm0001073,Courteney Cox,1964,KR,F
nm0659363,Hayden Panettiere,1989,DE,F
nm3404718,Marielle Jaffe,1989,IT,F
nm0005420,Marley Shelton,1974,KR,F
nm0640669,Nancy O'Dell,1966,JP,F
nm0461712,Erik Knudsen,1988,JP,M
nm3970882,Justin Michael Brandt,2001,JP,M
nm0191412,Rory Culkin,1989,CA,M
nm3380171,Nico Tortorella,1988,DE,M
nm0026364,Anthony Anderson,1970,DE,M
nm0584352,Gordon Michaels,1950,FR,M
nm0503234,John Lepard,1946,DE,M
nm0011128,Kim Adams,1961,CA,F
nm4108811,Devin Scillian,1968,UK,M
nm0001521,Mary McDonnell,1952,US,F
nm4392839,Mark Aaron Buerkle,1999,FR,M
nm11130247,Julia Ho,2003,FR,F
nm3922365,Alexander Punch,1976,FR,M
nm0001287,Heather Graham,1970,TW,F
nm4391751,Glenda Lewis,1969,FR,F
nm0818155,William Spencer,1954,UK,M
nm4164804,Tim Doty,1968,CA,M
nm0137020,Peter Carey,1943,IT,M
nm0000127,Wes Craven,1939,ES,M
nm4740257,Arnold Agee,1984,IT,M
nm4731098,Christina M. Bender,1945,DE,F
nm0169187,Alex Cohen,1959,DE,M
nm4528723,Zachary Robert Craft,1966,CA,F
nm4090022,Andrew Freij,1988,CA,M
nm3970990,Kathryn Henzler,1957,FR,F
nm5108186,Jonathan Hoch,1969,JP,M
nm8533991,Gary T. Jones,1978,DE,M
nm1425237,Jamie Kolacki,1991,IT,M
nm4030500,Kef Lee,1974,CA,M
nm1719288,Marcella Lentz-Pope,1988,DE,F
nm0502882,Francesco Leone,1987,TW,M
nm4110135,Benny Lumpkins Jr.,1992,ES,M
nm4035610,Rebecca Mccarthy,1950,TW,F
nm2731534,Matt McClelland,1967,FR,F
nm4398977,Ralph H. Meyer,1949,JP,M
nm3605667,Greg Prusiewicz,2003,US,M
nm7352130,Gabriel Rios-Hannon,1956,IT,M
nm3943574,Nicholas Ritz,1975,US,M
nm10874240,Christian Schulte,1958,IT,M
nm4070713,Corlandos Scott,1988,IT,M
nm3112497,Alan Stefan,1989,CA,M
nm0951148,Odette Annable,1985,CA,F
nm1544217,Cam Gigandet,1982,TW,M
nm0328709,Meagan Good,1981,UK,F
nm0252961,Idris Elba,1972,US,M
nm0000737,Jane Alexander,1939,UK,F
nm2557831,Atticus Shaffer,1998,TW,M
nm0496934,C.S. Lee,1971,ES,M
nm1711052,Rhys Coiro,1979,KR,M
nm0766019,Michael Sassone,2005,CA,M
nm3103119,Ethan Cutkosky,1999,UK,M
nm0364567,Craig J. Harris,1965,JP,M
nm3014031,Rachel Brosnahan,1990,US,F
nm11458079,Kymberly Mellen,2005,TW,F
nm10276816,Brian Boland,1982,TW,M
nm0068413,Mindy Bell,1956,IT,F
nm0018716,Roslyn Alexander,1924,CA,F
nm0178252,Maury Cooper,1951,TW,M
nm1720177,Mandy Schneider,1967,UK,F
nm0888070,Guy Van Swearingen,1971,TW,M
nm3241433,Ericka Ratcliff,1951,JP,F
nm11541836,Savannah Walker,1968,US,M
nm2965844,Domenica Fisher,1983,US,F
nm1474193,Marssie Mencotti,1951,TW,F
nm14305523,Sarah Wellington,1981,ES,M
nm11182440,Alexis Wade,1979,US,M
nm0523121,Tom Lowell,1941,ES,M
nm2876082,Kenya Drew,1968,TW,F
nm3045309,Scott Lindvall,1941,FR,M
nm11726747,Braden Moran,1953,JP,F
nm3044013,Aiden David,2002,UK,M
nm14911300,Connor David,1977,KR,M
nm0370768,Lili Haydn,1997,UK,F
nm0117136,John Bryant,1916,IT,M
nm3241435,Richard Mosely,1982,JP,M
nm0783376,Ronnie Sellers,1989,TW,M
nm10185469,Tommy Bartlett,1983,DE,F
nm2745463,Joey Bicicchi,1991,CA,M
nm5052139,Roarke Boes,1980,UK,M
nm1163523,Suzy Brack,1975,DE,F
nm0127438,Joe Caballero,2001,IT,M
nm1167931,Circus-Szalewski,1963,FR,M
nm2643486,Evyenia Constantine,1993,CA,F
nm7722819,Francisco Crespo,1960,ES,M
nm0222062,Alan Deutsch,1943,JP,M
nm0222713,Joe DeVito,1957,FR,F
nm3093347,Shannon Edwards,1959,FR,M
nm2814403,Robert Erck,2002,CA,M
nm10032504,Marilyn Jacobs,1945,UK,F
nm6511111,Arianna Lexus,2005,CA,F
nm2935984,Jamie Louachai,1979,ES,F
nm1371557,Larry Nazimek,1995,ES,M
nm2713028,James Pusztay,1984,DE,M
nm2208043,T'Neil Wise,1989,ES,F
nm0001367,C. Thomas Howell,1966,US,M
nm0001726,Helen Shaver,1951,TW,F
nm0810397,J. Smith-Cameron,1957,US,F
nm0234440,John Dossett,1958,TW,M
nm0001337,Katherine Heigl,1978,KR,F
nm0829053,Sarah Joy Stevenson,2000,UK,F
nm0856201,Ben Terzulli,1982,UK,M
nm0856202,Thomas Terzulli,1945,JP,M
nm10307646,Michael Costello,1981,IT,M
nm0577060,Kathryn Meisle,1960,IT,F
nm0842574,Carolyn Swift,1923,TW,F
nm0616032,Charles Musumeci,1957,ES,M
nm0731801,Debora Robertson,1990,JP,F
nm0372258,John Healey,1962,TW,M
nm0048250,Becky Ann Baker,1953,KR,F
nm0603716,Paul Morella,1986,FR,M
nm0005158,Sabrina Lloyd,1970,TW,F
nm0402653,Thompson Hunt,1973,CA,M
nm0770227,Rick Schatz,1998,ES,M
nm0393460,Duncan Hood,1978,ES,M
nm0163761,Celia Clark,1976,CA,F
nm0387081,Paul Hjelmervik,1973,US,M
nm0599387,Andrea Monter,1951,CA,F
nm0472080,Adam Kroloff,1968,ES,M
nm0745548,Lucy Roucis,1959,ES,F
nm0057935,Barbara Barry,2001,DE,F
nm0892452,Desiree Marie Velez,1958,US,F
nm0017019,Jen Furlong,1959,TW,F
nm0741660,Sarah Rose,1949,DE,F
nm0932672,Lem Wills,1947,JP,M
nm7142800,Jay Skwarlo,1953,FR,M
nm0000685,Jon Voight,1938,US,M
nm0852965,Noah Taylor,1969,KR,M
nm0185819,Daniel Craig,1968,IT,M
nm0424589,Richard Johnson,1961,UK,M
nm0057368,Chris Barrie,1960,TW,M
nm0722279,Julian Rhind-Tutt,1968,TW,M
nm0680587,Leslie Phillips,1924,US,M
nm0680261,Robert Phillips,1964,ES,M
nm0032440,Rachel Appleton,1992,UK,F
nm1002214,Henry Wyndham,1945,UK,M
nm0156465,David Cheung,2001,IT,M
nm0874851,David K.S. Tse,1997,KR,M
nm0950687,Ozzie Yue,1947,DE,M
nm1001276,Wai-Keat Lau,1973,CA,M
nm0153704,Carl Chase,1982,ES,M
nm0270194,Olegar Fedoro,1958,US,M
nm0137028,Richenda Carey,1948,CA,F
nm0972969,Sylvano Clarke,1982,UK,M
nm1000314,Ayla Amiral,1968,KR,F
nm0122878,Stephanie Burns,1951,KR,F
nm1000807,Anna-Maria Everett,1965,DE,F
nm4721227,Gary Bunn,1987,JP,M
nm0129640,Sonny Caldinez,1932,JP,M
nm1347984,Steve Darts,1998,IT,M
nm1693530,Ray Donn,1937,KR,M
nm1415490,James Embree,1978,IT,M
nm1348696,Aidan Harrington,1928,FR,M
nm11945273,Jon Ioannou,1986,CA,M
nm9813905,Prince Thompson Iyamu,1968,US,M
nm0746101,Jimmy Roussounis,1965,UK,M
nm0579823,Oleg Menshikov,1960,DE,M
nm0586482,Nikita Mikhalkov,1945,IT,M
nm0200848,Ingeborga Dapkunaite,1963,TW,F
nm0586486,Nadezhda Mikhalkova,1986,TW,F
nm0863146,Vyacheslav Tikhonov,1928,IT,M
nm0473047,Svetlana Kryuchkova,1950,KR,F
nm0407959,Vladimir Ilin,1947,UK,M
nm0443606,Alla Kazanskaya,1920,IT,F
nm0035057,Nina Arkhipova,1921,FR,F
nm0503127,Avangard Leontev,1947,IT,M
nm0653589,André Oumansky,1933,ES,M
nm0880767,Inna Ulyanova,1934,FR,F
nm0748857,Lyubov Rudneva,1961,UK,F
nm0752368,Vladimir Ryabov,1945,TW,M
nm0069455,Vladimir Belousov,1921,FR,M
nm0688667,Aleksey Pokatilov,1964,CA,M
nm0592491,Evgeniy Mironov,1966,UK,M
nm1055003,Natela Abuladze,1969,JP,F
nm0001301,Charles Grodin,1935,KR,M
nm0001372,Bonnie Hunt,1961,FR,F
nm0427894,Dean Jones,1931,UK,M
nm0005497,Nicholle Tom,1978,IT,F
nm0144938,Christopher Castile,1980,JP,M
nm0440082,Sarah Rose Karr,1984,KR,F
nm0001624,Oliver Platt,1960,US,M
nm0005004,Patricia Heaton,1958,CA,F
nm0188778,Laurel Cronin,1939,TW,F
nm0428952,O-Lan Jones,1950,TW,F
nm0279297,Nancy Fish,1938,ES,F
nm0684338,Craig Pinkard,1952,IT,M
nm0203473,Robi Davidson,1951,IT,M
nm8207359,Sherri Paysinger,1945,IT,F
nm0479686,Patrick LaBrecque,1975,KR,M
nm0448417,Jacob Kenner,1950,UK,M
nm0112146,Matthew Brooks,1975,US,M
nm0514535,Chris Little,1963,UK,M
nm0314126,Lisa Gerber,1978,JP,F
nm0200761,Cory Danziger,1977,KR,M
nm0641237,Colleen O'Hara,1971,DE,F
nm0003345,Nicolas Mize,1979,US,M
nm0254557,Maxine Elliott Hicks,1904,DE,F
nm0557467,Stephanie Durrer,1961,ES,F
nm0517467,Cirroc Lofton,1978,IT,M
nm0607941,Chad Morton,1956,FR,M
nm0001828,Melora Walters,1960,ES,F
nm0941650,Holly Wortell,1988,US,F
nm0546570,Lorraine Marga,1983,FR,F
nm0330687,Joseph Gordon-Levitt,1981,UK,M
nm0571479,Andres McKenzie,1987,JP,M
nm0159623,Chris,2000,US,M
nm8350439,Felix Carrey,1947,UK,F
nm11698661,Cujo,1978,CA,M
nm15639997,Billy Dobson,1995,ES,M
nm0692466,Richard Portnow,1947,TW,M
nm0001276,Jackie Gleason,1916,FR,M
nm0001693,Eva Marie Saint,1924,FR,F
nm0001185,Hector Elizondo,1936,CA,M
nm0179224,Barry Corbin,1940,ES,M
nm0000787,Bess Armstrong,1953,IT,F
nm0000688,Sela Ward,1956,ES,F
nm0364082,Cindy Harrell,1956,KR,F
nm0438127,John Kapelos,1956,FR,M
nm0582200,Carol Messing,1977,DE,F
nm0032326,Bill Applebaum,1954,TW,M
nm0527972,Mona Lyden,1975,KR,F
nm0823289,Anthony Starke,1963,DE,M
nm0022214,Julio Alonso,1968,ES,M
nm0606623,Jane Morris,1953,IT,F
nm0144657,Dan Castellaneta,1957,ES,M
nm0584673,Jeff Michalski,1952,ES,M
nm0399981,Toni Hudson,1960,US,F
nm0949340,Bruce A. Young,1956,KR,M
nm0712684,Ben Rawnsley,1933,IT,M
nm0524023,Vicki Lucachick,1961,UK,F
nm0550982,Kathleen Marshall,1967,US,F
nm0551167,Scott Marshall,1969,DE,M
nm0312736,Kim Genelle,1956,FR,F
nm0328898,Lynda Goodfriend,1953,TW,F
nm0902452,Mark von Holstein,1947,FR,M
nm0212939,Ron Dean,1938,CA,M
nm0413495,Elma V. Jackson,1965,DE,F
nm0098783,Noelle Bou-Sliman,1986,CA,F
nm0661526,Andrew Paris,1964,ES,M
nm0039739,Steve Sheridan,1960,TW,M
nm0345466,Vincent Guastaferro,1950,CA,M
nm0031517,John Antony,1956,ES,M
nm0189019,Lucinda Crosby,1952,JP,F
nm0015199,Andra Akers,1943,KR,F
nm0718021,Tracy Reiner,1964,KR,F
nm0444646,Harvey Keenan,1962,TW,M
nm0219682,Sam Denoff,1928,FR,M
nm0950932,Johnny Yune,1936,JP,M
nm0857213,Lorna Thayer,1919,US,F
nm0943816,Meg Wyllie,1917,FR,F
nm0121609,Bobbie Jo Burke,1981,CA,F
nm0456605,Shirley Kirkes Mar,1961,TW,F
nm0242688,Maxine Dunn,1967,CA,F
nm0355464,David Hall,1946,DE,M
nm0754595,Bo Sabato,1967,FR,M
nm0017300,Leslie Alcott,1995,ES,M
nm0550759,Anthony W. Marshall,1906,FR,M
nm0956766,Paul Zimmerman,1943,KR,M
nm0312522,Harry Gelt,1917,US,M
nm0413760,Larrs Jackson,1952,FR,M
nm0661586,Julie Paris,1958,ES,F
nm0688432,Jeris Poindexter,1950,IT,M
nm0711289,Anne Rasmussen,1984,KR,F
nm0003293,Jason Alderman,1967,US,M
nm0324962,Michael Gold,1959,TW,M
nm0720434,Steve Restivo,1940,UK,M
nm0183130,Susan Cotton,1973,CA,F
nm0810704,Thomas Smrt,1954,TW,M
nm0132100,Frank Campanella,1919,CA,M
nm0660404,Mel Pape,1912,US,M
nm0262991,Lou Evans,2005,UK,M
nm0571862,Corey McKinney,1967,CA,M
nm0417641,Conrad Janis,1928,ES,M
nm1872432,The Unlisted Jazz Band,1983,TW,M
nm1409913,Mara Lynn Bastian,2005,US,F
nm8712270,Brigitte Beling,1971,ES,M
nm4549529,Alan Bendich,1972,DE,M
nm0172188,Burton Collins,2005,US,M
nm4233418,Doug Ferony,1968,UK,M
nm0153004,Eric Freeman,1965,KR,M
nm0454236,Richard Kind,1956,IT,M
nm0550764,Barbara Marshall,1966,UK,F
nm3211002,Robert Minkoff,1951,US,M
nm0743925,Willie Ross,1938,CA,M
nm0391969,Michelle Holmes,1967,IT,F
nm0640613,Danny O'Dea,1911,DE,M
nm0110171,David Britton,1963,ES,M
nm0188646,Mark Crompton,1978,US,M
nm0329556,Stuart Goodwin,1977,IT,M
nm0413181,Max Jackman,1948,US,M
nm0470372,Andrew Krauz,1956,DE,M
nm0912268,Simon Waring,1957,KR,M
nm0519105,Maureen Long,1944,IT,F
nm0278239,Siobhan Finneran,1966,DE,F
nm0671500,Joyce Pembroke,1945,KR,F
nm0182688,George Costigan,1947,TW,M
nm0629492,Patti Nicholls,2003,UK,F
nm0040736,Jane Atkinson,1940,TW,F
nm0373451,Bryan Heeley,1987,IT,M
nm0646156,Paul Oldham,1957,JP,M
nm0942959,Bernard Wrigley,1948,TW,M
nm0315792,Kulvinder Ghir,1965,JP,M
nm0174835,Dennis Conlon,1963,ES,M
nm0824593,Joanna Steele,1973,US,F
nm0057861,Joanne Barrow,1956,ES,F
nm0791846,Rachel Shepherd,1989,CA,F
nm0419754,Paula Jayne,1967,FR,F
nm0329003,Alison Goodman,1992,KR,F
nm0420595,Marie Jelliman,1949,ES,F
nm1569146,Black Lace,1996,TW,F
nm0701166,Nancy Pute,1974,JP,F
nm0354341,Ken Hainsworth,1979,CA,M
nm0182691,Niall Costigan,1990,DE,M
nm0662866,Sinead Parkinson,1952,IT,F
nm0373279,Paul Hedges,1971,CA,M
nm0222873,Laura Devon,1931,UK,F
nm0576080,Charles Meek,1989,TW,M
nm3252097,Kailash Patel,1943,ES,F
nm12636313,Alan Barton,1998,TW,M
nm2025865,Alexander Cruise,1973,TW,M
nm0282079,Nelson Fletcher,1996,KR,M
nm10279101,Mel Fredericks,1957,TW,M
nm9712818,Shabar Hussain,1977,JP,F
nm1578439,Usma Islam,2001,FR,F
nm3101539,Dene Michael,1983,KR,M
nm13226987,Claude Powell,1965,IT,F
nm13599661,Blake Roberts,1942,DE,M
nm5153625,Naeela Jaben Sabir,1979,ES,M
nm6162831,Louis Ashbourne Serkis,1988,FR,M
nm1740112,Denise Gough,1980,JP,F
nm9299964,Dean Chaumoo,1998,JP,M
nm0853258,Tom Taylor,2003,UK,F
nm8652179,Rhianna Dorris,1956,UK,F
nm2805533,Nathan Stewart-Jarrett,1985,FR,M
nm1282920,Noma Dumezweni,1969,ES,F
nm0272581,Rebecca Ferguson,1983,KR,F
nm1326440,Mark Bonnar,1968,ES,M
nm2653929,Angus Imrie,1994,FR,M
nm0552706,Louis Martin,2000,ES,M
nm1438275,Joey Ansah,1982,FR,M
nm1469275,Adam Leese,1976,IT,M
nm3789989,Alexandra Roach,1987,JP,F
nm10808102,Nick Mohammed,1944,US,F
nm0568729,Myra McFadyen,1984,US,F
nm0125511,Adam Buxton,1969,DE,M
nm0086865,Claudie Blakley,1973,UK,F
nm0642444,Genevieve O'Reilly,1977,DE,F
nm7854904,Jake Blight,1945,JP,M
nm12673730,Joanna Byrne-Hale,1958,FR,F
nm10039538,Nerija Caberia,2002,IT,F
nm9709969,Archie Caswell-Chappell,1960,US,M
nm9916443,Ruth Clarson,1955,KR,F
nm12273097,Sean Coleman,1964,UK,M
nm1784345,David Cromarty,1981,CA,M
nm15968350,Nick Davison,1941,IT,F
nm11045606,Dominic Debartolo,1946,KR,M
nm13128166,Eleanor Dolan,1998,KR,F
nm8922835,Ruby Donovan,1980,ES,F
nm9553192,Mikaél Frimpong,1992,CA,M
nm10270631,Cameron Goodchild,1954,IT,M
nm8230321,Charlie Gorbutt,1973,TW,M
nm11597703,Shane Griffin,1982,FR,M
nm9298449,Keyaan Hameed,1985,KR,M
nm7521994,James Harper-Jones,1958,FR,M
nm6576090,Zak Holland,1977,UK,M
nm8073026,Connie Jenkins-Greig,1992,UK,F
nm6790722,John Kinory,1970,TW,M
nm13277385,Ria Lopez,1973,US,F
nm0003810,Colin Matthews,2001,JP,M
nm10764772,Dylan Mitchell,1984,KR,M
nm8352984,Annelle Olaleye,1992,IT,F
nm12538906,Barbara Orti,1940,TW,F
nm9453792,Cadyn Page,1979,TW,M
nm13394623,Jag Patel,1941,IT,F
nm9577933,Skye Sammarchi,1955,TW,M
nm6466223,Venla Shalin,1969,US,F
nm10302011,Karma Sood,2002,UK,M
nm7634224,Chloe Stannage,1942,TW,F
nm15214454,Amir Wilson,1985,JP,M
nm10264710,Connor Wolf,1946,IT,M
nm1095720,Keisha Castle-Hughes,1990,TW,F
nm0660984,Rawiri Paratene,1970,JP,M
nm0369357,Vicky Haughton,1992,CA,F
nm1169385,Grant Roa,1974,UK,M
nm1261655,Mana Taumaunu,1989,ES,M
nm1344302,Rachel House,1971,TW,F
nm0256394,Taungaroa Emile,1976,FR,M
nm0205541,Tammy Davis,1941,JP,M
nm0923564,Mabel Wharekawa,1952,FR,F
nm1260339,Rawinia Clarke,1969,US,F
nm0801226,Tahei Simpson,1955,UK,F
nm1186408,Roi Taimana,1941,ES,M
nm0804050,Elizabeth Skeen,1975,UK,F
nm1261821,Tyronne White,1986,TW,M
nm1343800,Taupua Whakataka-Brightwell,1943,US,M
nm1342968,Tenia McClutchie-Mita,1967,US,F
nm1343207,Peter Patuwai,1993,JP,F
nm1343552,Rutene Spooner,1997,US,M
nm1343970,Riccardo Davis,1943,FR,M
nm1343801,Apiata Whangaparita-Apanui,1971,FR,F
nm0838605,John Sumner,1951,ES,M
nm10409543,Sam Woods,1947,JP,F
nm1261648,Pura Tangira,1957,IT,M
nm0641426,Jane O'Kane,1993,CA,F
nm1343188,Aumuri Parata-Haua,1947,TW,M
nm0000571,Mary-Louise Parker,1964,CA,F
nm0005438,Jeremy Sisto,1974,IT,M
nm0509824,Tina Lifford,1966,US,F
nm0540491,Patrick Y. Malone,1969,JP,M
nm0577870,Randle Mell,1951,DE,M
nm0872755,Sarah Trigger,1968,ES,F
nm0223040,Destinee DeWalt,1988,UK,F
nm0574879,Candace Mead,1990,UK,F
nm0574905,Lauren Mead,1990,ES,F
nm0048926,Shaun Baker,1950,TW,M
nm0293461,K. Todd Freeman,1965,KR,M
nm0760250,Deon Sams,1964,US,M
nm0113271,Christopher M. Brown,1960,UK,M
nm0199272,Gregg Dandridge,1952,CA,M
nm0725079,Branscombe Richmond,1955,IT,M
nm0430218,Walt Jordan,1984,CA,M
nm0924577,Carole White,1949,JP,F
nm0908534,Basil Wallace,1995,JP,M
nm0512359,Georgina Lindsey,1999,TW,F
nm0444940,Jack Kehler,1946,FR,M
nm0759344,Lynn Salvatori,1954,KR,F
nm0603052,Jim Morange,1971,KR,M
nm0455437,Henry Kingi,1943,DE,M
nm0205515,Steven Keith Davis,1946,KR,M
nm0429234,Sharon Lee Jones,1985,CA,F
nm0151575,Ben Chaney,1952,KR,M
nm0148869,Gary Carlos Cervantes,1953,KR,M
nm0566971,Ben McCreary,1982,TW,M
nm0060931,Jeanne Bates,1918,JP,F
nm0320150,Sam H. Ginsburg,1912,JP,M
nm0427626,Brett A. Jones,1996,TW,M
nm0795093,Paul E. Short,1957,UK,M
nm0139486,Willie C. Carpenter,1959,DE,M
nm0747464,Antonio Royuela,1954,DE,M
nm0673475,Edward G. Perez,1958,FR,M
nm0004286,Clifton Collins Jr.,1970,DE,M
nm0743462,Hugh Ross,1976,FR,M
nm0911377,Anne Ward,1994,DE,F
nm0440463,Roxanne Kasdan,1942,DE,F
nm0206365,Cora Lee Day,1914,DE,F
nm0038736,John Ashby,1928,FR,M
nm0162924,Jacqueline Alexandra Citron,1983,FR,F
nm0162925,Kristen Amber Citron,1982,US,F
nm6234459,Jorga Caye,1948,JP,F
nm7109017,Robert Gatewood,1980,ES,M
nm0001410,Lawrence Kasdan,1949,JP,F
nm0832859,Damon Stout,1991,ES,M
nm0943536,Dennis Wyatt,1960,TW,M
nm0000375,Robert Downey Jr.,1965,TW,M
nm0424060,Scarlett Johansson,1984,DE,F
nm1659221,Sebastian Stan,1982,US,M
nm1107001,Anthony Mackie,1978,IT,M
nm0000332,Don Cheadle,1964,IT,M
nm0719637,Jeremy Renner,1971,KR,M
nm1569276,Chadwick Boseman,1976,US,M
nm0647634,Elizabeth Olsen,1989,ES,F
nm0748620,Paul Rudd,1969,ES,M
nm0885840,Emily VanCamp,1986,KR,F
nm0276169,Tom Holland,1943,CA,M
nm0117709,Daniel Brühl,1978,DE,M
nm0000673,Marisa Tomei,1964,US,F
nm0204706,Hope Davis,1964,CA,F
nm12164733,Michael A. Cook,1960,UK,M
nm7291225,Laughton Parchment,1957,DE,M
nm2144533,Jackson Spidell,1957,DE,M
nm3422168,Yi Long,1963,DE,M
nm1355942,Heidi Moneymaker,1978,UK,F
nm1987604,Aaron Toney,1975,US,M
nm4897417,Cale Schultz,1949,IT,M
nm0958696,Ann Russo,1969,UK,F
nm1634949,Gene Farber,1978,UK,M
nm0441042,Florence Kasumba,1976,KR,F
nm0180259,Cornell John,1990,DE,M
nm1310244,Sven Hönig,1977,ES,M
nm0669681,Josh Peck,1986,US,M
nm4230395,Brent McGee,1966,ES,M
nm8064423,Be Satrazemis,1941,TW,M
nm3138500,Blair Jasin,1947,KR,M
nm0046514,Oliver Bigalke,1968,ES,M
nm1929205,Rafael Banasik,1977,JP,M
nm0212278,David de Vries,1958,JP,M
nm0192844,John Curran,2004,DE,M
nm3665937,Katie Amess,1985,ES,F
nm6704171,Austin Saunders,1976,IT,F
nm1654820,Brett Gentile,1973,ES,M
nm10031235,Matthew Anderson,2000,US,M
nm8064426,Andrew Botchwey,1945,FR,M
nm8064427,Chase Bradfield,1951,KR,M
nm8064428,Ernest Charles,1986,DE,M
nm8064429,Hendricks Coates,1941,KR,M
nm8535457,Ethan Condon,1971,US,M
nm8064430,Shen Dynes,1954,FR,M
nm0255003,Nathaniel Ellis,1985,UK,M
nm8064432,Jariah Ferguson,1964,FR,M
nm8064433,Evan Ffrench,1956,DE,M
nm1415588,Justin Freeman,1954,JP,F
nm8064435,Ralphael Grand'Pierre,1993,IT,M
nm13298539,Julian Grimes,1964,TW,F
nm11540974,Aaron Hayes,1999,JP,M
nm3546230,Austin Hooper,1970,TW,M
nm8535458,Amiri Jones,1995,IT,M
nm8064439,Myles Joseph,1967,UK,M
nm0146237,Stephen Lewis,1926,ES,M
nm8064441,Jacob Ludwick,1983,KR,M
nm8064442,D'Mahrei McRae,1999,CA,M
nm8064443,Ashwin Mudaliar,2003,DE,M
nm8064444,Eli Ollinger,2001,FR,M
nm8064445,Parker Pape,1959,IT,M
nm12966949,Daniel Parada,1948,US,M
nm8064447,Jonah Ruffin,1992,US,M
nm8064448,Darryl Sampson,1952,TW,M
nm8064449,Cameron Sardone,1996,TW,M
nm8064450,Stanley Sellers,1985,IT,M
nm8064451,Miles Selles,1989,TW,M
nm8064452,Jacob Sung,1961,CA,M
nm8064453,Caden Wilkinson,1952,FR,M
nm4717824,Shijia Jin,1968,US,M
nm2832213,Jessica Walther-Gabory,1966,US,F
nm5518083,Beniamino Brogi,1989,US,M
nm0118108,Silvina Buchbauer,1972,US,F
nm13311078,Henry Amadi,1999,DE,F
nm8064456,Ugochukwu Ani,1973,ES,M
nm3631621,Michael Anthony Rogers,1976,IT,M
nm1364280,Damion Poitier,1976,IT,M
nm0451263,Umar Khan,1992,UK,M
nm2248109,David E. Brown,1941,IT,M
nm3989668,Guy Fernandez Jr.,1942,US,M
nm0711110,Jim Rash,1971,IT,M
nm3017046,Sophia Russo,1998,ES,M
nm0751647,Joe Russo,1943,IT,F
nm0498278,Stan Lee,1922,JP,M
nm2277926,Amelia Morck,1973,KR,F
nm0174403,Kerry Condon,1983,KR,F
nm1566474,Julianna Guill,1987,UK,F
nm4290240,Surely Alvelo,1986,KR,F
nm12991452,Brian Schaeffer,1995,ES,M
nm1943719,Kevin LaRosa II,2005,TW,M
nm0148844,Al Cerullo,1984,KR,M
nm0636005,Frédéric North,1961,FR,F
nm7297485,Ben Hioe,1968,IT,M
nm1736996,William Ngo,1977,ES,M
nm1228805,Ray Sahetapy,1957,IT,M
nm0892069,Christof Veillon,1982,IT,M
nm12429544,Mohamed Abdulla,1967,CA,F
nm6746394,Randy E. Aguebor,1954,CA,M
nm2213461,Chris Jai Alex,1982,FR,M
nm8211583,Tory L. Beckham,1986,IT,M
nm10530384,Jessie Bell,1964,IT,F
nm4286832,Carsten Berger,1952,ES,M
nm6316439,Jae Bireley,1967,KR,M
nm9324304,Larry Blanks,1940,UK,M
nm6925237,Tanner Michael Bradberry,1950,TW,M
nm10327631,Jason Bray,1979,DE,M
nm7466330,Bricine Brown,1958,IT,M
nm11453393,Tyler Carden,1975,CA,F
nm7009175,Kadrolsha Ona Carole,1985,JP,F
nm8336192,Lucie Carroll,1967,CA,F
nm5698290,Gregory Lee Cason,1981,DE,M
nm8741401,Kevin Christenson,1987,FR,M
nm5854970,Teo Ciltia,1968,US,M
nm0163781,Chuck Clark,1996,JP,F
nm0167139,Robert Clotworthy,1955,CA,M
nm6685821,Jameson Jamey Copeland,1964,UK,M
nm8112662,Nicholas Cordts,1975,US,M
nm13853046,Marisol Correa,1963,CA,F
nm7110749,Missy Crowder-Compton,1980,CA,F
nm0195150,Michael D'Amico,2001,DE,M
nm0992999,Laura Dünnwald,1974,FR,F
nm15095718,Justin East,1964,CA,F
nm1958265,Dirk Ellis,1982,ES,M
nm5241466,Mark Falvo,1964,DE,M
nm8791190,J Fewell,1973,ES,M
nm1053714,Carlos V. Flores,1993,KR,M
nm7705677,Shawron Gaffney,1985,KR,M
nm5206974,Candiss Nicole Gandy,1966,TW,F
nm14795537,Devan Gerlach,2002,DE,M
nm6708940,Tahseen Ghauri,2001,FR,M
nm15538074,Jeff Glover,1999,JP,M
nm7296307,Austin Handle,1996,TW,M
nm6514231,Beverly Hanley,1989,UK,F
nm6082036,Cody Mark Hanna,1966,UK,M
nm2180829,De'Adrian Harmon,1982,FR,M
nm3770779,Anthony B. Harris,1969,IT,M
nm6715275,Rory Healy,2002,TW,M
nm5863701,Kimberly Hester Huffstetler,1965,KR,F
nm4231400,Ifeyinwa,1955,KR,F
nm6106876,Maniissh Karma,1961,FR,M
nm7378125,Lainey Kloes,1980,JP,F
nm3280335,Steve Knoll,1978,US,M
nm7036560,Sanya Kongdara,1982,UK,M
nm4995103,Michael Koske,1971,ES,M
nm0474812,Inder Kumar,1973,ES,M
nm5537101,Dominic M. Lee,1954,UK,M
nm8949200,Walt Addison Linscott,1964,IT,F
nm0728080,Stephanie Long,1987,FR,F
nm7043346,Rogelio Lorenzo,1981,US,M
nm7341201,Daniel Lucente,1945,FR,M
nm1169215,Phil Mallon,1949,ES,M
nm0543219,Aaron Manning,1948,CA,M
nm4870726,Dorry Marie,1955,TW,F
nm1290697,Gayles Martavius,1953,TW,F
nm10050291,Michael Marx,2004,IT,F
nm3947930,Alberto Tito Matos Jr.,2000,JP,M
nm5323025,Taylor McPherson,1993,CA,M
nm5932666,Michael Mercaldi,1985,TW,M
nm10147187,Duane Moseley,1998,ES,M
nm10155275,Rob Muller,1993,JP,F
nm4116610,Dennis Oestreich,1994,DE,M
nm13687180,Rajeev Pahuja,1968,IT,M
nm0672164,Courtney Pennington,1994,UK,F
nm0680209,Anna Phillips,1997,FR,F
nm15825729,Letecia Reeder,1981,DE,M
nm2045854,Lare Roberts,1947,DE,M
nm6768665,Patti Schellhaas,1996,KR,F
nm8032520,Daniel Patrick Shook,1940,JP,M
nm2539632,Jason Shwartz,1949,DE,F
nm3596606,Mike Sibley,1954,JP,M
nm7416928,Jay Silla,1997,CA,M
nm7138530,Yvonne Singh,1987,JP,F
nm3558936,Lindsay Small Barrios,1957,DE,F
nm10703062,Megan Monaghan Smith,1957,CA,F
nm5848200,Jason Speer,1947,JP,M
nm11055689,Jimmy Star,1968,UK,M
nm4558847,Doug Stroup,1961,FR,M
nm6363181,Chris Theisinger,1970,KR,M
nm7295795,Sarai Tinck,1962,DE,F
nm10095138,John Vaughan,1981,IT,M
nm3605500,Emma Ve,1985,UK,F
nm0905975,Kent Wagner,1994,DE,M
nm6994615,Jolissa L. Williams,1992,DE,F
nm5830708,Erick Wofford,1972,DE,M
nm10788516,Jane Wu,1985,JP,M
nm6255315,Kim Yannayon,1947,DE,F
nm3309008,Jonathan Yaskoff,1995,US,M
nm3037642,Alexander Yassin,1963,ES,M
nm5436143,Alex Zelenka,1940,IT,M
nm7515545,Nykiya Adams,1948,US,F
nm4453291,Franz Rogowski,1986,US,M
nm4422686,Barry Keoghan,1992,TW,M
nm7781664,Jason Buda,1970,CA,M
nm6157473,Jasmine Jobson,1995,DE,F
nm10163216,Frankie Box,1999,UK,F
nm5663459,James Nelson-Joyce,1989,ES,M
nm10131274,Jason Williamson,2000,CA,F
nm3021178,Sarah Beth Harber,1994,KR,F
nm11531773,Rhys Yates,1983,ES,F
nm12522119,Joanne Matthews,1987,ES,F
nm5477751,Kirsty J. Curtis,1987,US,F
nm5994487,Calum Speed,1988,ES,M
nm11051429,Andrew Richard Bryant,1985,DE,M
nm0500200,Chyler Leigh,1982,TW,F
nm0005326,Jaime Pressly,1977,JP,F
nm0647638,Eric Christian Olsen,1977,KR,M
nm0000477,Mia Kirshner,1975,UK,F
nm0725091,Deon Richmond,1978,KR,M
nm0432657,Eric Jungmann,1981,US,M
nm0504516,Ron Lester,1970,US,M
nm0573097,Cody McMains,1985,TW,M
nm0403134,Sam Huntington,1982,UK,M
nm0305272,JoAnna Garcia Swisher,1979,ES,F
nm0000327,Lacey Chabert,1982,KR,F
nm0505949,Samm Levine,1982,TW,M
nm0898597,Cerina Vincent,1979,ES,F
nm0688919,Beverly Polcyn,1927,DE,F
nm0322339,Paul Gleason,1939,IT,M
nm0001558,Mr. T,1952,DE,M
nm0000208,Molly Ringwald,1968,CA,F
nm0001642,Randy Quaid,1950,ES,M
nm1027847,Samaire Armstrong,1980,UK,F
nm0741592,Nectar Rose,1974,TW,F
nm0809720,Riley Smith,1978,ES,M
nm0922263,Nathan West,1978,CA,M
nm1097302,Michelle Holgate,1973,IT,F
nm0588563,Jeanette Miller,1932,UK,F
nm0258117,Michael Ensign,1944,UK,M
nm1102342,Benjamin Waldow,1962,IT,M
nm1102140,Josh Radnor,1974,CA,M
nm1102051,Ross Mulholland,1992,JP,M
nm0792097,Dean Sheremet,1980,KR,M
nm0842372,Becca Sweitzer,1957,UK,F
nm1101222,Hayley Zelniker,1986,CA,F
nm0066972,Lukas Behnken,1979,IT,M
nm0414875,Josh Jacobson,1999,CA,M
nm1096910,Amber Goetz,1979,US,F
nm0083914,Joy Bisco,1975,CA,F
nm0993100,Morisa Taylor Kaplan,1948,UK,F
nm0943927,George Wyner,1945,KR,M
nm1101478,Ned Brower,1978,TW,M
nm0800335,Peter Simon,1943,UK,M
nm0324761,Joy Gohring,1963,JP,F
nm0938161,Tracy Kay,1950,ES,F
nm1102415,Jessica Asher,1958,CA,F
nm0809902,Sean Smith,1987,IT,M
nm0113697,Heather Brown,1981,KR,F
nm0580794,Ean Mering,1977,FR,M
nm0911700,Lyman Ward,1941,JP,M
nm10647957,Julie Welch,1987,ES,F
nm1101442,Daniel Bess,1977,ES,M
nm0364797,Jackie Harris Greenberg,1974,FR,F
nm0416856,James Read,1953,US,M
nm0070810,Rob Benedict,1970,DE,M
nm1031223,Banks McClintock,1985,FR,M
nm0426678,Jay Johnston,1968,UK,M
nm4555626,Jesse Capelli,1979,CA,F
nm0818934,Daniel Spink,1979,US,M
nm0674019,Osgood Perkins,1892,DE,M
nm0147472,Kyle Cease,1977,UK,M
nm0936364,Jim Wise,1964,KR,M
nm0060810,Kimi Bateman,1975,JP,F
nm0282575,Staci B. Flood,1974,CA,F
nm0809882,Sarah Christine Smith,1999,ES,F
nm0005415,China Shavers,1977,CA,F
nm0071304,H. Jon Benjamin,1966,TW,M
nm0324330,Paul Goebel,1968,FR,M
nm1458690,Good Charlotte,1977,ES,M
nm1102579,Marissa Fedele,1993,CA,F
nm1096895,Samuel Givens,1982,FR,M
nm0528944,Kimberly Lyon,1947,UK,F
nm0940342,Zachary Woodlee,1977,FR,M
nm0613775,Alec Murdock,1949,ES,M
nm0761509,Cynthena Sanders,1985,DE,F
nm0318603,Will Gill Jr.,1988,UK,M
nm1101546,Nick Zephyrin,1949,ES,M
nm0029058,Heidi Androl,1980,UK,F
nm1197100,Ian Aronson,1970,JP,M
nm0043807,Sam Ayers,1957,JP,M
nm0048169,Nick Bakay,1959,FR,M
nm0176941,Candice T. Cain,1976,TW,F
nm2034529,Maylen Calienes,1979,DE,F
nm15826410,Marcus Edward,1965,UK,M
nm12944070,Arturo Elizondo,1950,DE,F
nm2137219,David M. Francis,1962,UK,M
nm0004997,Melissa Joan Hart,1976,DE,F
nm0386816,Scott Hislop,1975,FR,M
nm1411770,Kelly S. King,1978,CA,F
nm0502044,Jarrett Lennon,1982,UK,M
nm1367450,Desi Lydic,1981,JP,F
nm1484804,Tracey McCall,1977,CA,F
nm11188289,Sandra McCoy,1945,KR,M
nm4046484,Paul McMichael,1975,ES,M
nm0766399,Michael Satterfield,1967,UK,M
nm2129539,Jennifer Schlueter,1941,US,F
nm1008104,Gena Shaw,1981,IT,F
nm1724136,Stephen Silberkraus,1981,CA,M
nm12400083,Abraham Smith,1967,US,M
nm0856311,Tessa,1990,JP,F
nm0859503,Sean Patrick Thomas,1970,US,M
nm1119873,Cassie Townsend,1976,DE,F
nm15533935,Jeremiah Vaughn,1949,CA,M
nm1479094,Susan Anne Wall,1965,DE,F
nm0000195,Bill Murray,1950,KR,M
nm0000601,Harold Ramis,1944,US,M
nm0001633,Annie Potts,1952,DE,F
nm0040472,William Atherton,1947,JP,M
nm0001368,Ernie Hudson,1945,ES,M
nm0546868,David Margulies,1937,KR,M
nm0850865,Steven Tash,1997,UK,M
nm0001690,Jennifer Runyon,1960,US,F
nm0431226,Slavitza Jovan,1954,US,F
nm0238541,Alice Drummond,1928,KR,F
nm0153366,Jordan Charney,1937,DE,M
nm0137114,Timothy Carhart,1953,JP,M
nm0745232,John Rothman,1949,ES,M
nm0567582,Tom McDermott,1912,US,M
nm0342339,Roger Grimsby,1928,KR,M
nm0005092,Larry King,1933,TW,M
nm0291460,Joe Franklin,1926,FR,M
nm0440487,Casey Kasem,1932,US,M
nm0727543,John Ring,1932,KR,M
nm0559157,Norman Matlock,1925,JP,M
nm0162748,Joe Cirillo,1996,US,M
nm0773356,Joe Schmieg,1964,DE,M
nm0312564,Rhoda Gemignani,1940,IT,F
nm0748133,Murray Rubin,1925,TW,M
nm0226759,Larry Dilg,1947,DE,M
nm0831812,Danny Stone,1956,JP,M
nm0245441,Patty Freedman,1952,US,F
nm0440488,Jean Kasem,1954,US,F
nm0215565,Lenny Del Genio,2001,IT,M
nm0623751,Frances E. Nealy,1918,FR,F
nm0608623,Sam Moses,1944,ES,M
nm0943942,Christopher Wynkoop,1943,TW,M
nm0562154,Winston May,1937,CA,M
nm0391218,Tommy Hollis,1954,TW,M
nm0580783,Eda Reiss Merin,1913,FR,F
nm0541510,Ric Mancini,1933,IT,M
nm0418174,Kathryn Janssen,1923,IT,F
nm0344043,Stanley Grover,1926,CA,M
nm0377760,Carol Ann Henry,1969,ES,F
nm0362171,James Hardie,2001,FR,M
nm0877555,Frantz Turner,1948,KR,M
nm0446715,Nancy Kelly,1921,TW,F
nm0870602,Paul Trafas,1949,IT,M
nm0083310,Cheryl Birchenfield,1946,US,F
nm0646992,Ruth Oliver,1910,CA,F
nm0380641,Kymberly Herrin,1957,FR,F
nm0031012,Shirley Anthony,1928,US,F
nm0051699,Murray Bandel,1940,KR,M
nm0082709,Larry Bilzarian,1986,ES,M
nm0116901,Billy Bryan,1954,TW,M
nm0128480,Matteo Cafiso,1972,UK,M
nm0137365,Catherine Carlen,1953,DE,F
nm7441740,Larry Chain,1978,UK,M
nm11263245,Marcello Clay,1942,IT,M
nm0173904,Frankie Como,1957,KR,M
nm1202332,Peter Costanza,1927,DE,M
nm7378821,James 'Hotfeet' Davis,1980,FR,M
nm0207357,John De Bello,1952,CA,F
nm13270538,Selby Dessner,1921,US,M
nm0243010,Brent Dunsford,1940,DE,M
nm0250252,Paddi Edwards,1931,CA,F
nm2083268,Eldo Ray Estes,2005,UK,M
nm1018001,Brute Force,1940,UK,M
nm0316933,Debbie Gibson,1970,DE,F
nm0318422,Laura Gile,1922,IT,F
nm0322681,Betty Jeanne Glennie,1931,IT,F
nm0341499,Gary F. Griffith,1991,DE,M
nm0532531,Willow Hale,1951,ES,F
nm2355600,Myra Haveson,1998,IT,F
nm0370757,Jon Hayden,1941,TW,M
nm15404643,Robert Hitchcock,1952,TW,M
nm0000465,Ron Jeremy,1953,ES,M
nm0455126,Paul King,1926,JP,F
nm0457278,Marlene Kisker,1932,JP,F
nm0503154,Ethelreda Leopold,1914,IT,F
nm0555778,Joseph Marzano,1934,JP,M
nm0575817,Joe Medjuck,1943,CA,M
nm0626256,Danny Nero,1952,DE,M
nm0666564,Frank Patton III,1970,KR,M
nm0712843,Harrison Ray,1945,CA,M
nm0718645,Ivan Reitman,1946,KR,F
nm0729526,Frank Rivers,1975,UK,M
nm0765776,George Sasaki,1931,CA,M
nm0865356,Mario Todisco,1949,KR,M
nm9834189,Audrie Zerul Turkel,1986,UK,F
nm0888421,Paul Van,1967,DE,M
nm0910476,Bill Walton,1952,IT,M
nm0920655,Manny Weltman,1931,TW,M
nm0933822,Mark Bryan Wilson,1958,TW,M
nm0936198,Billy Wirth,1962,ES,M
nm0319036,Anita Gillette,1936,JP,F
nm0100381,Dennis Boutsikaris,1952,US,M
nm0663820,Estelle Parsons,1927,DE,F
nm0032628,Amy Aquino,1957,FR,F
nm0003986,Stan Egi,1977,ES,M
nm0315342,Stephen Gevedon,1966,KR,M
nm0712736,Amy Ray,1964,KR,F
nm0758287,Emily Saliers,1963,CA,F
nm0161980,Jude Ciccolella,1947,DE,M
nm0781218,Jon Seda,1970,IT,M
nm0868226,Mimi Toro,1981,KR,F
nm0015935,Lori Alan,1966,ES,F
nm0566911,Mary Anne McGarry,1944,UK,F
nm0832601,Michael Storm,1939,FR,M
nm0795821,Danielle Shuman,1986,US,F
nm0624684,Julian Neil,1952,IT,M
nm0621788,Niecy Nash,1970,TW,F
nm0958797,Ted Zurkowski,1950,UK,M
nm0458820,Jill C. Klein,1962,ES,F
nm0189315,Marnie Crossen,1951,TW,F
nm0527316,Aaron Lustig,1956,JP,M
nm0925504,Terri White,1965,DE,F
nm0313739,George Georgiadis,1972,US,M
nm0446259,Cheryl A. Kelly,1949,FR,F
nm0176473,Adria Contreras,1984,KR,F
nm0250183,Malika Edwards,2003,US,F
nm0261021,Pablo Espinosa,1969,UK,M
nm0478874,Kevin La Presle,2002,FR,M
nm0542070,John F. Manfredonia,1950,TW,M
nm0795594,James Shuffield,1968,DE,M
nm0199093,Thomas Kevin Danaher,1953,FR,M
nm0567609,Richard Lowell McDole,1971,IT,M
nm0382025,Don Hewitt,1981,KR,M
nm0243367,Andy Duppin,1957,CA,M
nm0592373,Alan Mirikitani,1955,UK,M
nm0701518,Joe Pyles,1972,DE,M
nm0205664,Worthy Davis,1972,DE,M
nm0781807,Joshua Segal,2002,FR,M
nm0479183,Breta La Von,2002,CA,F
nm0428980,Patrice Jones,1952,ES,F
nm0488644,Tito Larriva,1961,UK,M
nm0599338,Gary Montemer,1985,TW,M
nm0290405,Vernon Francisco,1989,CA,M
nm0544245,Fidelis Manuel,1997,US,M
nm0647012,Sylvester Oliver,1984,IT,M
nm0553466,Benedict Martinez,1973,FR,M
nm0019125,Joseph Alfieri,1992,UK,F
nm3970617,Ruben Angelo,1972,CA,M
nm0038458,Nelson Ascencio,1964,KR,M
nm0181687,Priscilla Cory,1957,UK,F
nm2263933,Margaret Dane,1952,US,F
nm2506673,Robert DiDonato,1959,KR,M
nm11958979,Daniel Fortman,1980,KR,M
nm0295474,Eva-Marie Fredric,1956,UK,F
nm2933641,Lon Hoyt,1989,KR,F
nm0420201,Keith Jefferson,1970,ES,M
nm4223911,Phil Nardozzi,1973,TW,M
nm1548548,Colin O'Herlihy,1970,FR,M
nm0701373,Dorothy Ann Puzo,1974,DE,F
nm2997617,Shona Tucker,1963,UK,F
nm1412974,Glen Powell,1988,ES,M
nm5957029,Alyssa Benn,1945,ES,M
nm6906418,Sienna Benn,1974,CA,F
nm0953882,David Zayas,1962,JP,M
nm0870048,Greg Townley,1994,KR,M
nm3194762,Karl Glusman,1988,DE,M
nm3306943,James Frecheville,1991,TW,M
nm3681644,Alex Hoeffler,1991,KR,F
nm1195855,Lee Pace,1979,DE,M
nm0005003,Sean Hayes,1970,CA,M
nm4004844,Julia Cumming,1987,DE,F
nm0736785,Chris Rogers,1999,IT,M
nm11123883,Jayme Lawson,1997,FR,F
nm9582029,Tom Crowhurst,1994,CA,M
nm10236433,Reomy D Mpeho,1943,TW,M
nm0575223,Michael Mears,1957,UK,M
nm0247020,Robert Eades,1984,UK,M
nm12503618,Lee Charles,1962,UK,M
nm10586053,Simon Haines,1986,CA,M
nm6525379,Katy O'Brian,1983,TW,F
nm11958939,Martin Herlihy,1998,CA,M
nm10865541,Billy Clements,1989,JP,M
nm0174909,Shelley Conn,1976,IT,F
nm8720587,Thalia Dudek,1991,FR,F
nm10074317,Nicholas Richardson,1996,US,M
nm5902084,Law X,1993,FR,M
nm10392106,Tom Mackley,2005,FR,M
nm0000982,Josh Brolin,1968,DE,M
nm12089825,George Carroll,1949,IT,M
nm0169267,Catherine Cohen,1951,FR,M
nm6667199,Noah Ritter,1980,DE,M
nm4720651,Emma Sidi,1993,CA,F
nm8634318,Malcolm Atobrah,1979,JP,M
nm0657794,Georgia Goodman,1983,UK,F
nm0231458,Colman Domingo,1969,CA,M
nm12359499,John Paul Wagner,1970,JP,M
nm0382954,Russell Hicks,1895,IT,M
nm0011709,John Addison,1920,FR,M
nm14691640,Clarisse Encontre,2005,IT,F
nm10260603,Dylan Moore,1951,KR,M
nm0601425,Joshua Moore,1961,TW,M
nm7565682,Kaya Slawecka,1942,ES,F
nm0588227,Derek Miller,1974,US,M
nm6224672,Sophie Simnett,1997,JP,F
nm2165432,Mason Houltram,1987,DE,F
nm6007345,Hannah McClean,1958,UK,F
nm4571432,Roshani Abbey,1999,UK,F
nm0356025,Rich Hall,1954,JP,M
nm1921538,Angelo Gray,2005,CA,M
nm0565095,Danny McCarthy,1940,TW,F
nm0588469,Henry Miller,1891,DE,M
nm0045209,Michael Bacall,1973,UK,M
nm2986950,Suzanne Prescott,1977,DE,F
nm5746639,Daniel Ezra,1976,UK,M
nm1583978,Olunike Adeliyi,1977,CA,F
nm15947160,Jaya Griffith,1949,UK,F
nm0642101,Bill O'Neill,1977,DE,F
nm5213912,Chi Lewis-Parry,1963,IT,M
nm5065265,Charley Palmer Rothwell,1992,KR,M
nm15780181,Bebe Cave,1999,IT,M
nm0424819,Corey Johnson,1961,US,M
nm6733182,Will O'Donnell,1962,FR,F
nm0373472,Mark Heenehan,1988,DE,M
nm2614237,Alex Neustaedter,1998,ES,M
nm5827269,Boe Radley,1977,UK,M
nm0425270,Jack Johnson,1987,ES,M
nm0225549,Sandra Dickinson,1948,FR,F
nm4454223,Emilia Jones,2002,US,F
nm11764443,Renee Lamb,1991,TW,F
nm0121611,Brandon Burke,1999,ES,M
nm10054866,Graeme Dalling,1958,UK,M
nm1752532,Tadhg Murphy,1979,TW,M
nm5480831,Miles Ley,1962,TW,M
nm9332058,Ada Player,1944,JP,F
nm4562498,James Austin Johnson,1989,TW,M
nm9634463,Thea Achillea,1994,FR,F
nm9535459,Omar Alboukharey,1991,JP,M
nm10154309,Alice Bennett,1970,FR,F
nm10533370,Pierre Bergman,1959,FR,M
nm10718506,Stuart Cooke,1988,TW,M
nm8868388,Rene Costa,1996,KR,M
nm7631949,R.A. Donnelly,1954,UK,F
nm0235002,Craig Douglas,1941,DE,M
nm0270480,Danny Fehsenfeld,1975,US,M
nm12758201,Evgenios Kakolyris,1982,US,M
nm11105476,Tony McCarthy,2005,KR,M
nm0634308,Kevin Nolan,1947,FR,M
nm2107981,Viktoria Prokofieva,1951,US,M
nm15429609,Felicita Ramundo,1990,ES,F
nm13643875,Ivan Rangelov,1988,TW,M
nm5497919,Kasey Iliana Sfetsios,2003,IT,F
nm0822582,Richard Stanley,1966,FR,M
nm9378323,Alfredo Tavares,1985,US,M
nm15884062,Zachary Vaughan,1998,TW,M
nm15543485,Poppy Townsend White,2012,IT,F
nm0334048,Gary Graham,1950,ES,M
nm0424509,Anne-Marie Johnson,1960,US,F
nm0467178,Paul Koslo,1944,JP,M
nm0760203,Robert Sampson,1933,TW,M
nm0436518,Danny Kamekona,1935,IT,M
nm0556739,Hilary Mason,1917,IT,F
nm0020162,Michael Alldredge,1941,IT,M
nm0001062,Jeffrey Combs,1954,IT,M
nm0754241,Mike Saad,1975,UK,M
nm0930787,Ian Patrick Williams,1986,IT,M
nm0005189,Jason Marsden,1975,TW,M
nm0330069,Carolyn Purdy-Gordon,1947,KR,F
nm0507814,Thyme Lewis,1966,US,M
nm0143258,Russel Case,1991,IT,M
nm0178731,Geoffrey Copleston,1921,TW,M
nm0923849,Jacob Wheeler,1945,US,M
nm0750937,Del Russel,1952,UK,M
nm0231001,Larry Dolgin,1931,JP,M
nm0945563,Hal Yamanouchi,1946,JP,M
nm0899850,Alex Vitale,1984,US,M
nm0025020,Luca Amitrano,1989,ES,M
nm0131537,David Cameron,1933,DE,M
nm0723217,Jenai Ricci,1977,DE,F
nm0330312,Jillian Gordon,1954,UK,F
nm0330630,Suzanna Gordon,1987,UK,F
nm0108244,Wayne Brewer,1961,UK,M
nm0788302,John Shannon,1987,IT,M
nm0760178,James Edward Sampson,1975,ES,M
nm0671284,Steve Pelot,1995,ES,M
nm0570167,Bruce McGuire,1947,JP,M
nm0195560,Mark D'Auria,2000,DE,M
nm0362536,Claire Hardwick,1987,US,F
nm0579703,Marisa Menkins,1993,US,F
nm0894361,Michael Vermaaten,1985,DE,M
nm1100538,Sung Yee Tchao,1945,KR,M
nm2642713,Matteo Barzini,1944,JP,F
nm0149051,Enrico Cesaretti,1963,UK,M
nm0162635,Massimo Ciprari,1927,JP,M
nm0002340,Stuart Gordon,1947,IT,F
nm0000655,Eric Stoltz,1961,KR,M
nm0001711,Annabella Sciorra,1960,IT,F
nm0001177,Chris Eigeman,1965,US,M
nm0415070,Carlos Jacott,1967,JP,M
nm0001399,Marianne Jean-Baptiste,1967,TW,F
nm0450116,Brian Kerwin,1949,CA,M
nm0499856,John Lehr,1967,IT,M
nm0000953,Peter Bogdanovich,1939,JP,M
nm1056012,Vincent Polidoro,1943,KR,M
nm1055514,Yvette Brooks Grant,1955,JP,F
nm0815548,Jose Soto,1958,US,M
nm0946738,Delaine Yates,1973,US,F
nm0062264,Nico Baumbach,1980,CA,M
nm0145338,Joel Kastelberg,1969,JP,M
nm0999134,Dean Wareham,1963,TW,M
nm0956748,Leigh Zimmerman,1969,CA,F
nm1057201,Patricia Towers,1978,UK,F
nm0359834,Helen Hanft,1934,JP,F
nm0589899,Andrew Mills,1963,DE,M
nm1056864,James P. Engel,1961,DE,M
nm0311774,Martha Gehman,1950,CA,F
nm0441767,Lauren Katz,1999,ES,F
nm0086798,Michelle Blakely,1969,TW,F
nm0438323,Matthew Kaplan,1969,UK,M
nm0062263,Jonathan Baumbach,1933,IT,M
nm0962543,Julie Jacott,2004,KR,F
nm0000876,Noah Baumbach,1969,KR,M
nm0858776,Eddie Kaye Thomas,1980,TW,M
nm0000403,Bridget Fonda,1964,US,F
nm1055383,Laurie Durning,2004,DE,F
nm0715358,Christopher Reed,1967,KR,M
nm2143912,Marshall Dancing Elk Lucas,2000,IT,M
nm1369480,Patrick Coleman Duncan,1963,IT,M
nm0350453,Jake Gyllenhaal,1980,CA,M
nm0491259,Mélanie Laurent,1983,US,F
nm0300589,Sarah Gadon,1987,JP,F
nm0668702,Joshua Peace,1961,TW,M
nm0113983,Kedar Brown,1968,CA,M
nm2099067,Darryl Dinn,1979,CA,M
nm3974808,Misha Highstead,1988,ES,F
nm11921029,Megan Mane,1946,CA,F
nm4446603,Alexis Uiga,1983,IT,F
nm1072900,Kiran Friesen,1972,ES,F
nm1242679,Stephen R. Hart,1958,DE,M
nm0595576,Jane Moffat,1972,ES,M
nm0826936,Paul Stephen,1991,TW,M
nm2085879,Loretta Yu,1982,JP,F
nm0628601,Thandiwe Newton,1972,TW,F
nm0694066,Clifton Powell,1956,FR,M
nm0711529,Lester Speight,1963,DE,M
nm0341176,Eddie Griffin,1968,US,M
nm1139343,Katt Williams,1973,ES,M
nm0505801,Floyd Levine,1932,FR,M
nm0751001,Anthony Russell,1970,US,M
nm0114390,Pat Crawford Brown,1929,KR,F
nm0173485,Michael Colyar,1957,IT,M
nm0005541,Marlon Wayans,1972,ES,M
nm0722224,Alexis Rhee,1962,TW,F
nm1367048,Khamani Griffin,1998,DE,M
nm0717184,Austin Reid,1958,ES,M
nm2347201,Lindsey Sims-Lewis,1998,KR,F
nm1982086,China Anderson,1999,CA,F
nm1102891,Kristen Schaal,1978,DE,F
nm1097364,Rob Huebel,1969,DE,M
nm2524338,Michael Vossler,1961,ES,M
nm2524347,Travis Vossler,1974,JP,M
nm12867544,Mason Knight,1997,US,F
nm0732764,Jonathan Robinson,1968,CA,M
nm2376575,Lola St. Vil,1942,IT,F
nm0304579,Richard Gant,1944,JP,M
nm0064277,Susan Beaubian,1951,FR,F
nm0309691,John Gatins,1992,TW,M
nm10056648,Laura Ortiz,1980,TW,F
nm0730428,Miles Robbins,1992,ES,M
nm0614151,Charlie Murphy,1959,FR,M
nm1190513,Hayley Marie Norman,1984,US,F
nm1675919,Sara Sanderson,1980,TW,F
nm1703159,Smith Cho,1993,TW,F
nm0295214,Esther Friedman,1966,IT,F
nm1279663,Lonnie Henderson,1978,JP,M
nm0737766,Carmen Rojas,1983,UK,F
nm0611127,Marianne Muellerleile,1948,JP,F
nm1285105,Frank Langley,1983,IT,M
nm0000467,Don Johnson,1949,US,M
nm2524329,Greta Bommelje,1969,UK,F
nm2524343,Jesse Mendel,1986,TW,F
nm2524335,Kayren Wallace,1959,CA,F
nm1717570,Kendra McCulty,1995,TW,F
nm2524346,Amanda Sawyer,1998,US,F
nm1153012,Cameron Ur,1998,ES,M
nm2524349,Lisa Marie Fernandez,1991,UK,F
nm10423669,Taylor Kennedy,1997,UK,F
nm2524332,Hakeem Washington,1998,US,M
nm1962872,Fumi Desalu-Vold,1979,CA,F
nm2386514,Sammy B. Willis,1950,IT,F
nm2524339,Shyann Shane Lee,2001,CA,F
nm2524337,Richard Corgiat,1945,FR,M
nm1824251,Marc De'Antone,1995,KR,M
nm0584056,Vince Micelli,1989,KR,M
nm2524340,Ollie Rasbury,1995,ES,F
nm0068158,Donald Bell,1934,KR,M
nm0170757,Ron Cole,1988,DE,F
nm1830031,Eurydice Davis,1976,DE,F
nm0029669,George Angelo,1988,CA,M
nm10362717,Anthony Vela,1941,ES,M
nm0828755,Sally Stevens,1939,CA,F
nm0098224,Kathryn Bostic,1994,DE,M
nm0697018,Louis Price,1944,FR,M
nm0878582,Carmen Twillie,1950,UK,F
nm0914027,Maxine Waters Willard,1945,UK,F
nm0914153,Oren Waters,1949,CA,M
nm0922149,John J West,2001,JP,M
nm0940040,Terry Wood,1941,US,M
nm0178592,Craig Copeland,1945,UK,M
nm1633596,Wendy Fraser,1971,FR,F
nm0112976,Alex Brown,2003,CA,M
nm0431501,Bob Joyce,1944,US,F
nm0463507,Teri Eiko Koide,2001,KR,F
nm11102234,Gerald White,1977,JP,F
nm2109115,Guy Maeda,1985,JP,M
nm0413382,Clydene Jackson,1999,KR,F
nm0502054,Kipp Lennon,1960,UK,M
nm0154729,Alvin Chea,1967,UK,M
nm0694181,Josef Powell,1967,IT,M
nm0681000,Darryl Phinnessee,1991,UK,M
nm2881908,Donna Medine,1949,CA,F
nm5178870,Neisha Folkes,1970,US,M
nm12887600,Tyrell Washington,1978,IT,M
nm1379740,Kristin Denehy,1973,JP,F
nm0413961,Reginald Jackson,1941,JP,F
nm1551511,Lucas Raynaud,2002,ES,M
nm1872458,Celestina,1952,ES,F
nm2271545,Trisha Carman,2004,JP,F
nm2638818,Kevin Cater,1981,US,M
nm3080123,Thomas Fiss,1986,ES,M
nm2369350,Garrett Forbes,1987,FR,M
nm2444107,Charlene Geisler,1999,US,F
nm0326059,David Goldsmith,1969,US,M
nm10846339,Sean Hampton,1995,ES,M
nm4058090,Kevon Kane,2003,TW,M
nm0443248,Spencer Kayden,1971,TW,F
nm0446845,Samantha Kelly,1989,CA,F
nm10493322,Jennifer Lauren,1949,TW,F
nm2577262,Anastacia McPherson,1998,ES,F
nm1800846,Flavia Nanko,2003,IT,F
nm1800847,Sarah Nanko,2005,IT,F
nm8660266,Monica Precie,1967,CA,F
nm10691679,Alex Richard,2004,CA,F
nm2946188,Lamonte Rogers,1969,US,M
nm10596264,Bruna Rubio,1942,FR,F
nm5007473,David Sampen,1985,FR,M
nm2537914,Haleigh Ward,1998,DE,F
nm0000345,Billy Crystal,1948,CA,M
nm0456124,Bruno Kirby,1949,FR,M
nm0285885,Steven Ford,1956,UK,M
nm0675484,Lisa Jane Persky,1955,KR,F
nm0629264,Michelle Nicastro,1960,DE,F
nm0658252,Gretchen Palmer,1961,CA,F
nm0079612,Robert Alan Beuth,1957,ES,M
nm0120968,David Burdick,1992,ES,M
nm0900341,Joe Viviani,1993,KR,M
nm0402512,Joseph Hunt,1945,UK,M
nm0740332,Kevin Rooney,1949,FR,M
nm0527744,Franc Luz,1950,US,M
nm0373600,Kyle T. Heffner,1957,US,M
nm0482839,Kimberley LaMarque,1987,UK,F
nm0441917,Stacey Katzin,1965,FR,F
nm0717995,Estelle Reiner,1914,TW,F
nm0033571,John Arceri,1929,IT,M
nm0206540,Peter Day,1997,TW,M
nm0819365,Kuno Sponholz,1911,UK,M
nm0768145,Connie Sawyer,1912,US,F
nm0240791,Charles Dugan,1912,DE,M
nm0820096,Katherine Squire,1903,FR,F
nm0160678,Al Christy,1918,IT,M
nm0151589,Frances Chaney,1915,JP,F
nm0379468,Bernie Hern,1915,KR,M
nm0942776,Rose Wright,1966,DE,F
nm0744112,Aldo Rossi,1926,US,M
nm0362620,Dona Hardy,1912,KR,F
nm0659025,Peter Pan,1903,UK,M
nm0161237,Jane Chung,1911,TW,F
nm0011917,Bob Ader,1952,FR,M
nm0000006,Ingrid Bergman,1915,IT,F
nm0229362,Jeff Dlugolecki,2004,IT,M
nm7055569,Cynthia Elane,1982,UK,F
nm1361403,David Giardina,1962,IT,M
nm0321680,Nicholas Glaeser,1964,UK,M
nm3377594,Earl Hundt,1960,IT,M
nm0416852,Randy James,1947,CA,F
nm0601885,Stanley Moore,1995,TW,M
nm3554323,Johnny Raimondo,1963,JP,M
nm0001647,Claude Rains,1889,FR,M
nm0792502,Larry Sherman,1923,US,M
nm0816834,Marilyn Spanier,1964,JP,F
nm0818285,John Speredakos,1962,CA,M
nm0859899,Billy Marshall Thompson,1964,KR,M
nm5730418,Terry Vaughan,1992,US,F
nm1131087,Anthony Welch,1993,JP,M
