role_id,actor_id,movie_id
role_3bf7429a,nm0001749,tt3722070
role_683db3a1,nm0000980,tt3722070
role_7e78788d,nm5297113,tt3722070
role_4e1b7f22,nm0006070,tt3722070
role_dace7f78,nm3137699,tt3722070
role_da5d36f2,nm0421105,tt3722070
role_15438167,nm10272811,tt3722070
role_c89baba8,nm0277525,tt3722070
role_a86310d1,nm0019885,tt3722070
role_9ebe61ce,nm0341743,tt3722070
role_e9bfbb0b,nm0005134,tt0467110
role_fcdfa316,nm0227759,tt0467110
role_57177427,nm0000902,tt0467110
role_b08cb5f4,nm0911320,tt0467110
role_81564098,nm1665342,tt0467110
role_7baa6456,nm0597410,tt0467110
role_fb0adea1,nm0805476,tt0467110
role_ddf98007,nm0010734,tt0467110
role_18f21ac2,nm0004951,tt0467110
role_b5af0a0d,nm1200650,tt0467110
role_8f086c3a,nm5428973,tt2221640
role_b21baaa9,nm3306978,tt2221640
role_e3d9a74f,nm5117061,tt2221640
role_fda0cc4f,nm5118111,tt2221640
role_a04df5b2,nm5116997,tt2221640
role_d0e4b04d,nm12870513,tt2221640
role_70e6cd14,nm6497181,tt2221640
role_eeabda5a,nm0000285,tt0425253
role_91dea310,nm10427805,tt0425253
role_c55e2af2,nm0005251,tt0425253
role_6a97e2c3,nm0000156,tt0425253
role_2db9fa41,nm0005561,tt0425253
role_3830affd,nm1343003,tt0425253
role_2df7ce49,nm0337042,tt0425253
role_8303ff05,nm1815264,tt0425253
role_c29719e2,nm0756089,tt0218619
role_41fae84f,nm0004747,tt0218619
role_147f518a,nm0000729,tt0218619
role_e698f05f,nm0244630,tt0218619
role_4258f18d,nm0004911,tt0218619
role_9ca93209,nm0005561,tt0218619
role_ebc03c08,nm0357718,tt0218619
role_bd10e10a,nm0604050,tt0218619
role_0cfed299,nm0660013,tt0218619
role_038554e1,nm0731732,tt0218619
role_54013b9c,nm0000313,tt1121096
role_bf77c777,nm1602660,tt1121096
role_7b926106,nm0000194,tt1121096
role_1cc78eee,nm2539953,tt1121096
role_c6594c1d,nm1662644,tt1121096
role_dcaa01be,nm0931404,tt1121096
role_0c8db1f3,nm0220883,tt1121096
role_ec4b305a,nm3229685,tt1121096
role_1bcd562f,nm0005023,tt1121096
role_2d7e465f,nm0687679,tt1121096
role_c1cdf3b9,nm0000658,tt0091188
role_4d29b040,nm0000197,tt0091188
role_addd3870,nm0001099,tt0091188
role_2cde95af,nm0822972,tt0091188
role_8a860f05,nm0000330,tt0091188
role_cc3d50d4,nm0557956,tt0091188
role_d50865d2,nm0001573,tt0091188
role_29eb3672,nm0384696,tt0091188
role_62cdb976,nm0001232,tt0091188
role_610f51c4,nm0336701,tt0091188
role_b80a474d,nm0631490,tt1235189
role_54c33b4e,nm1289434,tt1235189
role_6854a6f2,nm0342488,tt1235189
role_95e2fd98,nm0000391,tt1235189
role_6f2c7028,nm0040586,tt1235189
role_f2710d83,nm0293508,tt1235189
role_2b786240,nm0279524,tt1235189
role_32184138,nm1052141,tt1235189
role_39e2f198,nm1239499,tt1235189
role_9dd4a666,nm0240375,tt1235189
role_d4742564,nm5473880,tt3850214
role_cdee82eb,nm10336906,tt3850214
role_f7b33925,nm0064193,tt3850214
role_46c6d478,nm0094170,tt3850214
role_e74eb09a,nm3903943,tt3850214
role_c75f2491,nm15885596,tt3850214
role_3902778c,nm4169922,tt3850214
role_66ef24ba,nm0253708,tt3850214
role_fcebfcc2,nm0289213,tt3850214
role_856b8fc1,nm10706920,tt3850214
role_d9316ad4,nm0467563,tt0086192
role_83a7a704,nm0899918,tt0086192
role_d49c877e,nm0296901,tt0086192
role_46b90e54,nm0730837,tt0086192
role_3dea715a,nm0002869,tt0086192
role_db427221,nm0651930,tt0086192
role_6ccde086,nm0274014,tt0086192
role_8bf0fabc,nm0467559,tt0086192
role_810861e3,nm0483767,tt0086192
role_6e39768d,nm0032536,tt0141974
role_4ad4c1e7,nm0038918,tt0141974
role_6deeae8f,nm0069331,tt0141974
role_f258db31,nm0192191,tt0141974
role_144e1b2a,nm0268199,tt0141974
role_99b5033a,nm0642718,tt0141974
role_3bd8e34d,nm0842770,tt0141974
role_10bb438c,nm0861631,tt0141974
role_a79d7641,nm0908446,tt0141974
role_8c18d575,nm0935653,tt0141974
role_18d2bc38,nm0452009,tt0105316
role_a51115ac,nm0000155,tt0105316
role_db717175,nm0538460,tt0105316
role_64353099,nm0434712,tt0105316
role_4b18a568,nm0229335,tt0105316
role_44f3e3f3,nm0628913,tt0105316
role_a19e80a4,nm1984577,tt0105316
role_f9baa81b,nm0576945,tt0105316
role_1b9e73b9,nm0925722,tt0105316
role_84f1c95f,nm0583905,tt0105316
role_9dd4fcbf,nm1265802,tt1753383
role_92cde374,nm0000598,tt1753383
role_b9ba5579,nm0005152,tt1753383
role_92d951ef,nm7291339,tt1753383
role_9c97353a,nm2187559,tt1753383
role_43275a1f,nm1628115,tt1753383
role_c2c0d9b1,nm0456186,tt1753383
role_1d54ef1d,nm0000518,tt0105046
role_66e36e1d,nm0000641,tt0105046
role_f366e778,nm0001827,tt0105046
role_b23e8103,nm0797150,tt0105046
role_150c50d6,nm0000145,tt0105046
role_7f87fd74,nm0856012,tt0105046
role_d462b5b8,nm0726223,tt0105046
role_c943f3e7,nm0000793,tt0105046
role_16726a9e,nm0608012,tt0105046
role_067766c4,nm0932244,tt0105046
role_eadf2886,nm0136797,tt3289724
role_7e84903a,nm13501063,tt3289724
role_771c4862,nm0641610,tt3289724
role_bd7a5408,nm15609025,tt3289724
role_747bdca7,nm5025690,tt3289724
role_07335381,nm0280559,tt0113540
role_a5a44180,nm0376592,tt0113540
role_e9db321b,nm0682399,tt0113540
role_bf726e30,nm0150954,tt0113540
role_3db80c27,nm0821022,tt0113540
role_6c85f5da,nm0112957,tt0113540
role_09861e13,nm0080159,tt0113540
role_171af045,nm0883600,tt0113540
role_718066fd,nm0907050,tt0113540
role_c784569d,nm0639241,tt0113540
role_84a7307d,nm0001737,tt0114108
role_d9354f5f,nm0325390,tt0114108
role_fb184596,nm0000902,tt0114108
role_9a741330,nm0000347,tt0114108
role_7086fe3c,nm0454436,tt0114108
role_875f3bb6,nm0868984,tt0114108
role_18d40c1b,nm0752900,tt0114108
role_135ed86f,nm0743719,tt0114108
role_2fd3a4ad,nm13247318,tt1615160
role_f2bcec15,nm0000329,tt1615160
role_efd5440b,nm10619279,tt1615160
role_ba282042,nm0849214,tt1615160
role_0dd80522,nm0188770,tt1615160
role_26ec329f,nm0126133,tt1615160
role_4a148b92,nm2980858,tt1615160
role_d1056798,nm1394398,tt1615160
role_abadbe4a,nm4027215,tt1615160
role_f61293f9,nm0000112,tt1615160
role_28ddd0a0,nm0127447,tt0097194
role_ef028087,nm0808907,tt0097194
role_716c2763,nm0606656,tt0097194
role_95e1adb9,nm0286964,tt0097194
role_944c4470,nm0239914,tt0097194
role_d2168ed6,nm0492192,tt0097194
role_be06cd20,nm0425355,tt0097194
role_d03c2a81,nm0494189,tt0097194
role_231a89d6,nm0846811,tt0097194
role_0c339af1,nm0389520,tt0097194
role_71600d25,nm0001191,tt1086772
role_b9cdabce,nm0000106,tt1086772
role_a001dfc9,nm0005265,tt1086772
role_1fd621a2,nm0187719,tt1086772
role_4dc25f88,nm1018488,tt1086772
role_be38fda2,nm15432581,tt1086772
role_a87bce62,nm0570364,tt1086772
role_e2801526,nm0628951,tt1086772
role_3df20dad,nm12883919,tt1086772
role_8092af34,nm4758216,tt1086772
role_2eb26239,nm0000194,tt7985692
role_098ef689,nm0931329,tt7985692
role_8e78a4a7,nm0001082,tt7985692
role_0c51a973,nm5362984,tt7985692
role_e11f903f,nm15004811,tt7985692
role_d4d711cd,nm0085959,tt7985692
role_52281719,nm0153855,tt7985692
role_e6e60a58,nm0204555,tt7985692
role_5f270295,nm7309485,tt7985692
role_29b5fa4c,nm7867623,tt7985692
role_d488ddda,nm0000331,tt0083254
role_0edd8273,nm0000402,tt0083254
role_b8f80394,nm0000781,tt0083254
role_524468d8,nm0536850,tt0083254
role_4e6f797f,nm0232817,tt0083254
role_55bb2c8c,nm0000863,tt0083254
role_b963f983,nm0538683,tt0083254
role_ed469b0d,nm0399155,tt0083254
role_e7b5cba5,nm0566588,tt0083254
role_bf0edbaf,nm0035060,tt0083254
role_8d326537,nm0002332,tt0090693
role_d1e4f32c,nm0138482,tt0090693
role_27fb79c6,nm0000452,tt0090693
role_bcb3508d,nm0593463,tt0090693
role_db3584c5,nm0703811,tt0090693
role_163d641b,nm0502442,tt0090693
role_2602a49f,nm0788251,tt0090693
role_2daf7998,nm0831814,tt0090693
role_67cc4a13,nm0129538,tt0090693
role_4e93ca73,nm0000401,tt0090693
role_9d39582d,nm0432040,tt0372824
role_1cfe985c,nm0075710,tt0372824
role_77524908,nm0580101,tt0372824
role_4d6e6a1d,nm0094786,tt0372824
role_6db7f6e5,nm0120431,tt0372824
role_359b8bb3,nm1533863,tt0372824
role_5d03a4eb,nm1532669,tt0372824
role_bcf109c3,nm1531691,tt0372824
role_db091ed6,nm1533569,tt0372824
role_1e8b9270,nm1531112,tt0372824
role_c453d974,nm0293508,tt3009772
role_a26f256d,nm1072555,tt3009772
role_ed12591f,nm3821405,tt3009772
role_a37e4055,nm1851981,tt3009772
role_9113bae6,nm0940990,tt3009772
role_41a0ba5f,nm1887429,tt3009772
role_99f38ecc,nm0788453,tt3009772
role_67f418c9,nm14836720,tt3009772
role_da5a77dc,nm0004852,tt3009772
role_e8d2d168,nm0480775,tt3009772
role_74beafa4,nm1475594,tt0989757
role_5fdb5e20,nm1086543,tt0989757
role_d8abbb5e,nm0003496,tt0989757
role_7c748130,nm0001794,tt0989757
role_314180be,nm1366616,tt0989757
role_52dfaf87,nm1150144,tt0989757
role_ebbd40b8,nm3185212,tt0989757
role_38ec4d9a,nm3398026,tt0989757
role_385c2e11,nm0732803,tt0989757
role_111a0fe0,nm0692288,tt0989757
role_a422f8b6,nm0000173,tt0276919
role_41221beb,nm0027683,tt0276919
role_b9612b60,nm0000002,tt0276919
role_0805d2dd,nm0000852,tt0276919
role_f021eb47,nm0079273,tt0276919
role_60ba7acb,nm0001974,tt0276919
role_6c8ee655,nm0001001,tt0276919
role_85ff6484,nm0165101,tt0276919
role_9464cc4c,nm0001111,tt0276919
role_40ea68ad,nm0001262,tt0276919
role_564114de,nm2040230,tt6802308
role_53b3d37f,nm7556035,tt6802308
role_e98ca075,nm10452536,tt6802308
role_88008327,nm10270623,tt6802308
role_3b7fa4d0,nm0339460,tt6802308
role_afc8d5e4,nm0278979,tt6802308
role_9dc064fe,nm0924884,tt6802308
role_11b3666d,nm0421264,tt6802308
role_fbf0c20d,nm7291339,tt6802308
role_5be74fcb,nm8227651,tt6802308
role_022f3d75,nm0746583,tt0090357
role_a4bb2dd9,nm0184893,tt0090357
role_7cca5482,nm0001830,tt0090357
role_a827ad94,nm0001891,tt0090357
role_c698e1bb,nm0281453,tt0090357
role_186db4b9,nm0428086,tt0090357
role_ea287629,nm0830740,tt0090357
role_dd4fb04a,nm0004355,tt0090357
role_763ad5ae,nm0722419,tt0090357
role_cc64744e,nm0653580,tt0090357
role_8d603e6e,nm0001574,tt0084714
role_5873c069,nm0000261,tt0084714
role_57688834,nm0001228,tt0084714
role_f65644c7,nm0000249,tt0084714
role_1d5fcba6,nm0039051,tt0084714
role_c21bdaad,nm0001133,tt0084714
role_a86c1912,nm0780121,tt0084714
role_64d341cb,nm0525041,tt0084714
role_2cc593a6,nm0241143,tt0084714
role_fef2e642,nm0000221,tt0107144
role_5f5edc65,nm0000978,tt0107144
role_70e7282d,nm0000420,tt0107144
role_79a7a875,nm0001077,tt0107144
role_9540f06a,nm0000283,tt0107144
role_4d4bc194,nm0001208,tt0107144
role_a311213d,nm0000100,tt0107144
role_a2efff3c,nm0355062,tt0107144
role_3d5dcd11,nm0906251,tt0107144
role_31c9c06b,nm0752751,tt0107144
role_ad20ca9a,nm2154960,tt6791096
role_286fe30b,nm0931329,tt6791096
role_eb01d929,nm2584392,tt6791096
role_178033e5,nm2665168,tt6791096
role_511bda97,nm0553440,tt6791096
role_f7ae5b89,nm1589279,tt6791096
role_479a1b2c,nm5262775,tt6791096
role_4f1588d2,nm0005311,tt6791096
role_9276d449,nm0001381,tt6791096
role_a6ec6a52,nm3550886,tt6791096
role_5670f7a5,nm0258931,tt0080455
role_0c8ea8ee,nm0909212,tt0080455
role_adeb9f10,nm0000004,tt0080455
role_a2073a36,nm0505979,tt0080455
role_f0f78fa0,nm0000568,tt0080455
role_ee02a599,nm0000101,tt0080455
role_7356320e,nm0293466,tt0080455
role_5114ee4c,nm0130572,tt0080455
role_7409db76,nm0040551,tt0080455
role_45d59811,nm0113768,tt0080455
role_f8496f0e,nm0004647,tt0064787
role_6ee0a1fa,nm0814799,tt0064787
role_0dfad29b,nm0246293,tt0064787
role_9995e2cb,nm0197623,tt0064787
role_7ed7ceb1,nm0168822,tt0064787
role_2eaffbc3,nm0698330,tt0064787
role_f3c84913,nm0357166,tt0064787
role_cf83a0d1,nm0246502,tt0064787
role_fdedd611,nm0822268,tt0064787
role_fee338d6,nm0746295,tt0064787
role_dfa27052,nm0001637,tt0112389
role_67baa507,nm0656116,tt0112389
role_b247eb17,nm0515138,tt0112389
role_cfabc657,nm0140805,tt0112389
role_832d3d9d,nm0720890,tt0112389
role_52f697c4,nm0551065,tt0112389
role_ee2e8a0c,nm0000560,tt0118564
role_2277d270,nm0862923,tt0118564
role_6e511d40,nm0651660,tt0118564
role_e8605acb,nm0874082,tt0118564
role_9a36e9bd,nm0692874,tt0118564
role_eae2d07e,nm0382216,tt0118564
role_2ffde1cf,nm0783033,tt0118564
role_7b08ee43,nm0857574,tt0118564
role_21efd8c8,nm0002148,tt0118564
role_6e17410d,nm0829717,tt0118564
role_b0a705ae,nm0000158,tt0098536
role_4fa2557f,nm0001858,tt0098536
role_83d29fdd,nm0005266,tt0098536
role_ede4c58a,nm0001817,tt0098536
role_7e57e15b,nm0667182,tt0098536
role_cbb85c2f,nm0703862,tt0098536
role_ce3d061d,nm0570615,tt0098536
role_5104b2ab,nm0460671,tt0098536
role_a0475f5c,nm0808076,tt0098536
role_aaeeb52d,nm0769000,tt0098536
role_80bdcd3b,nm0000578,tt0097263
role_debeb7bc,nm0053392,tt0097263
role_461fcf09,nm0861639,tt0097263
role_10e506c8,nm0517084,tt0097263
role_7a9041bf,nm0170450,tt0097263
role_3bf634dc,nm0422457,tt0097263
role_4db1ff5e,nm0577657,tt0097263
role_2ca59b69,nm0205040,tt0097263
role_9966aa25,nm0171168,tt0097263
role_383ca3d6,nm0000892,tt0095652
role_e2f45dc0,nm0659601,tt0095652
role_386c33a2,nm0573896,tt0095652
role_0d8a0616,nm0887696,tt0095652
role_400e82da,nm0286611,tt0095652
role_5211e780,nm0740535,tt0095652
role_ebc2d850,nm0001804,tt0095652
role_b73f6eac,nm10135555,tt0095652
role_a23f3f9e,nm0005508,tt0095652
role_e6e5d176,nm0628309,tt0095652
role_c42c97d3,nm0000147,tt0098575
role_6e7f4957,nm0000906,tt0098575
role_800fb19b,nm0000672,tt0098575
role_8ec42b5c,nm0000103,tt0098575
role_f2244cd4,nm0680795,tt0098575
role_8404b560,nm0000470,tt0098575
role_d8baace7,nm0001794,tt0098575
role_837a145e,nm0236902,tt0098575
role_0557666e,nm0571435,tt0098575
role_e4cd8884,nm0086262,tt0098575
role_7b4d232a,nm0005392,tt2387433
role_b32b9b67,nm0357979,tt2387433
role_8bf377b5,nm2023672,tt2387433
role_3416075b,nm4595603,tt2387433
role_e23901c3,nm0799777,tt2387433
role_226c3000,nm7537456,tt2387433
role_26744326,nm0404475,tt2387433
role_fcea2952,nm0188041,tt2387433
role_58692d66,nm4114443,tt2387433
role_279e067e,nm10752025,tt2387433
role_6cbe7e24,nm0568169,tt0087746
role_2e58f788,nm0908594,tt0087746
role_4180bde9,nm0000200,tt0087746
role_67f7f08d,nm0313519,tt0087746
role_29e3d4e1,nm0313387,tt0087746
role_9e8b25af,nm0043771,tt0087746
role_25e90c3c,nm0174681,tt0087746
role_9cede3ad,nm0308108,tt0087746
role_b3cd8fca,nm0443314,tt0087746
role_99b28869,nm0541636,tt0087746
role_1ed64d06,nm0000492,tt0095286
role_85b5b123,nm0882853,tt0095286
role_87b4f988,nm0356478,tt0095286
role_b3264c67,nm0522392,tt0095286
role_1cc557c7,nm0714310,tt0095286
role_c523a3e2,nm0920446,tt0095286
role_352c1ed6,nm0769508,tt0095286
role_b4afdc70,nm1262203,tt0095286
role_82be3978,nm0000114,tt0095286
role_daeb0a02,nm0821734,tt0095286
role_af6454de,nm4360085,tt0460890
role_e3d9c81a,nm0000313,tt0460890
role_cd40d860,nm0000295,tt0460890
role_66effbdc,nm0000112,tt0460890
role_07d30b5a,nm0633223,tt0460890
role_69efb18d,nm4169922,tt0460890
role_9068094a,nm0004883,tt0460890
role_3638a5b6,nm0001728,tt0460890
role_2c6e5992,nm0243117,tt0460890
role_dfbd582e,nm0000529,tt0460890
role_18f00124,nm0000368,tt0102753
role_2790507f,nm0000380,tt0102753
role_ba767507,nm0002663,tt0102753
role_b98e0b92,nm0001305,tt0102753
role_810a5f7c,nm0001334,tt0102753
role_2d2cd43c,nm0176723,tt0102753
role_2b082609,nm0121559,tt0102753
role_df40cba7,nm0004356,tt0102753
role_cecc9ad7,nm0516970,tt0102753
role_49d6316e,nm0840175,tt0102753
role_a5a7b2d4,nm0004874,tt1905041
role_6350e072,nm0908094,tt1905041
role_ddf4e67e,nm0425005,tt1905041
role_c4166bc1,nm0108287,tt1905041
role_11b87d51,nm0735442,tt1905041
role_3de7439b,nm0879085,tt1905041
role_d2b2fc86,nm0437646,tt1905041
role_7e4726f1,nm2933757,tt1905041
role_e5b38f53,nm0524839,tt1905041
role_f98e98ed,nm11437243,tt1905041
role_c21ad3bf,nm0000867,tt0889573
role_7074c577,nm1043006,tt0889573
role_7d80ed6c,nm0000098,tt0889573
role_1d3712f0,nm0000156,tt0889573
role_5a2c6dca,nm0000496,tt0889573
role_e88f3549,nm0521974,tt0889573
role_1be6bd85,nm2040932,tt0889573
role_da397ed2,nm0933940,tt0889573
role_655ed9a6,nm3135063,tt0889573
role_2d8972de,nm1799058,tt0889573
role_e0267e61,nm0189504,tt0258038
role_3debae2e,nm1356578,tt0258038
role_9c17c0e5,nm0177639,tt0258038
role_1243aca5,nm0146146,tt0258038
role_544be314,nm0001816,tt0258038
role_e5e84c33,nm0843100,tt0258038
role_98138978,nm0001674,tt0258038
role_7aeb00ec,nm0431660,tt0258038
role_ae89e165,nm0000128,tt0311113
role_711e375e,nm0079273,tt0311113
role_ee131fa6,nm0195439,tt0311113
role_48344212,nm0940105,tt0311113
role_ce1dbd91,nm0488271,tt0311113
role_dacdc045,nm1263986,tt0311113
role_8b7517ad,nm0709526,tt0311113
role_b898959a,nm1263131,tt0311113
role_aa489118,nm0408846,tt0311113
role_dd9f83a8,nm11695874,tt0311113
role_ec2eb587,nm2623902,tt6905696
role_66363bd9,nm2633535,tt6905696
role_b332fca0,nm3284401,tt6905696
role_d84b2c63,nm6806440,tt6905696
role_a69be283,nm5795508,tt6905696
role_266938f7,nm8525655,tt6905696
role_6b9be0e5,nm5598573,tt6905696
role_560943a0,nm0670408,tt6905696
role_801b3364,nm2367998,tt6905696
role_dba11175,nm0262621,tt6905696
role_5e7d7282,nm0000154,tt0104291
role_d15764b5,nm0000130,tt0104291
role_54675480,nm0000704,tt0104291
role_e61fd722,nm0322050,tt0104291
role_3203baf2,nm0001841,tt0104291
role_d8749e8c,nm0608012,tt0104291
role_2f250a50,nm0839708,tt0104291
role_6aad418b,nm0335344,tt0104291
role_f94adcce,nm0331117,tt0104291
role_2638d5ba,nm0805594,tt0104291
role_c9dbd890,nm0564215,tt0968264
role_1edb16e3,nm0000705,tt0968264
role_b363ef33,nm0000177,tt0968264
role_e97d9f30,nm0939697,tt0968264
role_97ce27c0,nm0929489,tt0968264
role_6437efe9,nm0519043,tt0968264
role_ca0bac77,nm0396812,tt0968264
role_865f91d9,nm0197647,tt0968264
role_0244c555,nm0000538,tt0968264
role_c58cb43e,nm0088127,tt0968264
role_2ee59f25,nm3201626,tt1645769
role_f13c1690,nm0153942,tt1645769
role_319724e1,nm0169753,tt1645769
role_c57e6275,nm2131379,tt1645769
role_e3c52b3a,nm1675596,tt1645769
role_9c1d4f41,nm3220899,tt1645769
role_a4f91326,nm0834127,tt1645769
role_87511ff6,nm0785723,tt1645769
role_a6ad0b48,nm0528982,tt1645769
role_a191710a,nm0739548,tt1645769
role_5d511bac,nm0001513,tt0079080
role_55114f14,nm0086806,tt0079080
role_36ea4609,nm0912001,tt0079080
role_358d72b2,nm0795711,tt0079080
role_4520638e,nm0835651,tt0079080
role_629d439d,nm0124184,tt0079080
role_3057f231,nm0806500,tt0079080
role_5768c9af,nm0164273,tt0079080
role_a18c14cc,nm0186833,tt0079080
role_34e133d5,nm0770919,tt0079080
role_ba4f4fc0,nm0532193,tt1509767
role_3c62ed4f,nm0000170,tt1509767
role_8c7c0665,nm11365041,tt1509767
role_9be7af71,nm0646792,tt1509767
role_06dc71e2,nm11437243,tt1509767
role_bacb2d0e,nm0829032,tt1509767
role_0371b941,nm0001709,tt1509767
role_846d9f9f,nm1994766,tt1509767
role_62c5295a,nm0089217,tt1509767
role_c1e89490,nm0503567,tt1509767
role_7b9ef207,nm0000206,tt0101452
role_ff4ddf09,nm0935664,tt0101452
role_da928d6c,nm0006669,tt0101452
role_07b3cc5f,nm0000722,tt0101452
role_82bb9a19,nm0000427,tt0101452
role_1dc667df,nm0137506,tt0101452
role_77469e73,nm0830757,tt0101452
role_f46720d2,nm0552513,tt0101452
role_a0b11290,nm0484900,tt0101452
role_360036a7,nm0000476,tt0102138
role_bc8be315,nm0708260,tt0102138
role_801c0b4e,nm0846507,tt0102138
role_39dead58,nm0503266,tt0102138
role_7217a15a,nm0715698,tt0102138
role_b89bfb35,nm0267141,tt0102138
role_353989c0,nm0239505,tt0102138
role_06df35c6,nm0575181,tt0102138
role_b0db6f9f,nm0000126,tt0102138
role_29b3bfd9,nm0761587,tt0102138
role_b5420da2,nm0000105,tt0080749
role_6dcc9d57,nm0000130,tt0080749
role_e7b6e281,nm0001463,tt0080749
role_1f54fdf1,nm0002144,tt0080749
role_c7e6c939,nm0040662,tt0080749
role_aa758305,nm0134110,tt0080749
role_63333d89,nm0194234,tt0080749
role_36fbdf4c,nm0477341,tt0080749
role_bd362387,nm0593792,tt0080749
role_e30bb829,nm0001358,tt0080749
role_47f81665,nm0000678,tt0103184
role_2627c12c,nm0761587,tt0103184
role_345f2cf0,nm0001164,tt0103184
role_d30c72aa,nm0324462,tt0103184
role_25786a2b,nm0666933,tt0103184
role_023e1517,nm0168918,tt0103184
role_8d706f6c,nm0565470,tt0103184
role_0456d160,nm0575081,tt0103184
role_c47539f1,nm0001431,tt0103184
role_2576a3d7,nm0323998,tt0103184
role_e3339e65,nm0000331,tt0109480
role_2a147321,nm0001588,tt0109480
role_1bd22d66,nm0001848,tt0109480
role_670d2b04,nm0001108,tt0109480
role_e9b9656a,nm0336558,tt0109480
role_5a610b5b,nm0725284,tt0109480
role_7fd21196,nm0557739,tt0109480
role_f773f57e,nm0400816,tt0109480
role_2f24e7d2,nm0739087,tt0109480
role_718b99d4,nm0484764,tt0109480
role_a52cd88e,nm0000177,tt0090022
role_479a071a,nm0001277,tt0090022
role_5556fcde,nm0000126,tt0090022
role_d24410da,nm0000418,tt0090022
role_51612fdb,nm0570793,tt0090022
role_175ed921,nm0500894,tt0090022
role_f4092353,nm0941125,tt0090022
role_da4fa34b,nm0440459,tt0090022
role_17f12d5d,nm0000092,tt0090022
role_e990c095,nm0021112,tt0090022
role_0f9f636a,nm0000245,tt0120716
role_e7132d8c,nm0853364,tt0120716
role_eb76b643,nm0407285,tt0120716
role_84b05a2d,nm0050268,tt0120716
role_9d812b67,nm0230649,tt0120716
role_331d7849,nm0309670,tt0120716
role_a00d162b,nm0000837,tt0120716
role_d52a7991,nm0000273,tt0120716
role_4125162c,nm0005052,tt0120716
role_34519817,nm0546797,tt0120716
role_bddb9b44,nm0731074,tt0479500
role_eab01087,nm1069180,tt0479500
role_9742d7a8,nm0178324,tt0479500
role_f386e993,nm1302735,tt0479500
role_f93fa38a,nm1426904,tt0479500
role_01ae5efc,nm0659048,tt0479500
role_39080bd9,nm0069856,tt0479500
role_d396b8ce,nm0004883,tt0479500
role_1f6efaa0,nm0234606,tt0479500
role_7fd4b2ef,nm0005009,tt0479500
role_ff9195f1,nm0000244,tt0095243
role_bce82bda,nm0000986,tt0095243
role_11ea94d0,nm0364915,tt0095243
role_f50e2ffa,nm0590731,tt0095243
role_4f39e9de,nm0193868,tt0095243
role_fc8f3c6a,nm15843128,tt0095243
role_b9c41515,nm0905138,tt0095243
role_3f08e7cb,nm0322513,tt0095243
role_ec8a11f8,nm0487050,tt0095243
role_a15b10f1,nm0642239,tt0095243
role_6c79e891,nm0000553,tt0099365
role_a2e3cb85,nm0000531,tt0099365
role_dcfa3aba,nm0295506,tt0099365
role_3c361223,nm0236952,tt0099365
role_b992b9bc,nm0556335,tt0099365
role_73ece2ee,nm0272480,tt0099365
role_9617cd23,nm0733292,tt0099365
role_d3adba92,nm0382830,tt0099365
role_97980361,nm0001646,tt0099365
role_e462f74a,nm0001794,tt0087065
role_0918a82b,nm0001056,tt0087065
role_d0a68dba,nm0614526,tt0087065
role_7a1e05fb,nm0631506,tt0087065
role_85c9fcc5,nm0570615,tt0087065
role_f5d65fd4,nm0634282,tt0087065
role_3cb93c94,nm0142746,tt0087065
role_2f97aebb,nm0744523,tt0087065
role_aeb9ec44,nm0001235,tt0087065
role_c2fc205b,nm0050975,tt0103873
role_a4c2fe20,nm0679272,tt0103873
role_7fd9967f,nm0600473,tt0103873
role_29bd9b71,nm0914240,tt0103873
role_02bd7335,nm0447572,tt0103873
role_c87e015d,nm0222313,tt0103873
role_1d07bc82,nm0112400,tt0103873
role_22805b86,nm0109416,tt0103873
role_9fb7a686,nm0660657,tt0103873
role_01a01505,nm0443885,tt0103873
role_7e178458,nm0005268,tt0080888
role_28b03646,nm0001007,tt0080888
role_ae0dd3d9,nm0001388,tt0080888
role_80ef2548,nm0001620,tt0080888
role_14b2ba55,nm0283269,tt0080888
role_0bc47f3d,nm0505570,tt0080888
role_66a3fa8d,nm0688467,tt0080888
role_2ce7f55b,nm0740296,tt0080888
role_8bd54911,nm0785277,tt0080888
role_cf0e7539,nm0809031,tt0080888
role_db673fde,nm0000245,tt0084917
role_fd2ce649,nm0002148,tt0084917
role_cb62ae37,nm0000335,tt0084917
role_af6705ee,nm0001475,tt0084917
role_71a9a177,nm0002025,tt0084917
role_e0b2cdc2,nm0001788,tt0084917
role_e6479455,nm0001436,tt0084917
role_b3d3b34c,nm0564648,tt0084917
role_5ca0f630,nm0324533,tt0084917
role_48745fec,nm0248923,tt0084917
role_f4df97e4,nm0001131,tt0092718
role_7d1f5b0e,nm0000584,tt0092718
role_5fb5850b,nm0301381,tt0092718
role_d5c9c8dc,nm0143836,tt0092718
role_8634a097,nm0001293,tt0092718
role_34cf55cd,nm0268331,tt0092718
role_a6685c99,nm0218674,tt0092718
role_57c8d269,nm0240797,tt0092718
role_dee8d638,nm0607474,tt0092718
role_37771fdb,nm0222233,tt0092718
role_8c16aeeb,nm6170168,tt6303866
role_4a4ff69a,nm7187575,tt6303866
role_b9769ffc,nm0388082,tt6303866
role_e5751325,nm0400223,tt6303866
role_26049c29,nm8732839,tt6303866
role_cd85d4a0,nm8732838,tt6303866
role_b3def77c,nm1863115,tt6303866
role_8957a227,nm8732837,tt6303866
role_51d42f07,nm8215630,tt6303866
role_6ccadf03,nm7088466,tt6303866
role_5cfbe59a,nm0906261,tt0084704
role_8d8bbf11,nm0914491,tt0084704
role_67a4489d,nm0838136,tt0084704
role_cf6564ac,nm0697629,tt0084704
role_ae147fb8,nm0021835,tt0084704
role_771fedf0,nm0393848,tt0084704
role_ce159453,nm0416944,tt0084704
role_b6edfdc8,nm0817851,tt0084704
role_022e2b44,nm0001428,tt0084704
role_63d9f2ea,nm0025574,tt0084704
role_0ec1c255,nm0993242,tt4126438
role_1b2f362f,nm1304386,tt4126438
role_cb202620,nm0607375,tt4126438
role_1686d438,nm1285342,tt4126438
role_1ac3fdf8,nm0277525,tt4126438
role_d9b1dfb1,nm0539643,tt4126438
role_4ffdc679,nm0534777,tt4126438
role_52906608,nm2325042,tt4126438
role_82a9a888,nm3308443,tt4126438
role_e6dede9e,nm0039139,tt4126438
role_9318e731,nm0000129,tt0369339
role_7ac5f37a,nm0004937,tt0369339
role_81b80bb3,nm0000586,tt0369339
role_ddf7ea89,nm0749263,tt0369339
role_7287d690,nm0000916,tt0369339
role_cb0cebc4,nm0569226,tt0369339
role_44216186,nm0355659,tt0369339
role_2ef8cb53,nm0377106,tt0369339
role_baa53183,nm0429114,tt0369339
role_388d4a58,nm0779455,tt0369339
role_7ecf255f,nm0001049,tt0093964
role_b6e72cff,nm0001347,tt0093964
role_78e539b8,nm0000588,tt0093964
role_a962561d,nm0125190,tt0093964
role_43ab2f82,nm0679904,tt0093964
role_15ddec83,nm0842023,tt0093964
role_933b0ab4,nm0898546,tt0093964
role_24d82406,nm0001858,tt0093964
role_597b3484,nm0041603,tt0093964
role_04825161,nm0500894,tt0093964
role_c315e60d,nm0345695,tt5727282
role_e5d8bedb,nm0479471,tt5727282
role_ff15fe14,nm0001745,tt5727282
role_5c00ce7f,nm0637259,tt5727282
role_97aacba6,nm15954202,tt5727282
role_55fcabe0,nm9001273,tt5727282
role_cf3f8b6b,nm6388519,tt5727282
role_4999509a,nm11448394,tt5727282
role_6fed2784,nm0085745,tt5727282
role_2960a5a7,nm3016166,tt5727282
role_e8b4dc69,nm0000115,tt0098577
role_73093df2,nm0000744,tt0098577
role_836692e3,nm0000884,tt0098577
role_92f62873,nm0039051,tt0098577
role_3f60e165,nm0501435,tt0098577
role_814869ae,nm0525439,tt0098577
role_fe271ce3,nm0526649,tt0098577
role_7a21d28a,nm0907887,tt0098577
role_7d946aa6,nm0504007,tt0098577
role_01b871bb,nm0461545,tt0098577
role_978ddd9b,nm0000237,tt0377471
role_a4dbb0f9,nm0000235,tt0377471
role_e5ef43d2,nm0000681,tt0377471
role_12e5ccd5,nm0147825,tt0377471
role_bf4f0681,nm0071275,tt0377471
role_a4980481,nm0878911,tt0377471
role_af6a0428,nm0665123,tt0377471
role_de7eb788,nm0587396,tt0377471
role_9809974f,nm0011882,tt0377471
role_5e33fa0a,nm0000529,tt0377471
role_4ede59f4,nm0000721,tt0101026
role_58f6a356,nm0000104,tt0101026
role_8f30f0e9,nm0508249,tt0101026
role_4a887d07,nm0056686,tt0101026
role_d4b8eaba,nm0658041,tt0101026
role_f1ba5851,nm0785565,tt0101026
role_ccaef0b3,nm0704719,tt0101026
role_d38c56ab,nm0136571,tt0101026
role_91293f64,nm0739617,tt0101026
role_d1b9aa01,nm0715127,tt0101026
role_a69df5bd,nm0001475,tt0105217
role_356e52bb,nm0000357,tt0105217
role_2ddfc4e0,nm0000874,tt0105217
role_181fac62,nm0827973,tt0105217
role_1ce6280a,nm0001344,tt0105217
role_5009c48a,nm0101005,tt0105217
role_69ea7860,nm0000216,tt0088944
role_c3a02aeb,nm0001044,tt0088944
role_600b8d02,nm0000445,tt0088944
role_a02339bc,nm0920460,tt0088944
role_56f27348,nm0647921,tt0088944
role_29342c55,nm0446314,tt0088944
role_9ef332cb,nm0000192,tt0088944
role_35d70bc6,nm0004886,tt0088944
role_081b2703,nm0811446,tt0088944
role_cfb4b5fe,nm0943583,tt0088944
role_fe7d2acc,nm0024404,tt0206226
role_e67a62f9,nm0004959,tt0206226
role_4c73f723,nm0107183,tt0206226
role_58183cf1,nm0203808,tt0206226
role_7f6ace2b,nm0444832,tt0206226
role_d5a7c89f,nm0123958,tt0206226
role_a232f4e3,nm0110803,tt0206226
role_a7fb8826,nm0923796,tt0206226
role_90fc66d1,nm0180431,tt0206226
role_ffa5147e,nm0000226,tt2381941
role_257416e4,nm3053338,tt2381941
role_7ac6fa33,nm0553440,tt2381941
role_de230509,nm0574468,tt2381941
role_3f7f5304,nm0763928,tt2381941
role_a62cfde0,nm0000703,tt2381941
role_c26b460c,nm1000502,tt2381941
role_313f4b11,nm0001791,tt2381941
role_60116577,nm0094278,tt2381941
role_c692f71e,nm0975225,tt2381941
role_df2ce5da,nm0000474,tt0091159
role_bfa128de,nm0913797,tt0091159
role_6c93bc2a,nm0001841,tt0091159
role_b7087818,nm0000211,tt0091159
role_153e4e61,nm0001806,tt0091159
role_84db62d7,nm0945522,tt0091159
role_ac838898,nm0793634,tt0091159
role_2443aff9,nm0653959,tt0091159
role_afc0d129,nm0397212,tt0091159
role_8bb43e97,nm0448097,tt0091159
role_4eb46b43,nm1191481,tt0387564
role_c324fe19,nm0000144,tt0387564
role_ea6b2a0e,nm0000418,tt0387564
role_d3e67afc,nm0504962,tt0387564
role_ec39fb5b,nm0000539,tt0387564
role_1b209eda,nm0125320,tt0387564
role_176a61b9,nm0349673,tt0387564
role_6727a2a8,nm0256237,tt0387564
role_c694b9c3,nm0553468,tt0387564
role_1ebe6dcc,nm0809938,tt0387564
role_3091164c,nm0004715,tt4116284
role_b86d7a2a,nm0148418,tt4116284
role_f82598f0,nm0206257,tt4116284
role_8b5c52fa,nm0000146,tt4116284
role_3b888830,nm0802806,tt4116284
role_61a8f908,nm0302108,tt4116284
role_e72ec517,nm2809577,tt4116284
role_4db6f9dd,nm0002078,tt0085640
role_61372982,nm0001967,tt0085640
role_0ccd585a,nm0000447,tt0085640
role_b0f63457,nm0455702,tt0085640
role_8976c3f8,nm0176879,tt0085640
role_5970feed,nm0499989,tt0085640
role_b39a1115,nm0035866,tt0085640
role_102a2fb2,nm0103019,tt0085640
role_b227a15d,nm0159485,tt0085640
role_1c8af853,nm0004937,tt0443489
role_ae5629cb,nm0461498,tt0443489
role_2be1ccb5,nm0000552,tt0443489
role_34d483f4,nm0000418,tt0443489
role_18e5894f,nm15054340,tt0443489
role_5445bdca,nm0741242,tt0443489
role_790dc3ec,nm0732803,tt0443489
role_ae2781ba,nm0495095,tt0443489
role_d73d8fbf,nm0061507,tt0443489
role_ce14293e,nm2260999,tt0443489
role_717e04c9,nm0000578,tt0086154
role_8b78372a,nm0587256,tt0086154
role_207700cd,nm0000672,tt0086154
role_2e35b8d0,nm0005162,tt0086154
role_0891db8f,nm0001240,tt0086154
role_3698bf79,nm0318761,tt0086154
role_e7baa4e3,nm0117267,tt0086154
role_9d447c46,nm0115067,tt0086154
role_dafb1305,nm0366732,tt0086154
role_6a99c81c,nm0307600,tt0086154
role_22c02577,nm0836343,tt1374992
role_cbc5297b,nm0000379,tt1374992
role_a7ff5ea9,nm0001758,tt1374992
role_9f9a50bd,nm0542558,tt1374992
role_87ba99cd,nm11266396,tt1374992
role_5bd652c3,nm0452308,tt1374992
role_efd1d1aa,nm0903985,tt1374992
role_296ad695,nm0873693,tt1374992
role_db6965fd,nm0999272,tt1374992
role_0a827068,nm2404562,tt1374992
role_12c02a47,nm0000136,tt0106307
role_5fa2f3e8,nm0001471,tt0106307
role_b885292d,nm0001159,tt0106307
role_53c21b77,nm0000666,tt0106307
role_9d541713,nm0001252,tt0106307
role_4da703a3,nm0005320,tt0106307
role_ab704102,nm0689488,tt0106307
role_0763d419,nm0556631,tt0106307
role_7b8c0978,nm0709975,tt0106307
role_0af661bc,nm0634741,tt0106307
role_61d74e31,nm0888321,tt0120645
role_c25340c2,nm0908094,tt0120645
role_52022c76,nm0486277,tt0120645
role_912cf61a,nm0039226,tt0120645
role_4e537b00,nm0000454,tt0120645
role_270f2064,nm0000967,tt0120645
role_c07c39a2,nm0512610,tt0120645
role_4a7dc876,nm0000387,tt0120645
role_f5b49475,nm0301370,tt0120645
role_21ad852d,nm0309430,tt0120645
role_b6926dd0,nm12171224,tt6977338
role_76453eb2,nm5470093,tt6977338
role_12d8474c,nm4054776,tt6977338
role_7da2d1e4,nm0330472,tt6977338
role_66d1a864,nm6377764,tt6977338
role_3a963ff1,nm9865565,tt6977338
role_fc07130e,nm4438246,tt6977338
role_593c3375,nm15306165,tt6977338
role_892dfb4d,nm0287182,tt6977338
role_7bc8eead,nm3157943,tt6977338
role_720515fb,nm1461267,tt0382189
role_48829134,nm1289434,tt0382189
role_54662e6e,nm0175916,tt0382189
role_f7b983ee,nm0028632,tt0382189
role_f54b4dd7,nm1918098,tt0382189
role_a6f60510,nm0031524,tt0382189
role_e96864e3,nm12543229,tt0382189
role_9c4524bb,nm1869712,tt0382189
role_639a7fb9,nm0000008,tt0112883
role_9f4348c7,nm0000136,tt0112883
role_b93902c6,nm0001159,tt0112883
role_3afd80ca,nm0656768,tt0112883
role_4f04e358,nm0228336,tt0112883
role_9ffca65e,nm0001797,tt0112883
role_9a35030c,nm0000650,tt0112883
role_4ef9bcfe,nm0313882,tt0112883
role_13858a29,nm0764781,tt0112883
role_f3292892,nm0400955,tt0112883
role_248168de,nm0000409,tt0494238
role_6ab2c545,nm0347149,tt0494238
role_98b2caa4,nm1146916,tt0494238
role_8bcce91e,nm0833380,tt0494238
role_1652b332,nm0079273,tt0494238
role_e46cbd5a,nm0000545,tt0494238
role_8eff6f9b,nm0455057,tt0494238
role_e4637a34,nm0818648,tt0494238
role_f5390ec6,nm0286044,tt0494238
role_6a5cc8a1,nm0334318,tt0494238
role_79154344,nm0000120,tt0481369
role_9f6f781d,nm0000515,tt0481369
role_d1d6233b,nm0503567,tt0481369
role_865c2895,nm0396812,tt0481369
role_57039caa,nm11887269,tt0481369
role_39a6b034,nm0005218,tt0213790
role_4803ebe9,nm0663854,tt0213790
role_d28d0626,nm0001850,tt0213790
role_a4282c33,nm0936762,tt0213790
role_50e7b05d,nm0848154,tt0213790
role_012dd3cb,nm0262968,tt0213790
role_de1b14d6,nm0002071,tt0213790
role_3c20ac64,nm0590499,tt0213790
role_5fc157d0,nm0506405,tt0213790
role_73cf0e34,nm0399126,tt0213790
role_0ce8ee9d,nm0000661,tt0097243
role_79784783,nm0840531,tt0097243
role_fcd89550,nm0596310,tt0097243
role_eb012df3,nm0001638,tt0097243
role_295b4ed6,nm0000215,tt0097243
role_26b3d4cb,nm0000008,tt0097243
role_9f6e8207,nm0637681,tt0097243
role_14469bb9,nm0637680,tt0097243
role_8b1bfc2f,nm0536597,tt0097243
role_ea3d0e6c,nm0861141,tt0097243
role_3bd051cb,nm2090422,tt3104988
role_aa7e2dcc,nm6525901,tt3104988
role_ed9efee3,nm0000706,tt3104988
role_77ba09fb,nm2110418,tt3104988
role_764c3b68,nm0523734,tt3104988
role_825238a1,nm5377144,tt3104988
role_0da43a21,nm1484270,tt3104988
role_d423f448,nm0421822,tt3104988
role_74608260,nm4420495,tt3104988
role_1b522380,nm0659379,tt3104988
role_72c74a0d,nm0000190,tt1726669
role_ef3fb6cc,nm0386472,tt1726669
role_a9d71bc9,nm1017334,tt1726669
role_533f4f7e,nm0002006,tt1726669
role_b87658e7,nm0000153,tt1726669
role_edaccf36,nm0531333,tt1726669
role_18fb852e,nm2505507,tt1726669
role_65e1e842,nm0840285,tt1726669
role_30d9cd1e,nm0258342,tt1726669
role_1319dcda,nm0303316,tt1726669
role_cf17770c,nm1172285,tt7549776
role_4aefc27f,nm1410318,tt7549776
role_0597c335,nm3695347,tt7549776
role_f17efb44,nm1318150,tt7549776
role_c13c7cff,nm10777226,tt7549776
role_d90c057f,nm4293823,tt7549776
role_0bff72d0,nm14722940,tt7549776
role_9af57fbb,nm0116737,tt7549776
role_903a4568,nm11321068,tt7549776
role_ba78abbb,nm6780245,tt7549776
role_c372fa06,nm0346050,tt0380389
role_06324798,nm0686470,tt0380389
role_31c30e17,nm0173125,tt0380389
role_7a1da7bd,nm0065493,tt0380389
role_4b157603,nm10057944,tt0380389
role_05d2cd16,nm1156914,tt0380389
role_8db66bb5,nm10314848,tt0380389
role_6f608e79,nm0508397,tt0380389
role_e9555c2c,nm10350332,tt0380389
role_6ffeb106,nm0425287,tt0380389
role_1ead5392,nm0947010,tt0089208
role_f611b337,nm0629278,tt0089208
role_7f1cc6bb,nm0086014,tt0089208
role_3e3825b7,nm0316421,tt0089208
role_b33d8275,nm0001147,tt0089208
role_e1be2a99,nm0000572,tt0089208
role_2f48eac7,nm0599837,tt0089208
role_7371660d,nm0000166,tt0089208
role_1b176087,nm0940971,tt0089208
role_452fdb6d,nm0491590,tt0089208
role_2feb0873,nm0000216,tt0110216
role_7d910b2f,nm0000362,tt0110216
role_b81de21e,nm0000668,tt0110216
role_3a41f417,nm0001449,tt0110216
role_20c3e54b,nm0715622,tt0110216
role_384448f5,nm0878152,tt0110216
role_13697b9d,nm0248698,tt0110216
role_62d6ab0b,nm0146903,tt0110216
role_aecfdd4c,nm0925578,tt0110216
role_d70b2c44,nm0149910,tt0110216
role_8c6788e6,nm9296746,tt26743210
role_2c0c33fa,nm9135274,tt26743210
role_922806af,nm0124930,tt26743210
role_54af45ee,nm0296545,tt26743210
role_eb4d1d3b,nm13985483,tt26743210
role_ad320249,nm5421877,tt26743210
role_eb48034f,nm12088448,tt26743210
role_0c9069f9,nm10036531,tt26743210
role_f6e0ff7d,nm0564133,tt26743210
role_1988ece5,nm0784818,tt26743210
role_642719aa,nm0000285,tt0105165
role_a243414b,nm0000212,tt0105165
role_c87ecec3,nm0000870,tt0105165
role_eb2e14a0,nm0000885,tt0105165
role_3f4146e3,nm0001157,tt0105165
role_b21a8a00,nm0726223,tt0105165
role_4c68f031,nm0001804,tt0105165
role_f10f41ca,nm0908246,tt0105165
role_84b8737f,nm0140969,tt0105165
role_ade4b724,nm0598213,tt0105165
role_5526a052,nm0000210,tt0119738
role_f4276c5f,nm0000551,tt0119738
role_8c56f4d0,nm0000139,tt0119738
role_213ef4c2,nm0000391,tt0119738
role_7d617f66,nm0097842,tt0119738
role_f2d1ffac,nm0001826,tt0119738
role_b53eb6e8,nm0341737,tt0119738
role_fcfebf82,nm0696387,tt0119738
role_8da59710,nm0838360,tt0119738
role_e0b72b48,nm0557733,tt0119738
role_707eb5bd,nm0000149,tt0476964
role_0e49ddb3,nm0005024,tt0476964
role_6e7635b4,nm0441588,tt0476964
role_dd2a1cb5,nm0004710,tt0476964
role_c7cfd0bd,nm0005460,tt0476964
role_b4874619,nm2765714,tt0476964
role_b2862106,nm1534888,tt0476964
role_809a3ef3,nm10980434,tt0476964
role_66f25868,nm1294700,tt0476964
role_249c7a71,nm0011037,tt0476964
role_c995fb55,nm0000199,tt0083598
role_b0e45940,nm0001007,tt0083598
role_375a1578,nm0001839,tt0083598
role_7a48fefa,nm0228336,tt0083598
role_4465153c,nm0254387,tt0083598
role_3d673ceb,nm0332551,tt0083598
role_097dd454,nm0348747,tt0083598
role_5b6b2dbc,nm0430745,tt0083598
role_e2fa9028,nm0054626,tt0083598
role_d2f6bf20,nm0583487,tt0083598
role_8156c674,nm0925220,tt0120177
role_0c3289ed,nm0000491,tt0120177
role_7c14155a,nm0000640,tt0120177
role_90d25253,nm0005337,tt0120177
role_9a5f1b9c,nm0932116,tt0120177
role_a48a6a49,nm0000665,tt0120177
role_cc3643b6,nm0164918,tt0120177
role_6768d180,nm0400816,tt0120177
role_90cfb654,nm0000206,tt0133093
role_7f0b8ec5,nm0000401,tt0133093
role_7238c799,nm0005251,tt0133093
role_6488b53e,nm0915989,tt0133093
role_e1eb2653,nm0287825,tt0133093
role_d02faf09,nm0001592,tt0133093
role_4d527c03,nm0159059,tt0133093
role_7f3f788a,nm0032810,tt0133093
role_c48bb595,nm0233391,tt0133093
role_0be42124,nm0565883,tt0133093
role_99d60299,nm0915208,tt0977855
role_c9a3c6ed,nm4156443,tt0977855
role_f83a9744,nm2878323,tt0977855
role_f65bd1a7,nm0864604,tt0977855
role_423d8b69,nm4157147,tt0977855
role_6a0f401f,nm0000576,tt0977855
role_d6fb2d20,nm0123092,tt0977855
role_b81a8b10,nm0372961,tt0977855
role_c8124879,nm0125475,tt0977855
role_d8d9785c,nm0726630,tt0977855
role_26b1857a,nm0000139,tt1284575
role_73c2fe01,nm0700577,tt1284575
role_57821bfc,nm0781981,tt1284575
role_00dc198e,nm0005493,tt1284575
role_9df558be,nm0809613,tt1284575
role_a8af4b12,nm0383422,tt1284575
role_092eca5b,nm0020405,tt1284575
role_65bcc214,nm0035395,tt1284575
role_77291e78,nm2298331,tt1284575
role_fb12fdf5,nm3239803,tt1284575
role_3d545ecb,nm0000369,tt0203755
role_8f3a7d9b,nm0809277,tt0203755
role_05b6356b,nm0000140,tt0203755
role_b44ea0aa,nm0001663,tt0203755
role_70b07e1c,nm0005207,tt0203755
role_7995b7e8,nm0000422,tt0203755
role_6d2be222,nm0003496,tt0203755
role_73b72157,nm0553036,tt0203755
role_6f77c69b,nm0000239,tt0203755
role_3dc45955,nm0001048,tt0203755
role_648699cb,nm4235904,tt1680114
role_afc42686,nm4444671,tt1680114
role_04300f4a,nm0365027,tt1680114
role_f1ee23f3,nm3136132,tt1680114
role_46d67bad,nm0397490,tt1680114
role_2b1dfb08,nm11217704,tt1680114
role_356a6fa3,nm2803631,tt1680114
role_dd558cd9,nm0337809,tt1680114
role_5390cc9a,nm4722924,tt1680114
role_d206d610,nm4722917,tt1680114
role_61146abf,nm0000652,tt0098724
role_c1c54c8e,nm0000510,tt0098724
role_8fb143df,nm0001251,tt0098724
role_2c616195,nm0000624,tt0098724
role_b0c78729,nm0891381,tt0098724
role_c17d5720,nm0109359,tt0098724
role_3da655fe,nm0740498,tt0098724
role_53b0f394,nm0852316,tt0098724
role_03a4cfc9,nm0283993,tt0098724
role_c81efcc9,nm0000234,tt0120751
role_60810a9f,nm0000200,tt0120751
role_ecedc1de,nm0784884,tt0120751
role_29841e40,nm0278752,tt0120751
role_dd972fec,nm0001601,tt0120751
role_5267cb39,nm0005093,tt0120751
role_8e8a819e,nm0936298,tt0120751
role_74933fe8,nm0004710,tt0120751
role_f11dc034,nm0696303,tt0120751
role_00e36a06,nm0700909,tt0120751
role_ec188be1,nm0000353,tt1703148
role_1eab1d45,nm0640322,tt1703148
role_f78e1d56,nm0000554,tt1703148
role_c63ca318,nm10004201,tt1703148
role_5c2abb1a,nm3795925,tt1703148
role_543b5063,nm0464522,tt1703148
role_5586f174,nm0612534,tt1703148
role_0d40eded,nm0115979,tt1703148
role_3e28d7b7,nm0943814,tt1703148
role_a676600c,nm0822982,tt1703148
role_7817747b,nm1428821,tt7284204
role_d5182e78,nm1179677,tt7284204
role_8dda8410,nm0767242,tt7284204
role_7cdaa496,nm5451410,tt7284204
role_5f6c248c,nm0820053,tt7284204
role_29958aa3,nm5766106,tt7284204
role_60d8577b,nm3520615,tt7284204
role_082f2220,nm8962520,tt7284204
role_c4796a8b,nm8040665,tt7284204
role_8aa06cb3,nm0027989,tt7284204
role_311ca54b,nm0000136,tt1243957
role_f31b534e,nm0001401,tt1243957
role_5d1ac274,nm0079273,tt1243957
role_836afaec,nm0001096,tt1243957
role_2dcc9783,nm0000925,tt1243957
role_4acceb35,nm0001722,tt1243957
role_fd9cb0dc,nm0211565,tt1243957
role_73758d36,nm0094526,tt1243957
role_26aa8c26,nm1046417,tt1243957
role_4878b3a6,nm0000614,tt0101595
role_ed2d0ef0,nm0654110,tt0101595
role_00cbabfc,nm0716293,tt0101595
role_3499c7c1,nm0425489,tt0101595
role_97562a59,nm0789093,tt0101595
role_9bdabf93,nm0308706,tt0101595
role_14efdf5b,nm0460970,tt0101595
role_609919c4,nm0119501,tt0101595
role_8f4afda5,nm0607094,tt0101595
role_14f9f281,nm0370891,tt0101595
role_723dd853,nm0252230,tt0301199
role_0c06624e,nm0234371,tt0301199
role_24f0658d,nm1147560,tt0301199
role_f45c0c3e,nm0014994,tt0301199
role_0ae15149,nm0438903,tt0301199
role_966f2e5a,nm0649046,tt0301199
role_8e621f69,nm0457436,tt0301199
role_d3a172cd,nm0121519,tt0301199
role_6ba53972,nm0851582,tt0301199
role_ab8d3c3f,nm0645683,tt0301199
role_466b63d9,nm0317757,tt3837166
role_84e3a4b4,nm4715046,tt3837166
role_dbee63c3,nm4994151,tt3837166
role_b2e08716,nm4212988,tt3837166
role_2fb394b5,nm5015647,tt3837166
role_fce20bb9,nm1290816,tt3837166
role_6e68efe2,nm0224942,tt3837166
role_4a1f7561,nm0524190,tt3837166
role_d0e70895,nm4589975,tt3837166
role_7215be20,nm4912288,tt3837166
role_6e4ab311,nm12374511,tt7784604
role_67a8971a,nm0000321,tt7784604
role_307a768e,nm0001057,tt7784604
role_08c58c11,nm8412536,tt7784604
role_b24601f0,nm0838647,tt7784604
role_d503ea26,nm0526218,tt7784604
role_3f673592,nm5533830,tt7784604
role_c1a1e2dd,nm10076000,tt7784604
role_0ca722cb,nm9889944,tt7784604
role_ad07ae2e,nm6861218,tt7784604
role_270784e9,nm0000197,tt0082934
role_8d64030e,nm0001448,tt0082934
role_119ba199,nm0171475,tt0082934
role_f97c4edc,nm0503627,tt0082934
role_60b82ff4,nm0752636,tt0082934
role_7058421c,nm0001378,tt0082934
role_55e3a7f6,nm0871501,tt0082934
role_bbd4cf50,nm0384718,tt0082934
role_a4b70d5b,nm0887551,tt0082934
role_3e3d8778,nm0268185,tt0082934
role_a0f570b5,nm0000123,tt0120188
role_41f75256,nm0000242,tt0120188
role_95bf4e03,nm0001084,tt0120188
role_54be5a76,nm0005069,tt0120188
role_ecf73d9c,nm0193295,tt0120188
role_959a57b0,nm0004887,tt0120188
role_84420f66,nm0005085,tt0120188
role_7fc2e829,nm0846548,tt0120188
role_de8c5112,nm0932112,tt0120188
role_19b8bbf9,nm0564697,tt0120188
role_10724de4,nm0001557,tt3553976
role_b551d2cd,nm1126657,tt3553976
role_3885be9c,nm4705966,tt3553976
role_55fa9385,nm2399383,tt3553976
role_b1e3fbd8,nm5640595,tt3553976
role_bf509d5a,nm5369197,tt3553976
role_95b9f459,nm6339026,tt3553976
role_b846b330,nm4407268,tt3553976
role_9acd841c,nm1063517,tt3553976
role_53582df1,nm0001872,tt3553976
role_706454c2,nm0000243,tt0427309
role_8c69973a,nm13215927,tt0427309
role_772c7438,nm0810619,tt0427309
role_c8ed74ed,nm1091701,tt0427309
role_9268a508,nm0930892,tt0427309
role_0eea9b87,nm0001845,tt0427309
role_8827a00f,nm0712406,tt0427309
role_ec5742aa,nm0001334,tt0427309
role_5df03cba,nm0253708,tt0427309
role_b295b280,nm2154316,tt0427309
role_cb3aacc0,nm0000131,tt0107594
role_d8a56458,nm0000529,tt0107594
role_ab51c802,nm0000514,tt0107594
role_e6bded0d,nm0001125,tt0107594
role_6f05330a,nm0001650,tt0107594
role_f6ad7c58,nm0001999,tt0107594
role_1500a4cc,nm0001254,tt0107594
role_39dfafbf,nm0001217,tt0107594
role_c6cf62f6,nm0001968,tt0107594
role_9aef55fd,nm0215193,tt0107594
role_7e2346c1,nm0267506,tt0770703
role_ce5b6969,nm0262632,tt0770703
role_d57069a6,nm0310966,tt0770703
role_0313903e,nm0001100,tt0770703
role_b372cad8,nm0000893,tt0770703
role_9aadfd5b,nm2719825,tt0770703
role_e90f4e45,nm0122688,tt0770703
role_943afacd,nm2255288,tt0770703
role_f4375433,nm1564377,tt0770703
role_cd32750c,nm1754366,tt0770703
role_0e9e71fe,nm0001273,tt0019585
role_341cd0d2,nm0361319,tt0019585
role_50d205a6,nm0002311,tt0019585
role_b5c8face,nm0191818,tt0019585
role_4cf52963,nm0247305,tt0019585
role_a4d2a370,nm0649927,tt0019585
role_cc83af1d,nm0424719,tt0019585
role_a5a3d3e4,nm0417824,tt0019585
role_480cfc09,nm0769588,tt0019585
role_ca65df22,nm0032221,tt0019585
role_99dc92c5,nm0085312,tt0457510
role_042656b9,nm0307143,tt0457510
role_4a99b571,nm0422948,tt0457510
role_00901c50,nm1377265,tt0457510
role_86ab35d4,nm12415945,tt0457510
role_b25e25bc,nm4217572,tt0457510
role_fefa67a4,nm1550638,tt0457510
role_390704ec,nm0600247,tt0457510
role_9c89dc93,nm10174750,tt0457510
role_a445c311,nm0598885,tt0457510
role_7b204cb0,nm0005458,tt2312718
role_45596916,nm0290556,tt2312718
role_b0772dd0,nm4207679,tt2312718
role_44f3bc4f,nm0098378,tt2312718
role_9aa36de8,nm0381681,tt2312718
role_d0dff4af,nm0000317,tt2312718
role_e7cc95be,nm0000213,tt2312718
role_18b1643f,nm0589077,tt2312718
role_aa3547ea,nm0498956,tt2312718
role_74cee487,nm0342029,tt2312718
role_473b0271,nm1567113,tt7349950
role_cf74bd6a,nm0564215,tt7349950
role_2468182d,nm0352778,tt7349950
role_b9c45dd1,nm2248149,tt7349950
role_e4e4a537,nm10606295,tt7349950
role_23abb189,nm0710447,tt7349950
role_16fa92d5,nm10098530,tt7349950
role_7b3a841b,nm0803889,tt7349950
role_317de9da,nm5897057,tt7349950
role_8dd1401e,nm5200476,tt7349950
role_f77341ae,nm0388082,tt0099994
role_226d09c9,nm0286010,tt0099994
role_7ab16014,nm0586133,tt0099994
role_84a0c533,nm0124834,tt0099994
role_2c58a5af,nm0001557,tt0099994
role_61431875,nm0881161,tt0099994
role_43913d75,nm0263577,tt0099994
role_d8620c8a,nm0126084,tt0099994
role_9fabc732,nm0052079,tt0099994
role_b5553bf1,nm0167146,tt0099994
role_dc350f2a,nm0085312,tt2119543
role_ef18bf80,nm0000949,tt2119543
role_61c894d4,nm6236783,tt2119543
role_ff14b9c5,nm0001492,tt2119543
role_592172e9,nm0325989,tt2119543
role_8b392725,nm0131974,tt2119543
role_3e87a97f,nm6129779,tt2119543
role_ba827eb9,nm4448022,tt2119543
role_67fc51c6,nm9215986,tt2119543
role_420fb5b9,nm9305209,tt2119543
role_7ddd65ca,nm0908094,tt0322259
role_bc12599c,nm0879085,tt0322259
role_5102581d,nm0578949,tt0322259
role_2d8a04e5,nm0369513,tt0322259
role_3ce80d18,nm0524839,tt0322259
role_4b6ebe2f,nm0058175,tt0322259
role_84ebf0b9,nm0001664,tt0322259
role_f0533f14,nm1226817,tt0322259
role_74b5ca3d,nm1004774,tt0322259
role_1fa38c60,nm1013003,tt0322259
role_7951db6f,nm0519225,tt0109015
role_90bec1c9,nm0805189,tt0109015
role_14db696a,nm0289247,tt0109015
role_1859ea6a,nm0094581,tt0109015
role_fd26da88,nm0454550,tt0109015
role_bef59ef5,nm0629006,tt0109015
role_39fb25c3,nm0574417,tt0109015
role_0a29d801,nm0290596,tt0109015
role_ecbd97cc,nm0774721,tt0109015
role_8460f1e7,nm0863007,tt0109015
role_c0f93367,nm0000314,tt0095626
role_1fb59b24,nm0886556,tt0095626
role_ba7ba281,nm0524743,tt0095626
role_31eb738c,nm0073137,tt0095626
role_43681607,nm0368472,tt0095626
role_66eba9f0,nm0225741,tt0095626
role_a98d18ff,nm0179786,tt0095626
role_cd605245,nm0409844,tt0095626
role_0da757d2,nm0679018,tt0095626
role_5154b4e9,nm0204634,tt0095626
role_4c015950,nm0461679,tt0106557
role_6e37cea5,nm0771121,tt0106557
role_ad19da16,nm0093174,tt0106557
role_c63a7365,nm0163775,tt0106557
role_a21da0da,nm0021008,tt0106557
role_05796c78,nm0739534,tt0106557
role_89523768,nm0333592,tt0106557
role_8cdd6756,nm0071525,tt0106557
role_ad98aeea,nm0580467,tt0106557
role_e5c502d4,nm0409367,tt0106557
role_91a2f2fa,nm0000164,tt0119051
role_d1e43a24,nm0000285,tt0119051
role_e4145868,nm0000512,tt0119051
role_582c437b,nm0674782,tt0119051
role_76b3e670,nm1075976,tt0119051
role_23b8e050,nm0428618,tt0119051
role_5a18e24b,nm0001849,tt0119051
role_fc070033,nm0512433,tt0119051
role_f000bd05,nm0452492,tt0119051
role_168368d6,nm0299956,tt0119051
role_c197f6f7,nm0000142,tt0088272
role_cdd74a80,nm0000991,tt0088272
role_cbdc0808,nm0000445,tt0088272
role_77728777,nm0002055,tt0088272
role_8a1ae464,nm0065172,tt0088272
role_c536f059,nm0820660,tt0088272
role_f24be60b,nm0674173,tt0088272
role_d5f130ad,nm0724737,tt0088272
role_bff6962d,nm0112205,tt0088272
role_276c578e,nm0741454,tt0088272
role_91e70f33,nm0000458,tt0092699
role_cf4d9c24,nm0000983,tt0092699
role_3e7b9ae2,nm0000456,tt0092699
role_97af6f18,nm0698764,tt0092699
role_7f2da047,nm0001042,tt0092699
role_d2a84520,nm0000349,tt0092699
role_356d2c3c,nm0352437,tt0092699
role_cc5a4cbe,nm0166061,tt0092699
role_63b597f9,nm0000197,tt0092699
role_25d1ba8f,nm0441302,tt0092699
role_3e91aae2,nm0000198,tt0208874
role_de4a2cc1,nm0000260,tt0208874
role_9c30246c,nm0000313,tt0208874
role_cd1b2d6f,nm0000225,tt0208874
role_46556f44,nm0000385,tt0208874
role_d0b7de7e,nm0676973,tt0208874
role_d564f930,nm0007210,tt0208874
role_6ce38b5b,nm0001311,tt0208874
role_7a4443c8,nm0082802,tt0208874
role_55b1524d,nm0859450,tt0208874
role_415b807f,nm11993446,tt15789472
role_5d7d8364,nm0636991,tt15789472
role_076179bf,nm2386577,tt15789472
role_74ea0031,nm5229126,tt15789472
role_01780bab,nm5315625,tt15789472
role_71547ce3,nm2119319,tt15789472
role_91f2cf83,nm11167246,tt15789472
role_c413506a,nm15311253,tt15789472
role_90d67cde,nm3632797,tt15789472
role_4190f057,nm0119650,tt15789472
role_7c951545,nm0000241,tt1130988
role_e1f6c8d5,nm0091083,tt1130988
role_f13910e7,nm0812223,tt1130988
role_d981b6e6,nm3215635,tt1130988
role_eb3dac96,nm11714389,tt1130988
role_c4b49496,nm13794963,tt1130988
role_f277e9a5,nm4168572,tt1130988
role_bb916521,nm0954238,tt1130988
role_4ad06723,nm0496381,tt1130988
role_1d4722ee,nm3874193,tt1130988
role_fc6e3560,nm0000552,tt0120701
role_67656c45,nm0000156,tt0120701
role_f1d62740,nm0000593,tt0120701
role_c47e1ff5,nm0005162,tt0120701
role_4b9b8df0,nm0001083,tt0120701
role_f73b5c3d,nm0005202,tt0120701
role_9e61e52c,nm0457683,tt0120701
role_736b91e6,nm0806427,tt0120701
role_6959c99d,nm0531333,tt0120701
role_f93064b3,nm0832883,tt0120701
role_c6f38aec,nm0827663,tt0112602
role_0b006b59,nm0689237,tt0112602
role_78beac89,nm0837976,tt0112602
role_1349380c,nm0235652,tt0112602
role_1954db33,nm0372217,tt0112602
role_490b6432,nm0940051,tt0112602
role_db951b45,nm0003942,tt0112602
role_da1ed7b8,nm0140393,tt0112602
role_520c1610,nm0004944,tt0112602
role_f5dfd4a2,nm0325359,tt0112602
role_a1094dce,nm2103974,tt0800069
role_8c91e1b3,nm0809344,tt0800069
role_5dddd51a,nm0438055,tt0800069
role_078da2cf,nm0010264,tt0800069
role_91eadbe3,nm0462116,tt0800069
role_3bff81ef,nm0667574,tt0800069
role_59860279,nm0004499,tt0800069
role_80f340d5,nm1595515,tt0800069
role_a957ab40,nm0949810,tt0800069
role_dcd5fdba,nm0022161,tt0800069
role_e4407a7b,nm0159789,tt0211933
role_e3dcf860,nm0004695,tt0211933
role_6b495b63,nm0005024,tt0211933
role_16e62beb,nm0000565,tt0211933
role_eea38710,nm0001520,tt0211933
role_cfbe8f85,nm0730168,tt0211933
role_f978cdcb,nm0397124,tt0211933
role_cbe2b42f,nm0001770,tt0211933
role_43cbdf3b,nm10783300,tt0211933
role_256095dd,nm1092086,tt0211933
role_edd2d631,nm14022766,tt8550208
role_6a005b6d,nm0008943,tt8550208
role_eac61d6d,nm4655028,tt8550208
role_37b12556,nm0006763,tt8550208
role_96ef29a3,nm4470391,tt8550208
role_891bba03,nm0944834,tt8550208
role_15f5273f,nm3071488,tt8550208
role_79d3e8d2,nm1591897,tt8550208
role_5d303603,nm0000442,tt0089153
role_de13e6c7,nm0000492,tt0089153
role_6a78e04a,nm0001979,tt0089153
role_9c183d58,nm0860233,tt0089153
role_c2e761ce,nm0383779,tt0089153
role_66308399,nm0879073,tt0089153
role_49dd63dd,nm0479951,tt0089153
role_86c4c388,nm0001397,tt0089153
role_3d315d3b,nm0426665,tt0089153
role_777de10a,nm0028487,tt0089153
role_510f6884,nm2436587,tt0785077
role_7e4a98c5,nm0092216,tt0785077
role_0ce09059,nm0522324,tt0785077
role_496dd4dd,nm0791868,tt0785077
role_917241ec,nm1459509,tt0785077
role_a96d725e,nm0851350,tt0785077
role_6ee15fce,nm0000470,tt0785077
role_4be16179,nm0682063,tt0785077
role_a62d4a2e,nm0501489,tt0785077
role_b25d4427,nm1496325,tt0785077
role_25a6b2f9,nm0519043,tt0384793
role_f67fc505,nm1706767,tt0384793
role_f1fc7d3a,nm2012635,tt0384793
role_f043c406,nm1551922,tt0384793
role_14518d2a,nm0857215,tt0384793
role_7162f323,nm0085400,tt0384793
role_c8b62edc,nm0515116,tt0384793
role_db87c7b8,nm0220711,tt0384793
role_18417498,nm0193639,tt0384793
role_247dfeb1,nm10362095,tt0384793
role_8d9e9b1b,nm0000115,tt0099575
role_f53341bc,nm0000169,tt0099575
role_6fe69ce1,nm0000707,tt0099575
role_d931db82,nm0450461,tt0099575
role_71955855,nm0224532,tt0099575
role_398b01b9,nm0245653,tt0099575
role_2f424428,nm0870729,tt0099575
role_46f8529d,nm0696430,tt0099575
role_cf67bd75,nm0648846,tt0099575
role_f02b509c,nm0487260,tt0099575
role_49cad5ef,nm0001872,tt0239948
role_586a04bf,nm0085312,tt0239948
role_cddc8d20,nm0004755,tt0239948
role_a6b5f498,nm0001605,tt0239948
role_13d3bffc,nm0221902,tt0239948
role_0cc333a2,nm0000388,tt0239948
role_631d012e,nm0004871,tt0239948
role_e8885250,nm0309307,tt0239948
role_039eeac7,nm0035579,tt0239948
role_c9a4c32e,nm0285140,tt0239948
role_d54a567b,nm0000136,tt3045616
role_97757633,nm0000569,tt3045616
role_2a0abd12,nm0079273,tt3045616
role_eb00212c,nm0000191,tt3045616
role_77f3be13,nm1601397,tt3045616
role_1a1e00ce,nm0665188,tt3045616
role_9f7dda74,nm0191410,tt3045616
role_da3615a8,nm0860947,tt3045616
role_a2a37df3,nm4110469,tt3045616
role_57e5ca2c,nm1545953,tt3045616
role_12b89855,nm0000443,tt0093693
role_4bcfa542,nm0000621,tt0093693
role_ba668aa8,nm0001346,tt0093693
role_3c9004e2,nm0001340,tt0093693
role_4b0fc652,nm0002235,tt0093693
role_3379880a,nm0001522,tt0093693
role_dfc0f644,nm0750758,tt0093693
role_57410c4e,nm0936472,tt0093693
role_3a331341,nm0696813,tt0093693
role_d2fc0a0a,nm0001388,tt0094921
role_2721f6b8,nm0726200,tt0094921
role_32b0264f,nm0102536,tt0094921
role_05ed1ba5,nm0469103,tt0094921
role_fa75a0bb,nm0587249,tt0094921
role_8fba6bd8,nm0552326,tt0094921
role_0f8700ae,nm0066023,tt0094921
role_7f5c1d68,nm0798670,tt0094921
role_a00e94a8,nm0001383,tt0094921
role_81e2dc05,nm0365281,tt0094921
role_7deb6cf9,nm0000134,tt0105001
role_fdadb92c,nm0001448,tt0105001
role_a75ab24f,nm0331054,tt0105001
role_c94feabf,nm0454418,tt0105001
role_96e6aa41,nm0912001,tt0105001
role_fd4bcdc8,nm0908919,tt0105001
role_b1fc4bbe,nm0697587,tt0105001
role_7a314c60,nm0456801,tt0105001
role_9c3952c3,nm0614283,tt0105001
role_e86fa440,nm0143344,tt0105001
role_b979ca3c,nm0914612,tt4287320
role_91ba2046,nm1294664,tt4287320
role_ea2b9423,nm0000444,tt4287320
role_18fadef6,nm0000200,tt4287320
role_a4c3f9b6,nm2394794,tt4287320
role_254af4ba,nm0000158,tt4287320
role_3075ab8b,nm0065059,tt4287320
role_1d4842fa,nm1682319,tt4287320
role_eda56303,nm6974206,tt4287320
role_e8a73d11,nm1561100,tt4287320
role_1af81a1d,nm0504897,tt0212712
role_e90605a9,nm0000084,tt0212712
role_e69979f2,nm0910947,tt0212712
role_8ee74c87,nm0454120,tt0212712
role_63c7f42c,nm0955471,tt0212712
role_5dff8631,nm0490500,tt0212712
role_6d835234,nm1083271,tt1131734
role_4f7bf206,nm1086543,tt1131734
role_b29b7577,nm12048279,tt1131734
role_ff023728,nm0111013,tt1131734
role_c1242223,nm2978638,tt1131734
role_151a03c2,nm2981833,tt1131734
role_3ca4288a,nm2017931,tt1131734
role_a3481aff,nm2827877,tt1131734
role_c7efd542,nm0695435,tt1131734
role_a126020c,nm0748634,tt1131734
role_a9ccb9f5,nm0000188,tt0098067
role_6088c09e,nm0005460,tt0098067
role_74c19264,nm0001848,tt0098067
role_8bd35692,nm0001673,tt0098067
role_6b6f1318,nm0001548,tt0098067
role_35377170,nm0001371,tt0098067
role_df6b3334,nm0000588,tt0098067
role_08775c86,nm0000206,tt0098067
role_21626f40,nm0468772,tt0098067
role_9f7eaf9c,nm0240797,tt0098067
role_4e2efb64,nm0005227,tt0250687
role_37b36023,nm0074410,tt0250687
role_47dbc771,nm0000421,tt0250687
role_e8ced75b,nm1036443,tt0250687
role_23cad57b,nm1035460,tt0250687
role_451bf4ef,nm0616667,tt0250687
role_3005bc7d,nm1035396,tt0250687
role_4cfed923,nm0001293,tt0250687
role_c188f110,nm0021608,tt0250687
role_86ebcdf2,nm0896735,tt0250687
role_b9acd82c,nm0005476,tt0171804
role_7cf90cfb,nm0001721,tt0171804
role_fbd53579,nm0765597,tt0171804
role_dfedbe71,nm0786639,tt0171804
role_e30a7df2,nm0329773,tt0171804
role_c18175bc,nm0284315,tt0171804
role_1426655f,nm0036261,tt0171804
role_67f709bf,nm0132808,tt0171804
role_884040a2,nm0569847,tt0171804
role_2ff6f4ab,nm0750735,tt0171804
role_159f4963,nm0176869,tt1740047
role_99ae412e,nm0117339,tt1740047
role_ab9a6be6,nm0426037,tt1740047
role_de545447,nm4169770,tt1740047
role_b75d9b7a,nm3189577,tt1740047
role_136f6aad,nm15637833,tt1740047
role_1b9d2b4f,nm10223485,tt1740047
role_a41fef7e,nm1626256,tt1740047
role_ff570edc,nm1733993,tt1740047
role_e63f0a5d,nm0787715,tt1740047
role_8f292105,nm0000120,tt1396218
role_5ecafae2,nm0001303,tt1396218
role_91fec5fd,nm0001450,tt1396218
role_e7de4996,nm1166041,tt1396218
role_59aef568,nm1630992,tt1396218
role_3389cabd,nm0163988,tt1396218
role_741bfee7,nm0001787,tt1396218
role_5f19ceff,nm0472710,tt1396218
role_fdc312ac,nm0001311,tt1396218
role_3fe907ae,nm2265334,tt1396218
role_d0b25dc8,nm0504320,tt6108178
role_cd729934,nm0005273,tt6108178
role_761f7433,nm0179680,tt6108178
role_7cb072da,nm0940245,tt6108178
role_c2c68ea4,nm0281418,tt6108178
role_a08f256c,nm0992476,tt6108178
role_ebfa857a,nm0001838,tt6108178
role_90188d09,nm0204010,tt6108178
role_e603fc7d,nm10329836,tt6108178
role_7e1aaba3,nm7539761,tt6108178
role_8253b55d,nm0284369,tt1185616
role_1402f7af,nm0803348,tt1185616
role_2ac1ca88,nm2923235,tt1185616
role_a810dd99,nm2923647,tt1185616
role_41a2c9a7,nm3066885,tt1185616
role_1c2b49c7,nm2924645,tt1185616
role_7d053144,nm2925720,tt1185616
role_018a7474,nm1573064,tt1185616
role_58ec8baf,nm0493787,tt1185616
role_be4b4145,nm0929489,tt0465538
role_18577784,nm0001574,tt0465538
role_323ff89a,nm0001628,tt0465538
role_16bbfbc3,nm2796342,tt0465538
role_c169aca8,nm0842770,tt0465538
role_2ab0493e,nm0000123,tt0465538
role_63356626,nm0151148,tt0465538
role_18543c0f,nm0890651,tt0465538
role_283277d3,nm0002718,tt0465538
role_a63395bd,nm0565336,tt0465538
role_f9298cf1,nm0011154,tt0160401
role_a3ffa4cd,nm0015370,tt0160401
role_0be6cddf,nm0023563,tt0160401
role_9fd5b06e,nm0037410,tt0160401
role_1638d9b6,nm0085635,tt0160401
role_c3306836,nm0112218,tt0160401
role_65e824f4,nm0133474,tt0160401
role_69f623dd,nm0152430,tt0160401
role_8332d055,nm0171583,tt0160401
role_03850828,nm0172220,tt0160401
role_f49abb4f,nm1501050,tt0406375
role_0c80b0d7,nm1242688,tt0406375
role_d1d56f1e,nm1009277,tt0406375
role_d1cb97d3,nm0829576,tt0406375
role_d82150d4,nm0000209,tt0406375
role_dc3d4de7,nm0000568,tt0406375
role_4071f83b,nm0018514,tt0406375
role_975f77ce,nm0575216,tt0406375
role_ade44cee,nm1408752,tt0406375
role_ec5fd154,nm0117851,tt0406375
role_2369facc,nm10596904,tt7370952
role_210ef9ab,nm0230058,tt7370952
role_c8cb585f,nm15395290,tt7370952
role_a8f68dab,nm2343444,tt7370952
role_a8fd327b,nm5050494,tt7370952
role_fb41d979,nm0659840,tt7370952
role_68f221c4,nm0012081,tt7370952
role_87cea480,nm0455068,tt7370952
role_9d3a61db,nm11535321,tt7370952
role_ee17f851,nm11535322,tt7370952
role_7c65aa6e,nm0910278,tt0093727
role_3e416122,nm0826273,tt0093727
role_0aca851e,nm0566680,tt0093727
role_1d2dd459,nm0771633,tt0093727
role_f2c177e8,nm0941000,tt0093727
role_3983475c,nm0362064,tt0093727
role_7fcb648e,nm0040573,tt0093727
role_7301aa78,nm0393739,tt0093727
role_e1e40ebd,nm0101470,tt0093727
role_50f216be,nm0140354,tt0093727
role_941094e1,nm0822982,tt1253863
role_ef93b156,nm1200692,tt1253863
role_c058d6b1,nm0372176,tt1253863
role_93760024,nm0558548,tt1253863
role_4f62de04,nm0612534,tt1253863
role_046a44ec,nm0920992,tt1253863
role_113579a2,nm0763928,tt1253863
role_c194e6e3,nm0640080,tt1253863
role_23803bbe,nm0862907,tt1253863
role_c0d0e694,nm0620981,tt1253863
role_495380b3,nm0001638,tt0082096
role_0693da51,nm0344963,tt0082096
role_900b9107,nm0921044,tt0082096
role_52c99c72,nm0071059,tt0082096
role_4704d177,nm0783847,tt0082096
role_ec9e9411,nm0851427,tt0082096
role_dbd4a632,nm0496441,tt0082096
role_41947638,nm0562056,tt0082096
role_b315a385,nm0388517,tt0082096
role_b9e6744e,nm0643805,tt0082096
role_60bd9ddc,nm0654110,tt0159382
role_aa80c1ed,nm0714919,tt0159382
role_d49e4f57,nm0050437,tt0159382
role_ac731d6b,nm0607916,tt0159382
role_2b05ab74,nm0442997,tt0159382
role_b062a147,nm0571160,tt0159382
role_830e9bd3,nm1054058,tt0159382
role_a77e7406,nm0925958,tt0159382
role_7bf9e5c9,nm0357807,tt0159382
role_26c90adb,nm1054163,tt0159382
role_10b43b17,nm0001772,tt0120844
role_322343c6,nm0000408,tt0120844
role_224ce475,nm0000653,tt0120844
role_eceabfec,nm0000996,tt0120844
role_1f7bce8e,nm0000373,tt0120844
role_1dbe981b,nm0000533,tt0120844
role_06a4de32,nm0000642,tt0120844
role_6613881d,nm0000719,tt0120844
role_7dc0edb0,nm0614220,tt0120844
role_a30a3d7b,nm0001875,tt0120844
role_c042a2a0,nm0005377,tt2091935
role_230629d4,nm0447695,tt2091935
role_387e4815,nm0000619,tt2091935
role_f7793e3b,nm0710447,tt2091935
role_745aae30,nm0609845,tt2091935
role_b79db08c,nm1002664,tt2091935
role_93931d76,nm0753526,tt2091935
role_2c6e34bf,nm2605625,tt2091935
role_96853aeb,nm4005031,tt2091935
role_7440f9a8,nm0000513,tt0116282
role_849b9533,nm0000114,tt0116282
role_b0255043,nm0001780,tt0116282
role_cfc5ba8e,nm0749021,tt0116282
role_3ab326e6,nm0696193,tt0116282
role_9b45e148,nm0219301,tt0116282
role_a253474b,nm0396828,tt0116282
role_618fde97,nm0935041,tt0116282
role_da720d07,nm0777754,tt0116282
role_76c78b38,nm0463698,tt0116282
role_9ec72f5d,nm0000333,tt0120857
role_df3d37f5,nm0001132,tt0120857
role_df50b63d,nm0687506,tt0120857
role_38666d64,nm0001749,tt0120857
role_319f6a32,nm0005499,tt0120857
role_52e0e0e0,nm0908529,tt0120857
role_1c67a58d,nm0524097,tt0120857
role_48331113,nm0315767,tt0120857
role_4cddd4be,nm0781915,tt0120857
role_a25f5140,nm0816517,tt0120857
role_be93b8f8,nm0000141,tt0119906
role_5cc4538b,nm0000459,tt0119906
role_38a1952d,nm0001401,tt0119906
role_ff088957,nm0557219,tt0119906
role_f53fec77,nm0001780,tt0119906
role_43ac798e,nm0862907,tt0119906
role_8ab94a96,nm0235427,tt0119906
role_ea5c4797,nm0370035,tt0119906
role_8bdd25aa,nm0829901,tt0119906
role_a4328257,nm0600657,tt0119906
role_7e1ff97c,nm0320808,tt0211387
role_02797fc5,nm0956026,tt0211387
role_ce0f3527,nm0756203,tt0211387
role_63c6d5c2,nm0505764,tt0211387
role_6908f3ad,nm0191906,tt0220099
role_b07d2e56,nm0394251,tt0220099
role_35441db8,nm0763052,tt0220099
role_ba9e3a37,nm0275835,tt0220099
role_d0fbb7a7,nm0191520,tt0220099
role_a2335573,nm0831254,tt0220099
role_0941ed92,nm0815718,tt0220099
role_5483b49a,nm0041006,tt0220099
role_4cdc72ef,nm0000457,tt0220099
role_e34c7833,nm0001191,tt1232200
role_58099c14,nm1676221,tt1232200
role_26b2fc38,nm1015262,tt1232200
role_b0e0d037,nm0406678,tt1232200
role_9ff381ac,nm0001001,tt1232200
role_ca2c2501,nm0893257,tt1232200
role_77e1674c,nm0163703,tt1232200
role_514a4791,nm0269599,tt1232200
role_78da17c7,nm0650027,tt1232200
role_60409c76,nm0287182,tt1232200
role_215ad5db,nm10440709,tt0363589
role_e4012146,nm1370494,tt0363589
role_26b28376,nm0732754,tt0363589
role_b5887a94,nm1371432,tt0363589
role_55390f79,nm0852664,tt0363589
role_fdccff5f,nm1377431,tt0363589
role_c3e18977,nm0313559,tt0363589
role_424835cd,nm1381030,tt0363589
role_ce393800,nm1382894,tt0363589
role_ad31d38b,nm12394528,tt0363589
role_b871398a,nm0000198,tt0110116
role_edb4f7f5,nm0469103,tt0110116
role_ac9f70ac,nm0000618,tt0110116
role_ee24e17c,nm0824373,tt0110116
role_80e4956f,nm0389424,tt0110116
role_616d87f9,nm0546816,tt0110116
role_352f8b2a,nm0402032,tt0110116
role_9a1a5ceb,nm0000420,tt0110116
role_3f91ee8e,nm0394531,tt0110116
role_a6f703e1,nm0298089,tt0110116
role_992cabc0,nm0000230,tt0083284
role_e8625ff6,nm0000323,tt0083284
role_7dad6a5c,nm0671446,tt0083284
role_7fd9e13c,nm0600961,tt0083284
role_7b06337c,nm0034055,tt0083284
role_baf09fdc,nm0887122,tt0083284
role_f1cd41cf,nm0223391,tt0083284
role_02d52b90,nm0861228,tt0083284
role_abe70226,nm0838620,tt0083284
role_03b7f81a,nm0697848,tt0083284
role_751715e9,nm0000152,tt0174480
role_4e806d31,nm0000213,tt0174480
role_ae3ac356,nm0001439,tt0174480
role_0e0c1ffc,nm0834626,tt0174480
role_2ad2cc5b,nm0267812,tt0174480
role_217c9881,nm0834606,tt0174480
role_78024283,nm0005007,tt0174480
role_a8d885e3,nm0799777,tt0174480
role_e7643a0b,nm0870794,tt0174480
role_c68ff344,nm0002148,tt0174480
role_e076a308,nm0000131,tt0120797
role_8d68a8cd,nm0000671,tt0120797
role_55c645ad,nm0000949,tt0120797
role_ed47669c,nm0001401,tt0120797
role_c8f290d0,nm0916617,tt0120797
role_5a5eb834,nm0298281,tt0120797
role_c43342b5,nm0507852,tt0120797
role_2f9b1cc9,nm0743671,tt0120797
role_f8c05038,nm0187060,tt0120797
role_a9c48f76,nm0932407,tt0120797
role_98b6e974,nm1671512,tt1032846
role_b4e2762e,nm1693019,tt1032846
role_fce04499,nm0412096,tt1032846
role_d8e3cbd1,nm2308578,tt1032846
role_c9039561,nm0315640,tt1032846
role_219b26c1,nm2304709,tt1032846
role_3b2918c8,nm2671929,tt1032846
role_f00ed0f7,nm0691047,tt1032846
role_c20c0354,nm2276340,tt1032846
role_9a7fe638,nm1898013,tt1032846
role_c463974c,nm0000182,tt6968614
role_8bf20117,nm5515054,tt6968614
role_6fe288f6,nm1165044,tt6968614
role_46ce25b7,nm0001212,tt6968614
role_917e5f43,nm0305558,tt6968614
role_5d686b4a,nm0705152,tt6968614
role_c7f18cb5,nm0305266,tt6968614
role_a35540ee,nm5465853,tt6968614
role_565b6149,nm0004908,tt6968614
role_24f7c33a,nm1652383,tt6968614
role_ac28a9aa,nm0000396,tt0091024
role_fdbed263,nm0751638,tt0091024
role_e4d31bf1,nm0005569,tt0091024
role_831c7905,nm0769311,tt0091024
role_9ce95673,nm0553036,tt0091024
role_63a89d84,nm0892455,tt0091024
role_f35dcac8,nm0263577,tt0091024
role_43898a21,nm0495412,tt0091024
role_f659557b,nm0448734,tt0091024
role_54ae2ed8,nm1072446,tt0091024
role_275962d0,nm1096816,tt5795144
role_bc8f83a3,nm11723797,tt1650043
role_b2f69db5,nm1256602,tt1650043
role_e8cdde72,nm0006713,tt1650043
role_5b46f821,nm2953573,tt1650043
role_e028293e,nm0001872,tt1650043
role_5a4561ba,nm3826838,tt1650043
role_8694087f,nm3827421,tt1650043
role_daf50f90,nm0514228,tt1650043
role_9c51f34c,nm13971805,tt1650043
role_308870f4,nm3351930,tt1650043
role_2ac96031,nm0000260,tt0365885
role_af321133,nm0000126,tt0365885
role_7367d594,nm0159776,tt0365885
role_7434539b,nm0005392,tt0365885
role_98eb2482,nm0001860,tt0365885
role_69dc15a5,nm0939697,tt0365885
role_64cba861,nm0082802,tt0365885
role_21c6c0ac,nm0363989,tt0365885
role_de05bdde,nm11993572,tt0365885
role_6a6a93db,nm0916073,tt0365885
role_e05a44d0,nm0354962,tt1262416
role_c463c024,nm0413994,tt1262416
role_da7475fb,nm1501624,tt1262416
role_66c772a6,nm0267258,tt1262416
role_20d06b27,nm0001593,tt1262416
role_6eebc315,nm0068338,tt1262416
role_0cd4d352,nm1631435,tt1262416
role_20164205,nm1429380,tt1262416
role_880dec5d,nm0000117,tt1262416
role_34ab65e5,nm1555340,tt1262416
role_db7e550a,nm0000274,tt1262416
role_0891ad93,nm0001073,tt1262416
role_2f6f7f2f,nm0659363,tt1262416
role_2c4ba4a9,nm0731074,tt1262416
role_1f905887,nm3404718,tt1262416
role_a63ca3d0,nm0005420,tt1262416
role_f4c79717,nm0640669,tt1262416
role_0c889f45,nm0461712,tt1262416
role_1bd2a2e5,nm3970882,tt1262416
role_5fbd5079,nm0191412,tt1262416
role_82b93104,nm3380171,tt1262416
role_9ec34ec6,nm0026364,tt1262416
role_06561a80,nm0111013,tt1262416
role_f3abe981,nm0584352,tt1262416
role_b7735e92,nm0503234,tt1262416
role_7a0397ad,nm0011128,tt1262416
role_c5d538e3,nm4108811,tt1262416
role_9ecc9f76,nm0001521,tt1262416
role_47c38889,nm4392839,tt1262416
role_1e2187c9,nm11130247,tt1262416
role_a87a3070,nm3922365,tt1262416
role_034b9cff,nm0001287,tt1262416
role_ae2af18a,nm4391751,tt1262416
role_b5bcae1b,nm0818155,tt1262416
role_4fe814bb,nm4164804,tt1262416
role_8b4cabc8,nm0137020,tt1262416
role_eb792910,nm0000127,tt1262416
role_48e38dfd,nm4740257,tt1262416
role_4b9b65ae,nm4731098,tt1262416
role_67bba506,nm0169187,tt1262416
role_5af52e8d,nm4528723,tt1262416
role_4e19efe0,nm4090022,tt1262416
role_c09ccc87,nm3970990,tt1262416
role_ce0b1057,nm5108186,tt1262416
role_e66627c9,nm8533991,tt1262416
role_06899699,nm1425237,tt1262416
role_6106e146,nm4030500,tt1262416
role_ed94f824,nm1719288,tt1262416
role_186f4d0f,nm0502882,tt1262416
role_0dc71219,nm4110135,tt1262416
role_f61f568a,nm4035610,tt1262416
role_b1db392a,nm2731534,tt1262416
role_e9813c2d,nm4398977,tt1262416
role_fd32d7d5,nm3605667,tt1262416
role_055b671c,nm7352130,tt1262416
role_d42fe5e5,nm3943574,tt1262416
role_2f213e5b,nm10874240,tt1262416
role_40ee3087,nm4070713,tt1262416
role_223ca6ba,nm3112497,tt1262416
role_f03e8193,nm0951148,tt1139668
role_2c7980ec,nm0000198,tt1139668
role_1fc4c051,nm1544217,tt1139668
role_808fe780,nm0328709,tt1139668
role_9affb7e4,nm0252961,tt1139668
role_797ce079,nm0000737,tt1139668
role_a5ccbb16,nm2557831,tt1139668
role_2a25fadd,nm0001664,tt1139668
role_cb894a25,nm0001303,tt1139668
role_73fef9f1,nm0496934,tt1139668
role_4a6fe37d,nm1711052,tt1139668
role_daa1371d,nm0766019,tt1139668
role_836abd03,nm3103119,tt1139668
role_6f0d8c44,nm0364567,tt1139668
role_3c628915,nm3014031,tt1139668
role_28f9f435,nm11458079,tt1139668
role_5e599b1a,nm10276816,tt1139668
role_cbdb6311,nm0068413,tt1139668
role_e2b88f92,nm0018716,tt1139668
role_0bb2a31e,nm0178252,tt1139668
role_5ec92faa,nm1720177,tt1139668
role_cf7b29cc,nm0888070,tt1139668
role_ca24037e,nm3241433,tt1139668
role_3f9c5e7d,nm11541836,tt1139668
role_2299e42b,nm2965844,tt1139668
role_20e85e71,nm1474193,tt1139668
role_e49914bc,nm14305523,tt1139668
role_70a79139,nm11182440,tt1139668
role_78234be0,nm0523121,tt1139668
role_2401b6fe,nm2876082,tt1139668
role_96e1e2ac,nm3045309,tt1139668
role_4d91f956,nm11726747,tt1139668
role_3de45eca,nm3044013,tt1139668
role_db5d2df5,nm14911300,tt1139668
role_3548ae24,nm0370768,tt1139668
role_c7f05274,nm0117136,tt1139668
role_7897ab2d,nm3241435,tt1139668
role_4b2771c0,nm0783376,tt1139668
role_e29f887c,nm10185469,tt1139668
role_2f409ac0,nm2745463,tt1139668
role_22d930bf,nm5052139,tt1139668
role_5cb14fac,nm1163523,tt1139668
role_6b680cdc,nm0127438,tt1139668
role_e1cb58d7,nm1167931,tt1139668
role_75c79478,nm2643486,tt1139668
role_c9b57b9e,nm7722819,tt1139668
role_439c6e7e,nm0222062,tt1139668
role_cb9e14e9,nm0222713,tt1139668
role_5df2e1d1,nm3093347,tt1139668
role_7acf4e99,nm2814403,tt1139668
role_851ee8d4,nm10032504,tt1139668
role_01951d13,nm6511111,tt1139668
role_f5003f23,nm2935984,tt1139668
role_3006ca60,nm1371557,tt1139668
role_a4ba5f83,nm2713028,tt1139668
role_0a730c21,nm2208043,tt1139668
role_0ef9e3f3,nm0001367,tt0105572
role_3ab4e365,nm0000496,tt0105572
role_ab50bd5f,nm0001726,tt0105572
role_7f4620f4,nm0244630,tt0105572
role_97701ccc,nm0810397,tt0105572
role_c3d7d52c,nm0234440,tt0105572
role_0e16b0e1,nm0001337,tt0105572
role_0b2323e0,nm0829053,tt0105572
role_34b4e6e0,nm0856201,tt0105572
role_03c61138,nm0856202,tt0105572
role_cddf4a91,nm10307646,tt0105572
role_b8141dda,nm0577060,tt0105572
role_9a574c96,nm0480775,tt0105572
role_a7e39c17,nm0842574,tt0105572
role_82fd8eb9,nm0616032,tt0105572
role_9c7c4b45,nm0731801,tt0105572
role_1447f04d,nm0372258,tt0105572
role_3b4f5330,nm0048250,tt0105572
role_06b09630,nm0603716,tt0105572
role_8ca189f5,nm0005158,tt0105572
role_8745c87c,nm0402653,tt0105572
role_75971cc0,nm0770227,tt0105572
role_f6a1e6d2,nm0393460,tt0105572
role_a7154666,nm0163761,tt0105572
role_429e0f8a,nm0387081,tt0105572
role_cb10ac74,nm0599387,tt0105572
role_6aa5dec4,nm0472080,tt0105572
role_b62d32b9,nm0745548,tt0105572
role_c4c99fed,nm0057935,tt0105572
role_5351526b,nm0892452,tt0105572
role_54aa12e9,nm0017019,tt0105572
role_3f9b8a88,nm0741660,tt0105572
role_1b8b5392,nm0932672,tt0105572
role_f4f315da,nm7142800,tt0105572
role_a9aaca98,nm0001401,tt0146316
role_41801683,nm0000685,tt0146316
role_ed81682f,nm0322513,tt0146316
role_0f866760,nm0852965,tt0146316
role_05ba5159,nm0185819,tt0146316
role_f7834c03,nm0424589,tt0146316
role_c6dcc978,nm0057368,tt0146316
role_8d57c8e6,nm0722279,tt0146316
role_6d485d31,nm0680587,tt0146316
role_d9504d25,nm0680261,tt0146316
role_80e1e05a,nm0032440,tt0146316
role_f3584126,nm1002214,tt0146316
role_22fd38e4,nm0156465,tt0146316
role_e22b9466,nm0874851,tt0146316
role_2bebd16d,nm0950687,tt0146316
role_a94b7478,nm1001276,tt0146316
role_e7497332,nm0153704,tt0146316
role_2f250edf,nm0270194,tt0146316
role_8aa16857,nm0137028,tt0146316
role_dbdd316e,nm0972969,tt0146316
role_050a6caa,nm1000314,tt0146316
role_229406ab,nm0122878,tt0146316
role_7a0f4f4b,nm1000807,tt0146316
role_07d9f6d9,nm4721227,tt0146316
role_d946e76a,nm0129640,tt0146316
role_b8c0afce,nm1347984,tt0146316
role_a96bcd97,nm1693530,tt0146316
role_add4c7a1,nm1415490,tt0146316
role_5d92c428,nm1348696,tt0146316
role_22c7e351,nm11945273,tt0146316
role_3324f4e6,nm9813905,tt0146316
role_6dc038d3,nm0746101,tt0146316
role_06168e09,nm0579823,tt0111579
role_f5233ac2,nm0586482,tt0111579
role_2649defd,nm0200848,tt0111579
role_b01310b9,nm0586486,tt0111579
role_72a6a963,nm0863146,tt0111579
role_4e5f2bf3,nm0473047,tt0111579
role_75f7312b,nm0407959,tt0111579
role_8ce2b601,nm0443606,tt0111579
role_66cf2602,nm0035057,tt0111579
role_842271e3,nm0503127,tt0111579
role_54a90dd2,nm0653589,tt0111579
role_7c9af561,nm0880767,tt0111579
role_5551631d,nm0748857,tt0111579
role_c89e7d79,nm0752368,tt0111579
role_9a2a7013,nm0069455,tt0111579
role_f2df206d,nm0688667,tt0111579
role_9d710222,nm0592491,tt0111579
role_771fc5d6,nm1055003,tt0111579
role_ebf27996,nm0001301,tt0103786
role_8ee8e619,nm0001372,tt0103786
role_749c783e,nm0427894,tt0103786
role_0c99faf6,nm0005497,tt0103786
role_1d7281f7,nm0144938,tt0103786
role_4b13c434,nm0440082,tt0103786
role_802976eb,nm0001624,tt0103786
role_7eed9238,nm0001804,tt0103786
role_1ff398ef,nm0000141,tt0103786
role_15d8210e,nm0005004,tt0103786
role_c64a1da3,nm0188778,tt0103786
role_8a3e1c37,nm0428952,tt0103786
role_e16df7bd,nm0279297,tt0103786
role_d16c2374,nm0684338,tt0103786
role_093faae9,nm0203473,tt0103786
role_2165bfb9,nm8207359,tt0103786
role_02350910,nm0479686,tt0103786
role_4f0bec35,nm0448417,tt0103786
role_2ef872d6,nm0112146,tt0103786
role_7ae69a99,nm0514535,tt0103786
role_d66267ac,nm0314126,tt0103786
role_a4570e48,nm0200761,tt0103786
role_8ee398aa,nm0641237,tt0103786
role_1281bdb6,nm0003345,tt0103786
role_cf135136,nm0254557,tt0103786
role_23022879,nm0557467,tt0103786
role_733a5739,nm0517467,tt0103786
role_1e2db9c5,nm0607941,tt0103786
role_4b213b93,nm0001828,tt0103786
role_a73ad04a,nm0941650,tt0103786
role_2d00674a,nm0546570,tt0103786
role_4014cc46,nm0330687,tt0103786
role_d0bed6db,nm0571479,tt0103786
role_62c2dab3,nm0159623,tt0103786
role_8640ec48,nm8350439,tt0103786
role_e511d8ef,nm11698661,tt0103786
role_595c0ca8,nm15639997,tt0103786
role_140ab40b,nm0692466,tt0103786
role_b78b51a5,nm0000158,tt0091653
role_c0cd58a0,nm0001276,tt0091653
role_c80157c2,nm0001693,tt0091653
role_c07508d8,nm0001185,tt0091653
role_20367247,nm0179224,tt0091653
role_162b930a,nm0000787,tt0091653
role_eb932faf,nm0000688,tt0091653
role_0ef4c8e1,nm0364082,tt0091653
role_c5cad2c2,nm0438127,tt0091653
role_6fcf1f80,nm0582200,tt0091653
role_ceb8d6eb,nm0032326,tt0091653
role_35b73dff,nm0527972,tt0091653
role_506f9074,nm0823289,tt0091653
role_85488dd8,nm0022214,tt0091653
role_f2a488e6,nm0606623,tt0091653
role_5020d210,nm0144657,tt0091653
role_4bd3f95d,nm0002235,tt0091653
role_9346e7e3,nm0584673,tt0091653
role_f5caa440,nm0399981,tt0091653
role_8f2e87a7,nm0949340,tt0091653
role_61b5c776,nm0712684,tt0091653
role_cc786ca3,nm0524023,tt0091653
role_6a1a8c27,nm0550982,tt0091653
role_97cc46ee,nm0551167,tt0091653
role_a7bbc0b3,nm0312736,tt0091653
role_895f7995,nm0328898,tt0091653
role_071d6692,nm0902452,tt0091653
role_0b835962,nm0212939,tt0091653
role_28fd8000,nm0413495,tt0091653
role_af86f38c,nm0098783,tt0091653
role_413d6226,nm0661526,tt0091653
role_cb03e33f,nm0039739,tt0091653
role_65d5ae54,nm0345466,tt0091653
role_d06e2ce6,nm0031517,tt0091653
role_9bbcbab7,nm0189019,tt0091653
role_2acdf965,nm0015199,tt0091653
role_66e7656c,nm0718021,tt0091653
role_b951c81c,nm0444646,tt0091653
role_dc2e3972,nm0219682,tt0091653
role_5dffb5d7,nm0950932,tt0091653
role_500c9bb3,nm0857213,tt0091653
role_cee42c80,nm0943816,tt0091653
role_2ad7f263,nm0121609,tt0091653
role_112ea008,nm0456605,tt0091653
role_f37651de,nm0242688,tt0091653
role_1397e90f,nm0355464,tt0091653
role_d099dfc8,nm0754595,tt0091653
role_89f965d9,nm0017300,tt0091653
role_7e39437d,nm0550759,tt0091653
role_98979de2,nm0956766,tt0091653
role_17e4be47,nm0312522,tt0091653
role_6f9bec6a,nm0413760,tt0091653
role_6f1a00f6,nm0661586,tt0091653
role_7c34eea9,nm0688432,tt0091653
role_0d28edc9,nm0711289,tt0091653
role_3d92afa8,nm0003293,tt0091653
role_f9cfd572,nm0324962,tt0091653
role_9770db33,nm0720434,tt0091653
role_fd11f0f6,nm0183130,tt0091653
role_6c84d847,nm0810704,tt0091653
role_6d15b9cb,nm0132100,tt0091653
role_ef2d9cf6,nm0660404,tt0091653
role_33acdee2,nm0262991,tt0091653
role_1fdb6629,nm0571862,tt0091653
role_78532bf3,nm0417641,tt0091653
role_e59c7afa,nm1872432,tt0091653
role_e68dcadf,nm1409913,tt0091653
role_8c54b0bd,nm8712270,tt0091653
role_61110bbf,nm4549529,tt0091653
role_b832803b,nm0172188,tt0091653
role_2a2bf951,nm4233418,tt0091653
role_5f48667f,nm0153004,tt0091653
role_522aa396,nm0001311,tt0091653
role_749992fa,nm0454236,tt0091653
role_5e110dce,nm0550764,tt0091653
role_2d356b44,nm3211002,tt0091653
role_991fae37,nm0743925,tt0091859
role_9784fb33,nm0391969,tt0091859
role_c8b3c8f6,nm0640613,tt0091859
role_2b6cf12f,nm0110171,tt0091859
role_ca3a5e00,nm0188646,tt0091859
role_e332962a,nm0329556,tt0091859
role_ffd7a7f4,nm0413181,tt0091859
role_20ce76d0,nm0470372,tt0091859
role_d5259504,nm0912268,tt0091859
role_73dd5ff6,nm0519105,tt0091859
role_ff161bdc,nm0278239,tt0091859
role_3ac3db0e,nm0671500,tt0091859
role_b38da528,nm0789093,tt0091859
role_eb4014b6,nm0182688,tt0091859
role_f0e9db13,nm0629492,tt0091859
role_e1d2dc36,nm0040736,tt0091859
role_838ca40f,nm0373451,tt0091859
role_854ceb31,nm0646156,tt0091859
role_21d2dbc5,nm0942959,tt0091859
role_a038cd1a,nm0315792,tt0091859
role_8effd8c3,nm0174835,tt0091859
role_07af3fde,nm0824593,tt0091859
role_cd27b1bc,nm0057861,tt0091859
role_23c1352c,nm0791846,tt0091859
role_e4cb475b,nm0419754,tt0091859
role_c0a69b82,nm0329003,tt0091859
role_4159d2c1,nm0420595,tt0091859
role_2ea76e79,nm1569146,tt0091859
role_1c0b623f,nm0701166,tt0091859
role_a3a7363d,nm0354341,tt0091859
role_be5a9c86,nm0182691,tt0091859
role_51549b7c,nm0662866,tt0091859
role_13d3c9fa,nm0373279,tt0091859
role_17c502c1,nm0222873,tt0091859
role_4f04b1d8,nm0576080,tt0091859
role_9e3840f9,nm3252097,tt0091859
role_f99644ba,nm12636313,tt0091859
role_7a6a591d,nm2025865,tt0091859
role_3fbd411d,nm0282079,tt0091859
role_fdae47ff,nm10279101,tt0091859
role_eba8dd9c,nm9712818,tt0091859
role_73306f3d,nm1578439,tt0091859
role_07732a61,nm3101539,tt0091859
role_07b43fa6,nm13226987,tt0091859
role_36926b0b,nm13599661,tt0091859
role_1a64365a,nm5153625,tt0091859
role_14f0a34a,nm6162831,tt6811018
role_3a7cf6f6,nm1740112,tt6811018
role_c8a58395,nm9299964,tt6811018
role_89937035,nm0853258,tt6811018
role_1c42f2d7,nm8652179,tt6811018
role_6ccc2aca,nm2805533,tt6811018
role_a8f210af,nm1282920,tt6811018
role_704539ab,nm0272581,tt6811018
role_e7f31b08,nm1326440,tt6811018
role_6c884fea,nm2653929,tt6811018
role_0c2d4cc3,nm0552706,tt6811018
role_7bbe27a9,nm1438275,tt6811018
role_83bfcebb,nm1469275,tt6811018
role_b155a156,nm3789989,tt6811018
role_4359dad9,nm10808102,tt6811018
role_1596dd7c,nm0001772,tt6811018
role_ab7f3d98,nm0568729,tt6811018
role_99cb1abf,nm0125511,tt6811018
role_6f4625b3,nm0086865,tt6811018
role_f743583b,nm0642444,tt6811018
role_2ed9b95b,nm7854904,tt6811018
role_b40ff628,nm12673730,tt6811018
role_40a29702,nm10039538,tt6811018
role_ee5c5820,nm9709969,tt6811018
role_b826ca3b,nm9916443,tt6811018
role_917bbd1f,nm12273097,tt6811018
role_b2b38ae2,nm1784345,tt6811018
role_d5148e65,nm15968350,tt6811018
role_f49cda1c,nm11045606,tt6811018
role_782bc904,nm13128166,tt6811018
role_0d88cef5,nm8922835,tt6811018
role_506129d2,nm9553192,tt6811018
role_31a4fafd,nm10270631,tt6811018
role_139881ec,nm8230321,tt6811018
role_2100cc3e,nm11597703,tt6811018
role_6dfdab49,nm9298449,tt6811018
role_01f30a99,nm7521994,tt6811018
role_1dc520c4,nm6576090,tt6811018
role_1c0c06a6,nm8073026,tt6811018
role_a1b8bdda,nm6790722,tt6811018
role_ca7e52e9,nm13277385,tt6811018
role_d793b9da,nm0003810,tt6811018
role_2f8b75b2,nm10764772,tt6811018
role_07099fde,nm8352984,tt6811018
role_73e1bc3f,nm12538906,tt6811018
role_04e68bb6,nm9453792,tt6811018
role_9a0ecb67,nm13394623,tt6811018
role_d0d79641,nm9577933,tt6811018
role_31ee5688,nm6466223,tt6811018
role_d0e6f176,nm10302011,tt6811018
role_fd1dda3d,nm7634224,tt6811018
role_061dcd2f,nm15214454,tt6811018
role_bd29c6e1,nm10264710,tt6811018
role_214729b2,nm1095720,tt0298228
role_ce948b2d,nm0660984,tt0298228
role_800d13f0,nm0369357,tt0298228
role_f7bee542,nm0193295,tt0298228
role_6cb879d5,nm1169385,tt0298228
role_5df61b60,nm1261655,tt0298228
role_2caf63ee,nm1344302,tt0298228
role_f5139bb1,nm0256394,tt0298228
role_6f142c66,nm0205541,tt0298228
role_abf062c1,nm0923564,tt0298228
role_cd249e92,nm1260339,tt0298228
role_899cf694,nm0801226,tt0298228
role_bc3dfba5,nm1186408,tt0298228
role_e8a0612b,nm0804050,tt0298228
role_8a66156a,nm1261821,tt0298228
role_3ffe8ea5,nm1343800,tt0298228
role_e4d15ab9,nm1342968,tt0298228
role_a3d5b09b,nm1343207,tt0298228
role_09a1f933,nm1343552,tt0298228
role_d5e5e533,nm1343970,tt0298228
role_bc409efa,nm1343801,tt0298228
role_a7a9a6d4,nm0838605,tt0298228
role_ab7bd8c3,nm10409543,tt0298228
role_ed0123c9,nm1261648,tt0298228
role_bf9f3720,nm0641426,tt0298228
role_82bfb6ad,nm1343188,tt0298228
role_eaeb343d,nm0000418,tt0101969
role_4a3905e1,nm0000177,tt0101969
role_e178f6ad,nm0000188,tt0101969
role_b7c75682,nm0001521,tt0101969
role_2edbfc77,nm0000571,tt0101969
role_f89caf59,nm0005569,tt0101969
role_1de0b04f,nm0005438,tt0101969
role_5c83f35e,nm0509824,tt0101969
role_3d442f93,nm0540491,tt0101969
role_9bb416eb,nm0577870,tt0101969
role_a23166c7,nm0872755,tt0101969
role_1dde751a,nm0223040,tt0101969
role_77b0e5e5,nm0574879,tt0101969
role_1ede58f3,nm0574905,tt0101969
role_001bfa48,nm0048926,tt0101969
role_ec679daf,nm0293461,tt0101969
role_7bf82471,nm0760250,tt0101969
role_ab9a0c32,nm0113271,tt0101969
role_0e8cafcf,nm0199272,tt0101969
role_81da31c6,nm0725079,tt0101969
role_421e01d9,nm0430218,tt0101969
role_4fb516fe,nm0021112,tt0101969
role_63e2e3ef,nm0924577,tt0101969
role_e2ee96e1,nm0908534,tt0101969
role_03340acd,nm0512359,tt0101969
role_f848ad50,nm0444940,tt0101969
role_dd81b01a,nm0005420,tt0101969
role_5d554fa0,nm0759344,tt0101969
role_c6cb928c,nm0603052,tt0101969
role_44e54a9f,nm0455437,tt0101969
role_a1d073be,nm0205515,tt0101969
role_5d037df2,nm0429234,tt0101969
role_860bfdf8,nm0870729,tt0101969
role_20aac9d3,nm0151575,tt0101969
role_ad501ba9,nm0148869,tt0101969
role_8e7e86d1,nm0566971,tt0101969
role_a5ac9b6f,nm0060931,tt0101969
role_fcb54ba1,nm0320150,tt0101969
role_a2f0629c,nm0427626,tt0101969
role_9e4869ad,nm0795093,tt0101969
role_07158d4c,nm0139486,tt0101969
role_99a2f35b,nm0747464,tt0101969
role_e73ece45,nm0673475,tt0101969
role_e2b00e67,nm0004286,tt0101969
role_2d1429e8,nm0743462,tt0101969
role_7c53a14a,nm0911377,tt0101969
role_37885086,nm0440463,tt0101969
role_1816d359,nm0206365,tt0101969
role_8a3e7387,nm0038736,tt0101969
role_a9bca6a0,nm0162924,tt0101969
role_bc9b1a1a,nm0162925,tt0101969
role_067dd15f,nm6234459,tt0101969
role_4184168e,nm7109017,tt0101969
role_9537124e,nm0001410,tt0101969
role_3d09e383,nm0832859,tt0101969
role_7966b8e6,nm0943536,tt0101969
role_c00d85d3,nm0262632,tt3498820
role_0eb30771,nm0000375,tt3498820
role_82d1abf1,nm0424060,tt3498820
role_b5c14c67,nm1659221,tt3498820
role_de53bcc8,nm1107001,tt3498820
role_de891383,nm0000332,tt3498820
role_d47811a1,nm0719637,tt3498820
role_e4f52f9f,nm1569276,tt3498820
role_da77f1d4,nm0079273,tt3498820
role_4ae06599,nm0647634,tt3498820
role_675adc03,nm0748620,tt3498820
role_6521e40a,nm0885840,tt3498820
role_a0e5424e,nm0276169,tt3498820
role_7a3b4606,nm0117709,tt3498820
role_ffbe414b,nm0342029,tt3498820
role_b4a404ec,nm0000458,tt3498820
role_58b6085a,nm0293508,tt3498820
role_6c2af23b,nm0000673,tt3498820
role_637648c7,nm0434712,tt3498820
role_ebaecfef,nm0805476,tt3498820
role_a957a6b4,nm0204706,tt3498820
role_d4e99dd7,nm0005569,tt3498820
role_186a92cc,nm12164733,tt3498820
role_0d37f7cb,nm7291225,tt3498820
role_16fc9bee,nm2144533,tt3498820
role_ebc06f15,nm3422168,tt3498820
role_20039094,nm1355942,tt3498820
role_21d0c9b3,nm1987604,tt3498820
role_ca02054b,nm4897417,tt3498820
role_9db8c221,nm0958696,tt3498820
role_677c524e,nm1634949,tt3498820
role_edd5f004,nm0441042,tt3498820
role_3271869c,nm0180259,tt3498820
role_d20c9c28,nm1310244,tt3498820
role_011b7e24,nm0669681,tt3498820
role_2717fde1,nm4230395,tt3498820
role_afae70f5,nm8064423,tt3498820
role_bbd612f9,nm3138500,tt3498820
role_b1a70cad,nm0046514,tt3498820
role_bec31e5b,nm1929205,tt3498820
role_c932321c,nm0212278,tt3498820
role_9d0d1c23,nm0192844,tt3498820
role_3ca40cd9,nm3665937,tt3498820
role_b20e9e4f,nm6704171,tt3498820
role_ad4cec82,nm1654820,tt3498820
role_6298b37c,nm10031235,tt3498820
role_1a4574f5,nm8064426,tt3498820
role_f2c408ce,nm8064427,tt3498820
role_47aef32e,nm8064428,tt3498820
role_b075e556,nm8064429,tt3498820
role_f25978e2,nm8535457,tt3498820
role_d6a2c4c8,nm8064430,tt3498820
role_2c79da70,nm0255003,tt3498820
role_6348db40,nm8064432,tt3498820
role_efdd4a8c,nm8064433,tt3498820
role_a1c771cb,nm1415588,tt3498820
role_1158f65b,nm8064435,tt3498820
role_e73fc77d,nm13298539,tt3498820
role_46128cc3,nm11540974,tt3498820
role_e4431618,nm3546230,tt3498820
role_6687d709,nm8535458,tt3498820
role_010b244e,nm8064439,tt3498820
role_a7119c26,nm0146237,tt3498820
role_c124c03e,nm8064441,tt3498820
role_110158e0,nm8064442,tt3498820
role_126b870a,nm8064443,tt3498820
role_a885b868,nm8064444,tt3498820
role_6efa25a1,nm8064445,tt3498820
role_d74df48e,nm12966949,tt3498820
role_5b62869f,nm8064447,tt3498820
role_84dcd62f,nm8064448,tt3498820
role_15e89482,nm8064449,tt3498820
role_87a9ad2c,nm8064450,tt3498820
role_e9363f94,nm8064451,tt3498820
role_533ea04c,nm8064452,tt3498820
role_b56e9cde,nm8064453,tt3498820
role_1cd71cd0,nm4717824,tt3498820
role_87383fc4,nm2832213,tt3498820
role_9b6b3481,nm5518083,tt3498820
role_973b8b33,nm0118108,tt3498820
role_e0492547,nm13311078,tt3498820
role_725bc2d3,nm8064456,tt3498820
role_a47b9953,nm3631621,tt3498820
role_70308aaf,nm1364280,tt3498820
role_a348b299,nm0451263,tt3498820
role_b8dad7df,nm2248109,tt3498820
role_08b66a58,nm3989668,tt3498820
role_2238275c,nm0711110,tt3498820
role_572bcc40,nm3017046,tt3498820
role_4335e1cb,nm0751647,tt3498820
role_5148540e,nm0498278,tt3498820
role_203d4ebb,nm2277926,tt3498820
role_b827e810,nm0174403,tt3498820
role_3b06ed05,nm1566474,tt3498820
role_63456014,nm4290240,tt3498820
role_69c43d13,nm12991452,tt3498820
role_5a682b64,nm1943719,tt3498820
role_cee8fd51,nm0148844,tt3498820
role_8e5fe449,nm0636005,tt3498820
role_20cbbdb6,nm7297485,tt3498820
role_7b747607,nm1736996,tt3498820
role_92d97b36,nm1228805,tt3498820
role_19eeb09b,nm0892069,tt3498820
role_b7c72c7a,nm12429544,tt3498820
role_ac15e395,nm6746394,tt3498820
role_04ef68b0,nm2213461,tt3498820
role_2c05a89f,nm8211583,tt3498820
role_ebe7c1d2,nm10530384,tt3498820
role_aedd3f9b,nm4286832,tt3498820
role_8d3ecd5a,nm6316439,tt3498820
role_31a61dba,nm9324304,tt3498820
role_bdfb530d,nm6925237,tt3498820
role_ad9f4749,nm10327631,tt3498820
role_d8850cfc,nm7466330,tt3498820
role_17ad8930,nm11453393,tt3498820
role_5bb772e0,nm7009175,tt3498820
role_94a6a8a6,nm8336192,tt3498820
role_546802db,nm5698290,tt3498820
role_5b39b84b,nm8741401,tt3498820
role_965f3e78,nm5854970,tt3498820
role_600733c7,nm0163781,tt3498820
role_acff71e4,nm0167139,tt3498820
role_0c07222b,nm6685821,tt3498820
role_19233072,nm8112662,tt3498820
role_df1d13bb,nm13853046,tt3498820
role_81479edb,nm7110749,tt3498820
role_fbfe16db,nm0195150,tt3498820
role_c6ffe65a,nm0992999,tt3498820
role_9143a8c1,nm15095718,tt3498820
role_7484dd23,nm1958265,tt3498820
role_819d247a,nm5241466,tt3498820
role_bf9337d0,nm8791190,tt3498820
role_d421ecae,nm1053714,tt3498820
role_82071689,nm7705677,tt3498820
role_c864511b,nm5206974,tt3498820
role_b6830ae1,nm14795537,tt3498820
role_f21f5417,nm6708940,tt3498820
role_7b6e4272,nm15538074,tt3498820
role_435417d3,nm7296307,tt3498820
role_55938c97,nm6514231,tt3498820
role_732414b0,nm6082036,tt3498820
role_a580e495,nm2180829,tt3498820
role_b708d279,nm3770779,tt3498820
role_6f4ce901,nm6715275,tt3498820
role_c7e32c20,nm5863701,tt3498820
role_accd32b2,nm4231400,tt3498820
role_ac4babde,nm6106876,tt3498820
role_f2d24eb8,nm7378125,tt3498820
role_98bd5ec7,nm3280335,tt3498820
role_b2e30ff5,nm7036560,tt3498820
role_44d17da2,nm4995103,tt3498820
role_def377bc,nm0474812,tt3498820
role_b7f17545,nm5537101,tt3498820
role_02e032a8,nm8949200,tt3498820
role_effcb681,nm0728080,tt3498820
role_ba5bc2c3,nm7043346,tt3498820
role_dda7c27c,nm7341201,tt3498820
role_780d5e06,nm1169215,tt3498820
role_11bb3e9a,nm0543219,tt3498820
role_0fd1d17b,nm4870726,tt3498820
role_264d170c,nm1290697,tt3498820
role_1fc79bec,nm10050291,tt3498820
role_7adfc016,nm3947930,tt3498820
role_14dafa16,nm5323025,tt3498820
role_53352783,nm5932666,tt3498820
role_ec06ac5e,nm10147187,tt3498820
role_5f9f1ff4,nm10155275,tt3498820
role_a7f09952,nm4116610,tt3498820
role_eb311d3b,nm13687180,tt3498820
role_860d4d60,nm0672164,tt3498820
role_63a18154,nm0680209,tt3498820
role_435d1617,nm15825729,tt3498820
role_7195e327,nm2045854,tt3498820
role_c2c160b9,nm6768665,tt3498820
role_e6af5852,nm8032520,tt3498820
role_13de1c70,nm2539632,tt3498820
role_15a5c52d,nm3596606,tt3498820
role_7ef10cf0,nm7416928,tt3498820
role_9f37aecb,nm7138530,tt3498820
role_777fd1f3,nm3558936,tt3498820
role_1f932ff6,nm10703062,tt3498820
role_216d8805,nm5848200,tt3498820
role_cc64c6e5,nm11055689,tt3498820
role_a3eb6856,nm4558847,tt3498820
role_ec0022b4,nm6363181,tt3498820
role_e2ab05e1,nm7295795,tt3498820
role_552fd0af,nm10095138,tt3498820
role_792e14ac,nm3605500,tt3498820
role_854e8630,nm0905975,tt3498820
role_b4cd9bd9,nm6994615,tt3498820
role_45acfe59,nm5830708,tt3498820
role_0bad8760,nm10788516,tt3498820
role_767b51a8,nm6255315,tt3498820
role_f89b18d8,nm3309008,tt3498820
role_7fbc9be5,nm3037642,tt3498820
role_6ad7d71f,nm5436143,tt3498820
role_f2431fa8,nm7515545,tt28277817
role_04327306,nm4453291,tt28277817
role_f2b88ef5,nm4422686,tt28277817
role_49e5a648,nm7781664,tt28277817
role_63ddce81,nm6157473,tt28277817
role_1b2f32c1,nm10163216,tt28277817
role_9faa7e44,nm5663459,tt28277817
role_2c9bf391,nm10131274,tt28277817
role_796ee296,nm3021178,tt28277817
role_fc4fcaf9,nm11531773,tt28277817
role_302d32b3,nm12522119,tt28277817
role_a3753183,nm5477751,tt28277817
role_8787987c,nm5994487,tt28277817
role_78fa9083,nm11051429,tt28277817
role_368bb6f6,nm0500200,tt0277371
role_c2767536,nm0262632,tt0277371
role_fbe9d9dd,nm0005326,tt0277371
role_d28bd7fe,nm0647638,tt0277371
role_08cb01a7,nm0000477,tt0277371
role_e4ac918a,nm0725091,tt0277371
role_2c382db9,nm0432657,tt0277371
role_ba7cdb8d,nm0504516,tt0277371
role_b6a0b442,nm0573097,tt0277371
role_c3ab9f52,nm0403134,tt0277371
role_5c63200d,nm0305272,tt0277371
role_393f5f22,nm0000327,tt0277371
role_651f6609,nm0505949,tt0277371
role_1405db68,nm0898597,tt0277371
role_c0d320c2,nm0688919,tt0277371
role_2506b031,nm0491590,tt0277371
role_47785ea4,nm0322339,tt0277371
role_6ed4300f,nm0001558,tt0277371
role_2360b0ca,nm0000208,tt0277371
role_70df78e9,nm0001642,tt0277371
role_4e565fd0,nm1027847,tt0277371
role_c9ae4352,nm0741592,tt0277371
role_43453412,nm0809720,tt0277371
role_474bd46a,nm0922263,tt0277371
role_981eef8c,nm1097302,tt0277371
role_f05bdfb5,nm0588563,tt0277371
role_2f0eb1c4,nm0258117,tt0277371
role_db2122b1,nm1102342,tt0277371
role_1af578f9,nm1102140,tt0277371
role_da2e7eee,nm1102051,tt0277371
role_ac10ed2a,nm0792097,tt0277371
role_85598852,nm0842372,tt0277371
role_27b88a04,nm1101222,tt0277371
role_3ba081ef,nm0066972,tt0277371
role_73a207d3,nm0414875,tt0277371
role_04c80059,nm1096910,tt0277371
role_6ab323d4,nm0083914,tt0277371
role_d8dbe478,nm0993100,tt0277371
role_6b164af6,nm0943927,tt0277371
role_5f439033,nm1101478,tt0277371
role_7ac7469c,nm0800335,tt0277371
role_324277c4,nm0324761,tt0277371
role_b5b55b3d,nm0938161,tt0277371
role_b22a4754,nm1102415,tt0277371
role_06a28d60,nm0809902,tt0277371
role_00414821,nm0113697,tt0277371
role_bd654313,nm0580794,tt0277371
role_9022acc0,nm0911700,tt0277371
role_9cb9f37c,nm10647957,tt0277371
role_b39dec36,nm1101442,tt0277371
role_92dbf042,nm0364797,tt0277371
role_d15799b5,nm0416856,tt0277371
role_040cc4d0,nm0070810,tt0277371
role_e678a32c,nm1031223,tt0277371
role_fe706a92,nm0426678,tt0277371
role_0cc5bb26,nm4555626,tt0277371
role_02682850,nm0818934,tt0277371
role_fd5673fa,nm0674019,tt0277371
role_7d115c36,nm0147472,tt0277371
role_d35c0bf4,nm0936364,tt0277371
role_0f849f10,nm0060810,tt0277371
role_77bca459,nm0282575,tt0277371
role_5d795b6b,nm0809882,tt0277371
role_d366a0ab,nm0005415,tt0277371
role_9c9a096b,nm0071304,tt0277371
role_bd8bc7d0,nm0324330,tt0277371
role_2209f491,nm1458690,tt0277371
role_69549c6e,nm1102579,tt0277371
role_522cd196,nm1096895,tt0277371
role_180bd82f,nm0528944,tt0277371
role_9ad82aeb,nm0940342,tt0277371
role_4ba44acc,nm0613775,tt0277371
role_99a3f27a,nm0761509,tt0277371
role_523d862b,nm0318603,tt0277371
role_4f385a7a,nm1101546,tt0277371
role_cb91382d,nm0029058,tt0277371
role_346c69c3,nm1197100,tt0277371
role_f077ce83,nm0043807,tt0277371
role_6e56e7ae,nm0048169,tt0277371
role_a4a12bc9,nm0176941,tt0277371
role_762873d5,nm2034529,tt0277371
role_abf0e60e,nm15826410,tt0277371
role_e4a9fdbf,nm12944070,tt0277371
role_c7383111,nm2137219,tt0277371
role_dc42b542,nm0004997,tt0277371
role_7ff98ce9,nm0386816,tt0277371
role_ae06411e,nm1411770,tt0277371
role_f1309697,nm0502044,tt0277371
role_769ac36f,nm1367450,tt0277371
role_e0d5bc14,nm1169215,tt0277371
role_521afb27,nm1484804,tt0277371
role_929c14b4,nm11188289,tt0277371
role_a5fe418a,nm4046484,tt0277371
role_709b6ea8,nm0766399,tt0277371
role_e473846a,nm2129539,tt0277371
role_e8be003e,nm1008104,tt0277371
role_39809ec7,nm1724136,tt0277371
role_a55ab794,nm12400083,tt0277371
role_fbd79908,nm0856311,tt0277371
role_3582ad07,nm0859503,tt0277371
role_c9d3e522,nm1119873,tt0277371
role_cc06a500,nm15533935,tt0277371
role_d369ef29,nm1479094,tt0277371
role_4fcd58f1,nm0000195,tt0087332
role_b75cde71,nm0000101,tt0087332
role_2a539916,nm0000244,tt0087332
role_b7ecb9df,nm0000601,tt0087332
role_66ad6e4e,nm0001548,tt0087332
role_fb3fc585,nm0001633,tt0087332
role_3b7fbd91,nm0040472,tt0087332
role_76bffbaf,nm0001368,tt0087332
role_b3e7cdf7,nm0546868,tt0087332
role_e5ba13c8,nm0850865,tt0087332
role_c1858051,nm0001690,tt0087332
role_2a72b829,nm0431226,tt0087332
role_45bf4bad,nm0258117,tt0087332
role_715256e0,nm0238541,tt0087332
role_87540419,nm0153366,tt0087332
role_d40a4d31,nm0137114,tt0087332
role_22d134e1,nm0745232,tt0087332
role_4605d9d5,nm0567582,tt0087332
role_06ab7764,nm0342339,tt0087332
role_7ef2c5c0,nm0005092,tt0087332
role_c2cc91f1,nm0291460,tt0087332
role_7a10bdde,nm0440487,tt0087332
role_ddff6acf,nm0727543,tt0087332
role_e917db8a,nm0559157,tt0087332
role_2a9c2705,nm0162748,tt0087332
role_cbfe7395,nm0773356,tt0087332
role_5e292a51,nm0001817,tt0087332
role_605631e0,nm0312564,tt0087332
role_00230093,nm0748133,tt0087332
role_0b87d695,nm0226759,tt0087332
role_a2823967,nm0831812,tt0087332
role_381ab5a5,nm0245441,tt0087332
role_557a9a0a,nm0440488,tt0087332
role_da9a64dc,nm0215565,tt0087332
role_6c7bc53f,nm0623751,tt0087332
role_72ba99f4,nm0608623,tt0087332
role_db72ec59,nm0943942,tt0087332
role_c3fe0b56,nm0562154,tt0087332
role_59049cba,nm0391218,tt0087332
role_dff44e1e,nm0580783,tt0087332
role_748a84a6,nm0541510,tt0087332
role_4e715c52,nm0418174,tt0087332
role_2d0729a0,nm0344043,tt0087332
role_d05b1abb,nm0377760,tt0087332
role_c783d553,nm0362171,tt0087332
role_26ae8599,nm0877555,tt0087332
role_96496a55,nm0446715,tt0087332
role_7f5932ae,nm0870602,tt0087332
role_9470a778,nm0083310,tt0087332
role_fea5eb51,nm0646992,tt0087332
role_c8622985,nm0380641,tt0087332
role_6f6bf95a,nm0031012,tt0087332
role_ee1b1e87,nm0051699,tt0087332
role_d27e699b,nm0082709,tt0087332
role_7480a21b,nm0116901,tt0087332
role_85a8a4da,nm0128480,tt0087332
role_875a1af6,nm0137365,tt0087332
role_374d7e4f,nm7009175,tt0087332
role_055ca302,nm7441740,tt0087332
role_1b418dd8,nm11263245,tt0087332
role_b601158b,nm0173904,tt0087332
role_7628f907,nm1202332,tt0087332
role_0c3a9daa,nm7378821,tt0087332
role_57095f2c,nm0207357,tt0087332
role_4ebba0f5,nm13270538,tt0087332
role_c8ce4317,nm0243010,tt0087332
role_d9666c03,nm0250252,tt0087332
role_61eeed74,nm2083268,tt0087332
role_b7ddc812,nm1018001,tt0087332
role_c71c2e68,nm0316933,tt0087332
role_f7924843,nm0318422,tt0087332
role_27864d18,nm0322681,tt0087332
role_3ffa7e97,nm0341499,tt0087332
role_3a2eb55a,nm0532531,tt0087332
role_9ffcb748,nm2355600,tt0087332
role_e8d535f5,nm0370757,tt0087332
role_5e04ae9c,nm15404643,tt0087332
role_688e5f02,nm0000465,tt0087332
role_27eb21d1,nm0455126,tt0087332
role_cd5f98e9,nm0457278,tt0087332
role_4f00f9fb,nm0503154,tt0087332
role_c63c8ee7,nm0555778,tt0087332
role_38f38187,nm0575817,tt0087332
role_48b7e445,nm0626256,tt0087332
role_f9bd97ad,nm0666564,tt0087332
role_cd95aa8b,nm0712843,tt0087332
role_2b013b0b,nm0718645,tt0087332
role_dca9e0fa,nm0729526,tt0087332
role_37ae19b0,nm0765776,tt0087332
role_95081e8d,nm11055689,tt0087332
role_57f58cf3,nm0865356,tt0087332
role_0e34e007,nm9834189,tt0087332
role_324d82e9,nm0888421,tt0087332
role_7624f156,nm0910476,tt0087332
role_6ec64d25,nm0920655,tt0087332
role_f9930f01,nm0933822,tt0087332
role_c2ad7e12,nm0000155,tt0112571
role_b3eee453,nm0000571,tt0112571
role_64bc176d,nm0000106,tt0112571
role_e8f9a9a8,nm0000190,tt0112571
role_367a2ecb,nm0001664,tt0112571
role_060bb920,nm0936198,tt0112571
role_8236b798,nm0319036,tt0112571
role_0f04a4ec,nm0100381,tt0112571
role_68f6fabd,nm0663820,tt0112571
role_aba706c6,nm0032628,tt0112571
role_ee7bf201,nm0003986,tt0112571
role_7ce971b7,nm0315342,tt0112571
role_72032974,nm0712736,tt0112571
role_e6634e7f,nm0758287,tt0112571
role_36b4aa65,nm0161980,tt0112571
role_1ec609b3,nm0913797,tt0112571
role_c69678c9,nm0781218,tt0112571
role_b14f0c73,nm0868226,tt0112571
role_7d2cc443,nm0015935,tt0112571
role_00367e02,nm0566911,tt0112571
role_5705cd1d,nm0832601,tt0112571
role_9cbd0f0f,nm0795821,tt0112571
role_34110056,nm0624684,tt0112571
role_4647596e,nm0621788,tt0112571
role_81090ae1,nm0958797,tt0112571
role_22e82b17,nm0458820,tt0112571
role_9cf4c7ff,nm0189315,tt0112571
role_a2a21329,nm0527316,tt0112571
role_3eb8642a,nm0925504,tt0112571
role_506043d3,nm0313739,tt0112571
role_1a585355,nm0446259,tt0112571
role_236f94aa,nm0176473,tt0112571
role_7162caab,nm0250183,tt0112571
role_91b42c06,nm0261021,tt0112571
role_abb32993,nm0478874,tt0112571
role_2a1aabc4,nm0542070,tt0112571
role_4e73afce,nm0795594,tt0112571
role_0805754c,nm0199093,tt0112571
role_b3997ada,nm0567609,tt0112571
role_ee04b493,nm0382025,tt0112571
role_794242e4,nm0243367,tt0112571
role_8c0879e1,nm0592373,tt0112571
role_29e4882d,nm0701518,tt0112571
role_ac39c689,nm0205664,tt0112571
role_2382a890,nm0781807,tt0112571
role_72a5217d,nm0479183,tt0112571
role_64991afc,nm0428980,tt0112571
role_bc14fb1a,nm0488644,tt0112571
role_2e1af989,nm0599338,tt0112571
role_15830ea5,nm0290405,tt0112571
role_25d6ef3e,nm0544245,tt0112571
role_86c57821,nm0647012,tt0112571
role_740e7150,nm0553466,tt0112571
role_df532d93,nm0019125,tt0112571
role_988d8ace,nm3970617,tt0112571
role_a8deb23a,nm0038458,tt0112571
role_639fb577,nm0181687,tt0112571
role_59c2856c,nm2263933,tt0112571
role_c12868c6,nm2506673,tt0112571
role_b00d2452,nm11958979,tt0112571
role_789179bd,nm0295474,tt0112571
role_9fa573b9,nm2933641,tt0112571
role_efa0579c,nm0420201,tt0112571
role_e1ecc03c,nm4223911,tt0112571
role_18f8d1e2,nm1548548,tt0112571
role_6103d246,nm0701373,tt0112571
role_a65fc5dd,nm2997617,tt0112571
role_6e98d135,nm1412974,tt14107334
role_0f35a4e3,nm5957029,tt14107334
role_a75966bc,nm6906418,tt14107334
role_b8786d3e,nm0953882,tt14107334
role_41a025d0,nm0870048,tt14107334
role_c1897fa1,nm3194762,tt14107334
role_5d77fd84,nm1438275,tt14107334
role_ca93ca64,nm3306943,tt14107334
role_bbeadedb,nm3681644,tt14107334
role_c5fbcd3d,nm1195855,tt14107334
role_bbcf80c1,nm0005003,tt14107334
role_db9dc90e,nm4004844,tt14107334
role_bbb59429,nm0736785,tt14107334
role_cec75c1d,nm11123883,tt14107334
role_c0089013,nm9582029,tt14107334
role_c96b7df4,nm10236433,tt14107334
role_3adcc056,nm0575223,tt14107334
role_67931552,nm0247020,tt14107334
role_dd74a826,nm12503618,tt14107334
role_2a5a5b33,nm10586053,tt14107334
role_3c21ab41,nm6525379,tt14107334
role_3b85cb1c,nm11958939,tt14107334
role_22a60c54,nm10865541,tt14107334
role_d748a117,nm0174909,tt14107334
role_904924f3,nm8720587,tt14107334
role_749446f3,nm10074317,tt14107334
role_ae6aa56d,nm5902084,tt14107334
role_088ec438,nm10392106,tt14107334
role_4024e45f,nm0000982,tt14107334
role_8d8f57e0,nm12089825,tt14107334
role_a019a809,nm0169267,tt14107334
role_2d70f691,nm0000529,tt14107334
role_7fed0337,nm6667199,tt14107334
role_fabffc53,nm4720651,tt14107334
role_7ed66cac,nm8634318,tt14107334
role_04183a99,nm0657794,tt14107334
role_b310b276,nm0231458,tt14107334
role_ec1a9e47,nm12359499,tt14107334
role_4e3bba48,nm0382954,tt14107334
role_76fcfacd,nm0011709,tt14107334
role_788b3e1c,nm14691640,tt14107334
role_413ada12,nm10260603,tt14107334
role_b5420868,nm0601425,tt14107334
role_f55a928f,nm7565682,tt14107334
role_86a56903,nm0588227,tt14107334
role_2534ed6f,nm0000513,tt14107334
role_7e5b61d9,nm6224672,tt14107334
role_188a3b71,nm2165432,tt14107334
role_71c56542,nm6007345,tt14107334
role_c9c43708,nm4571432,tt14107334
role_e9cb19f8,nm0356025,tt14107334
role_30779ac7,nm1921538,tt14107334
role_93d846ae,nm0565095,tt14107334
role_11f5b0e9,nm0588469,tt14107334
role_5aaa0551,nm0045209,tt14107334
role_df3c68a3,nm2986950,tt14107334
role_57333cd9,nm5746639,tt14107334
role_29e5a752,nm1583978,tt14107334
role_b67e8e81,nm15947160,tt14107334
role_e9cf1f37,nm0642101,tt14107334
role_1dfe43e7,nm5213912,tt14107334
role_3f955f87,nm5065265,tt14107334
role_bb0558ae,nm15780181,tt14107334
role_3add8734,nm0424819,tt14107334
role_d104bc33,nm6733182,tt14107334
role_2e1cd187,nm0373472,tt14107334
role_5a31f6e1,nm2614237,tt14107334
role_fb7ccd33,nm5827269,tt14107334
role_e340315a,nm0425270,tt14107334
role_cb3ff571,nm0148418,tt14107334
role_5b5742e5,nm0225549,tt14107334
role_f28fbddb,nm4454223,tt14107334
role_9d7d8558,nm11764443,tt14107334
role_81c41c22,nm0121611,tt14107334
role_eebb8137,nm10054866,tt14107334
role_b08f7a34,nm1752532,tt14107334
role_0456f8e6,nm5480831,tt14107334
role_8b096af9,nm9332058,tt14107334
role_734ff862,nm4562498,tt14107334
role_44bbfdb3,nm9634463,tt14107334
role_7a96e844,nm9535459,tt14107334
role_e578997e,nm10154309,tt14107334
role_13914752,nm10533370,tt14107334
role_a8f12962,nm10718506,tt14107334
role_124440a8,nm8868388,tt14107334
role_60865c78,nm7631949,tt14107334
role_545f039f,nm0235002,tt14107334
role_c2527a13,nm0270480,tt14107334
role_f1b3d8f5,nm12758201,tt14107334
role_4ffb122f,nm11105476,tt14107334
role_75b12bee,nm0634308,tt14107334
role_dbe5b7ff,nm2107981,tt14107334
role_b6b36684,nm15429609,tt14107334
role_af900531,nm13643875,tt14107334
role_f714d190,nm5497919,tt14107334
role_f4b173ff,nm0822582,tt14107334
role_a3c38fb2,nm9378323,tt14107334
role_157e0268,nm15884062,tt14107334
role_c675602a,nm15543485,tt14107334
role_30c5d768,nm0334048,tt0102800
role_3bf19c1c,nm0424509,tt0102800
role_62b68632,nm0467178,tt0102800
role_95daa011,nm0760203,tt0102800
role_ed08edc0,nm0436518,tt0102800
role_2f8f16e8,nm0556739,tt0102800
role_bc2a2675,nm0020162,tt0102800
role_8c41ca82,nm0001062,tt0102800
role_b43a7002,nm0754241,tt0102800
role_67f88931,nm0930787,tt0102800
role_830d1640,nm0005189,tt0102800
role_87ca2fa6,nm0330069,tt0102800
role_27bccbc3,nm0507814,tt0102800
role_3657a9cc,nm0396828,tt0102800
role_f70d333a,nm0143258,tt0102800
role_cd481152,nm0178731,tt0102800
role_a43ce78c,nm0923849,tt0102800
role_cfe92bb0,nm0750937,tt0102800
role_36e5b59b,nm0231001,tt0102800
role_ac8118c2,nm0945563,tt0102800
role_9238e81f,nm0899850,tt0102800
role_03c93524,nm0025020,tt0102800
role_8eb77208,nm0131537,tt0102800
role_c693d4b5,nm0723217,tt0102800
role_f3032388,nm0330312,tt0102800
role_636f731b,nm0330630,tt0102800
role_b464ef3b,nm0108244,tt0102800
role_efe24f21,nm0788302,tt0102800
role_b0b3b8d6,nm0760178,tt0102800
role_a69f4bad,nm0671284,tt0102800
role_1af79268,nm0570167,tt0102800
role_f34f59fd,nm0195560,tt0102800
role_71905bef,nm0362536,tt0102800
role_5c21b651,nm0579703,tt0102800
role_3f98761c,nm0894361,tt0102800
role_0db4f8f5,nm1100538,tt0102800
role_1c91a8ff,nm2642713,tt0102800
role_74322c2f,nm0149051,tt0102800
role_a118d45c,nm0162635,tt0102800
role_28fed837,nm0002340,tt0102800
role_ddfc7b57,nm0000655,tt0119717
role_0016693b,nm0001711,tt0119717
role_e3307386,nm0001177,tt0119717
role_35891a99,nm0415070,tt0119717
role_57fdd898,nm0001399,tt0119717
role_de58c8a2,nm0450116,tt0119717
role_277cc942,nm0499856,tt0119717
role_ffafa7b3,nm0000953,tt0119717
role_0f5ade25,nm1056012,tt0119717
role_d089d524,nm1055514,tt0119717
role_15f25e11,nm0815548,tt0119717
role_ab54d49c,nm0946738,tt0119717
role_a501047d,nm0062264,tt0119717
role_5c8b82ee,nm0145338,tt0119717
role_76263f58,nm0999134,tt0119717
role_599725d4,nm0956748,tt0119717
role_d90a5a68,nm1057201,tt0119717
role_6a08a738,nm0359834,tt0119717
role_f973727f,nm0589899,tt0119717
role_8c313e2f,nm1056864,tt0119717
role_57accbbb,nm0311774,tt0119717
role_27f8d5b7,nm0441767,tt0119717
role_41e6ab97,nm0086798,tt0119717
role_6b4169c3,nm0438323,tt0119717
role_d68be430,nm0062263,tt0119717
role_a8d7bc21,nm0962543,tt0119717
role_0dfeb764,nm0000876,tt0119717
role_e674c62d,nm0858776,tt0119717
role_fa527cb0,nm0000403,tt0119717
role_5e140620,nm1055383,tt0119717
role_4d7cc2af,nm0715358,tt0119717
role_8ed34cc1,nm2143912,tt0119717
role_9d3b7ad8,nm1369480,tt0119717
role_17ce89a7,nm0350453,tt2316411
role_f2ba9c40,nm0491259,tt2316411
role_9e6d830e,nm0300589,tt2316411
role_fe74e99f,nm0000618,tt2316411
role_10e9015b,nm0668702,tt2316411
role_e575dc06,nm0692874,tt2316411
role_24d143d1,nm0113983,tt2316411
role_5cbb27a5,nm2099067,tt2316411
role_84bb76b7,nm3974808,tt2316411
role_dec19dd9,nm11921029,tt2316411
role_98f2fb67,nm4446603,tt2316411
role_4ebf4e32,nm1072900,tt2316411
role_3873640b,nm1242679,tt2316411
role_f91d7d1b,nm0595576,tt2316411
role_2610b45a,nm0826936,tt2316411
role_adfd46f6,nm2085879,tt2316411
role_7fc0b1bb,nm0000552,tt0477051
role_5778ce48,nm0628601,tt0477051
role_971d819f,nm0187719,tt0477051
role_7ee3a41d,nm0694066,tt0477051
role_8b7a072e,nm0711529,tt0477051
role_2f142d4d,nm0000421,tt0477051
role_79803e16,nm0341176,tt0477051
role_7f16ae02,nm1139343,tt0477051
role_67f09d8a,nm0505801,tt0477051
role_474728b6,nm0751001,tt0477051
role_2112e690,nm0114390,tt0477051
role_84f3300c,nm0588563,tt0477051
role_efd47afe,nm0173485,tt0477051
role_ced92674,nm0005541,tt0477051
role_f3b560fd,nm0722224,tt0477051
role_2352686d,nm1367048,tt0477051
role_27c754ef,nm0717184,tt0477051
role_3915062c,nm2347201,tt0477051
role_374f0842,nm1982086,tt0477051
role_a48316dc,nm1102891,tt0477051
role_ef1a1ca3,nm1097364,tt0477051
role_a2ab04fe,nm2524338,tt0477051
role_7d05c970,nm2524347,tt0477051
role_1b612b27,nm12867544,tt0477051
role_636fe8c6,nm0732764,tt0477051
role_e3fd6be4,nm2376575,tt0477051
role_6c50811c,nm0304579,tt0477051
role_8a17c0ab,nm0064277,tt0477051
role_07ef6517,nm0309691,tt0477051
role_5cc19bf4,nm10056648,tt0477051
role_9f8b0b70,nm0730428,tt0477051
role_ea46fc8b,nm0614151,tt0477051
role_6520e30b,nm1190513,tt0477051
role_76fc5d0c,nm1675919,tt0477051
role_20341ad7,nm1703159,tt0477051
role_80e9ef52,nm0295214,tt0477051
role_82613f3d,nm1279663,tt0477051
role_98b69689,nm0737766,tt0477051
role_d8818cb6,nm0611127,tt0477051
role_f025c2b3,nm1285105,tt0477051
role_207d6c27,nm0000467,tt0477051
role_1b9c6df8,nm2524329,tt0477051
role_477678f8,nm2524343,tt0477051
role_ba952e21,nm2524335,tt0477051
role_4f3a2321,nm1717570,tt0477051
role_5a5e50cc,nm2524346,tt0477051
role_0ed999cf,nm1153012,tt0477051
role_9a12908a,nm2524349,tt0477051
role_6148d9ff,nm10423669,tt0477051
role_7489b349,nm2524332,tt0477051
role_b36495e1,nm1962872,tt0477051
role_22d064d8,nm2386514,tt0477051
role_8cfd6d7b,nm2524339,tt0477051
role_4bd40360,nm2524337,tt0477051
role_53a95f43,nm1824251,tt0477051
role_05263178,nm0584056,tt0477051
role_b40c0784,nm2524340,tt0477051
role_000eb76c,nm0068158,tt0477051
role_a516c17d,nm0170757,tt0477051
role_e2d30de1,nm1830031,tt0477051
role_991b98b9,nm0029669,tt0477051
role_a14bd695,nm10362717,tt0477051
role_502247c7,nm0828755,tt0477051
role_f979562a,nm0098224,tt0477051
role_852e4429,nm0697018,tt0477051
role_a6561584,nm0878582,tt0477051
role_77488bb8,nm0914027,tt0477051
role_929c4363,nm0914153,tt0477051
role_f07af81e,nm0922149,tt0477051
role_768a69e5,nm0940040,tt0477051
role_06ac20ac,nm0178592,tt0477051
role_3e0416cf,nm1633596,tt0477051
role_9406010c,nm0112976,tt0477051
role_e94bc91f,nm0431501,tt0477051
role_e042a2c1,nm0463507,tt0477051
role_da8c50dd,nm11102234,tt0477051
role_0a4f4d44,nm2109115,tt0477051
role_d2b1fff1,nm0413382,tt0477051
role_2c3edf91,nm0502054,tt0477051
role_ad3d8212,nm0154729,tt0477051
role_8a2aef91,nm0694181,tt0477051
role_32c33314,nm0681000,tt0477051
role_dcf0818a,nm2881908,tt0477051
role_6ec2f570,nm5178870,tt0477051
role_d570144b,nm12887600,tt0477051
role_3a7b7826,nm1379740,tt0477051
role_5c29cead,nm0413961,tt0477051
role_828a8557,nm1551511,tt0477051
role_e5987b3f,nm1872458,tt0477051
role_60ce0083,nm2271545,tt0477051
role_9bd99545,nm2638818,tt0477051
role_3d0be709,nm3080123,tt0477051
role_7704aa0c,nm2369350,tt0477051
role_e11ee2f3,nm2444107,tt0477051
role_39183002,nm0326059,tt0477051
role_2e08ef4e,nm10846339,tt0477051
role_76513121,nm4058090,tt0477051
role_145c932a,nm0443248,tt0477051
role_8ebc24a3,nm0446845,tt0477051
role_6875d5dc,nm10493322,tt0477051
role_6c927c3c,nm2577262,tt0477051
role_373b7c34,nm1800846,tt0477051
role_3c273b29,nm1800847,tt0477051
role_2d82c295,nm8660266,tt0477051
role_c9873a3f,nm10691679,tt0477051
role_da39b7ca,nm2946188,tt0477051
role_2dea5973,nm10596264,tt0477051
role_d1448169,nm5007473,tt0477051
role_9d0e628b,nm2537914,tt0477051
role_a434da03,nm0941125,tt0477051
role_e7f3f693,nm0000345,tt0098635
role_54c85489,nm0000212,tt0098635
role_69b2a201,nm0000402,tt0098635
role_a0089aed,nm0456124,tt0098635
role_83f0dc5c,nm0285885,tt0098635
role_eba14e7a,nm0675484,tt0098635
role_172360bf,nm0629264,tt0098635
role_9c5e5039,nm0658252,tt0098635
role_f35b3052,nm0079612,tt0098635
role_17012400,nm0120968,tt0098635
role_b0729437,nm0900341,tt0098635
role_bd02ebb1,nm0468772,tt0098635
role_f3580836,nm0402512,tt0098635
role_9da7feb2,nm0740332,tt0098635
role_185a7217,nm0527744,tt0098635
role_fe3b407d,nm0718021,tt0098635
role_5f9d622f,nm0373600,tt0098635
role_52f89135,nm0482839,tt0098635
role_46109e0d,nm0441917,tt0098635
role_142a7453,nm0717995,tt0098635
role_28d5e101,nm0033571,tt0098635
role_277e706f,nm0206540,tt0098635
role_6df8e298,nm0819365,tt0098635
role_0e5fd922,nm0768145,tt0098635
role_91079735,nm0240791,tt0098635
role_9ea4e2a4,nm0820096,tt0098635
role_26c9eceb,nm0160678,tt0098635
role_81674ddc,nm0151589,tt0098635
role_ac653161,nm0379468,tt0098635
role_e84f8218,nm0942776,tt0098635
role_f8f80ce1,nm0744112,tt0098635
role_e656c873,nm0362620,tt0098635
role_2a6da9db,nm0659025,tt0098635
role_e5c84fe5,nm0161237,tt0098635
role_5e7e54a6,nm0011917,tt0098635
role_40210398,nm0000006,tt0098635
role_114abaf5,nm0229362,tt0098635
role_d4d03492,nm7055569,tt0098635
role_d00f1051,nm1361403,tt0098635
role_78f44111,nm0321680,tt0098635
role_7336967b,nm3377594,tt0098635
role_56aa3584,nm0416852,tt0098635
role_15ffcadb,nm0601885,tt0098635
role_3d7b533f,nm3554323,tt0098635
role_92112a95,nm0001647,tt0098635
role_039f02c0,nm0792502,tt0098635
role_a7b9846b,nm0816834,tt0098635
role_c17b2872,nm0818285,tt0098635
role_734c90c8,nm0859899,tt0098635
role_467f4fdc,nm5730418,tt0098635
role_e5f8b451,nm1131087,tt0098635
