user_id,name,email,join_date,age
ur9974595,yancyscott1,yancyscott1997459515@imdbuser.net,1995-01-28,54
ur7358003,Counterparts42,counterparts42735800327@mail.com,2009-10-11,22
ur1279212,FlickJunkie,flickjunkie127921278@example.com,2017-08-27,16
ur15311310,Sleepin_Dragon,sleepindragon1531131054@example.com,2021-12-04,17
ur0846694,us012862,us012862084669433@imdbuser.net,2016-05-05,22
ur1293485,Smells_Like_Cheese,smellslikecheese129348523@imdbuser.net,2009-02-08,19
ur69376952,b_kite,bkite6937695217@imdbuser.net,2013-02-28,29
ur124310653,BenjaminPopkin,benjaminpopkin12431065347@example.com,2015-11-23,26
ur112034179,azemillancy,azemillancy11203417981@example.com,2015-12-27,20
ur157865736,jordondave-28085,jordondave2808515786573610@mail.com,1996-12-02,39
ur107612409,portraitofaladyonfire,portraitofaladyonfire10761240973@mail.com,2021-03-18,56
ur0562732,Anonymous_Maxine,anonymousmaxine056273277@example.com,2012-09-24,22
ur2405286,Chromium_5,chromium5240528637@mail.com,2019-01-13,23
ur7813355,neil-476,neil476781335573@moviefans.com,2005-04-04,56
ur2341632,unbreakablepabs,unbreakablepabs234163290@moviefans.com,1978-04-17,56
ur59184301,moviesfilmsreviewsinc,moviesfilmsreviewsinc5918430161@moviefans.com,2005-06-22,69
ur166961878,mattlx,mattlx16696187891@example.com,2022-08-31,33
ur151388422,ttrebonto,ttrebonto15138842217@moviefans.com,2022-10-07,33
ur67430579,richardchatten,richardchatten6743057950@mail.com,1992-04-02,45
ur1233583,Sfpsycho415,sfpsycho415123358387@imdbuser.net,1998-01-27,32
ur0581331,ehoshaw,ehoshaw058133123@example.com,2005-03-21,30
ur0378273,mik-19,mik19037827315@mail.com,1984-09-19,46
ur29385135,Calicodreamin,calicodreamin2938513563@imdbuser.net,2006-02-27,74
ur2119550,hoaembezzler,hoaembezzler211955013@imdbuser.net,1995-07-02,48
ur25312605,iquine,iquine2531260525@mail.com,2001-06-26,34
ur8467452,TheBaz_Duke,thebazduke846745214@imdbuser.net,1973-08-13,57
ur0482513,Leofwine_draca,leofwinedraca048251351@moviefans.com,1993-11-23,39
ur4841003,MakingAKilling,makingakilling484100310@mail.com,1989-12-04,76
ur2955724,JamesHitchcock,jameshitchcock295572490@imdbuser.net,1989-03-06,61
ur58619720,davispittman,davispittman5861972030@imdbuser.net,1997-09-28,44
ur18876660,PudgyPandaMan,pudgypandaman1887666041@moviefans.com,2007-04-23,23
ur0978398,djson1,djson1097839863@moviefans.com,2015-10-08,20
ur60965299,AngelHonesty,angelhonesty6096529970@moviefans.com,1987-08-19,55
ur0084804,Verona,verona008480410@mail.com,2019-05-19,38
ur78245140,labng,labng7824514065@mail.com,1996-05-02,55
ur87748969,afonsobritofalves,afonsobritofalves8774896991@imdbuser.net,1966-06-13,78
ur13382576,unsaltedpeanutz,unsaltedpeanutz1338257618@imdbuser.net,2014-04-15,13
ur2483625,bkoganbing,bkoganbing248362521@imdbuser.net,2017-05-14,54
ur1933325,klackalica,klackalica193332598@example.com,1994-03-02,40
ur160611185,saveliydalmatov,saveliydalmatov16061118549@imdbuser.net,2002-05-30,71
ur34836174,UniqueParticle,uniqueparticle3483617422@mail.com,2004-11-20,38
ur15140057,ivo-cobra8,ivocobra81514005749@mail.com,2022-09-01,76
ur0703990,Dissident,dissident070399043@imdbuser.net,2019-11-03,27
ur70533353,morfunkel,morfunkel7053335312@moviefans.com,2010-01-21,27
ur17394300,Dagobah_Man,dagobahman1739430077@imdbuser.net,1983-05-21,47
ur2898520,SnoopyStyle,snoopystyle289852091@example.com,2025-01-07,31
ur120551131,tunesplitter,tunesplitter12055113157@example.com,2014-06-08,47
ur0035229,Spleen,spleen003522977@example.com,1999-10-31,54
ur1826091,Ithaqua1987,ithaqua1987182609174@example.com,2008-07-02,56
ur59869982,emeraldreprobates,emeraldreprobates5986998224@example.com,2017-04-07,28
ur32446589,johnmmxii,johnmmxii3244658985@moviefans.com,2005-01-15,24
ur1002035,bob the moo,bobthemoo100203557@moviefans.com,2012-02-05,57
ur4103165,Xstal,xstal410316526@imdbuser.net,2011-09-09,30
ur149758386,ethanwissmann,ethanwissmann14975838660@example.com,1985-11-01,57
ur2521222,TheNorthernMonkee,thenorthernmonkee252122237@imdbuser.net,2016-04-10,64
ur1173088,MovieAddict2016,movieaddict2016117308868@moviefans.com,2012-07-13,47
ur0100815,up2u,up2u010081566@moviefans.com,1994-10-11,56
ur99782462,Ruskington,ruskington9978246240@imdbuser.net,2009-07-07,17
ur2852887,ryan_kuhn,ryankuhn285288736@example.com,2004-02-14,22
ur3174947,mjw2305,mjw2305317494729@example.com,1978-01-28,52
ur4569900,Prismark10,prismark10456990088@moviefans.com,1992-08-13,47
ur30227095,sergionocerino5,sergionocerino53022709568@mail.com,1998-02-05,56
ur0097585,Mister-6,mister6009758535@moviefans.com,2025-04-25,69
ur23062922,bigverybadtom,bigverybadtom2306292273@example.com,1999-11-04,34
ur4266210,the-jerk,thejerk426621039@moviefans.com,1980-02-27,54
ur137595032,Lonneymovies,lonneymovies13759503239@moviefans.com,2001-10-01,32
ur120966602,snoozejonc,snoozejonc12096660295@moviefans.com,1973-04-06,76
ur114981302,SoundJoeDunn1888,soundjoedunn188811498130252@imdbuser.net,2021-11-01,56
ur1113174,OrigamiDoug,origamidoug111317459@moviefans.com,1995-08-29,60
ur20552756,TheLittleSongbird,thelittlesongbird2055275672@imdbuser.net,1999-06-23,43
ur69496651,akshatmahajan,akshatmahajan6949665180@moviefans.com,2016-04-28,13
ur71516783,pietclausen,pietclausen7151678376@mail.com,2013-11-06,28
ur0088076,mermatt,mermatt008807633@example.com,1979-06-30,50
ur3270789,ma-cortes,macortes327078925@example.com,1996-04-23,51
ur0178741,funkyfry,funkyfry017874160@mail.com,1999-05-05,36
ur17822437,sme_no_densetsu,smenodensetsu1782243736@imdbuser.net,1989-08-05,53
ur4493228,wayofthecass,wayofthecass449322836@imdbuser.net,2008-10-09,28
ur0100620,bat-5,bat5010062077@imdbuser.net,1990-12-19,64
ur4771112,luger7,luger7477111216@imdbuser.net,1973-07-14,69
ur0785249,jhclues,jhclues078524993@moviefans.com,2010-09-01,26
ur131783850,kevin_robbins,kevinrobbins13178385025@example.com,2011-08-12,16
ur2275269,britishdominion,britishdominion227526926@example.com,1997-11-02,45
ur4234119,ElMaruecan82,elmaruecan82423411957@imdbuser.net,2012-01-01,39
ur0102816,CuriosityKilledShawn,curiositykilledshawn010281662@example.com,1973-05-14,77
ur2038883,Rexfellis,rexfellis203888332@mail.com,2008-05-05,48
ur9426311,brchthethird,brchthethird942631193@moviefans.com,1988-11-29,52
ur25105932,Dethcharm,dethcharm2510593294@moviefans.com,1982-12-22,64
ur0349438,GeDan,gedan034943838@moviefans.com,2024-09-14,16
ur60112300,patricio-53898,patricio538986011230025@example.com,2020-07-20,23
ur2707735,classicsoncall,classicsoncall270773598@mail.com,2014-07-06,28
ur0394025,RNMorton,rnmorton039402540@moviefans.com,2003-03-09,57
ur1234929,gavin6942,gavin6942123492933@mail.com,1985-01-20,46
ur0650255,sddavis63,sddavis63065025534@mail.com,2020-11-11,38
ur53732923,SusieSalmonLikeTheFish,susiesalmonlikethefish5373292328@imdbuser.net,1993-11-08,52
ur1023905,Jane FlamE,janeflame102390573@mail.com,1993-08-04,58
ur0361658,Captain_Couth,captaincouth036165849@mail.com,1980-03-14,69
ur2020269,Coventry,coventry202026938@imdbuser.net,2017-10-01,17
ur0671107,jhaggardjr,jhaggardjr067110743@example.com,2014-10-25,54
ur4669024,TedStixonAKAMaximumMadness,tedstixonakamaximummadness466902451@moviefans.com,2025-06-21,18
ur16446328,ontheis,ontheis1644632828@mail.com,1969-11-23,73
ur54640282,martinezmarquespedro,martinezmarquespedro5464028243@moviefans.com,2017-07-11,73
ur99797312,loricossette-20061,loricossette200619979731212@example.com,2024-07-04,13
ur2488512,claudio_carvalho,claudiocarvalho248851268@mail.com,2010-07-05,35
ur89351895,darimoviesthoughtsoffilms,darimoviesthoughtsoffilms8935189540@example.com,1996-09-13,68
ur3109237,bensonmum2,bensonmum2310923764@example.com,2011-07-12,53
ur1162550,movieman_kev,moviemankev116255094@mail.com,1962-09-22,68
ur69922957,thelastblogontheleft,thelastblogontheleft6992295766@mail.com,1965-01-09,68
ur3593013,Duzniak38,duzniak38359301321@moviefans.com,2018-11-04,41
ur22756322,RockyMtnVideo,rockymtnvideo2275632238@mail.com,2013-08-08,28
ur34307814,safenoe,safenoe3430781439@example.com,2012-05-28,48
ur0824448,mcstack,mcstack082444857@example.com,1955-07-16,77
ur4888011,lee_eisenberg,leeeisenberg488801134@example.com,1993-11-27,32
ur3071186,Ship_Captain_XplOrOrOr,shipcaptainxplororor307118641@imdbuser.net,2015-03-15,70
ur0626258,angdev,angdev062625814@mail.com,2022-02-18,78
ur20059442,patches89,patches892005944284@example.com,2021-04-19,20
ur0278527,Hitchcoc,hitchcoc027852746@imdbuser.net,2018-01-15,18
ur0128216,emm,emm012821621@moviefans.com,2020-08-13,49
ur11769314,crazykrueger,crazykrueger1176931466@example.com,2016-07-25,49
ur0137908,didi-5,didi5013790892@mail.com,1978-05-15,62
ur39517558,ThomasDrufke,thomasdrufke3951755848@imdbuser.net,2023-06-13,61
ur89493617,truemythmedia,truemythmedia8949361791@imdbuser.net,2003-10-09,28
ur0342623,blanche-2,blanche2034262328@imdbuser.net,2001-03-30,26
ur2093818,TBJCSKCNRRQTreviews,tbjcskcnrrqtreviews209381817@mail.com,2018-12-12,35
ur0153356,wryroy,wryroy015335676@example.com,2025-11-09,36
ur4129893,Dr_Gonzo_Pineapple,drgonzopineapple412989331@mail.com,2015-02-23,34
ur15148330,AlsExGal,alsexgal1514833078@example.com,2010-05-09,33
ur2062849,head_radio,headradio206284993@moviefans.com,2022-06-20,31
ur2015906,waltergl,waltergl201590626@example.com,2025-09-08,53
ur4100308,GavAnderson,gavanderson410030841@mail.com,1976-07-31,52
ur3536119,MrSharma,mrsharma353611939@mail.com,2014-12-18,51
ur0580605,solitaryman2,solitaryman2058060519@moviefans.com,2020-12-30,13
ur78826788,njboden,njboden7882678845@mail.com,2024-02-03,27
ur0533927,filmman1_,filmman1053392739@mail.com,2024-08-03,17
ur107065132,CinemaSerf,cinemaserf10706513288@imdbuser.net,2017-08-18,54
ur20018357,CinemaClown,cinemaclown2001835721@example.com,2009-03-10,20
ur19658928,CihanVercan,cihanvercan1965892884@imdbuser.net,2011-06-16,20
ur1556451,JVe5462530,jve5462530155645193@mail.com,2000-05-15,32
ur139695768,gochev69,gochev6913969576858@mail.com,2006-08-12,22
ur2467618,planktonrules,planktonrules246761851@example.com,1988-07-29,44
ur131560020,thespeos,thespeos13156002098@example.com,1982-02-08,65
ur4445210,ccthemovieman-1,ccthemovieman1444521059@moviefans.com,2014-10-08,14
ur11207319,Colby6921,colby69211120731998@moviefans.com,1989-10-04,64
ur1432936,ozlatin23,ozlatin23143293655@mail.com,1984-09-13,67
ur1994077,Mr-Fusion,mrfusion199407789@example.com,2018-02-22,29
ur16161013,hitchcockthelegend,hitchcockthelegend1616101343@example.com,2025-09-07,44
ur68892816,SecularTheocrat,seculartheocrat6889281691@mail.com,2011-10-03,17
ur201063391,BretM-3,bretm320106339126@imdbuser.net,2021-10-26,55
ur0965364,the_mysteriousx,themysteriousx096536445@moviefans.com,1998-06-15,35
ur2293681,DarthBill,darthbill229368119@mail.com,1982-02-02,79
ur0234740,The_Movie_Cat,themoviecat023474095@moviefans.com,2016-03-19,75
ur22654354,paul_m_haakonsen,paulmhaakonsen2265435455@imdbuser.net,1973-01-31,63
ur0556157,Maciste_Brother,macistebrother055615741@moviefans.com,2004-10-23,66
ur3131494,TruPretender,trupretender313149445@moviefans.com,2015-08-06,50
ur71127982,panagiotis1993,panagiotis19937112798224@imdbuser.net,2000-07-29,26
ur17571044,freemantle_uk,freemantleuk1757104476@mail.com,2007-05-26,25
ur1000993,konover,konover100099362@mail.com,2008-04-22,37
ur19674387,wildlife-ptech,wildlifeptech1967438730@imdbuser.net,2000-04-12,31
ur3034288,Raidar,raidar303428825@moviefans.com,2020-03-26,16
ur0176092,Nazi_Fighter_David,nazifighterdavid017609214@example.com,2021-02-22,51
ur9146865,efjay-1,efjay1914686548@mail.com,1986-03-31,74
ur0381265,Infofreak,infofreak038126544@moviefans.com,1986-06-07,47
ur0135826,Philaura,philaura013582622@example.com,2000-05-14,27
ur19574884,romanorum1,romanorum11957488487@mail.com,2010-05-29,58
ur6956724,jimpenson,jimpenson695672436@imdbuser.net,2001-11-18,29
ur1616919,Red-Barracuda,redbarracuda161691985@moviefans.com,2011-01-08,18
ur10969823,n821817,n8218171096982323@imdbuser.net,1988-12-14,70
ur4248714,jboothmillard,jboothmillard424871479@example.com,1971-07-04,78
ur128607835,lavarazebra,lavarazebra12860783563@moviefans.com,2012-07-28,25
ur0188894,Slime-3,slime3018889464@imdbuser.net,1993-05-12,42
ur18970655,Fella_shibby,fellashibby1897065565@example.com,2010-06-04,60
ur0737873,Samoan Bob,samoanbob073787369@moviefans.com,1979-02-19,56
ur9246505,f-u-b-a-r-12,fubar12924650566@mail.com,2020-06-14,50
ur6664971,gottogorunning,gottogorunning666497131@imdbuser.net,1999-12-22,27
ur0492558,grahamsj3,grahamsj3049255855@mail.com,2015-04-22,20
ur3071695,lost-in-limbo,lostinlimbo307169537@imdbuser.net,2019-08-15,25
ur0503010,subcityii,subcityii050301012@example.com,1979-09-05,75
ur28159509,Hey_Sweden,heysweden2815950981@moviefans.com,2024-12-30,72
ur29500838,damianphelps,damianphelps2950083886@example.com,1955-11-26,72
ur66314103,antide-42376,antide423766631410389@example.com,2022-10-03,29
ur36357573,Uriah43,uriah433635757320@example.com,2018-06-21,20
ur1111192,Aaron1375,aaron1375111119285@example.com,1961-01-01,71
ur25300972,EvanHamilton,evanhamilton2530097298@imdbuser.net,2000-09-08,77
ur49400835,r96sk,r96sk4940083550@moviefans.com,2000-11-10,74
ur0008765,lucifer,lucifer000876538@imdbuser.net,2022-09-24,66
ur2446936,dunmore_ego,dunmoreego244693614@example.com,1976-07-18,52
ur49374574,CaressofSteel75,caressofsteel754937457435@moviefans.com,2023-06-26,52
ur0630184,beet_a,beeta063018413@imdbuser.net,2000-10-26,73
ur0968789,mark.waltz,markwaltz096878957@imdbuser.net,2016-10-14,74
ur1253657,dzagar,dzagar125365791@example.com,1995-03-11,53
ur1043817,medrjel,medrjel104381746@mail.com,1983-03-06,46
ur1696608,Agent10,agent10169660857@moviefans.com,2006-09-12,45
ur1580930,CrawlingEye,crawlingeye158093075@imdbuser.net,2012-03-14,24
ur33907744,Thanos_Alfie,thanosalfie3390774493@moviefans.com,1991-11-23,50
ur0139258,BrandtSponseller,brandtsponseller013925826@imdbuser.net,1979-06-25,74
ur2375356,slokes,slokes237535620@mail.com,2008-02-08,34
ur3502814,Swambi,swambi350281492@mail.com,1999-07-11,40
ur0124859,culwin,culwin012485991@mail.com,1997-11-21,44
ur0679837,Tom Murray,tommurray067983780@imdbuser.net,2019-11-05,31
ur63314289,knightkp,knightkp6331428954@imdbuser.net,1985-04-10,60
ur3535573,johnjohnson68510,johnjohnson68510353557361@mail.com,2004-07-30,55
ur111092901,doomedmac,doomedmac11109290130@example.com,2018-01-14,40
ur116926510,maniskop,maniskop11692651067@imdbuser.net,2025-06-26,26
ur0379377,RT Firefly,rtfirefly037937777@moviefans.com,2025-08-25,33
ur0305809,Andy-296,andy296030580910@moviefans.com,2025-01-18,33
ur0312444,rbverhoef,rbverhoef031244488@imdbuser.net,1996-03-12,31
ur105506099,HabibieHakim123,habibiehakim12310550609942@moviefans.com,2013-07-15,23
ur2833872,The_Scarecrow,thescarecrow283387269@imdbuser.net,1988-01-22,66
ur77212199,bretttaylor-04022,bretttaylor040227721219961@example.com,1991-08-30,34
ur9619380,karl_consiglio,karlconsiglio961938052@mail.com,1968-01-16,76
ur0394813,movifan,movifan039481324@imdbuser.net,1995-03-06,54
ur0643062,tedg,tedg064306215@mail.com,1986-05-26,78
ur60689236,MogwaiMovieReviews,mogwaimoviereviews6068923698@moviefans.com,1978-10-11,69
ur64516821,richspenc,richspenc6451682165@mail.com,2002-12-30,42
ur2908426,MovieBuffMarine,moviebuffmarine290842699@moviefans.com,2024-03-15,30
ur0033913,Sylviastel,sylviastel003391317@example.com,1999-06-11,58
ur64215680,DrPhibes1964,drphibes19646421568030@imdbuser.net,2017-05-25,19
ur1881429,SinginDetective,singindetective188142976@moviefans.com,2014-03-25,37
ur0059684,babytoes,babytoes005968462@imdbuser.net,1962-05-31,70
ur1749528,joeshannongabe,joeshannongabe174952842@moviefans.com,1979-01-15,53
ur3670492,view_and_review,viewandreview367049220@imdbuser.net,1981-12-09,55
ur0463200,preppy-3,preppy3046320020@mail.com,2014-07-25,61
ur2512307,davidtholl1,davidtholl1251230794@mail.com,2005-08-03,40
ur1313418,Tiger_Mark,tigermark131341847@moviefans.com,1964-05-01,72
ur28071275,MissSimonetta,misssimonetta2807127589@imdbuser.net,2017-06-01,67
ur2969972,DJJOEINC,djjoeinc296997268@moviefans.com,2021-06-16,60
ur27361979,strong-122-478885,strong1224788852736197985@example.com,1969-04-03,76
ur3958820,Wardman3,wardman3395882018@moviefans.com,2014-07-14,41
ur4532636,evanston_dad,evanstondad453263681@example.com,2008-03-27,55
ur4232325,randeclip-1,randeclip1423232586@imdbuser.net,2005-06-29,28
ur2488474,will1410,will1410248847421@imdbuser.net,2020-08-27,25
ur1945219,MISSMOOHERSELF,missmooherself194521946@mail.com,2025-08-22,49
ur6262768,qdude440,qdude440626276830@example.com,2012-11-01,68
ur1680684,lauraeileen894,lauraeileen894168068431@imdbuser.net,1993-01-29,49
ur4409266,Wuchakk,wuchakk440926682@moviefans.com,2014-10-25,16
ur10606103,longislandjoe,longislandjoe1060610326@moviefans.com,2021-03-01,19
ur0989035,moonspinner55,moonspinner55098903533@imdbuser.net,2011-03-28,34
ur2609601,triple8,triple8260960175@mail.com,2020-06-08,65
ur44891567,gooseshaw,gooseshaw4489156772@mail.com,2016-10-05,13
ur73552245,janice_harper,janiceharper7355224552@example.com,2006-12-02,31
ur0512729,Conrad-23,conrad23051272975@moviefans.com,1975-01-08,55
ur0111563,Movie-12,movie12011156315@mail.com,2010-02-02,27
ur9379828,p-backus,pbackus937982863@mail.com,2009-07-05,55
ur0937743,george.schmidt,georgeschmidt093774337@moviefans.com,2006-06-01,33
ur2951437,fertilecelluloid,fertilecelluloid295143719@moviefans.com,1982-04-19,57
ur78375856,Stevieboy666,stevieboy6667837585667@moviefans.com,1998-01-16,33
ur100123819,cassiewright-89520,cassiewright8952010012381957@moviefans.com,1962-10-26,68
ur17646017,g-bodyl,gbodyl1764601717@mail.com,2025-07-23,41
ur23069777,Ahmad_pilehvar,ahmadpilehvar2306977720@mail.com,2006-01-22,42
ur0650655,majikstl,majikstl065065596@mail.com,2013-09-10,22
ur2666204,DrLenera,drlenera266620485@moviefans.com,1991-11-09,46
ur30699578,talemunja,talemunja3069957886@mail.com,2019-08-27,38
ur33162918,fernandoschiavi,fernandoschiavi3316291814@example.com,2013-12-19,77
ur1219578,dbdumonteil,dbdumonteil121957868@imdbuser.net,2011-08-05,34
ur0710710,johnm_001,johnm001071071021@imdbuser.net,1972-06-20,71
ur125953851,DogePelis2015,dogepelis201512595385125@moviefans.com,2017-05-09,65
ur4555280,blott2319-1,blott23191455528049@imdbuser.net,2008-12-21,20
ur0401899,KBONE,kbone040189933@imdbuser.net,2011-12-04,14
ur0514711,kanerazor,kanerazor051471191@example.com,2021-05-05,74
ur6207631,Bogmeister,bogmeister620763121@mail.com,2018-04-08,56
ur3475887,Scaramouche2004,scaramouche2004347588791@imdbuser.net,2023-11-12,63
ur7043733,dalancofer,dalancofer704373310@example.com,2018-03-30,76
ur1561734,ADOZER200,adozer200156173462@moviefans.com,1996-01-31,49
ur26820801,Pjtaylor-96-138044,pjtaylor961380442682080164@imdbuser.net,1986-12-23,50
ur0018454,Tommy-5,tommy5001845461@mail.com,2016-03-01,13
ur9414155,roghache,roghache941415542@moviefans.com,1970-01-30,58
ur75886382,rikbattaglia,rikbattaglia7588638262@imdbuser.net,1967-12-01,70
ur0253357,TVholic,tvholic025335754@mail.com,2019-05-07,38
ur2326544,TOMASBBloodhound,tomasbbloodhound232654423@mail.com,1984-02-08,68
ur29180775,SophiaMazzella,sophiamazzella2918077551@mail.com,2007-04-02,26
ur0044531,Brian-97,brian97004453149@mail.com,2021-04-05,23
ur21345314,baruchyoseph8,baruchyoseph82134531434@imdbuser.net,2007-08-08,29
ur1150186,atzimo,atzimo115018622@example.com,2007-02-19,32
ur9521932,adam-1009,adam1009952193223@moviefans.com,2016-08-06,58
ur1246393,twiss54,twiss54124639316@example.com,1991-04-03,62
ur45089804,Gideon24,gideon244508980424@imdbuser.net,2016-08-19,26
ur2590596,kenjha,kenjha259059691@imdbuser.net,1973-08-14,75
ur0429405,Schlockmeister,schlockmeister042940569@example.com,2001-11-09,30
ur7904427,ayefrsty,ayefrsty790442780@moviefans.com,2017-01-28,77
ur64185584,larryleecollins,larryleecollins6418558425@moviefans.com,2025-08-04,76
ur10398346,KnightsofNi11,knightsofni111039834671@imdbuser.net,2003-04-11,34
ur66111139,gbill-74877,gbill748776611113956@imdbuser.net,2002-11-10,71
ur0581842,Libretio,libretio058184230@moviefans.com,2019-09-14,72
ur0166205,BaronBl00d,baronbl00d016620534@mail.com,2002-05-23,39
ur100662862,jeanlevy,jeanlevy10066286217@mail.com,1985-03-17,49
ur4997804,will38900,will38900499780426@imdbuser.net,2020-06-04,52
ur106312997,elishelmersson-31478,elishelmersson3147810631299783@moviefans.com,1980-12-04,74
ur187931511,Dylan_in_the_Movies,dylaninthemovies18793151118@mail.com,1999-08-15,36
ur2082018,paul2001sw-1,paul2001sw1208201859@moviefans.com,2002-03-15,77
ur3099952,riverheadestelle,riverheadestelle309995291@example.com,2015-03-13,53
ur4527207,evabba,evabba452720765@imdbuser.net,2020-09-09,40
ur26680166,RforFilm,rforfilm2668016677@example.com,2013-01-07,28
ur1569950,jjzzaahh,jjzzaahh156995088@example.com,2000-02-04,70
ur4891381,Boggman,boggman489138151@mail.com,2023-01-22,30
ur10054612,bt698nhj,bt698nhj1005461276@imdbuser.net,2024-02-27,64
ur2721657,sol1218,sol1218272165797@imdbuser.net,1989-04-14,54
ur1416505,Boba_Fett1138,bobafett1138141650583@moviefans.com,1996-02-25,52
ur0892463,EmperorNortonII,emperornortonii089246372@example.com,1990-11-24,79
ur6860557,vintig7345,vintig7345686055759@example.com,2010-03-15,57
ur1346534,dtucker86,dtucker86134653432@imdbuser.net,1981-08-26,60
ur0663392,whpratt1,whpratt1066339214@mail.com,1994-01-01,39
ur61424235,Yggort,yggort6142423581@moviefans.com,1992-11-24,68
ur1355507,poolandrews,poolandrews135550722@imdbuser.net,2020-04-18,14
ur0986794,magellan333,magellan333098679494@moviefans.com,1965-08-24,62
ur17825945,thesar-2,thesar21782594557@imdbuser.net,1997-10-25,44
ur0918957,BlackJack_B,blackjackb091895729@example.com,2018-06-01,43
ur24230755,spookyrat1,spookyrat12423075528@moviefans.com,2005-09-18,24
ur1609501,barnabyrudge,barnabyrudge160950140@moviefans.com,2002-06-29,72
ur31828932,lacicalifornia,lacicalifornia3182893239@example.com,2012-10-19,18
ur22487163,kirbylee70-599-526179,kirbylee705995261792248716340@moviefans.com,1976-03-11,72
ur69172350,BandSAboutMovies,bandsaboutmovies6917235015@moviefans.com,1983-03-31,63
ur117926588,IonicBreezeMachine,ionicbreezemachine11792658838@example.com,2015-08-11,33
ur54244685,lisa-rolfy,lisarolfy5424468585@mail.com,1995-02-16,48
ur120696687,CriticsVoiceVideo,criticsvoicevideo12069668783@mail.com,2018-12-07,31
ur22826047,dworldeater,dworldeater2282604728@moviefans.com,2008-06-12,43
ur3173493,dopefishie,dopefishie317349314@imdbuser.net,1993-02-28,35
ur5139163,excalibur107,excalibur107513916356@example.com,2013-10-31,35
ur3780188,dixxjamm,dixxjamm378018870@mail.com,1998-10-21,71
ur43158931,samuel-m-andrews-jr,samuelmandrewsjr4315893173@imdbuser.net,2016-10-25,27
ur110212703,davidmvining,davidmvining11021270330@example.com,2004-03-21,38
ur0933922,LewisJForce,lewisjforce093392266@imdbuser.net,2025-04-01,24
ur2054447,Blazehgehg,blazehgehg205444764@moviefans.com,2020-10-06,68
ur16507948,Get_your_azz_to_Mars,getyourazztomars1650794828@example.com,2008-07-26,29
ur0453228,mm-39,mm39045322861@imdbuser.net,1989-11-25,36
ur22223892,chancellorpink,chancellorpink2222389287@example.com,1991-02-21,68
ur19783225,evening1,evening11978322572@example.com,2004-03-11,54
ur5309746,ezradavid13,ezradavid13530974652@example.com,1989-12-15,45
ur2369706,jackstowaway,jackstowaway236970691@example.com,2012-07-09,14
ur0239951,FLKFREK,flkfrek023995176@imdbuser.net,2000-12-13,74
ur0171012,snaunton,snaunton017101211@moviefans.com,1971-07-09,61
ur0391152,zetes,zetes039115218@moviefans.com,1989-01-05,75
ur0431147,travis-46,travis46043114710@example.com,1983-02-28,62
ur1532177,Theo Robertson,theorobertson153217795@mail.com,1993-04-16,36
ur11565674,RJBurke1942,rjburke19421156567472@moviefans.com,2003-08-07,79
ur0887259,gts-3,gts3088725949@imdbuser.net,2010-06-10,19
ur2862334,porbeagle_zen,porbeaglezen286233499@imdbuser.net,2005-03-27,20
ur2522591,wahe,wahe252259194@imdbuser.net,1998-12-12,41
ur1059880,cathcacr,cathcacr105988026@mail.com,2010-04-13,48
ur0354948,Colonel Ted,colonelted035494820@moviefans.com,1998-06-21,45
ur0388543,Pinback-4,pinback4038854319@moviefans.com,1984-07-27,44
ur7973716,Meven_Stoffat,mevenstoffat797371687@imdbuser.net,2017-04-18,20
ur0216980,brat21,brat21021698060@moviefans.com,2000-09-27,33
ur0047560,jlandman,jlandman004756062@moviefans.com,2003-12-25,30
ur1769275,gregv2k,gregv2k176927560@mail.com,2011-07-17,50
ur2848924,gold5,gold5284892479@moviefans.com,2000-01-17,54
ur1722967,Idocamstuf,idocamstuf172296712@example.com,2023-06-22,36
ur0154569,lawprof,lawprof015456912@mail.com,2003-02-27,37
ur0158121,Tomzone,tomzone015812181@moviefans.com,2016-08-17,28
ur157628857,aff-01465,aff0146515762885716@example.com,1982-01-13,68
ur2860723,grantss,grantss286072374@mail.com,2017-02-11,76
ur0619991,dc747,dc747061999173@example.com,2012-09-18,38
ur23589178,AaronCapenBanner,aaroncapenbanner2358917893@mail.com,1997-09-03,78
ur16517420,HelloTexas11,hellotexas111651742055@example.com,2007-09-10,36
ur1252011,XJoey,xjoey125201115@moviefans.com,1993-04-06,80
ur9629953,tonysteermail,tonysteermail962995335@imdbuser.net,2016-01-08,26
ur0211342,bmcclain,bmcclain021134259@mail.com,1994-04-25,46
ur106967079,sambase-38773,sambase3877310696707955@mail.com,1984-01-12,74
ur23887409,vincentlynch-moonoi,vincentlynchmoonoi2388740976@example.com,2024-12-30,60
ur8508344,Traveler_12,traveler12850834444@imdbuser.net,1990-08-30,64
ur19368298,ctomvelu-1,ctomvelu11936829875@moviefans.com,2002-08-02,74
ur0649119,cariart,cariart064911936@example.com,1986-08-06,55
ur0121300,ecatalan98,ecatalan98012130079@imdbuser.net,2001-04-18,36
ur3608743,EUyeshima,euyeshima360874394@imdbuser.net,2015-10-18,60
ur1849478,HillstreetBunz,hillstreetbunz184947866@moviefans.com,2016-03-06,18
ur0690084,mpact75,mpact75069008437@moviefans.com,1995-09-18,55
ur0821456,mentalcritic,mentalcritic082145696@imdbuser.net,1954-06-11,77
ur0769600,La Gremlin,lagremlin076960062@example.com,2003-07-12,54
ur1275063,bigdinosaur,bigdinosaur127506359@example.com,1988-11-19,49
ur3280589,muse31,muse31328058923@moviefans.com,2015-07-22,18
ur163905631,herrcarter-92161,herrcarter9216116390563158@example.com,1978-01-21,74
ur48675674,paul-allaer,paulallaer4867567419@moviefans.com,1988-08-26,64
ur3138599,mvidac,mvidac313859933@imdbuser.net,2020-07-22,13
ur26816269,sbrooke1980,sbrooke19802681626977@moviefans.com,1994-01-26,50
ur0070535,helpless_dancer,helplessdancer007053560@mail.com,2020-03-26,49
ur0545076,mreed,mreed054507680@mail.com,1991-03-08,62
ur0812029,mattkratz,mattkratz081202978@imdbuser.net,1990-02-01,74
ur0385918,mcfly-31,mcfly31038591886@imdbuser.net,2023-03-24,41
ur7511229,rkerns6938,rkerns6938751122983@moviefans.com,1967-09-29,63
ur2273428,childers-3,childers3227342860@imdbuser.net,2017-12-17,16
ur3824175,ridgerunner72160,ridgerunner72160382417566@example.com,1975-02-08,61
ur0568065,SinjinSB,sinjinsb056806535@imdbuser.net,2017-08-09,38
ur4234648,meddlecore,meddlecore423464857@mail.com,2008-03-19,49
ur69980801,TheFearmakers,thefearmakers6998080193@moviefans.com,1997-10-15,71
ur0826090,caspian1978,caspian1978082609044@moviefans.com,2008-12-04,48
ur5232598,ShootingShark,shootingshark523259822@moviefans.com,2011-10-02,21
ur0132240,fred-83,fred83013224098@imdbuser.net,2017-04-17,26
ur2257122,inspectors71,inspectors71225712226@imdbuser.net,2009-08-20,61
ur2156075,TermlnatriX,termlnatrix215607580@moviefans.com,2005-07-14,40
ur4328740,boomaga1,boomaga1432874018@example.com,2006-04-29,53
ur3254907,Space_Lord,spacelord325490736@mail.com,2009-04-21,18
ur3146136,siderite,siderite314613652@imdbuser.net,2021-07-13,44
ur2854818,willywants,willywants285481810@imdbuser.net,2023-01-05,23
ur3783641,libba104,libba104378364149@example.com,2000-02-17,73
ur4403577,DanIrish,danirish440357728@moviefans.com,1964-12-25,68
ur57645717,roddekker,roddekker5764571730@imdbuser.net,2020-03-01,50
ur8780980,I_John_Barrymore_I,ijohnbarrymorei878098029@mail.com,2018-05-06,16
ur0018365,Bob-45,bob45001836527@example.com,2010-03-23,54
ur70320811,benjaminweber,benjaminweber7032081114@mail.com,1980-05-07,56
ur103890227,yv_es,yves10389022743@example.com,1970-11-06,63
ur4945409,mattneub-1,mattneub1494540914@imdbuser.net,1990-09-28,43
ur1590118,rosscinema,rosscinema159011861@mail.com,1994-06-17,49
ur2278033,kolohepeanut,kolohepeanut227803322@mail.com,2012-12-09,41
ur9938570,Scarecrow-88,scarecrow88993857035@example.com,1992-08-25,46
ur2226842,JZvezda,jzvezda222684284@moviefans.com,2006-08-26,37
ur2079400,zardoz-13,zardoz13207940085@moviefans.com,2024-07-09,17
ur2694443,davetocus,davetocus269444388@mail.com,1982-07-30,67
ur13887584,gcd70,gcd701388758489@example.com,2012-02-29,58
ur6866504,dana_dreamer,danadreamer686650470@imdbuser.net,2001-08-03,63
ur16347457,hollywoodshack,hollywoodshack1634745739@example.com,2015-04-12,62
ur2356997,syllavus,syllavus235699766@imdbuser.net,1968-08-03,57
ur0258737,David-240,david240025873714@moviefans.com,2012-07-15,36
ur51294955,RavenGlamDVDCollector,ravenglamdvdcollector5129495544@example.com,1987-05-22,43
ur1357690,dgordon-1,dgordon1135769037@mail.com,2016-03-06,15
ur13371508,merklekranz,merklekranz1337150859@mail.com,1997-07-18,30
ur1982609,David_Frames,davidframes198260982@mail.com,2017-08-19,23
ur0113500,Onslow1965,onslow1965011350047@example.com,1993-12-31,49
ur3274830,timdalton007,timdalton007327483048@example.com,1982-11-30,49
ur0634793,ghall,ghall063479345@moviefans.com,2024-07-24,55
ur10680602,killbill_28,killbill281068060295@example.com,2010-03-05,35
ur42403894,psxtreme,psxtreme4240389472@imdbuser.net,2014-07-27,13
ur13270518,magic-89,magic891327051823@moviefans.com,2025-08-25,30
ur3960278,FossGly,fossgly396027884@example.com,1991-09-09,44
ur2160829,jc1305us,jc1305us216082980@mail.com,2005-05-21,21
ur2643730,jamesraeburn2003,jamesraeburn2003264373031@moviefans.com,2005-06-16,39
ur0326741,jdreedatmit,jdreedatmit032674165@moviefans.com,2007-01-05,20
ur26487469,mardigus,mardigus2648746952@moviefans.com,2018-10-22,69
ur64600751,pogo-04557,pogo045576460075183@example.com,1949-01-22,78
ur2979081,simon-trek,simontrek297908151@moviefans.com,2002-03-27,43
ur8111441,dbridges7,dbridges7811144198@imdbuser.net,2014-02-24,21
ur0590552,freemanist,freemanist059055270@mail.com,2002-06-03,34
ur6294724,silversurfer_umit,silversurferumit629472480@moviefans.com,1988-08-13,48
ur20597848,bheadher,bheadher2059784840@moviefans.com,1983-08-18,48
ur4908485,bzahner-1,bzahner1490848525@example.com,2022-01-05,57
ur61859192,gab-14712,gab147126185919297@moviefans.com,1997-02-27,50
ur15298231,Lejink,lejink1529823114@moviefans.com,1999-10-06,37
ur3977021,semonifors,semonifors397702128@mail.com,2022-11-18,21
ur0819382,rmax304823,rmax304823081938297@example.com,1999-10-15,48
ur20748638,Rodrigo_Amaro,rodrigoamaro2074863825@example.com,2006-04-05,25
ur1255480,sjfsas,sjfsas125548066@imdbuser.net,1996-05-24,51
ur0310237,Paul-250,paul250031023778@imdbuser.net,2005-09-28,46
ur1090944,dierregi,dierregi109094418@example.com,2015-01-12,59
ur13977076,Tweekums,tweekums1397707636@moviefans.com,2006-02-15,45
ur11842025,ametaphysicalshark,ametaphysicalshark1184202535@example.com,1963-12-31,67
ur13649129,TheSteelHelmetReturns,thesteelhelmetreturns1364912983@mail.com,2013-09-29,13
ur13147212,GeoPierpont,geopierpont1314721281@mail.com,2015-03-25,36
ur19733576,seymourblack-1,seymourblack11973357670@mail.com,2019-07-19,26
ur8282981,faraaj-1,faraaj1828298152@imdbuser.net,1988-11-09,45
ur1812742,BandWit,bandwit181274264@mail.com,1993-03-11,75
ur1364019,bsinc,bsinc136401958@imdbuser.net,2017-12-18,16
ur0481780,critical_reference,criticalreference048178070@imdbuser.net,2016-07-11,49
ur0687535,faziners,faziners068753530@imdbuser.net,2017-08-03,70
ur40860818,hunkazine,hunkazine4086081868@moviefans.com,1980-01-22,65
ur0331289,ksf-2,ksf2033128966@imdbuser.net,1998-11-19,47
ur0182479,MAX80,max80018247935@moviefans.com,2017-05-03,44
ur2170239,teachbike,teachbike217023976@example.com,2015-01-20,15
ur1406078,jotix100,jotix100140607856@moviefans.com,2013-04-06,21
ur5148042,halpinsouth-1,halpinsouth1514804244@mail.com,2013-12-17,21
ur0988100,thomandybish,thomandybish098810023@example.com,1994-04-19,39
ur4404300,KWidmer,kwidmer440430047@mail.com,2016-03-14,22
ur0062518,MissRosa,missrosa006251881@imdbuser.net,2014-11-20,15
ur0368244,Cyndy,cyndy036824494@mail.com,2023-07-07,53
ur0073800,gitrich,gitrich007380084@imdbuser.net,1982-04-25,71
ur3329978,happipuppi13,happipuppi13332997843@moviefans.com,1986-09-27,44
ur0635312,pc95,pc95063531248@imdbuser.net,1994-09-21,42
ur2100946,JR541,jr541210094618@mail.com,2013-07-05,46
ur2214935,jimbo429,jimbo429221493540@imdbuser.net,2025-11-05,45
ur88722025,laceyddaniel,laceyddaniel8872202588@moviefans.com,2011-05-04,52
ur1048771,Doylenf,doylenf104877135@mail.com,2016-02-04,75
ur95169662,thehappychuckler,thehappychuckler9516966246@example.com,2012-02-27,18
ur2251678,arbjones,arbjones225167833@mail.com,1960-02-27,68
ur25258398,sjrobb99-997-836393,sjrobb999978363932525839873@example.com,1976-07-31,53
ur51435579,Jeffronthi-950-543134,jeffronthi9505431345143557983@mail.com,2023-07-11,37
ur55752007,markovd111,markovd1115575200747@mail.com,1968-05-04,60
ur129636274,EdwardtheBlackPrince,edwardtheblackprince12963627431@mail.com,2023-06-12,34
ur45436786,lourdesmeinhold-750-590943,lourdesmeinhold7505909434543678692@moviefans.com,2018-04-29,73
ur24207434,Sir_AmirSyarif,siramirsyarif2420743449@imdbuser.net,1967-12-15,77
ur4145056,Nightman85,nightman85414505697@example.com,2022-07-11,44
ur6049446,cilardi,cilardi604944630@mail.com,2023-02-14,50
ur3588397,drownsoda90,drownsoda90358839795@mail.com,1979-02-16,46
ur7124591,Vomitron_G,vomitrong712459135@imdbuser.net,2004-11-20,69
ur4550926,boomcar61,boomcar61455092642@mail.com,1992-08-26,77
ur6996868,Tikkin,tikkin699686822@example.com,2004-01-05,32
ur17129977,happyendingrocks,happyendingrocks1712997749@mail.com,1980-12-06,58
ur1908551,Space_Mafune,spacemafune190855159@imdbuser.net,2001-07-04,50
ur109411410,arthurconnor,arthurconnor10941141055@example.com,2008-10-15,75
ur125112871,kevinfbarker,kevinfbarker12511287176@imdbuser.net,2006-01-12,33
ur2805787,Dimarc67,dimarc67280578763@example.com,2002-01-08,78
ur0724848,gerard-21,gerard21072484892@imdbuser.net,1990-01-07,61
ur1610626,jgreen8824,jgreen8824161062657@moviefans.com,2009-03-19,26
ur61244584,DanielRobertRoss,danielrobertross6124458445@imdbuser.net,2024-12-09,47
ur4540203,dgl1199,dgl1199454020324@example.com,2018-07-02,78
ur90278387,lukem-52760,lukem527609027838752@moviefans.com,2015-11-02,13
ur2174832,Noobz,noobz217483267@moviefans.com,2020-07-01,30
ur10942339,cry_wolf23,crywolf231094233915@moviefans.com,1996-04-27,37
ur5021319,metalrox_2000,metalrox2000502131923@imdbuser.net,1986-10-21,52
ur0405662,kcfan-3,kcfan3040566285@example.com,1992-03-12,59
ur1406466,bowmanblue,bowmanblue140646687@moviefans.com,2014-07-26,67
ur9528159,ehrldawg,ehrldawg952815993@moviefans.com,2007-04-06,32
ur2154134,GOWBTW,gowbtw215413487@mail.com,2005-04-07,60
ur1544320,LuboLarsson,lubolarsson154432068@moviefans.com,2016-02-26,25
ur64264987,Tweetienator,tweetienator6426498733@moviefans.com,1963-04-12,70
ur27637510,a_chinn,achinn2763751084@mail.com,2015-08-07,76
ur17559480,searchanddestroy-1,searchanddestroy11755948042@example.com,2016-08-03,38
ur72748411,adrianovasconcelos,adrianovasconcelos7274841126@example.com,2019-12-01,66
ur23581966,HotToastyRag,hottoastyrag2358196624@example.com,1964-08-09,63
ur1251304,ralphsampson,ralphsampson125130464@imdbuser.net,1987-10-05,41
ur8062935,masonfisk,masonfisk806293549@mail.com,2008-01-28,26
ur57910549,bellino-angelo2014,bellinoangelo20145791054949@imdbuser.net,2018-06-04,21
ur111978143,pilpen,pilpen11197814323@mail.com,2010-07-17,69
ur0859897,Maverick1962,maverick1962085989713@imdbuser.net,1982-03-11,49
ur24434053,Rosettes2,rosettes22443405315@moviefans.com,1990-10-25,37
ur0986340,jantoniou,jantoniou098634023@example.com,2002-01-22,79
ur1588706,vertigo_14,vertigo14158870626@moviefans.com,1994-08-16,33
ur4067661,DKosty123,dkosty123406766196@moviefans.com,1982-11-26,59
ur17901972,gridoon2025,gridoon20251790197246@moviefans.com,2005-04-14,22
ur2752719,severe_td,severetd275271934@mail.com,2022-03-18,28
ur8503729,namashi_1,namashi1850372934@example.com,2015-08-27,16
ur0465946,jrs-8,jrs8046594679@imdbuser.net,1969-05-17,65
ur0338269,Nefi,nefi033826961@imdbuser.net,1962-02-05,76
ur6918917,gwnightscream,gwnightscream691891766@moviefans.com,2020-09-10,37
ur19738660,gregoryrice06,gregoryrice061973866013@mail.com,1984-07-25,44
ur0435472,ALOE,aloe043547262@moviefans.com,1998-08-15,41
ur122762430,ashsells-24856,ashsells2485612276243079@imdbuser.net,2011-02-04,16
ur84924605,imseeg,imseeg8492460574@example.com,2000-10-05,28
ur11228318,tavm,tavm1122831892@example.com,2004-12-29,27
ur0323553,doeadear,doeadear032355364@mail.com,2002-04-30,69
ur0438066,TxMike,txmike043806696@mail.com,2009-03-26,20
ur1350313,SmileysWorld,smileysworld135031354@example.com,2022-03-08,16
ur4707974,cotennfl-1,cotennfl1470797445@mail.com,2024-01-12,27
ur4205035,j-lacerra,jlacerra420503536@imdbuser.net,2025-01-05,68
ur18944238,turboglo,turboglo1894423853@imdbuser.net,1975-11-10,53
ur54915526,Aroura64,aroura645491552617@mail.com,2003-10-21,62
ur7602045,jbartelone,jbartelone760204567@imdbuser.net,2017-03-07,31
ur0813657,budmassey,budmassey081365730@moviefans.com,1972-09-14,63
ur10288586,triglet,triglet1028858636@imdbuser.net,2003-07-11,35
ur119270386,brexitstageleft,brexitstageleft11927038658@mail.com,1996-03-24,76
ur17807557,rickherrick77,rickherrick771780755750@example.com,1992-03-06,39
ur0009493,RobP,robp000949325@mail.com,2023-11-13,77
ur5329481,PeterPizzazz,peterpizzazz532948199@imdbuser.net,1983-11-10,72
ur2575838,march9hare,march9hare257583836@imdbuser.net,1999-05-08,32
ur0671675,mrbluto,mrbluto067167582@example.com,1957-04-23,74
ur0152507,parlo,parlo015250756@example.com,1973-04-16,68
ur1390789,stretchrunner,stretchrunner139078958@moviefans.com,1994-11-06,45
ur20527640,TBoldOne,tboldone2052764075@moviefans.com,1961-02-25,75
ur3441650,Cinemayo,cinemayo344165094@mail.com,1982-09-04,46
ur3443781,TonyBeazley,tonybeazley344378121@moviefans.com,1966-03-16,70
ur160030691,JakeRfilmfreak,jakerfilmfreak16003069169@imdbuser.net,2020-09-10,18
ur0115054,eldontyrrell,eldontyrrell011505416@imdbuser.net,1994-09-24,37
ur1281387,sawyertom,sawyertom128138758@mail.com,2020-03-07,20
ur28843273,gibsonb74,gibsonb742884327366@mail.com,2010-01-05,19
ur0192215,Mike9999,mike9999019221567@moviefans.com,2014-02-11,57
ur70601559,dcfair-60176,dcfair601767060155951@mail.com,2002-11-30,70
ur1987443,slugnutty,slugnutty198744372@mail.com,2024-10-19,39
ur1725295,Snake-666,snake666172529596@example.com,2024-08-14,18
ur1089247,wbhickok,wbhickok108924725@imdbuser.net,2008-10-01,35
ur4993728,WolfGifford,wolfgifford499372874@imdbuser.net,2013-03-14,16
ur58781741,jamesrupert2014,jamesrupert20145878174197@mail.com,2018-06-15,37
ur23538770,ShadowsBeneathTheLight,shadowsbeneaththelight2353877032@example.com,1985-11-26,78
ur8977071,drystyx,drystyx897707173@example.com,1964-08-14,69
ur12164854,sunznc,sunznc1216485434@mail.com,1981-09-10,61
ur2248099,The_Void,thevoid224809949@example.com,2007-06-23,59
ur68345682,13Funbags,13funbags6834568253@example.com,2023-01-24,48
ur1727899,rspress,rspress172789989@example.com,2015-11-29,31
ur0236730,Zod-2,zod2023673051@mail.com,2018-12-10,33
ur23388363,a_baron,abaron2338836377@example.com,1997-01-26,54
ur1071647,Clint Ford,clintford107164746@mail.com,1997-04-05,50
ur2573153,ODDBear,oddbear257315342@mail.com,1978-05-30,71
ur3960963,world_of_weird,worldofweird396096370@mail.com,2018-09-16,15
ur0355122,baumer,baumer035512231@example.com,1976-08-29,62
ur2200871,ALauff,alauff220087133@moviefans.com,2017-12-20,21
ur3162047,SmgBag1,smgbag1316204766@imdbuser.net,2017-01-04,36
ur0313019,The_Core,thecore031301916@moviefans.com,2010-08-27,43
ur13421676,maximovlE,maximovle1342167649@example.com,1979-02-17,66
ur6458242,PWNYCNY,pwnycny645824217@imdbuser.net,2024-01-23,54
ur1877387,RealScience,realscience187738789@moviefans.com,2019-09-18,19
ur20529796,jjnxn-1,jjnxn12052979645@moviefans.com,2002-10-01,68
ur2542703,edwagreen,edwagreen254270339@moviefans.com,2020-07-15,17
ur7850750,ianlouisiana,ianlouisiana785075061@example.com,1987-03-26,70
ur1394550,olivergruver,olivergruver139455084@moviefans.com,2015-03-07,17
ur2286500,clydestuff,clydestuff228650085@moviefans.com,2008-05-03,38
ur2420383,Lechuguilla,lechuguilla242038331@imdbuser.net,1976-07-26,62
ur6201371,cricketbat,cricketbat620137156@example.com,2010-11-20,18
ur54563445,dpomiller,dpomiller5456344576@example.com,2008-06-26,27
ur3986652,wrcong,wrcong398665262@example.com,2001-04-24,55
ur7826013,zkonedog,zkonedog782601368@mail.com,1996-11-29,45
ur0508100,Nick-337,nick337050810088@mail.com,2023-06-11,15
ur9927546,blanbrn,blanbrn992754633@imdbuser.net,2011-09-29,28
ur19752191,matthewssilverhammer,matthewssilverhammer1975219149@moviefans.com,2023-01-19,14
ur120345817,thomasellery,thomasellery12034581794@mail.com,2017-05-16,30
ur1756338,hushicho,hushicho175633834@mail.com,1996-08-30,75
ur2648650,deheor,deheor264865050@moviefans.com,2013-10-10,57
ur6785242,mrdewoody,mrdewoody678524286@moviefans.com,2021-03-04,31
ur5412235,russtem_1,russtem1541223534@moviefans.com,2011-05-20,42
ur2343916,FilmFatale,filmfatale234391686@mail.com,2010-09-10,57
ur16276985,semioticz,semioticz1627698512@moviefans.com,1989-01-15,53
ur41842479,daffyphack-634-295132,daffyphack6342951324184247920@moviefans.com,1998-02-03,33
ur34310409,psyberwyche,psyberwyche3431040965@example.com,2012-11-22,49
ur0330225,Barnes-3,barnes3033022511@example.com,1994-12-30,49
ur1379172,Euromutt,euromutt137917282@example.com,2015-09-24,16
ur1896480,DoctorVic,doctorvic189648072@moviefans.com,2000-09-23,62
ur0226855,DennisLittrell,dennislittrell022685592@mail.com,2002-05-20,30
ur0746569,jomendeziii,jomendeziii074656953@mail.com,2001-11-06,29
ur2447023,chuck52,chuck52244702353@example.com,2023-12-12,18
ur2125870,mighty_pickman,mightypickman212587019@example.com,2025-06-25,13
ur2030420,perfectbond,perfectbond203042066@imdbuser.net,1971-05-15,80
ur3902771,thinker1691,thinker1691390277136@moviefans.com,2016-12-26,33
ur2994503,jghbrown,jghbrown299450341@imdbuser.net,1999-05-25,41
ur1748456,smahman,smahman174845616@mail.com,2016-10-19,25
ur0380389,davidg2e,davidg2e038038967@imdbuser.net,1993-02-18,65
ur0596638,sychonic,sychonic059663870@example.com,1978-03-01,67
ur0738625,dglink,dglink073862579@mail.com,1972-09-16,59
ur65737204,PredragReviews,predragreviews6573720414@moviefans.com,2016-09-10,22
ur1168730,ozjeppe,ozjeppe116873076@moviefans.com,2023-07-24,52
ur7790394,Camera-Obscura,cameraobscura779039410@moviefans.com,1988-03-05,73
ur1119660,youremythrill,youremythrill111966068@example.com,2020-01-18,16
ur112194256,gmaileatsyourlunch,gmaileatsyourlunch11219425681@moviefans.com,2007-06-18,33
ur3809874,farzhan,farzhan380987432@mail.com,1978-11-13,65
ur59376203,arthur_tafero,arthurtafero5937620334@mail.com,2018-06-27,35
ur2014889,simonrosenbaum,simonrosenbaum201488983@example.com,1987-06-10,55
ur2441436,pweddell,pweddell244143666@mail.com,2016-07-29,75
ur0597343,captnemo,captnemo059734331@moviefans.com,1956-10-06,74
ur0378855,allyjack,allyjack037885599@moviefans.com,1989-06-12,75
ur0059982,hbs,hbs005998278@imdbuser.net,2025-03-25,34
ur0918146,jjwl,jjwl091814658@imdbuser.net,1966-12-25,63
ur1398343,LDomkowski,ldomkowski139834394@moviefans.com,2011-07-25,53
ur0109603,jrabbit-2,jrabbit2010960346@imdbuser.net,1990-08-13,70
ur4618972,Raoulduke1845,raoulduke1845461897284@moviefans.com,2017-07-19,46
ur5075979,The_Great_Fausto,thegreatfausto507597962@moviefans.com,2012-11-22,60
ur0146871,Quag7,quag7014687117@mail.com,2023-04-24,58
ur1340079,rabid_halfling,rabidhalfling134007938@moviefans.com,2009-07-22,62
ur7642980,StanMakitadonuts,stanmakitadonuts764298073@mail.com,2016-01-07,63
ur22668817,FlashCallahan,flashcallahan2266881793@example.com,2011-03-21,67
ur0554519,VideoKidVsTheVoid,videokidvsthevoid055451931@imdbuser.net,2020-05-20,69
ur1987128,Michael_Cronin,michaelcronin198712860@imdbuser.net,2000-11-01,32
ur3094952,southern_jew,southernjew309495296@moviefans.com,1996-04-23,35
ur0497240,tzer0,tzer0049724022@imdbuser.net,2017-03-30,78
ur9361976,johnnynitro37,johnnynitro37936197639@mail.com,1969-08-10,74
ur4841247,KingAwesome,kingawesome484124790@imdbuser.net,2016-02-13,22
ur130029397,GonzoHans,gonzohans13002939727@example.com,2009-03-08,63
ur0822212,xtc_lord,xtclord082221285@moviefans.com,2015-02-18,60
ur0453068,Quinoa1984,quinoa1984045306892@moviefans.com,2006-02-02,55
ur2425072,scobbah,scobbah242507230@example.com,2019-11-15,56
ur0334886,psycohn,psycohn033488688@moviefans.com,1997-08-30,47
ur5291398,ianjessup,ianjessup529139885@moviefans.com,2021-02-12,41
ur11335477,rivertam26,rivertam261133547742@moviefans.com,2015-10-11,16
ur83270101,simmsmaggy,simmsmaggy8327010155@imdbuser.net,2005-02-01,63
ur24266511,dharmendrasingh,dharmendrasingh2426651158@example.com,2022-09-27,46
ur14425372,culmo80,culmo801442537217@moviefans.com,2009-09-17,65
ur1697212,Robert_duder,robertduder169721272@mail.com,2003-10-26,32
ur2961535,Toominator,toominator296153587@mail.com,2025-07-21,24
ur31680330,ivanaaaaaaaaa,ivanaaaaaaaaa3168033092@example.com,1999-05-07,37
ur31703320,hugomelo600,hugomelo6003170332060@moviefans.com,2016-09-17,47
ur26439033,robin-72-718219,robin727182192643903392@imdbuser.net,2019-06-25,43
ur26341798,Chris_Pandolfi,chrispandolfi2634179881@imdbuser.net,1970-01-22,58
ur23293799,davidgee,davidgee2329379987@example.com,2024-11-01,70
ur25126113,FairlyAnonymous,fairlyanonymous2512611311@moviefans.com,2000-03-02,32
ur20543907,yris2002,yris20022054390760@mail.com,1999-03-05,36
ur5876717,kosmasp,kosmasp587671720@imdbuser.net,2023-10-17,38
ur21881832,mdnobles19,mdnobles192188183285@example.com,2020-10-14,19
ur2812098,CelluloidRehab,celluloidrehab281209868@example.com,2010-04-28,35
ur1267682,Diss,diss126768274@example.com,2018-03-03,18
ur68533872,nicktusk-95591,nicktusk955916853387232@moviefans.com,1979-06-23,65
ur88673054,tabooksign,tabooksign8867305489@imdbuser.net,1998-07-08,59
ur69910557,djfrost-46786,djfrost467866991055774@example.com,2011-04-14,25
ur0637427,pmdawn,pmdawn063742726@mail.com,2003-10-15,32
ur2004247,kodo88,kodo88200424714@mail.com,1991-02-18,50
ur2803033,revcosmo,revcosmo280303369@moviefans.com,2011-08-18,21
ur1907898,ToyotaSUPRAFREAK,toyotasuprafreak190789896@moviefans.com,1998-07-04,33
ur12433506,barefooter2000,barefooter20001243350699@mail.com,2010-04-05,17
ur0877234,qball_82,qball82087723417@moviefans.com,1983-11-01,54
ur1722042,ScottDMenzel,scottdmenzel172204217@example.com,1985-09-13,66
ur2416681,agwon79,agwon79241668179@imdbuser.net,1998-09-10,51
ur0762960,BigHardcoreRed,bighardcorered076296062@example.com,2021-08-01,35
ur3824745,mstomaso,mstomaso382474588@imdbuser.net,2016-10-04,19
ur50629414,ahmed_jendeya,ahmedjendeya5062941422@moviefans.com,2009-11-16,38
ur60498613,burnzyburns,burnzyburns6049861331@imdbuser.net,2014-06-14,21
ur1457119,Mr_Sensitive,mrsensitive145711934@moviefans.com,2025-01-26,64
ur6427065,pekjr4,pekjr4642706550@mail.com,2025-06-03,73
ur6361313,DarDarDetroit,dardardetroit636131350@imdbuser.net,2025-04-01,39
ur23895661,jad_kojok,jadkojok2389566144@mail.com,2011-12-11,18
ur8396024,ClartoGlogenwap,clartoglogenwap839602426@mail.com,1981-09-21,70
ur1098460,Galina_movie_fan,galinamoviefan109846039@mail.com,2025-05-21,40
ur1500205,Thunderbuck,thunderbuck150020592@moviefans.com,1991-06-07,56
ur13224623,kmahaffey,kmahaffey1322462343@example.com,1979-11-24,58
ur67826053,JayPatton88,jaypatton886782605352@mail.com,1961-02-16,79
ur72958480,thalassafischer,thalassafischer7295848080@mail.com,1987-02-11,80
ur11423174,disdressed12,disdressed121142317455@imdbuser.net,1983-06-03,74
ur64654386,HorrorFan1984,horrorfan19846465438697@example.com,2001-09-27,26
ur37770444,tacomunky303,tacomunky3033777044423@moviefans.com,2015-03-15,54
ur3510631,InjunNose,injunnose351063186@moviefans.com,2006-11-08,33
ur23972551,ModKuraika,modkuraika2397255126@moviefans.com,2014-09-28,22
ur1650270,Krug Stillo,krugstillo165027079@moviefans.com,1962-11-16,64
ur21359354,howardgrantrulz,howardgrantrulz2135935422@imdbuser.net,1998-08-07,59
ur3741220,tomgillespie2002,tomgillespie2002374122096@mail.com,2005-06-08,67
ur4240540,steve-bailey-1,stevebailey1424054047@moviefans.com,2014-05-05,45
ur1251068,alphaspace,alphaspace125106890@moviefans.com,2019-04-09,22
ur8046532,MartianOctocretr5,martianoctocretr5804653289@mail.com,2000-12-21,35
ur0109860,gar-4,gar4010986044@example.com,2000-03-13,42
ur0284789,pazuzu-2,pazuzu2028478929@imdbuser.net,1987-09-04,76
ur13911102,Ranma12,ranma121391110240@example.com,2005-07-19,26
ur0215119,Pelrad,pelrad021511949@moviefans.com,1982-11-10,52
ur71097662,jamesjustice-92,jamesjustice927109766268@moviefans.com,2007-06-21,36
ur5944168,justicegirl,justicegirl594416831@imdbuser.net,2023-07-17,36
ur0408531,TV Boy,tvboy040853171@example.com,2011-10-29,64
ur204223449,RobertG-049,robertg04920422344989@example.com,1990-10-29,54
ur79793335,larrymerchant,larrymerchant7979333554@moviefans.com,2007-12-03,42
ur6587670,pmtelefon,pmtelefon658767029@moviefans.com,2018-04-01,21
ur8710234,vernetto,vernetto871023449@mail.com,1991-12-29,38
ur12065520,samkat1317,samkat13171206552041@example.com,2012-04-17,32
ur1965345,zhrmod1,zhrmod1196534564@mail.com,2019-09-23,45
ur1292116,Lionel Strutt,lionelstrutt129211671@imdbuser.net,2005-10-30,61
ur2881388,jjulian1009,jjulian1009288138857@mail.com,1996-10-05,31
ur5120439,max-vernon,maxvernon512043917@example.com,1991-02-01,55
ur1288643,LoayOmran,loayomran128864341@mail.com,2014-04-25,25
ur1210832,Frank DeLa Cour,frankdelacour121083263@moviefans.com,2011-11-01,15
ur3289328,shakercoola,shakercoola328932832@mail.com,2024-02-27,73
ur1559834,OttoVonB,ottovonb155983426@example.com,1973-11-30,56
ur53053227,filipemanuelneto,filipemanuelneto5305322733@imdbuser.net,2022-05-19,59
ur4880122,Machiavelli84,machiavelli84488012286@imdbuser.net,2025-08-08,23
ur5031313,BaronStein,baronstein503131317@example.com,2016-03-02,18
ur4906717,lal_i,lali490671734@example.com,2012-09-06,18
ur1609112,miagil,miagil160911258@imdbuser.net,1996-01-08,63
ur116239353,Akash_Menon,akashmenon11623935386@moviefans.com,2025-05-01,66
ur1278016,occupant-1,occupant1127801638@moviefans.com,1969-12-05,66
ur0970606,glgioia,glgioia097060626@moviefans.com,2009-02-02,36
ur23156346,Film_critic_Lalit_Rao,filmcriticlalitrao2315634692@imdbuser.net,2023-11-30,33
ur1230155,silvertron,silvertron123015578@imdbuser.net,2021-01-12,33
ur3333923,Dinsdale123,dinsdale123333392330@imdbuser.net,2021-08-26,35
ur0301448,Slothrop-7,slothrop7030144897@moviefans.com,2007-08-31,21
ur2788951,canadude,canadude278895120@mail.com,1996-07-16,76
ur2318695,afc-ajax,afcajax231869554@mail.com,2021-01-19,14
ur6981752,runamokprods,runamokprods698175277@example.com,2006-02-16,64
ur9751680,carlad-2,carlad2975168049@moviefans.com,1959-10-11,78
ur0314333,Billiam-4,billiam4031433363@example.com,2012-08-20,40
ur0149318,Joel I,joeli014931811@imdbuser.net,2017-05-14,30
ur6356827,uphollow,uphollow635682743@example.com,2016-11-13,38
ur0111731,smatysia,smatysia011173163@mail.com,2019-05-18,19
ur0204528,Okonh0wp,okonh0wp020452899@mail.com,2013-08-12,65
ur4223983,gamay9,gamay9422398365@imdbuser.net,1981-10-21,65
ur14795108,johnny-08,johnny081479510815@example.com,1989-07-07,54
ur2494673,LeMille0,lemille0249467353@example.com,1985-11-24,72
ur5099608,RARubin,rarubin509960831@moviefans.com,2013-04-18,23
ur3161232,rowmorg,rowmorg316123289@mail.com,1991-03-21,56
ur0270026,coop-16,coop16027002662@example.com,1998-07-22,64
ur47032916,spencer-w-hensley,spencerwhensley4703291622@mail.com,1992-10-09,70
ur20096899,Java_Joe,javajoe2009689965@moviefans.com,2006-04-03,39
ur7515062,jorncooper,jorncooper751506280@mail.com,1973-06-06,70
ur101126194,deandraslater,deandraslater10112619414@example.com,1982-08-25,80
ur3174911,lauralogic,lauralogic317491166@moviefans.com,1975-10-25,72
ur34049683,ironhorse_iv,ironhorseiv3404968374@example.com,1982-05-21,47
ur0146564,Nozz,nozz014656446@imdbuser.net,2003-09-23,71
ur0895324,maxfabien,maxfabien089532476@example.com,1995-03-18,68
ur0397467,clive-13,clive13039746789@example.com,2016-12-19,56
ur13623201,larrys-11,larrys111362320142@example.com,1994-06-25,44
ur0231123,TedEBear,tedebear023112319@imdbuser.net,2018-01-20,19
ur17736868,allexand,allexand1773686886@mail.com,1996-09-16,48
ur0997763,som1950,som1950099776354@moviefans.com,2008-03-11,78
ur1693456,bunkerforever,bunkerforever169345646@imdbuser.net,1962-10-22,79
ur0351045,G-Man-25,gman25035104532@moviefans.com,1975-05-15,72
ur3780755,rdambroso,rdambroso378075531@moviefans.com,1994-01-30,36
ur4915915,arfdawg-1,arfdawg1491591593@moviefans.com,2002-11-22,71
ur4465293,slightlymad22,slightlymad22446529376@example.com,2018-09-28,24
ur0566964,amasterblaster,amasterblaster056696418@imdbuser.net,2013-01-12,69
ur34226907,elo-equipamentos,eloequipamentos3422690737@moviefans.com,2001-12-06,72
ur7776916,imbluzclooby,imbluzclooby777691652@example.com,1992-11-13,80
ur2421118,dakangan,dakangan242111845@mail.com,2009-06-26,23
ur18622219,aheaven2005,aheaven20051862221925@mail.com,2008-10-04,56
ur0270454,renfield54,renfield54027045463@example.com,2017-01-18,16
ur7845463,fcasnette,fcasnette784546325@imdbuser.net,1991-09-06,70
ur1077159,MartinTeller,martinteller107715921@mail.com,1997-09-16,76
ur4344252,Asa_Nisi_Masa2,asanisimasa2434425223@example.com,1993-05-25,54
ur14036886,Enigma700,enigma7001403688631@moviefans.com,2013-10-02,40
ur1332689,Ymir4,ymir4133268933@moviefans.com,2015-12-09,30
ur0777369,hou-3,hou3077736982@moviefans.com,2004-08-10,36
ur41041016,museumofdave,museumofdave4104101699@imdbuser.net,1994-01-22,63
ur5475097,squelcho,squelcho547509719@moviefans.com,2015-02-20,28
ur1355003,sol-,sol135500394@example.com,2023-02-23,28
ur31755749,Delrvich,delrvich3175574919@example.com,1986-07-20,48
ur43903214,Ladiloque,ladiloque4390321483@imdbuser.net,2002-08-17,28
ur61197531,Kirpianuscus,kirpianuscus6119753135@example.com,1977-11-21,51
ur16414436,saraccan,saraccan1641443636@example.com,2014-01-01,33
ur1046460,valadas,valadas104646020@imdbuser.net,2007-03-25,77
ur1551388,LSF45,lsf45155138880@imdbuser.net,1983-10-09,79
ur9582256,NCMountainDavis,ncmountaindavis958225635@imdbuser.net,1973-06-06,58
ur0456929,RJV,rjv045692926@mail.com,1992-07-19,50
ur0199658,Moondog-6,moondog6019965859@mail.com,2020-02-29,14
ur0426715,BNewby13,bnewby13042671515@moviefans.com,1988-08-12,64
ur15795433,jfgibson73,jfgibson731579543333@mail.com,1958-11-01,70
ur31328960,Ed-Shullivan,edshullivan3132896079@mail.com,2005-08-11,23
ur1785806,Michael1958,michael1958178580612@example.com,2025-03-20,35
ur0102231,Spock-8,spock8010223118@example.com,1994-09-11,74
ur114054757,tcamyuntoldartist,tcamyuntoldartist11405475782@mail.com,2020-09-10,14
ur0418484,redfivemd,redfivemd041848440@imdbuser.net,2008-06-25,19
ur1088965,FMgeoguy,fmgeoguy108896567@moviefans.com,2016-02-27,67
ur21286983,surya_sankash,suryasankash2128698343@imdbuser.net,2015-05-01,17
ur4695677,captainapache,captainapache469567741@imdbuser.net,2002-04-06,29
ur176681903,hwgrayson,hwgrayson17668190381@imdbuser.net,1994-02-01,32
ur0820162,mdm-11,mdm11082016233@example.com,2006-08-16,72
ur2002093,tgodel,tgodel200209327@imdbuser.net,2022-08-27,16
ur6302267,Sandcooler,sandcooler630226743@moviefans.com,2013-04-06,58
ur4401104,dwr246,dwr246440110459@moviefans.com,2022-10-16,14
ur135309411,thebaldphoenix,thebaldphoenix13530941155@moviefans.com,1982-04-17,51
ur10121495,DavidW1234,davidw12341012149537@example.com,2008-12-02,45
ur1924068,lyricshope,lyricshope192406835@imdbuser.net,2007-11-13,62
ur12161417,jana-87,jana871216141753@moviefans.com,2018-03-30,27
ur7094706,Fimano,fimano709470675@mail.com,1981-04-20,53
ur5294816,bockwinkle99,bockwinkle99529481628@example.com,2019-06-28,20
ur22652704,bettycjung,bettycjung2265270492@mail.com,1998-04-28,67
ur1113856,JasparLamarCrabb,jasparlamarcrabb111385694@moviefans.com,2023-02-08,52
ur0881145,lorenzo212,lorenzo212088114573@mail.com,2002-01-21,53
ur2799485,cableaddict,cableaddict279948585@mail.com,2023-07-22,51
ur28946057,The_Invisible_Dog,theinvisibledog2894605784@imdbuser.net,1998-10-30,57
ur2690330,jkuhn01,jkuhn01269033049@moviefans.com,2011-08-07,30
ur0716592,thoms1,thoms1071659222@moviefans.com,2022-02-22,15
ur0161940,shanphil,shanphil016194068@example.com,1998-05-08,49
ur5647132,McDanielClanof4,mcdanielclanof4564713217@imdbuser.net,1992-04-11,41
ur4593705,DarkVulcan29,darkvulcan29459370562@imdbuser.net,1995-11-12,45
ur0183304,CindyH,cindyh018330434@imdbuser.net,2008-05-29,20
ur0393207,heshootshescores,heshootshescores039320763@mail.com,2012-09-13,38
ur15000707,Bernie4444,bernie44441500070796@imdbuser.net,2016-06-11,39
ur10456123,hockeyvoodoo,hockeyvoodoo1045612337@mail.com,2024-05-03,41
ur0415767,Shocka,shocka041576795@imdbuser.net,2014-02-28,43
ur120942662,jaredbetts,jaredbetts12094266221@imdbuser.net,2000-05-25,77
ur3072427,tarbosh22000,tarbosh22000307242724@mail.com,1991-08-02,67
ur0344295,Elbow,elbow034429551@example.com,1966-07-21,66
ur4997726,lemon_magic,lemonmagic499772677@imdbuser.net,2017-07-07,38
ur0386241,gridoon,gridoon038624160@mail.com,1999-10-31,48
ur0090373,Gislef,gislef009037369@example.com,1980-05-15,61
ur67763566,HarryLags,harrylags6776356689@example.com,1956-11-13,77
ur2438961,shmucking,shmucking243896170@moviefans.com,2023-01-08,13
ur45707659,videorama-759-859391,videorama7598593914570765920@example.com,1999-12-21,26
ur2998630,ClfGlltt,clfglltt299863023@moviefans.com,2010-02-07,25
ur1678558,kerottes,kerottes167855837@imdbuser.net,2009-11-12,44
ur6845663,mike-r0x0rs,miker0x0rs684566334@imdbuser.net,2011-05-18,17
ur5149544,nickchang780,nickchang780514954477@example.com,2011-10-02,78
ur0226458,mcfly-17,mcfly17022645877@example.com,2015-11-23,52
ur8617891,rockhound2,rockhound2861789154@imdbuser.net,1969-09-09,77
ur1249454,virek213,virek213124945413@moviefans.com,1994-03-25,41
ur18258873,dukeakasmudge,dukeakasmudge1825887334@moviefans.com,1985-03-07,55
ur0003696,Animus,animus000369643@imdbuser.net,2019-07-21,58
ur85503622,nafps,nafps8550362252@imdbuser.net,2008-08-07,30
ur2064983,orcadiansmeghead,orcadiansmeghead206498363@imdbuser.net,2010-11-18,30
ur0613376,udar55,udar55061337671@moviefans.com,1960-04-17,68
ur7664294,ozthegreatat42330,ozthegreatat42330766429447@moviefans.com,2025-06-29,41
ur1193328,theninja,theninja119332864@imdbuser.net,2016-11-28,31
ur23930092,mervclan,mervclan2393009211@imdbuser.net,1996-11-07,49
ur1141586,Doctor_Mabuse,doctormabuse114158687@mail.com,2009-11-20,19
ur0103793,SMK-4,smk4010379384@mail.com,1980-08-11,46
ur4447735,wbilljones,wbilljones444773581@mail.com,1999-07-23,56
ur0139106,LindaY,linday013910697@moviefans.com,2014-05-23,68
ur7350858,BrickNash,bricknash735085855@moviefans.com,2017-05-20,73
ur5381711,jre-5,jre5538171132@example.com,2018-06-25,34
ur22249078,ahnertp,ahnertp2224907828@example.com,2017-04-26,19
ur15836141,Atreyu_II,atreyuii1583614155@moviefans.com,2022-10-26,37
ur0096032,matt-81,matt81009603286@example.com,1990-05-31,54
ur0459429,Baldach,baldach045942947@moviefans.com,1992-08-06,70
ur47100167,sauravjoshi85,sauravjoshi854710016715@imdbuser.net,1995-12-04,38
ur12278662,BigWhiskers,bigwhiskers1227866225@moviefans.com,1993-04-01,41
ur82872124,RosanaBotafogo,rosanabotafogo8287212442@mail.com,2020-07-06,74
ur11592499,FloweryUnderscoreGuy,floweryunderscoreguy1159249991@imdbuser.net,2002-11-05,74
ur0516422,willrams,willrams051642225@mail.com,2023-01-21,23
ur34845698,atlasmb,atlasmb3484569861@moviefans.com,1997-10-18,69
ur1289049,rad111,rad111128904988@moviefans.com,1965-10-26,74
ur66541531,gcsman,gcsman6654153158@mail.com,2011-03-23,79
ur22974245,nomorefog,nomorefog2297424598@mail.com,2021-03-28,41
ur12596887,JohnHowardReid,johnhowardreid1259688732@mail.com,1992-09-11,41
ur118397183,661jda,661jda11839718374@imdbuser.net,1994-08-08,51
ur10414989,fimimix,fimimix1041498931@imdbuser.net,2013-02-16,61
ur0075701,JBrannon,jbrannon007570168@example.com,2016-01-05,24
ur0297156,Zack-23,zack23029715662@mail.com,1965-09-29,61
ur89300694,kgehebe,kgehebe8930069444@example.com,1998-12-19,61
ur78892912,BadRoosevelt,badroosevelt7889291257@example.com,2020-06-04,53
ur45959440,ASuiGeneris,asuigeneris4595944090@mail.com,1985-10-31,44
ur1729275,pachin,pachin172927534@imdbuser.net,2018-08-09,15
ur0566029,roger.nelson,rogernelson056602947@mail.com,2017-05-02,23
ur1728252,Fad King,fadking172825280@moviefans.com,1977-01-20,74
ur60747346,PeachesIR,peachesir6074734617@moviefans.com,1990-12-31,43
ur23261568,mt0,mt02326156871@imdbuser.net,1994-01-17,42
ur96253287,jersygrl-20834,jersygrl208349625328767@imdbuser.net,2021-01-09,80
ur0874828,theeht,theeht087482888@mail.com,2021-01-07,35
ur154111458,EvylOverLord,evyloverlord15411145841@imdbuser.net,2025-11-11,28
ur6663090,MarieGabrielle,mariegabrielle666309031@imdbuser.net,1992-11-25,73
ur0736738,drednm,drednm073673814@example.com,1994-11-06,78
ur53712330,srwolfson-42-752283,srwolfson427522835371233093@example.com,2017-02-02,22
ur0449021,michaelRokeefe,michaelrokeefe044902167@moviefans.com,2021-04-15,51
ur17316375,bob-walsh-1,bobwalsh11731637561@moviefans.com,2005-01-14,31
ur8648775,pezidon-2,pezidon2864877557@mail.com,1995-04-13,68
ur37849658,jkressmann-532-345773,jkressmann5323457733784965850@imdbuser.net,2014-09-28,19
ur0101706,Wizard-8,wizard8010170610@moviefans.com,1980-11-08,64
ur24523894,nasruddin,nasruddin2452389476@example.com,2014-05-06,13
ur21904693,FloridaJoeH,floridajoeh2190469360@moviefans.com,2025-02-05,59
ur1335522,Iammymothersdaughter2,iammymothersdaughter2133552294@moviefans.com,1985-04-27,74
ur18658309,derryj,derryj1865830917@mail.com,1997-04-09,38
ur2841441,garygorf,garygorf284144182@mail.com,2023-10-12,30
ur24683526,myadidas13,myadidas132468352617@imdbuser.net,1967-08-14,65
ur75252279,Minnesota_Reid,minnesotareid7525227929@imdbuser.net,1981-12-01,46
ur135063942,dagnabbitdog,dagnabbitdog13506394292@mail.com,2006-09-24,40
ur106534496,tomqcollins,tomqcollins10653449676@example.com,1949-10-13,76
ur140838898,altsgrd,altsgrd14083889846@moviefans.com,2025-06-19,58
ur30872044,arungeorge13,arungeorge133087204425@imdbuser.net,2023-01-15,63
ur10629106,phoenixashes33,phoenixashes331062910678@moviefans.com,2008-02-22,73
ur0806494,ferguson-6,ferguson6080649480@mail.com,2011-06-27,21
ur83178856,Foutainoflife,foutainoflife8317885667@imdbuser.net,2020-04-20,34
ur123389631,peter0969,peter096912338963194@imdbuser.net,2010-03-04,42
ur34458716,metallisktispe595,metallisktispe5953445871623@mail.com,2023-09-23,14
ur89875200,xxxxxdarkmoon,xxxxxdarkmoon8987520063@moviefans.com,1999-03-20,78
ur0366508,gortx,gortx036650829@moviefans.com,2016-06-22,41
ur23248483,dannlaly,dannlaly2324848310@example.com,2023-04-23,16
ur128307943,doujyr,doujyr12830794331@example.com,1991-11-15,70
ur152061497,stylss,stylss15206149716@example.com,2005-09-28,54
ur10367514,schnuck,schnuck1036751490@moviefans.com,1991-04-21,47
ur54954140,fsfaludi,fsfaludi5495414063@example.com,2016-07-10,79
ur66094405,zack_gideon,zackgideon6609440542@imdbuser.net,2012-10-21,26
ur41396615,RockFromSpace,rockfromspace4139661588@moviefans.com,2005-01-25,30
ur0812488,hfan77,hfan77081248871@imdbuser.net,2024-07-18,50
ur77625981,thrback,thrback7762598110@imdbuser.net,2025-02-12,35
ur5269961,dcain-1,dcain1526996186@imdbuser.net,2015-01-20,52
ur51980037,daviskid2008,daviskid20085198003737@imdbuser.net,2009-10-10,41
ur1479879,bucksix,bucksix147987976@mail.com,2025-04-19,30
ur4301250,nicedad1,nicedad1430125078@mail.com,1978-01-23,56
ur0156273,Sparki,sparki015627314@example.com,2005-11-02,74
ur2449062,ekeby,ekeby244906243@example.com,2010-11-13,18
ur0292400,dtb,dtb029240019@example.com,2022-01-31,57
ur4611325,tjdascoli,tjdascoli461132599@mail.com,2012-02-15,19
ur12394695,ttrotta,ttrotta1239469563@mail.com,1993-12-22,50
ur11964725,brujay-1,brujay11196472533@imdbuser.net,1958-09-01,68
ur0195159,Herb-15,herb15019515971@example.com,2015-11-04,13
ur2532485,Vash2001,vash2001253248585@moviefans.com,1968-10-17,79
ur4648145,sym4ny,sym4ny464814565@imdbuser.net,1997-07-21,56
ur22793030,toqtaqiya2,toqtaqiya22279303044@moviefans.com,2023-10-04,16
ur1990863,akoumare,akoumare199086383@mail.com,2010-11-25,43
ur3768505,Chicago_girl,chicagogirl376850518@imdbuser.net,2023-04-11,26
ur0593440,kurtrus,kurtrus059344080@example.com,1980-12-15,63
ur17845760,hte-trasme,htetrasme1784576096@imdbuser.net,1985-10-05,47
ur19996203,wvisser-leusden,wvisserleusden1999620334@example.com,1989-09-30,42
ur1547826,lenatigress,lenatigress154782654@example.com,1973-10-23,75
ur69836542,ilovesaturdays,ilovesaturdays6983654229@mail.com,1980-03-07,50
ur0962765,Oslo_Jargo,oslojargo096276521@imdbuser.net,1962-03-26,66
ur7367060,bulya2,bulya2736706047@imdbuser.net,1993-03-01,71
ur0333750,pampeano,pampeano033375012@mail.com,1973-04-01,60
ur7766563,Vivaelhotelplaza2005,vivaelhotelplaza2005776656311@mail.com,2006-04-12,25
ur4980432,roedyg,roedyg498043288@mail.com,2011-03-10,19
ur1348974,robinstieber,robinstieber134897473@moviefans.com,2001-01-09,30
ur29097056,graham-harvey,grahamharvey2909705612@moviefans.com,1998-09-10,61
ur2187250,jwpeel-1,jwpeel1218725019@imdbuser.net,2024-03-23,27
ur17868603,profh-1,profh11786860362@mail.com,2024-03-09,21
ur10844877,bierlingen-1,bierlingen11084487710@imdbuser.net,2008-11-21,47
ur1675392,squeezebox,squeezebox167539258@mail.com,1988-02-28,62
ur13871204,deans24,deans241387120441@moviefans.com,2016-03-05,77
ur13041329,ozzy1972,ozzy19721304132915@moviefans.com,2010-05-30,41
ur0130182,Hardylane,hardylane013018254@example.com,1972-01-28,71
ur74931296,alexanderdavies-99382,alexanderdavies993827493129676@example.com,2021-06-06,59
ur0464186,smakawhat,smakawhat046418650@mail.com,2019-07-11,15
ur2444321,kipknee,kipknee244432139@moviefans.com,1985-10-03,56
ur27146101,aramis-112-804880,aramis1128048802714610183@mail.com,2015-12-19,15
ur0786438,consortpinguin,consortpinguin078643887@mail.com,1983-12-13,69
ur5424352,morrison-dylan-fan,morrisondylanfan542435291@moviefans.com,1966-02-06,78
ur3404726,gstephens-1,gstephens1340472645@moviefans.com,2012-02-23,18
ur0003394,NJtoTX,njtotx000339449@imdbuser.net,1947-04-11,80
ur2874415,estabansmythe,estabansmythe287441599@mail.com,2015-01-08,22
ur0209121,moondog-8,moondog8020912142@mail.com,1986-11-29,68
ur0184990,Mr. OpEd,mroped018499084@example.com,1982-02-12,65
ur8483992,memery-1,memery1848399211@mail.com,2012-11-28,37
ur3636169,Grozniak,grozniak363616971@example.com,1968-09-03,76
ur1175602,jtpaladin,jtpaladin117560255@example.com,1974-04-19,55
ur2236273,groover1,groover1223627365@moviefans.com,1994-09-27,66
ur2423227,jodyv49,jodyv49242322746@moviefans.com,2011-11-09,31
ur7650400,nomoons11,nomoons11765040080@mail.com,1989-08-09,65
ur47204983,Sergiodave,sergiodave4720498364@mail.com,2003-02-27,61
ur8724737,firstconsul,firstconsul872473786@example.com,1996-08-10,63
ur22996114,MBunge,mbunge2299611436@mail.com,1973-03-06,75
ur2508308,LindsayBoo,lindsayboo250830811@example.com,2018-03-22,64
ur2444068,inkblot11,inkblot11244406824@imdbuser.net,2020-10-10,26
ur77838279,myriamlenys,myriamlenys7783827941@moviefans.com,2001-10-01,37
ur5940091,faolan-2,faolan2594009155@imdbuser.net,2002-02-19,77
ur1445764,rumlolarum,rumlolarum144576458@example.com,2018-11-18,69
ur1611883,DeanNYC,deannyc161188334@mail.com,2019-02-16,21
ur0389761,thecoolestmike,thecoolestmike038976198@moviefans.com,2001-02-20,35
ur7963802,r-handegan,rhandegan796380262@imdbuser.net,2023-07-02,36
ur2247976,sober_gaijin,sobergaijin224797613@moviefans.com,1967-11-20,74
ur1406345,cheathamg,cheathamg140634543@mail.com,1968-06-16,78
ur9480392,paul_alpine,paulalpine948039288@moviefans.com,2014-08-22,33
ur2626332,FiendishDramaturgy,fiendishdramaturgy262633268@mail.com,2013-10-05,18
ur3695809,LadyCoco,ladycoco369580950@imdbuser.net,2014-07-14,23
ur56862102,KingProjector93,kingprojector935686210249@mail.com,1987-09-02,43
ur4127837,nnwahler,nnwahler412783756@example.com,2016-07-16,36
ur4110539,lesunra,lesunra411053999@mail.com,2019-05-10,55
ur7330197,ppilf,ppilf733019789@imdbuser.net,1992-08-01,76
ur5009314,iroquoisjoe,iroquoisjoe500931434@moviefans.com,2003-09-15,76
ur12722685,tryin247,tryin2471272268525@example.com,2009-10-04,51
ur1656442,warlorde,warlorde165644226@example.com,2021-09-12,38
ur10679211,rbixby,rbixby1067921148@imdbuser.net,1992-09-13,38
ur5559669,sugartopone,sugartopone555966920@moviefans.com,2006-09-23,43
ur47095908,eric-wallis,ericwallis4709590877@mail.com,2010-07-08,52
ur5272216,Punctuality,punctuality527221677@example.com,2025-06-24,14
ur4071094,directoroffantasies,directoroffantasies407109477@imdbuser.net,2022-08-16,46
ur0257957,Coxer99,coxer99025795746@imdbuser.net,2002-09-23,69
ur4404145,GreyHunter,greyhunter440414568@moviefans.com,2008-03-27,21
ur8091318,nicholas-vidoni,nicholasvidoni809131848@mail.com,2021-06-23,72
ur1896124,utgard14,utgard14189612474@mail.com,2020-09-27,21
ur13538926,Rectangular_businessman,rectangularbusinessman1353892642@mail.com,2006-07-03,35
ur45303257,Better_Sith_Than_Sorry,bettersiththansorry4530325742@imdbuser.net,1964-09-02,72
ur20633577,thunder-beam,thunderbeam2063357774@moviefans.com,2019-08-12,47
ur104886557,cartoonlover18,cartoonlover1810488655721@imdbuser.net,2010-11-23,30
ur0264325,PIST-OFF,pistoff026432517@imdbuser.net,2012-08-19,34
ur1764000,jdollak,jdollak176400040@example.com,1993-07-03,38
ur3501803,emasterslake,emasterslake350180347@imdbuser.net,1991-06-08,44
ur1508624,salieri2121,salieri2121150862437@example.com,2014-10-29,41
ur2700318,mamamiasweetpeaches,mamamiasweetpeaches270031846@mail.com,2006-12-30,34
ur0171862,carolann-3,carolann3017186227@imdbuser.net,1982-08-05,54
ur0529162,brooksfilms,brooksfilms052916221@imdbuser.net,2009-03-06,36
ur16419412,DaveArtifex,daveartifex1641941294@mail.com,2018-03-12,42
ur2799500,philipalancarter,philipalancarter279950057@mail.com,2000-11-01,60
ur2111434,Jeremiah_Bowen,jeremiahbowen211143424@mail.com,2016-09-16,28
ur0668337,telebob,telebob066833736@example.com,1999-08-18,28
ur8117007,Cornonthecobb,cornonthecobb811700736@imdbuser.net,1975-06-27,74
ur7743887,ShadeGrenade,shadegrenade774388726@mail.com,2021-03-30,31
ur7059410,fedor8,fedor8705941041@imdbuser.net,1979-03-10,77
ur21260709,edxxx,edxxx2126070991@imdbuser.net,1998-05-14,44
ur0461963,gil-49,gil49046196361@moviefans.com,1976-02-07,76
ur0152424,Eric-86,eric86015242495@mail.com,1957-01-22,78
ur66552121,philosopherjack,philosopherjack6655212112@imdbuser.net,1990-04-16,59
ur26857861,michaeljhuman,michaeljhuman2685786144@imdbuser.net,1961-12-08,73
ur3895901,dino42,dino42389590193@mail.com,1996-02-06,41
ur23483288,StevePulaski,stevepulaski2348328845@mail.com,1984-04-22,58
ur0259696,Sir_B,sirb025969663@moviefans.com,1971-12-12,67
ur3395669,hellfell79,hellfell79339566942@imdbuser.net,1992-12-04,50
ur1863597,paulproia,paulproia186359725@moviefans.com,2019-05-30,32
ur2800274,suebee88,suebee88280027446@imdbuser.net,1997-11-08,50
ur1167700,atomicbudd,atomicbudd116770040@imdbuser.net,2025-01-28,23
ur5384658,barkingchimp,barkingchimp538465884@moviefans.com,1977-08-29,55
ur8239592,Woodyanders,woodyanders823959269@example.com,2013-08-07,80
ur5320404,michaelbauers,michaelbauers532040482@imdbuser.net,2021-02-28,45
ur0331445,gordo-31,gordo31033144555@imdbuser.net,2020-03-27,73
ur36156955,dneal18,dneal183615695578@imdbuser.net,2011-01-10,19
ur13237931,suchenwi,suchenwi1323793196@mail.com,1985-10-14,41
ur0218719,PiEThO,pietho021871972@example.com,2023-12-07,30
ur0612378,heyeron,heyeron061237821@mail.com,1972-03-28,80
ur4832130,poor_shaggy,poorshaggy483213056@mail.com,2012-12-30,79
ur13134536,Michael_Elliott,michaelelliott1313453617@imdbuser.net,2018-06-11,28
ur16897452,robynh-4,robynh41689745259@mail.com,1979-01-29,56
ur130632963,gregorycanfield,gregorycanfield13063296381@example.com,1991-06-17,74
ur0459411,barahona,barahona045941165@imdbuser.net,2022-09-19,67
ur17816293,SimonJack,simonjack1781629393@moviefans.com,1950-03-26,79
ur12291760,jayjaynng,jayjaynng1229176044@imdbuser.net,2017-06-19,33
ur2275832,manuel-pestalozzi,manuelpestalozzi227583230@mail.com,1996-03-14,62
ur3280905,theowinthrop,theowinthrop328090532@moviefans.com,1983-07-29,64
ur0757944,negevoli-44,negevoli44075794458@example.com,2023-07-14,14
ur9592481,gdlkall,gdlkall959248126@mail.com,1991-01-28,36
ur0068788,Boyo-2,boyo2006878820@example.com,2015-08-13,68
ur0114240,coyote-8,coyote8011424010@moviefans.com,2011-12-02,27
ur0721271,bigpappa1--2,bigpappa12072127134@mail.com,2017-06-23,53
ur0808383,mathmaniac,mathmaniac080838355@imdbuser.net,2006-05-26,55
ur193606702,filmreviewradical,filmreviewradical19360670263@example.com,2019-06-21,20
ur15894423,TurboarrowIII,turboarrowiii1589442342@imdbuser.net,1999-06-16,46
ur0167166,behemuthm,behemuthm016716670@mail.com,2019-01-28,25
ur0587107,waldorfsalad,waldorfsalad058710792@example.com,1993-12-02,58
ur2263198,paulclaassen,paulclaassen226319895@example.com,2019-05-14,79
ur1617546,boblipton,boblipton161754668@imdbuser.net,2020-12-18,19
ur4533679,Well18,well18453367941@imdbuser.net,2025-01-29,72
ur43791214,cougarblue-696-806128,cougarblue6968061284379121414@example.com,2018-11-19,28
ur2285392,cairn6,cairn6228539255@moviefans.com,1996-04-17,44
ur22137513,diker-2,diker22213751330@imdbuser.net,1965-12-29,80
ur0631875,The Peacemaker,thepeacemaker063187532@mail.com,2024-07-12,35
ur20516361,abcj-2,abcj22051636125@example.com,1977-04-14,50
ur0836523,denscul,denscul083652337@example.com,2009-03-23,59
ur0853359,lugonian,lugonian085335912@moviefans.com,1996-02-15,37
ur1788395,Oskado,oskado178839546@imdbuser.net,2014-08-12,54
ur0306861,Ron Oliver,ronoliver030686191@example.com,1983-05-16,48
ur4716150,weezeralfalfa,weezeralfalfa471615086@moviefans.com,2014-01-21,46
ur1325512,the_old_roman,theoldroman132551251@moviefans.com,2008-06-03,21
ur4907532,jayraskin,jayraskin490753241@example.com,2020-03-10,38
ur86498639,springfieldrental,springfieldrental8649863976@imdbuser.net,2019-07-23,37
ur3953932,Irene212,irene212395393246@moviefans.com,2001-03-07,26
ur4231211,jgepperson,jgepperson423121112@imdbuser.net,2023-05-31,25
ur0239428,harry-76,harry76023942895@example.com,1987-11-27,52
ur0323285,dr.sabi,drsabi032328547@imdbuser.net,2007-10-28,41
ur0096387,brickbee,brickbee009638718@moviefans.com,2020-06-24,18
ur1036287,alicat,alicat103628778@moviefans.com,1990-05-26,42
ur20008815,noxaman,noxaman2000881536@imdbuser.net,2024-12-02,45
ur29954523,nije-mala,nijemala2995452397@moviefans.com,1991-04-20,37
ur24373984,cardsrock,cardsrock2437398440@imdbuser.net,2006-10-09,58
ur63857399,CANpatbuck3664,canpatbuck36646385739928@imdbuser.net,2008-04-25,30
ur40618128,SaidNDone,saidndone4061812881@moviefans.com,1984-01-16,56
ur134112709,travola-35109,travola3510913411270967@imdbuser.net,1989-01-15,46
ur64798417,Top_Dawg_Critic,topdawgcritic6479841747@example.com,1967-06-09,59
ur67073676,DeadMansTrousers,deadmanstrousers6707367634@example.com,1959-03-16,79
ur5508927,JBuckleyFan09,jbuckleyfan09550892769@imdbuser.net,1977-04-09,71
ur30552860,mfilmcutter,mfilmcutter3055286063@mail.com,2007-05-06,26
ur105652437,nicolasroop,nicolasroop10565243799@example.com,2015-10-10,16
ur33753027,brownandrew4,brownandrew43375302753@example.com,2016-11-25,66
ur99135767,hydralien-40230,hydralien402309913576783@mail.com,2016-08-25,26
ur158623045,anexistentialperspective,anexistentialperspective15862304561@imdbuser.net,2024-11-11,33
ur98815843,greenarrow-40775,greenarrow407759881584398@mail.com,2009-12-10,23
ur52754131,guillaumecb,guillaumecb5275413153@imdbuser.net,1987-02-25,57
ur11365457,kaustubhmoghe,kaustubhmoghe1136545772@example.com,2022-12-05,42
ur3020653,thecowboyranch,thecowboyranch302065361@imdbuser.net,2002-06-24,44
ur0024256,Lamia7609,lamia7609002425662@imdbuser.net,2012-12-26,34
ur22312568,blandiefam,blandiefam2231256820@mail.com,2000-08-21,40
ur17364094,tabest84,tabest841736409482@mail.com,2011-01-16,26
ur4533482,pennyv258,pennyv258453348299@moviefans.com,1997-04-24,62
ur2941338,LaxFan94,laxfan94294133861@moviefans.com,2019-11-27,50
ur1510370,choatelodge,choatelodge151037040@moviefans.com,1985-05-28,53
ur13736992,scramcat-1,scramcat11373699230@moviefans.com,1953-06-02,74
ur1403139,harvestwind,harvestwind140313936@moviefans.com,1984-01-10,52
ur26098294,Chasville,chasville2609829444@moviefans.com,2023-03-17,44
ur3823528,CAMPFIRESKY,campfiresky382352865@moviefans.com,2010-07-01,28
ur4627372,winner55,winner55462737220@mail.com,2013-11-03,15
ur31376824,bayardhiler,bayardhiler3137682484@example.com,2024-03-08,25
ur1411889,tasinaska,tasinaska141188948@moviefans.com,1981-03-26,52
ur2972514,dbm31,dbm31297251484@mail.com,2000-05-19,32
ur0449647,chemingineer,chemingineer044964736@imdbuser.net,1995-01-25,35
ur32618304,Ashbinges,ashbinges3261830434@example.com,2001-10-27,52
ur55050787,shreyasrp888,shreyasrp8885505078789@mail.com,2015-02-03,29
ur59602865,harshit_pande,harshitpande5960286540@moviefans.com,2007-06-19,50
ur23800809,rangdetumpy,rangdetumpy2380080986@example.com,2021-11-20,15
ur44415751,shobanchittuprolu,shobanchittuprolu4441575171@mail.com,2000-04-14,27
ur62378572,anmolsachar,anmolsachar6237857285@mail.com,1998-10-23,59
ur14448254,proabhinav,proabhinav1444825483@imdbuser.net,1977-12-31,58
ur69138181,gauravbiot,gauravbiot6913818131@mail.com,1978-10-15,64
ur57950945,itumaesh,itumaesh5795094511@moviefans.com,2025-01-15,49
ur103934404,hiralpatel-42752,hiralpatel4275210393440424@imdbuser.net,2018-09-26,23
ur85834895,aneesahmed-21929,aneesahmed219298583489578@mail.com,2024-12-21,17
ur62048432,rajmannar-08230,rajmannar082306204843233@moviefans.com,2022-03-07,41
ur133177314,ayonbhunia,ayonbhunia13317731471@imdbuser.net,2022-04-17,56
ur65561484,pibl-87824,pibl878246556148460@example.com,1978-11-09,56
ur22864666,ketgup83,ketgup832286466620@moviefans.com,1987-10-21,72
ur20177846,rupak_speaking,rupakspeaking2017784632@moviefans.com,2016-08-13,58
ur24192110,gushal,gushal2419211052@imdbuser.net,2019-10-20,79
ur37950212,lib80aks,lib80aks3795021294@moviefans.com,1976-12-24,53
ur9808852,mike_NY,mikeny980885259@moviefans.com,2013-03-11,43
ur6121712,bob_meg,bobmeg612171267@mail.com,2009-01-02,28
ur2706684,sol-kay,solkay270668477@example.com,2001-06-08,25
ur1789149,kristdavidson,kristdavidson178914971@imdbuser.net,2015-12-16,78
ur1175247,jacegaffney,jacegaffney117524789@imdbuser.net,2002-04-28,26
ur5627968,dpayne-9,dpayne9562796842@imdbuser.net,1998-01-03,79
ur5426623,acidburn-10,acidburn10542662397@moviefans.com,1960-02-12,68
ur5997496,richard-seelbach,richardseelbach599749632@moviefans.com,2004-04-01,22
ur188383195,oliverwjganley,oliverwjganley18838319565@mail.com,1990-11-17,37
ur0884672,mord39,mord39088467241@moviefans.com,2012-12-27,18
ur1888639,falmoury,falmoury188863969@mail.com,1989-07-22,62
ur0217885,chez-3,chez3021788590@mail.com,1992-01-27,37
ur0048272,danielturek,danielturek004827222@mail.com,2006-01-03,57
ur0833861,Nice_Guy_Daz,niceguydaz083386145@mail.com,2008-03-09,43
ur12353787,GregP89,gregp891235378792@imdbuser.net,1983-12-20,42
ur0923630,Marie-62,marie62092363069@example.com,1965-11-19,61
ur44791996,akita-729-281207,akita7292812074479199647@moviefans.com,2025-03-16,29
ur56572980,andrewpugh607,andrewpugh6075657298070@example.com,1996-09-21,31
ur77881167,nogodnomasters,nogodnomasters7788116728@example.com,1979-08-14,73
ur37713470,samuelkdylan,samuelkdylan3771347047@example.com,2000-09-12,42
ur71450677,jonathonmann,jonathonmann7145067775@moviefans.com,2014-10-17,38
ur38522769,philippwave,philippwave3852276918@example.com,1983-01-12,58
ur24536951,CtlAltDel,ctlaltdel2453695130@imdbuser.net,2021-04-19,28
ur114358572,jcarlos-96740,jcarlos9674011435857288@example.com,1994-11-19,75
ur22719567,LeftyMcLefterson,leftymclefterson2271956763@example.com,2000-05-18,44
ur123072293,janaybasye,janaybasye12307229399@mail.com,2024-11-22,38
ur1683855,MOscarbradley,moscarbradley168385529@moviefans.com,2015-11-16,22
ur33097514,mindoscp,mindoscp3309751471@example.com,2018-04-10,24
ur22212151,blkopanski,blkopanski2221215178@mail.com,2019-01-09,15
ur111473898,tiggs-24737,tiggs2473711147389853@imdbuser.net,2001-03-15,32
ur128405553,alex_celmare,alexcelmare12840555317@moviefans.com,2021-05-05,20
ur74696801,benjaminapplin,benjaminapplin7469680143@mail.com,2016-08-06,49
ur22563365,skepticskeptical,skepticskeptical2256336565@moviefans.com,2011-09-10,73
ur27237618,ascejim,ascejim2723761865@example.com,2006-04-16,21
ur102601261,questl-18592,questl1859210260126135@moviefans.com,1990-11-20,43
ur3447130,Deusvolt,deusvolt344713055@mail.com,2011-03-26,41
ur0976796,parkerr86302,parkerr86302097679643@imdbuser.net,2020-01-03,15
ur1287548,lor_,lor128754889@imdbuser.net,1966-12-24,63
ur0787843,MrJerry,mrjerry078784396@mail.com,1986-11-24,39
ur19378289,epatters-3,epatters31937828979@imdbuser.net,2023-10-04,75
ur3578650,montgomerysue,montgomerysue357865048@mail.com,1995-03-31,34
ur19450805,runforlife77,runforlife771945080598@moviefans.com,2011-07-08,20
ur48351462,paradux,paradux4835146226@mail.com,1971-09-05,59
ur53203268,cjolwebdesign-20-839486,cjolwebdesign208394865320326836@imdbuser.net,2000-07-14,27
ur0671781,Darth_Voorhees,darthvoorhees067178121@imdbuser.net,2015-06-08,25
ur11054522,markdstump,markdstump1105452271@example.com,1998-01-18,38
ur0001220,rdoyle29,rdoyle29000122024@imdbuser.net,1992-04-19,44
ur1543670,stuhh2001,stuhh2001154367045@example.com,2012-05-31,28
ur0905859,pianoboy-3,pianoboy3090585951@example.com,2005-08-27,23
ur0192409,JaneByronDean,janebyrondean019240916@mail.com,2012-08-08,26
ur0758103,kjell1,kjell1075810352@imdbuser.net,1989-04-02,54
ur0498129,dsh7227,dsh7227049812949@moviefans.com,2014-08-27,24
ur0369104,SHAWFAN,shawfan036910447@imdbuser.net,2011-11-29,36
ur3967726,lasttimeisaw,lasttimeisaw396772688@moviefans.com,2012-09-06,61
ur1964495,I_Ailurophile,iailurophile196449580@imdbuser.net,2013-07-16,34
ur0105696,ivan-22,ivan22010569677@imdbuser.net,2011-07-20,33
ur0293753,cricket-14,cricket14029375320@mail.com,2011-07-07,27
ur14456805,Progger1953,progger19531445680539@example.com,2017-01-30,47
ur62058436,rolandlacombe,rolandlacombe6205843623@mail.com,1975-09-14,64
ur17753250,Billyjhobbs-1,billyjhobbs11775325078@imdbuser.net,2017-08-15,36
ur3305224,garbuhj,garbuhj330522482@imdbuser.net,1998-03-21,73
ur0256961,buby1987,buby1987025696113@imdbuser.net,2023-03-20,45
ur1094017,LCShackley,lcshackley109401735@mail.com,1993-06-24,42
ur80146859,johnhsmith-00056,johnhsmith000568014685952@example.com,1990-02-23,59
ur0102677,JohnSeal,johnseal010267792@mail.com,2020-09-11,32
ur0179390,MovieMan-112,movieman112017939013@imdbuser.net,2020-01-11,21
ur1471623,cultfilmfan,cultfilmfan147162318@imdbuser.net,2016-02-25,50
ur0735494,Matt Moses,mattmoses073549486@moviefans.com,2023-11-27,27
ur1973723,frschoonover,frschoonover197372371@imdbuser.net,1959-01-31,69
ur0611658,marc-151,marc151061165888@imdbuser.net,1957-07-14,71
ur0056482,JasonIK75,jasonik75005648217@imdbuser.net,1998-07-30,54
ur1438111,bighebeal,bighebeal143811177@example.com,1987-08-24,61
ur16178412,Sober-Friend,soberfriend1617841228@mail.com,1998-05-25,61
ur1879652,ToTo2025,toto2025187965251@imdbuser.net,2009-03-26,66
ur0198567,buffy-34,buffy34019856739@imdbuser.net,1982-11-04,56
ur1401499,dizzyizzy,dizzyizzy140149952@imdbuser.net,1984-01-27,75
ur0741914,Kakeru-2,kakeru2074191471@moviefans.com,1974-11-03,75
ur3416554,KentaroGod,kentarogod341655466@mail.com,1983-01-07,45
ur20628273,marshotel-2,marshotel22062827385@mail.com,1992-03-07,75
ur168620013,DarylJGittings,daryljgittings16862001323@mail.com,2021-09-13,80
ur89193762,erl-79626,erl796268919376265@imdbuser.net,1979-07-23,58
ur11964161,BuckeyeJohn1976,buckeyejohn19761196416193@example.com,1991-07-30,42
ur2888331,kerr-g,kerrg288833151@mail.com,1983-12-03,62
ur3760347,ljrseanfan,ljrseanfan376034720@mail.com,1997-06-15,36
ur124755452,mossgrymk,mossgrymk12475545228@moviefans.com,2024-07-29,54
ur11626716,queenofdenial1,queenofdenial11162671689@imdbuser.net,2013-02-08,78
ur8489902,pc-wiz,pcwiz848990257@mail.com,2020-06-15,14
ur2390950,bpotte,bpotte239095049@imdbuser.net,2022-01-24,32
ur4035913,lgholston,lgholston403591373@example.com,2014-10-11,33
ur7431191,drwho13,drwho13743119115@moviefans.com,1983-10-26,47
ur15478294,wcb_one,wcbone1547829480@moviefans.com,1977-04-12,58
ur0508771,mikebrace,mikebrace050877111@moviefans.com,2010-05-15,23
ur2087486,dickcl,dickcl208748680@example.com,2015-09-20,18
ur16348792,astoriamary,astoriamary1634879220@mail.com,1980-10-20,54
ur14062935,uffdafyda,uffdafyda1406293540@mail.com,2010-03-31,57
ur13586621,gadonnelly,gadonnelly1358662188@moviefans.com,1960-12-27,71
ur6076908,seahomme,seahomme607690862@moviefans.com,2019-06-20,51
ur5846027,coolidgerobert,coolidgerobert584602733@moviefans.com,2014-01-10,37
ur2043732,perlstein,perlstein204373270@example.com,1993-09-10,40
ur12756395,rooster_davis,roosterdavis1275639556@mail.com,2014-05-18,70
ur2467123,equipage,equipage246712334@moviefans.com,2017-03-24,16
ur4491796,DomCom1957,domcom1957449179638@imdbuser.net,2025-09-11,22
ur0877146,tgibbs279,tgibbs279087714677@example.com,2019-03-28,56
ur7771835,rnussle,rnussle777183571@example.com,2024-11-30,67
ur0368884,adam36,adam36036888498@moviefans.com,2017-10-08,42
ur0331355,karloff-4,karloff4033135515@imdbuser.net,2024-12-03,21
ur0014992,Bsqrd,bsqrd001499237@example.com,2021-12-30,58
ur130407106,sforl-14909,sforl1490913040710629@imdbuser.net,2002-07-09,64
ur10348034,dougdoepke,dougdoepke1034803443@example.com,1973-06-04,68
ur4969213,mrb1980,mrb1980496921319@mail.com,2017-02-24,26
ur85823676,teamcaryl,teamcaryl8582367690@mail.com,2013-09-04,29
ur19180472,kevinolzak,kevinolzak1918047264@moviefans.com,1984-03-11,75
ur3716009,savagesteve13,savagesteve13371600910@imdbuser.net,2003-05-13,44
ur6233042,hengir,hengir623304247@example.com,2019-04-15,40
ur4698747,Chronofied,chronofied469874777@example.com,2007-05-07,68
ur0490717,Jojosh the Pi,jojoshthepi049071748@example.com,2021-12-04,70
ur1701528,abentenjo,abentenjo170152830@mail.com,1994-12-07,46
ur1302577,mr_nat_evans,mrnatevans130257783@moviefans.com,2024-08-31,66
ur2021154,WILLSKILEE,willskilee202115434@moviefans.com,1984-10-25,64
ur2950235,sarastro7,sarastro7295023543@imdbuser.net,1997-05-15,37
ur1826876,hayabusa-1,hayabusa1182687661@moviefans.com,2017-08-12,34
ur80237161,skullfire-48012,skullfire480128023716161@example.com,2013-02-22,25
ur0224913,rde,rde022491348@example.com,2019-11-12,70
ur62104024,shaynz,shaynz6210402417@moviefans.com,2012-10-30,34
ur135427530,joshuagilkey,joshuagilkey13542753087@mail.com,2009-05-20,27
ur96416540,acedj,acedj9641654085@imdbuser.net,2001-11-12,29
ur4283909,belzebuebchen,belzebuebchen428390911@example.com,1999-07-29,56
ur150336948,shanrock-33046,shanrock3304615033694861@example.com,1996-02-10,45
ur150461423,iggy-92588,iggy9258815046142331@mail.com,1996-05-20,76
ur142885902,lenikut,lenikut14288590231@imdbuser.net,2015-03-15,61
ur23217975,mthompson1450,mthompson14502321797517@imdbuser.net,1972-03-17,80
ur108865376,jandrfilms,jandrfilms10886537682@imdbuser.net,1982-03-07,46
ur0089971,xenophil,xenophil008997176@mail.com,1996-07-10,38
ur1830094,Li-1,li1183009460@imdbuser.net,2014-07-02,39
ur35995388,williamrbabcock,williamrbabcock3599538868@example.com,2019-01-25,46
ur0270791,PyrolyticCarbon,pyrolyticcarbon027079149@moviefans.com,1979-03-04,71
ur64013912,donaldsonramsay,donaldsonramsay6401391275@example.com,2007-06-15,66
ur87850731,0U,0u8785073122@moviefans.com,1992-12-28,46
ur0752880,bmacv,bmacv075288024@imdbuser.net,1999-09-13,37
ur0589756,refinedsugar,refinedsugar058975662@example.com,1992-09-19,65
ur4034943,juliankennedy23,juliankennedy23403494374@mail.com,1976-01-12,50
ur23276749,peterzullman,peterzullman2327674957@imdbuser.net,1978-01-18,63
ur0688559,tfrizzell,tfrizzell068855999@moviefans.com,2012-11-09,22
ur2183846,mahen1,mahen1218384614@imdbuser.net,1960-11-20,74
ur8929656,barryrd,barryrd892965610@example.com,2000-05-17,69
ur0915482,hall895,hall895091548274@imdbuser.net,2018-08-26,39
ur0190846,Minofed,minofed019084661@moviefans.com,1971-01-18,63
ur5111278,splaticus,splaticus511127829@imdbuser.net,2005-11-25,22
ur0166317,len-21,len21016631719@example.com,2022-09-28,37
ur2681805,kennethwright45,kennethwright45268180582@imdbuser.net,2019-11-22,24
ur59554469,framptonhollis,framptonhollis5955446934@imdbuser.net,1994-12-30,57
ur43219975,SamJamie,samjamie4321997580@imdbuser.net,2014-09-19,41
ur0158367,Deviant-7,deviant7015836772@imdbuser.net,2004-08-25,60
ur83880316,connorjw,connorjw8388031695@example.com,1988-07-19,39
ur0122542,Andy-496,andy496012254232@moviefans.com,1989-04-22,51
ur106914023,benjyboom,benjyboom10691402344@mail.com,2025-03-05,54
ur20258406,son_of_cheese_messiah,sonofcheesemessiah2025840625@imdbuser.net,2019-07-05,30
ur0596896,Thomas Dunson,thomasdunson059689696@moviefans.com,2013-11-05,13
ur72158885,electronmove,electronmove7215888559@moviefans.com,1990-12-06,65
ur3827817,jstock426,jstock426382781714@imdbuser.net,1999-11-14,65
ur87876564,MorfenZ,morfenz8787656451@imdbuser.net,2012-09-25,74
ur53660798,Jared_Andrews,jaredandrews5366079893@imdbuser.net,2014-05-05,77
ur1997252,grendelkhan,grendelkhan199725242@moviefans.com,2022-04-27,27
ur38621382,rohanm546,rohanm5463862138237@mail.com,2010-12-03,27
ur1444027,Cinemaniac1984,cinemaniac1984144402755@mail.com,2000-12-24,51
ur33506742,amahlanand,amahlanand3350674266@example.com,2013-04-03,29
ur1711098,finalfantasywar,finalfantasywar171109837@example.com,2004-06-17,41
ur57528349,Dodge-Zombie,dodgezombie5752834952@example.com,1986-08-20,53
ur4962533,The_Moviegeek,themoviegeek496253330@example.com,1986-05-13,55
ur2809796,Manthorpe,manthorpe280979613@imdbuser.net,2016-03-02,29
ur58192717,allyatherton,allyatherton5819271784@example.com,1990-12-28,35
ur2608802,KUAlum26,kualum26260880292@imdbuser.net,1986-07-01,55
ur21950733,eytand94,eytand942195073380@imdbuser.net,2024-02-07,59
ur60837671,crystallogic,crystallogic6083767176@moviefans.com,2014-12-02,70
ur66517869,adamonIMDb,adamonimdb6651786960@mail.com,2019-03-04,21
ur1043497,yucel81x,yucel81x104349741@moviefans.com,1978-08-03,66
ur16349863,dr_mario_rules,drmariorules1634986383@moviefans.com,2017-03-11,27
ur24937819,blakestachel,blakestachel2493781939@moviefans.com,2022-02-19,22
ur7733052,NokotaMustang,nokotamustang773305253@moviefans.com,2022-05-27,26
ur1089796,jimbo700,jimbo700108979622@mail.com,1982-05-25,72
ur18519281,TheAnimalMother,theanimalmother1851928194@mail.com,2005-08-31,36
ur3461764,stargeek99,stargeek99346176464@mail.com,2000-04-17,63
ur151457146,Atle_O,atleo15145714632@imdbuser.net,1994-10-16,66
ur0945066,BA_Harrison,baharrison094506615@mail.com,1957-09-02,76
ur0079652,gbheron,gbheron007965213@mail.com,2020-05-28,24
ur0317388,Puck-20,puck20031738857@example.com,2003-07-26,72
ur8025803,cheap_as_chipios,cheapaschipios802580391@imdbuser.net,2012-10-03,60
ur0083257,Kreme,kreme008325778@example.com,2013-10-14,28
ur5156469,r-c-s,rcs515646912@imdbuser.net,2019-01-01,32
ur7952012,swamprat-6,swamprat6795201257@mail.com,2006-02-19,80
ur3092046,brianlion,brianlion309204662@mail.com,2009-11-14,40
ur0272066,Tristo99,tristo99027206620@imdbuser.net,2015-07-04,15
ur10689196,Westlake123,westlake1231068919661@imdbuser.net,2012-05-30,19
ur2214855,BroadswordCallinDannyBoy,broadswordcallindannyboy221485528@imdbuser.net,2008-04-15,38
ur26266323,drqshadow-reviews,drqshadowreviews2626632379@imdbuser.net,2010-04-24,43
ur4130201,tieman64,tieman64413020127@moviefans.com,2023-06-04,35
ur24582292,ebisu16,ebisu162458229228@example.com,2016-04-18,21
ur135059797,Xarx117,xarx11713505979758@moviefans.com,1973-03-26,73
ur8400419,blackmambamark,blackmambamark840041992@imdbuser.net,2007-10-03,28
ur2889262,JimD73,jimd73288926225@example.com,2002-04-29,35
ur5464931,Chalice_Of_Evil,chaliceofevil546493174@example.com,2003-10-30,30
ur2904674,rooprect,rooprect290467498@moviefans.com,2022-06-03,14
ur21833424,The_Fifth_Echo,thefifthecho2183342453@example.com,2025-07-09,16
ur20654873,Apemangalore,apemangalore2065487380@example.com,2024-04-28,16
ur7051754,Simon_Says_Movies,simonsaysmovies705175413@imdbuser.net,2014-08-14,18
ur16746121,bryanchristopher11,bryanchristopher111674612149@moviefans.com,2018-05-11,17
ur22410620,mrcibubur,mrcibubur2241062050@mail.com,2013-10-31,73
ur23087862,dimitris-tripakis,dimitristripakis2308786284@mail.com,1978-05-09,64
ur19395258,ailexq,ailexq1939525853@example.com,2024-08-16,49
ur19676762,pascaloetterli,pascaloetterli1967676241@moviefans.com,2001-07-16,26
ur3127059,limgauci,limgauci312705990@mail.com,1993-01-20,43
ur7616989,deli584876,deli584876761698962@imdbuser.net,1996-02-04,56
ur7704831,fwomp,fwomp770483193@mail.com,2003-05-21,79
ur5348113,gregyolen,gregyolen534811379@example.com,2019-06-05,21
ur12332130,phash69-1,phash6911233213023@example.com,2014-07-30,73
ur56005872,Bored_Dragon,boreddragon5600587270@mail.com,1987-12-17,58
ur7383416,classicalsteve,classicalsteve738341612@example.com,1975-03-09,65
ur0617893,Borboletta,borboletta061789323@mail.com,1997-02-15,56
ur1237981,Mike Astill,mikeastill123798190@moviefans.com,1975-11-13,53
ur0457497,Lloyd-23,lloyd23045749767@moviefans.com,2020-10-07,23
ur0149657,Hecate-3,hecate3014965730@mail.com,2010-01-05,42
ur9379195,sinicolson,sinicolson937919543@mail.com,2024-07-08,20
ur16305771,markkelly64,markkelly641630577121@imdbuser.net,2004-02-18,70
ur62348005,mulgaun,mulgaun6234800553@example.com,2010-03-18,22
ur0328563,nomercy,nomercy032856388@mail.com,2009-03-09,19
ur44112735,A_Different_Drummer,adifferentdrummer4411273577@mail.com,2009-11-06,18
ur2655139,HelenMary,helenmary265513988@moviefans.com,1967-08-29,71
ur81711095,Impman2,impman28171109548@moviefans.com,2004-02-16,43
ur1438772,Zoopansick,zoopansick143877246@imdbuser.net,1996-07-10,59
ur3197505,KnightLander,knightlander319750548@moviefans.com,2022-09-24,41
ur3085078,jaidev22-1,jaidev221308507828@example.com,2004-02-16,43
ur0164702,TeamRockwood,teamrockwood016470257@moviefans.com,1983-12-07,48
ur110055445,ForTheMostPart1999,forthemostpart199911005544526@moviefans.com,1995-05-26,70
ur41031967,RussHog,russhog4103196787@imdbuser.net,2013-03-19,21
ur3922673,philip_vanderveken,philipvanderveken392267321@imdbuser.net,1999-08-04,28
ur0561239,jiangliqings,jiangliqings056123936@imdbuser.net,2003-04-05,47
ur0596368,xtonybueno,xtonybueno059636891@mail.com,2002-12-08,23
ur19511193,Samiam3,samiam31951119379@imdbuser.net,1963-07-17,75
ur4431399,jokeco68,jokeco68443139936@imdbuser.net,2002-07-29,37
ur4589977,rr30re05,rr30re05458997727@mail.com,1983-11-01,69
ur20961309,secondtake,secondtake2096130997@imdbuser.net,2013-01-27,21
ur2661632,Essex_Rider,essexrider266163235@mail.com,2001-06-04,25
ur0790750,shmuey barak,shmueybarak079075031@imdbuser.net,2012-08-28,26
ur0433942,susy-7,susy7043394227@moviefans.com,2018-07-22,75
ur7183052,keithhallam,keithhallam718305215@mail.com,2006-09-11,55
ur1298472,jaywolfenstien,jaywolfenstien129847265@imdbuser.net,1975-02-27,70
ur3707399,Mike_Wiggins,mikewiggins370739972@moviefans.com,2021-12-07,67
ur3747713,JonDavidCampbell,jondavidcampbell374771380@moviefans.com,2010-11-20,79
ur3500805,Jamesb_2,jamesb2350080567@example.com,1989-09-24,44
ur1578251,Angry_Arguer,angryarguer157825146@mail.com,1984-12-27,47
ur1955074,jamiehardy,jamiehardy195507442@example.com,1991-01-02,61
ur0690768,caffienated mind,caffienatedmind069076866@example.com,2010-10-30,17
ur4097649,st_soulboy,stsoulboy409764989@imdbuser.net,1989-06-15,38
ur11905266,grandsophy,grandsophy1190526611@moviefans.com,1999-08-25,69
ur0578950,tammolotz,tammolotz057895068@imdbuser.net,2008-06-06,45
ur9849506,bigkeeko,bigkeeko984950655@mail.com,1966-03-01,63
ur2171244,lastliberal,lastliberal217124440@mail.com,2005-09-11,48
ur1619912,superboy478,superboy478161991254@imdbuser.net,2008-11-08,29
ur4873651,jack_thursby,jackthursby487365198@mail.com,2014-10-27,35
ur1758388,no-skyline,noskyline175838851@imdbuser.net,2009-02-16,19
ur23055365,lesleyharris30,lesleyharris302305536546@example.com,1984-10-04,41
ur8625456,jzappa,jzappa862545699@imdbuser.net,1992-03-25,43
ur7248741,wtsimmons,wtsimmons724874182@example.com,1980-03-20,56
ur4780626,policy134,policy134478062675@moviefans.com,2016-02-27,14
ur1208984,unbrokenmetal,unbrokenmetal120898495@moviefans.com,1986-01-18,49
ur18181424,imagiking,imagiking1818142491@example.com,1999-07-07,70
ur4290044,Yoooooofffff,yoooooofffff429004425@moviefans.com,2001-12-26,39
ur17699578,chaos-rampant,chaosrampant1769957860@imdbuser.net,1986-02-26,57
ur4519860,sambsonwayfinder13,sambsonwayfinder13451986042@moviefans.com,2013-02-14,32
ur0805697,the red duchess,theredduchess080569748@moviefans.com,1964-02-28,70
ur49997082,drgreenthumb1001,drgreenthumb10014999708213@moviefans.com,2020-03-21,42
ur2908492,continuumx,continuumx290849261@moviefans.com,2015-06-05,18
ur0166585,kinoman-2,kinoman2016658555@imdbuser.net,2013-12-03,26
ur7588529,Witchfinder-General-666,witchfindergeneral666758852999@moviefans.com,2019-07-26,19
ur0605857,eibon09,eibon09060585749@imdbuser.net,2002-10-10,44
ur0313814,Food,food031381459@imdbuser.net,2020-12-29,62
ur0865972,HumanoidOfFlesh,humanoidofflesh086597224@imdbuser.net,2014-05-06,64
ur84669753,teslacoil-54245,teslacoil542458466975314@mail.com,2017-08-14,16
ur29565770,breakdownthatfilm-blogspot-com,breakdownthatfilmblogspotcom2956577018@mail.com,2009-07-22,71
ur15282099,csimpkins53,csimpkins531528209941@mail.com,2009-04-09,27
ur3406107,jrb-8,jrb8340610738@example.com,2017-07-18,80
ur9592073,wolleks-1,wolleks1959207357@moviefans.com,2025-07-28,21
ur62443909,DavidToner,davidtoner6244390929@imdbuser.net,1984-09-11,46
ur3473333,gotfong,gotfong347333353@imdbuser.net,2013-01-13,17
ur38380213,torstensonjohn,torstensonjohn3838021394@example.com,1976-07-27,75
ur129830538,quitwastingmytime,quitwastingmytime12983053896@mail.com,2013-10-10,75
ur157198664,anonymous-60980,anonymous6098015719866438@moviefans.com,2022-09-18,16
ur1117555,ericjg623,ericjg623111755593@example.com,2004-10-16,48
ur1628323,chvylvr80,chvylvr80162832348@moviefans.com,2021-06-01,20
ur1672911,mbanwait,mbanwait167291113@moviefans.com,1995-02-09,67
ur5115203,hu675,hu675511520337@example.com,2003-07-19,25
ur9949571,tandkmoran,tandkmoran994957170@imdbuser.net,1976-07-07,49
ur21328233,SomeUselessGeek,someuselessgeek2132823348@imdbuser.net,1981-02-09,79
ur2757172,arthurclay,arthurclay275717232@imdbuser.net,2024-03-17,33
ur51625220,ismaelslgd,ismaelslgd5162522055@imdbuser.net,2010-04-27,22
ur89714415,danieledwards-87201,danieledwards872018971441583@imdbuser.net,2022-03-23,62
ur67902729,TheMovieDiorama,themoviediorama6790272968@imdbuser.net,1990-05-09,68
ur42508869,steiner-sam,steinersam4250886911@imdbuser.net,1989-09-26,41
ur180493111,Mediatation,mediatation18049311196@imdbuser.net,1978-03-23,67
ur1955998,Pedro_H,pedroh195599843@mail.com,2017-08-18,52
ur2826075,sc8031,sc8031282607574@moviefans.com,2007-12-10,45
ur64814594,DanTheMan2150AD,dantheman2150ad6481459473@example.com,2019-08-12,30
ur49503293,kdcalderon-f,kdcalderonf4950329358@imdbuser.net,1989-09-24,42
ur29237015,allyramsamy,allyramsamy2923701582@mail.com,1997-08-29,56
ur61248495,aaaad-74847,aaaad748476124849589@example.com,1978-06-07,52
ur31804989,kayles115,kayles1153180498943@mail.com,1991-04-06,41
ur6739749,Sherazade,sherazade673974926@moviefans.com,2010-08-08,29
ur48490287,shawneofthedead,shawneofthedead4849028711@example.com,2013-05-20,13
ur23819158,clarkkent916,clarkkent9162381915812@mail.com,2012-09-24,20
ur33071800,jacquesdr,jacquesdr3307180041@example.com,1974-03-08,53
ur4820616,mharah,mharah482061627@example.com,1993-08-25,63
ur20327151,Reno-Rangan,renorangan2032715170@example.com,1998-01-17,67
ur33623870,lucasnochez,lucasnochez3362387018@moviefans.com,2005-06-08,69
ur24204899,OrsonLannister,orsonlannister2420489994@moviefans.com,2009-11-29,16
ur50653133,lynzyallison,lynzyallison5065313383@mail.com,2007-01-17,79
ur61813462,ini_ynti-22457,iniynti224576181346236@imdbuser.net,1994-11-15,75
ur60800334,mariiasalmijarvi,mariiasalmijarvi6080033497@mail.com,2013-01-14,24
ur28354196,yunusitboss,yunusitboss2835419677@mail.com,2013-10-08,29
ur20763991,PhxDwn,phxdwn2076399182@imdbuser.net,2008-12-04,53
ur0200451,65535,65535020045144@imdbuser.net,2009-06-06,16
ur19630372,alfCycle,alfcycle1963037221@example.com,1974-12-31,61
ur0394749,constructionbob,constructionbob039474954@example.com,2011-12-29,25
ur89017424,charlieoso,charlieoso8901742456@mail.com,1966-11-16,78
ur5378211,benicek-hall,benicekhall537821157@moviefans.com,2017-12-30,74
ur14979933,hndollar,hndollar1497993372@imdbuser.net,1996-05-29,30
ur2941602,dandannyd-1,dandannyd1294160264@example.com,2023-04-09,79
ur2496397,Movie_Muse_Reviews,moviemusereviews249639723@moviefans.com,2010-09-18,36
ur0372883,JerryP-2,jerryp2037288396@example.com,2021-10-25,52
ur4195782,TOMNEL,tomnel419578297@mail.com,1994-06-10,79
ur89804272,StuartNewman10000,stuartnewman100008980427234@mail.com,1998-05-21,59
ur1732001,EijnarAmadeus,eijnaramadeus173200127@example.com,2001-02-27,74
ur8042382,Isaac5855,isaac5855804238240@example.com,2017-06-29,70
ur0249396,Hermit C-2,hermitc2024939651@imdbuser.net,1994-03-31,72
ur1993414,alexandraslate,alexandraslate199341416@example.com,2002-08-24,50
ur9274996,tavives,tavives927499624@example.com,1963-02-12,65
ur0416390,LuvSopr,luvsopr041639017@mail.com,2008-10-19,65
ur6392619,mfelter,mfelter639261946@mail.com,2024-01-27,64
ur8742630,princessandthepeabody,princessandthepeabody874263016@imdbuser.net,2013-12-03,67
ur3810449,tightspotkilo,tightspotkilo381044930@moviefans.com,1999-03-25,74
ur1703232,webweaver41,webweaver41170323269@moviefans.com,2004-11-01,25
ur1309230,susansweb,susansweb130923099@moviefans.com,2020-07-04,15
ur9941662,hannerac,hannerac994166235@imdbuser.net,2024-01-06,16
ur14885345,daoldiges,daoldiges1488534591@imdbuser.net,2013-08-13,52
ur3366374,daris89,daris89336637462@moviefans.com,1986-07-04,46
ur1318549,uds3,uds3131854977@imdbuser.net,2023-02-18,19
ur71381913,danielbarrett-61105,danielbarrett611057138191364@example.com,2018-03-18,42
ur57590728,Platypuschow,platypuschow5759072879@moviefans.com,2005-05-04,35
ur107418055,nickenchuggets,nickenchuggets10741805592@moviefans.com,2000-03-24,43
ur0179656,JoJo-31,jojo31017965642@example.com,1984-08-25,55
ur1052527,Bigboy3264,bigboy3264105252776@imdbuser.net,2020-05-26,16
ur0546697,filmboy280,filmboy280054669767@imdbuser.net,1997-06-04,35
ur1697204,DUKE1,duke1169720473@example.com,1975-01-30,70
ur0649363,MissCzarChasm,missczarchasm064936369@moviefans.com,2024-10-22,21
ur4763123,MrVibrating,mrvibrating476312393@example.com,2010-03-20,60
ur150278302,justahunch-70549,justahunch7054915027830210@example.com,2016-05-24,69
ur4189378,mccarthystuart,mccarthystuart418937886@example.com,2006-10-12,20
ur1745168,charchuk,charchuk174516832@imdbuser.net,2005-08-07,41
ur0640158,guardkid,guardkid064015873@example.com,2010-05-24,28
ur1937036,ashleyallinson,ashleyallinson193703630@imdbuser.net,2022-06-22,38
ur51134330,neil-douglas2010,neildouglas20105113433022@moviefans.com,1974-01-22,52
ur56498305,MovieJunkie1976,moviejunkie19765649830565@example.com,2000-09-29,26
ur1083288,TimBoHannon,timbohannon108328892@example.com,2016-05-10,37
ur1134263,35capade,35capade113426385@example.com,2015-01-30,66
ur25064584,thomas-williamson-ga,thomaswilliamsonga2506458452@mail.com,2021-07-25,16
ur0384847,nycritic,nycritic038484727@moviefans.com,2016-06-28,14
ur18626918,tonynworah,tonynworah1862691887@imdbuser.net,2014-12-17,32
ur2400652,eamon-hennedy,eamonhennedy240065237@moviefans.com,2018-05-28,14
ur15711750,Beta_Gallinger,betagallinger1571175081@moviefans.com,1957-10-03,73
ur3200762,alexx668,alexx668320076258@example.com,1988-07-20,59
ur12137326,pianissimo_550,pianissimo5501213732649@example.com,2014-06-01,44
ur0440676,DMP-2,dmp2044067645@imdbuser.net,2008-06-19,25
ur1260386,v_kumar3@yahoo.com,vkumar3yahoocom126038657@mail.com,2002-12-03,79
ur47682215,C22Man,c22man4768221516@imdbuser.net,2005-11-11,28
ur147145674,reeceicy,reeceicy14714567449@imdbuser.net,2012-08-18,37
ur0834265,pleiades10,pleiades10083426516@example.com,1983-06-19,56
ur126571279,rakshitchaprana,rakshitchaprana12657127964@mail.com,1987-06-05,68
ur0734731,clark-39,clark39073473110@example.com,2016-07-16,24
ur142045991,Rosebud-sled,rosebudsled14204599178@example.com,2020-11-14,71
ur0910859,lostintwinpeaks,lostintwinpeaks091085930@moviefans.com,1994-12-14,33
ur0968128,gila_film,gilafilm096812821@moviefans.com,1966-07-16,66
ur0045750,hips,hips004575044@imdbuser.net,1998-01-06,37
ur19963248,tylerkirks08,tylerkirks081996324824@moviefans.com,2014-03-27,19
ur25326740,fortethewriter,fortethewriter2532674045@example.com,2014-07-27,70
ur39903444,steves9404,steves94043990344447@example.com,2008-01-29,27
ur4263659,pazmasta,pazmasta426365991@moviefans.com,2006-12-28,29
ur3907123,intcountzero,intcountzero390712379@imdbuser.net,2009-10-24,24
ur1518804,BadWebDiver,badwebdiver151880429@moviefans.com,2010-04-29,42
ur1228446,dcs84,dcs84122844644@moviefans.com,1968-09-18,73
ur181026228,hank_maclean,hankmaclean18102622891@moviefans.com,2020-03-22,17
ur1501216,Chris Knipp,chrisknipp150121675@example.com,2019-10-23,13
ur1237536,Princess-Alice,princessalice123753635@imdbuser.net,2009-10-17,36
ur1923406,will_thehighlander,willthehighlander192340673@moviefans.com,2014-05-29,31
ur0222950,WalterFrith,walterfrith022295019@example.com,2013-01-24,13
ur11695336,Larry_L_Peel,larrylpeel1169533630@imdbuser.net,1997-03-31,60
ur3263942,green4tom,green4tom326394244@imdbuser.net,1987-12-25,41
ur13178622,st-shot,stshot1317862286@imdbuser.net,2007-12-05,47
ur19625663,jeff_dm_lorton,jeffdmlorton1962566315@mail.com,2001-03-18,52
ur1252150,gbrumburgh-1,gbrumburgh1125215023@example.com,2022-12-23,43
ur4154329,greatbritain1989,greatbritain1989415432995@mail.com,2003-07-26,32
ur0270238,Elizabeth-328,elizabeth328027023856@example.com,2010-06-22,23
ur0012098,movieman9,movieman9001209819@example.com,2013-10-07,14
ur0484384,steves1904,steves1904048438425@imdbuser.net,1983-07-28,58
ur0390137,Calysta,calysta039013797@imdbuser.net,2025-09-23,52
ur2634407,iwatcheverything,iwatcheverything263440787@mail.com,1977-09-20,59
ur7484735,JoshtheGiant,joshthegiant748473570@mail.com,1991-05-05,60
ur10315927,seasounds1,seasounds11031592757@moviefans.com,2009-12-20,69
ur2451751,amhnorris,amhnorris245175148@moviefans.com,1998-03-21,63
ur0312816,flypen,flypen031281642@moviefans.com,2003-02-02,56
ur1315935,apfortony,apfortony131593518@example.com,2012-12-15,15
ur0570689,SpaceMonkey-Mafioso,spacemonkeymafioso057068950@moviefans.com,1994-08-18,55
ur1643558,druryd,druryd164355837@mail.com,2010-09-04,47
ur5788055,briancham1994,briancham1994578805584@mail.com,2021-06-01,25
ur0218021,andy-227,andy227021802150@imdbuser.net,2016-01-24,15
ur0439312,pmcollectorboy,pmcollectorboy043931253@imdbuser.net,2015-05-10,52
ur115227177,BabelAlexandria,babelalexandria11522717767@example.com,1992-12-05,47
ur4044090,Jecht,jecht404409048@example.com,2017-02-14,32
ur1187307,Lupercali,lupercali118730761@imdbuser.net,2010-11-09,71
ur81864032,elicopperman,elicopperman8186403225@example.com,2001-11-25,36
ur42088440,dbarakat8,dbarakat84208844016@moviefans.com,2010-08-27,73
ur2283819,crazy_cat_freak,crazycatfreak228381914@example.com,2017-12-04,37
ur8623447,tama_otaku,tamaotaku862344760@example.com,1960-01-17,70
ur14236266,Mightyzebra,mightyzebra1423626681@example.com,1982-11-18,73
ur1732864,tiyusufaly,tiyusufaly173286447@moviefans.com,1979-11-08,60
ur0618783,thehumanduvet,thehumanduvet061878396@example.com,2013-10-22,47
ur1318093,trpdean,trpdean131809394@mail.com,1957-09-12,74
ur0209436,Julie-30,julie30020943684@example.com,2012-04-12,17
ur0556711,FlickJunkie-2,flickjunkie2055671125@moviefans.com,1999-03-08,32
ur11148131,Sergeant_Tibbs,sergeanttibbs1114813127@mail.com,2024-10-10,56
ur0511587,gachronicled,gachronicled051158763@moviefans.com,1978-07-13,62
ur27779876,jacobs-greenwood,jacobsgreenwood2777987628@mail.com,1987-01-02,64
ur12821115,abhi_kohli,abhikohli1282111575@example.com,2007-03-02,26
ur4572257,Qanqor,qanqor457225729@mail.com,1986-05-14,39
ur0536744,admco.c,admcoc053674463@moviefans.com,2024-02-05,19
ur83822756,CubsandCulture,cubsandculture8382275698@imdbuser.net,1979-08-18,46
ur0075285,KFL,kfl007528592@mail.com,2023-08-25,20
ur22131361,khanbaliq2,khanbaliq22213136140@moviefans.com,1968-08-10,74
ur0059151,blue-7,blue7005915155@imdbuser.net,2004-12-30,48
ur1046557,Howlin Wolf,howlinwolf104655798@example.com,1988-06-18,68
ur0366482,simba-18,simba18036648229@example.com,2015-05-27,44
ur1679475,krorie,krorie167947598@mail.com,1981-03-15,50
ur11701403,fung0,fung01170140312@imdbuser.net,2014-08-14,49
ur2380153,alfiefamily,alfiefamily238015324@example.com,2000-10-22,27
ur1399158,Bunuel1976,bunuel1976139915872@mail.com,2021-02-01,75
ur2550765,Zoe07,zoe07255076590@mail.com,2008-11-07,40
ur0062492,Seedy,seedy006249277@mail.com,2024-06-24,33
ur5677059,aj989,aj989567705928@imdbuser.net,2015-10-02,13
ur5949479,nnnn45089191,nnnn45089191594947914@example.com,1960-07-26,65
ur3079504,dbborroughs,dbborroughs307950495@mail.com,2024-06-14,30
ur1048053,history_65,history65104805352@moviefans.com,1978-12-15,78
ur0730388,raysond,raysond073038876@moviefans.com,2001-06-12,33
ur2083594,netwallah,netwallah208359468@imdbuser.net,2012-07-01,18
ur2726501,FlamRatamacues,flamratamacues272650153@example.com,2018-10-14,71
ur1580104,wgfinley,wgfinley158010444@moviefans.com,1986-10-30,44
ur12000291,benbrae76,benbrae761200029149@imdbuser.net,2010-06-09,24
ur0744764,aegm,aegm074476466@mail.com,1952-10-04,76
ur2508528,p_empi,pempi250852817@imdbuser.net,2004-12-30,63
ur12247698,jordi005,jordi0051224769881@imdbuser.net,1978-08-11,61
ur2882544,jcanettis,jcanettis288254428@mail.com,1999-04-06,45
ur37517755,rick-520-6264,rick52062643751775547@moviefans.com,1987-06-01,43
ur4934402,dantt777,dantt777493440273@example.com,2012-08-20,34
ur3385029,jshartwell,jshartwell338502917@mail.com,1966-01-14,66
ur1154544,mdiffey,mdiffey115454425@moviefans.com,2009-12-20,58
ur35067858,Maziun,maziun3506785886@imdbuser.net,1980-10-25,55
ur22672770,denis-629-943430,denis6299434302267277065@imdbuser.net,1982-10-12,50
ur0528058,dagnirmor,dagnirmor052805847@example.com,2003-10-06,22
ur38199711,manikagarwal2,manikagarwal23819971158@moviefans.com,2023-07-11,40
ur4474159,Born2BeMild,born2bemild447415969@moviefans.com,2025-08-12,15
ur0153547,Adriane,adriane015354755@mail.com,1962-12-19,80
ur94289145,marmar-69780,marmar697809428914578@imdbuser.net,2006-07-02,80
ur1594470,sampleman411-1,sampleman4111159447045@imdbuser.net,2007-08-07,79
ur88886235,tkdlifemagazine,tkdlifemagazine8888623560@example.com,2023-11-06,72
ur11783229,six2561,six25611178322983@moviefans.com,1999-03-05,59
ur91068965,watf-71144,watf711449106896578@moviefans.com,2012-06-14,70
ur26629651,isabellacatgirl,isabellacatgirl2662965126@example.com,2003-09-10,25
ur1940806,nocurfupa,nocurfupa194080643@moviefans.com,1981-09-20,77
ur2504732,stan_c,stanc250473290@mail.com,2003-08-08,44
ur21293231,kneiss1,kneiss12129323116@imdbuser.net,2009-10-22,29
ur2673916,cinemaniac2002,cinemaniac2002267391692@imdbuser.net,2021-02-07,26
ur0086555,fideist,fideist008655588@moviefans.com,2016-12-09,77
ur9830389,Gloede_The_Saint,gloedethesaint983038986@imdbuser.net,1980-05-14,57
ur75935800,jvisaggi-09771,jvisaggi097717593580050@mail.com,1970-11-23,58
ur0385610,Afracious,afracious038561055@example.com,2017-12-28,34
ur74165606,cammac-60341,cammac603417416560664@moviefans.com,2011-03-29,19
ur4365931,didier-20,didier20436593126@example.com,2004-02-07,23
ur22127582,tombleyboo,tombleyboo2212758298@example.com,1979-07-24,74
ur9725561,howdy2,howdy2972556154@moviefans.com,2018-07-08,19
ur4381775,dkampion,dkampion438177594@mail.com,1990-09-23,40
ur26275964,jgurevitch,jgurevitch2627596488@example.com,2022-11-09,59
ur143553384,keithalanclark-41727,keithalanclark4172714355338413@example.com,1998-08-31,36
ur62857755,rbrogan-61779,rbrogan617796285775565@mail.com,2010-01-09,72
ur63950963,xavierborgas,xavierborgas6395096354@moviefans.com,2013-09-29,59
ur0105944,Ddey65,ddey65010594482@moviefans.com,2014-09-14,19
ur0440091,Bobs-9,bobs9044009139@moviefans.com,2019-05-13,35
ur2864574,megunticook,megunticook286457462@imdbuser.net,2013-02-25,37
ur4261325,rgfigueredo,rgfigueredo426132527@imdbuser.net,2008-01-25,26
ur0909646,aesgaard41,aesgaard41090964623@mail.com,1970-06-05,66
ur6224065,Ana_Banana,anabanana622406532@example.com,1962-10-18,71
ur0453919,Jason-173,jason173045391991@imdbuser.net,2015-09-18,17
ur0357214,Jeff66,jeff66035721487@mail.com,2013-08-13,47
ur2441106,wbdevers,wbdevers244110677@imdbuser.net,1958-09-29,69
ur0721570,Keatonics,keatonics072157023@imdbuser.net,2005-10-13,27
ur68146349,thebushwacker,thebushwacker6814634963@moviefans.com,1983-12-17,71
ur0863508,milescorn,milescorn086350819@moviefans.com,2010-02-18,20
ur3248357,james_trevelyan,jamestrevelyan324835732@example.com,2024-03-25,30
ur8012908,missmonochrome,missmonochrome801290896@mail.com,2018-10-25,18
ur33374263,LeonLouisRicci,leonlouisricci3337426328@mail.com,2014-07-18,17
ur28251377,shuklavinash,shuklavinash2825137773@example.com,2007-05-19,29
ur4217184,oneguyrambling,oneguyrambling421718450@mail.com,2009-05-12,16
ur8295104,uselesswarrior,uselesswarrior829510411@mail.com,1971-09-23,64
ur20085847,erik-osolin,erikosolin2008584755@moviefans.com,1981-11-23,57
ur2188075,deemo31,deemo31218807569@moviefans.com,1971-12-13,69
ur0911035,carlgt1,carlgt1091103553@moviefans.com,1973-01-06,75
ur1785610,Joekingfans,joekingfans178561070@mail.com,2013-06-15,56
ur11160075,treeskier802,treeskier8021116007524@example.com,1987-04-30,55
ur22057360,VADigger,vadigger2205736028@imdbuser.net,1970-11-16,56
ur66601046,ericstevenson,ericstevenson6660104641@moviefans.com,2015-10-15,60
ur24977858,SeanGThomson,seangthomson2497785892@imdbuser.net,1999-03-11,44
ur141952864,laurasteadwell,laurasteadwell14195286420@imdbuser.net,2009-09-24,23
ur3226761,unakaczynski,unakaczynski322676112@imdbuser.net,2010-07-08,29
ur67385132,jehanzebshahzad,jehanzebshahzad6738513245@moviefans.com,1967-05-07,66
ur4303564,terrible2,terrible2430356482@example.com,1999-03-21,39
ur52378110,Amityville15,amityville155237811026@example.com,2021-05-02,30
ur3020410,dancingcancer41,dancingcancer41302041064@mail.com,1995-04-25,56
ur23410445,dvdont,dvdont2341044512@moviefans.com,2008-01-26,34
ur5237888,LoneWolfAndCub,lonewolfandcub523788813@imdbuser.net,2021-12-23,32
ur4803487,HaemovoreRex,haemovorerex480348764@mail.com,1966-05-25,61
ur3637971,moondragon85501,moondragon85501363797174@mail.com,2000-08-02,70
ur1882489,nicolopolo77,nicolopolo77188248918@imdbuser.net,2025-05-19,18
ur1212737,greguva,greguva121273798@example.com,2025-05-10,27
ur1885801,coolmule,coolmule188580199@example.com,1996-10-14,41
ur3483180,Keno27,keno27348318077@example.com,2019-10-11,39
ur2708555,Laserdome-AMH,laserdomeamh270855547@mail.com,2024-07-14,39
ur136131551,Philipp_Flersheim,philippflersheim13613155124@moviefans.com,2022-08-27,29
ur0090268,ahaney,ahaney009026861@mail.com,1962-10-22,75
ur8982089,iam_usa2006,iamusa2006898208912@moviefans.com,2020-12-09,44
ur0705409,n_r_koch,nrkoch070540915@imdbuser.net,2010-02-28,26
ur0140921,Peach-2,peach2014092115@imdbuser.net,1982-10-31,75
ur13204563,davemccrea-1,davemccrea11320456367@moviefans.com,2024-06-30,62
ur2904081,aimless-46,aimless46290408152@imdbuser.net,1983-07-14,46
ur1834062,cpbadgeman,cpbadgeman183406230@example.com,1997-06-12,28
ur5070743,greenscreen2,greenscreen2507074369@moviefans.com,1994-08-12,65
ur0199855,Vigilante-407,vigilante407019985577@example.com,1970-10-11,64
ur1761034,davidowain,davidowain176103422@mail.com,2018-12-08,53
ur22784486,athanasiosze,athanasiosze2278448684@imdbuser.net,1991-12-21,58
ur46217802,bumologist,bumologist4621780284@imdbuser.net,1994-07-31,57
ur2758654,richlandwoman,richlandwoman275865447@imdbuser.net,2002-03-11,38
ur22199159,dr_alexander_reynolds,dralexanderreynolds2219915971@example.com,2014-10-03,33
ur34187486,MadamWarden,madamwarden3418748634@mail.com,2006-07-04,38
ur26226712,Jeremy_Urquhart,jeremyurquhart2622671242@imdbuser.net,2017-05-11,29
ur0251906,Jimbo-81,jimbo81025190688@moviefans.com,2013-04-03,25
ur0702665,jckruize,jckruize070266519@example.com,2006-08-12,40
ur21182619,Quebec_Dragon,quebecdragon2118261952@imdbuser.net,2021-09-28,28
ur0601440,August1991,august1991060144086@imdbuser.net,2009-04-24,30
ur5062121,ragana,ragana506212190@mail.com,2007-09-30,29
ur0356393,Gustav-11,gustav11035639371@mail.com,2025-10-25,21
ur0126904,jake-87,jake87012690475@example.com,2019-02-05,20
ur12601213,atm_gal_05,atmgal051260121385@moviefans.com,2014-08-31,63
ur2641948,jmichalec1,jmichalec1264194863@moviefans.com,2011-12-20,20
ur0294564,elcopy,elcopy029456468@moviefans.com,1999-02-12,33
ur45144398,jackasstrange,jackasstrange4514439865@imdbuser.net,2024-01-04,33
ur2864405,nescient,nescient286440551@example.com,1983-08-24,48
ur120145389,whatch-17931,whatch1793112014538961@mail.com,2001-04-03,39
ur2708140,saruman2,saruman2270814050@mail.com,2003-06-01,51
ur0163655,lampton,lampton016365595@mail.com,2014-02-14,41
ur2810983,Dan1863Sickles,dan1863sickles281098383@mail.com,1994-10-30,65
ur3478531,Horrorible_Horror_Films,horroriblehorrorfilms347853163@imdbuser.net,1977-03-18,79
ur13401764,kairingler,kairingler1340176428@mail.com,2008-03-20,24
ur5971012,ferbs54,ferbs54597101275@example.com,1982-07-10,59
ur1403321,Emchick,emchick140332195@example.com,2000-03-27,67
ur0540993,Gary-161,gary161054099375@example.com,2019-06-09,78
ur23942286,aazell1-853-695525,aazell18536955252394228668@example.com,1987-07-17,62
ur58525162,deloudelouvain,deloudelouvain5852516225@imdbuser.net,1989-06-30,44
ur67958281,lovellcrown,lovellcrown6795828155@imdbuser.net,2025-11-02,21
ur26550286,ekontrovitz,ekontrovitz2655028679@imdbuser.net,1982-12-20,57
ur0206105,Andrew_Eskridge,andreweskridge020610566@example.com,1986-11-10,56
ur1283398,TJBNYC,tjbnyc128339836@mail.com,2018-10-10,27
ur3060248,alex54ruiz,alex54ruiz306024857@example.com,1977-01-14,79
ur1592694,gftbiloxi,gftbiloxi159269450@example.com,1976-04-15,69
ur29674299,dron8587,dron85872967429994@moviefans.com,2012-02-25,14
ur75042462,ggallegosgroupuk,ggallegosgroupuk7504246242@moviefans.com,2010-01-30,40
ur0193491,Poseidon-3,poseidon3019349177@mail.com,2024-09-02,13
ur7976498,YellowManReanimated,yellowmanreanimated797649889@moviefans.com,1977-08-02,74
ur0003136,Spuzzlightyear,spuzzlightyear000313685@mail.com,2000-05-28,36
ur17275639,pnwgirl,pnwgirl1727563973@mail.com,2020-06-01,16
ur9266395,kimballtron,kimballtron926639595@mail.com,2020-02-03,64
ur3225430,ebiros2,ebiros2322543030@example.com,2011-05-23,59
ur0250256,Criz,criz025025613@moviefans.com,2024-06-07,18
ur0903235,axemblue,axemblue090323514@imdbuser.net,2007-02-04,27
ur3177383,dkorba,dkorba317738387@imdbuser.net,1997-06-10,67
ur6066754,OrnD,ornd606675466@mail.com,1985-09-11,53
ur2415124,Son_of_Mansfield,sonofmansfield241512465@mail.com,1994-09-05,47
ur1174539,JoeytheBrit,joeythebrit117453996@mail.com,2016-11-01,34
ur0351346,silly-7,silly7035134675@moviefans.com,2018-12-21,17
ur1878623,jeffcoat,jeffcoat187862344@moviefans.com,2004-12-15,49
ur55530196,ruimsl,ruimsl5553019659@imdbuser.net,2018-11-18,26
ur0043283,sbox,sbox004328393@imdbuser.net,2006-06-19,32
ur0211190,NORDIC-2,nordic2021119078@imdbuser.net,2006-06-24,28
ur2467778,RanchoTuVu,ranchotuvu246777880@example.com,1991-03-12,57
ur3963843,randysch1,randysch1396384323@example.com,2019-02-16,72
ur1655762,johnbee-1,johnbee1165576244@example.com,2025-06-16,47
ur1091890,bigpurplebear,bigpurplebear109189052@moviefans.com,1999-03-29,54
ur0472468,scottnyc,scottnyc047246867@example.com,2005-07-19,46
ur2274490,sissoed,sissoed227449077@example.com,2008-08-21,54
ur2084816,harryfielder,harryfielder208481698@example.com,2018-05-30,40
ur46509725,aklcraigc,aklcraigc4650972573@example.com,2007-03-19,69
ur0701470,djexplorer,djexplorer070147078@mail.com,1954-12-01,75
ur16572644,rickdugs,rickdugs1657264417@imdbuser.net,2012-09-26,33
ur1039942,pumaye,pumaye103994275@imdbuser.net,2013-01-09,23
ur1683802,suspiria10,suspiria10168380213@example.com,1985-05-17,64
ur2076319,Cujo108,cujo108207631947@moviefans.com,1973-02-16,60
ur20524695,James-mirarchi,jamesmirarchi2052469546@mail.com,1994-01-31,48
ur1390493,Superunknovvn,superunknovvn139049312@example.com,2020-05-22,23
ur50833453,jtaveras64,jtaveras645083345354@moviefans.com,2023-01-12,32
ur0945583,Brad_Dharma,braddharma094558380@mail.com,2015-08-13,66
ur8926366,Zoooma,zoooma892636635@example.com,2008-03-02,72
ur0805784,jangu,jangu080578428@mail.com,2013-09-23,21
ur90750895,mcjensen-05924,mcjensen059249075089559@imdbuser.net,1989-02-02,60
ur120924125,michellegriffin-04989,michellegriffin0498912092412521@example.com,2008-06-22,42
ur0119533,francke-4,francke4011953365@moviefans.com,1973-05-31,56
ur1461201,Dehlia_,dehlia146120123@mail.com,1998-11-15,57
ur19089219,Elewis1195,elewis11951908921964@moviefans.com,1976-11-03,56
ur3582979,myronlearn,myronlearn358297989@moviefans.com,2024-01-21,39
ur3817163,fred-houpt,fredhoupt381716346@moviefans.com,2003-10-17,25
ur27588752,ddilara,ddilara2758875291@example.com,1962-03-27,68
ur60758209,iamtherobotman,iamtherobotman6075820946@imdbuser.net,1972-08-29,53
ur2340701,BillThierfelder,billthierfelder234070137@mail.com,2017-02-03,40
ur0750649,seger_now,segernow075064940@moviefans.com,1993-09-16,51
ur1434906,DjSmitty20,djsmitty20143490644@imdbuser.net,2022-06-18,14
ur12332629,SpringsNoir,springsnoir1233262960@moviefans.com,1984-03-08,64
ur96906733,adventure-21903,adventure219039690673370@example.com,1984-12-05,62
ur9697685,PenOutOfTime,penoutoftime969768596@mail.com,2010-04-29,68
ur3257585,FrenchEddieFelson,frencheddiefelson325758516@mail.com,1988-12-08,38
ur5226418,PlushZombie1,plushzombie1522641896@example.com,1995-11-06,56
ur0312661,vptone,vptone031266155@imdbuser.net,1998-07-16,63
ur0265837,Quicksand,quicksand026583756@example.com,2018-09-19,56
ur0183716,MrNoahTall,mrnoahtall018371667@mail.com,2024-10-10,44
ur2406094,medic249a2,medic249a2240609493@moviefans.com,2012-10-07,37
ur0646470,ProfessorPeach,professorpeach064647078@moviefans.com,1968-01-10,75
ur82852344,JamesMovieGuy_117,jamesmovieguy1178285234499@example.com,2007-08-05,44
ur3356756,jamesabutler,jamesabutler335675672@moviefans.com,2008-12-11,20
ur8388283,ricardovs27,ricardovs27838828394@mail.com,2019-12-21,26
ur2914386,raegan_butcher,raeganbutcher291438640@imdbuser.net,2016-07-14,54
ur5153691,p-stepien,pstepien515369178@moviefans.com,2016-12-06,45
ur4261710,lightfeather,lightfeather426171043@example.com,2021-09-16,48
ur0187610,Tom-216,tom216018761041@moviefans.com,1966-09-14,74
ur2563122,tharsis-1,tharsis1256312216@imdbuser.net,2003-04-10,43
ur3032357,gpeevers,gpeevers303235711@moviefans.com,1969-08-26,58
ur1918532,auriferous,auriferous191853264@example.com,1986-06-19,51
ur14487440,Munin75,munin751448744067@moviefans.com,2006-04-15,32
ur0664492,mhasheider,mhasheider066449290@imdbuser.net,2013-09-12,20
ur3238134,magicpowers,magicpowers323813478@mail.com,1995-05-17,61
ur12459060,slumlordian,slumlordian1245906047@mail.com,2012-04-29,15
ur9403697,Kashmirgrey,kashmirgrey940369734@imdbuser.net,2022-05-03,80
ur1101268,hostile101uk-1,hostile101uk1110126812@imdbuser.net,1976-04-17,60
ur20974280,eganehlers,eganehlers2097428014@mail.com,2006-04-23,66
ur1500416,tord-1,tord1150041617@mail.com,2013-06-12,43
ur16909850,ananias73,ananias731690985060@moviefans.com,2008-10-08,29
ur0756511,jorisc,jorisc075651140@moviefans.com,2006-04-02,59
ur113827063,mreid-00151,mreid0015111382706364@mail.com,1966-01-19,64
ur2818012,Katz5,katz5281801276@mail.com,2012-12-18,24
ur14822166,borromeot,borromeot1482216655@example.com,2024-03-29,50
ur0231421,lisado,lisado023142155@imdbuser.net,1979-05-16,63
ur0510171,arturopanduro,arturopanduro051017131@mail.com,2021-01-11,35
ur0104902,Pat-54,pat54010490245@mail.com,1993-04-23,57
ur1325425,jdeitz,jdeitz132542581@mail.com,2013-07-19,31
ur0339948,Reb9,reb9033994851@imdbuser.net,2023-04-06,22
ur10769870,slcagnina,slcagnina1076987081@mail.com,2011-08-28,38
ur0341201,SquirePM,squirepm034120126@example.com,1998-09-17,34
ur28079714,ricardojorgeramalho,ricardojorgeramalho2807971495@mail.com,1987-08-29,57
ur0530273,laszlo-11,laszlo11053027339@example.com,1971-03-30,57
ur5408756,urthpainter,urthpainter540875612@moviefans.com,2011-09-20,18
ur72645134,robinssa-98507,robinssa985077264513492@mail.com,1969-05-27,77
ur65813142,S_Soma,ssoma6581314228@mail.com,2004-05-01,24
ur32342887,dj_pike,djpike3234288724@example.com,1999-01-03,43
ur69560919,mozmugo,mozmugo6956091980@example.com,2023-06-26,20
ur85885039,rwitmer-22426,rwitmer224268588503941@example.com,2021-08-09,16
ur84579186,boydapeters,boydapeters8457918610@imdbuser.net,1979-05-16,77
ur62533187,jennielbrow,jennielbrow6253318714@imdbuser.net,1997-07-12,62
ur3733708,lapratho,lapratho373370837@mail.com,2015-12-02,17
ur91468416,rorymatthewsea,rorymatthewsea9146841639@example.com,2006-10-12,50
ur32045313,billking6666,billking66663204531347@mail.com,2020-01-08,44
ur73651971,neilbowers,neilbowers7365197166@imdbuser.net,2016-08-09,56
ur91504633,jrees-77595,jrees775959150463386@imdbuser.net,1996-09-28,44
ur84198389,pentiumofborg,pentiumofborg8419838917@example.com,2003-12-21,33
ur82568505,hello-31327,hello313278256850597@example.com,1984-04-02,50
ur2339662,FilmOtaku,filmotaku233966220@imdbuser.net,1982-06-24,68
ur28750027,lizberrywagner,lizberrywagner2875002719@imdbuser.net,2016-10-24,22
ur113295522,matildawoodworm,matildawoodworm11329552267@imdbuser.net,2005-08-03,61
ur24171148,buckikris,buckikris2417114879@moviefans.com,2012-12-03,22
ur0178671,Slurge-5,slurge5017867142@mail.com,1964-08-26,70
ur83056382,aeowen-03398,aeowen033988305638275@imdbuser.net,1990-11-18,42
ur3739707,ihatespike,ihatespike373970784@imdbuser.net,1981-04-21,51
ur47246436,parry_na,parryna4724643631@moviefans.com,1985-12-11,57
ur13279739,auctionmaestra,auctionmaestra1327973915@moviefans.com,2012-09-08,79
ur14207038,RainDogJr,raindogjr1420703838@mail.com,1988-07-16,64
ur48282208,AllieRubyStein,allierubystein4828220854@imdbuser.net,1999-02-02,34
ur56011503,MadMark96,madmark965601150339@example.com,2022-04-25,34
ur1262249,Bigg_Bad,biggbad126224975@moviefans.com,1977-09-26,52
ur19392148,xamtaro,xamtaro1939214833@imdbuser.net,1989-11-15,45
ur11975902,jamesharrah,jamesharrah1197590239@example.com,2017-07-23,26
ur7872757,ps42,ps42787275716@mail.com,2003-11-27,58
ur179905826,aylakeefe,aylakeefe17990582695@mail.com,2005-07-21,40
ur15562504,Red_Identity,redidentity1556250492@moviefans.com,2021-06-11,22
ur14050955,notyetawoman,notyetawoman1405095590@example.com,2014-07-22,17
ur6744057,MichaelRAllen,michaelrallen674405779@mail.com,2001-07-21,41
ur15042256,rascal67,rascal671504225640@example.com,2005-05-09,31
ur12919244,credencem,credencem1291924485@mail.com,2017-12-07,32
ur22301934,GirishGowda,girishgowda2230193423@moviefans.com,1978-07-22,77
ur13549369,mnpollio,mnpollio1354936938@mail.com,2005-09-16,55
ur165647357,Couchzilla,couchzilla16564735759@moviefans.com,2003-07-12,41
ur78663497,ryan-10075,ryan100757866349793@mail.com,2008-04-15,70
ur101139041,amandagellar-31077,amandagellar3107710113904168@mail.com,2024-04-01,16
ur23265070,cmoyton,cmoyton2326507018@mail.com,1980-07-08,60
ur21929149,TheExpatriate700,theexpatriate7002192914932@imdbuser.net,1989-08-14,61
ur0730725,pedro1172,pedro1172073072543@imdbuser.net,2001-08-13,74
ur8863543,zomboscloset,zomboscloset886354394@moviefans.com,1991-11-17,46
ur18945387,matthewlcorey,matthewlcorey1894538783@example.com,2008-03-17,22
ur5268658,da_lowdown,dalowdown526865828@moviefans.com,2001-11-16,25
ur1189763,umyde,umyde118976332@imdbuser.net,2015-10-25,29
ur3478561,rainking_es,rainkinges347856175@imdbuser.net,1970-01-06,58
ur0192363,bluegerm,bluegerm019236335@example.com,2004-03-15,62
ur0450396,Canhenha,canhenha045039634@mail.com,1974-07-02,52
ur1900526,imauter,imauter190052639@example.com,2022-09-17,68
ur1960072,Rufus-T,rufust196007215@example.com,2006-03-12,22
ur3077595,reddeath614,reddeath614307759587@imdbuser.net,2008-08-15,27
ur0170749,chrisw-3,chrisw3017074975@imdbuser.net,2012-02-06,37
ur16184504,Fishkinist,fishkinist1618450457@moviefans.com,2022-02-19,69
ur0313272,jbels,jbels031327227@mail.com,1995-04-26,31
ur2192177,laffie123,laffie123219217752@example.com,1988-06-07,51
ur1790888,jpintar,jpintar179088817@mail.com,2023-08-04,70
ur0030805,N.L.,nl003080528@example.com,2022-07-29,23
ur0453635,alrodbel,alrodbel045363565@moviefans.com,2015-03-02,18
ur0847280,Jen_UK,jenuk084728020@moviefans.com,1987-05-25,65
ur8989630,hcoursen,hcoursen898963082@mail.com,2015-07-05,18
ur4907297,random_avenger,randomavenger490729776@imdbuser.net,2015-10-06,53
ur7690060,josephdrury,josephdrury769006061@imdbuser.net,1982-11-05,75
ur0740812,suegrayson,suegrayson074081224@imdbuser.net,2005-06-27,57
ur3388528,twm-2,twm2338852847@example.com,1988-01-23,43
ur3469101,octomancer,octomancer346910188@mail.com,2006-04-27,21
ur50155585,haid-906-789061,haid9067890615015558583@example.com,2003-08-31,72
ur0454170,kzoofilm,kzoofilm045417097@imdbuser.net,2020-05-13,53
ur1209189,happiscotsman,happiscotsman120918914@imdbuser.net,2013-05-26,76
ur0199296,Op_Prime,opprime019929646@moviefans.com,1999-03-30,42
ur11489906,gizmomogwai,gizmomogwai1148990623@imdbuser.net,2017-06-03,14
ur4486282,ereh9,ereh9448628218@moviefans.com,2024-12-11,33
ur4478810,FilmFanInTheHouse,filmfaninthehouse447881034@moviefans.com,2017-10-30,56
ur1607303,carnivalofsouls,carnivalofsouls160730389@example.com,1966-10-17,71
ur1738231,sommerjd,sommerjd173823141@moviefans.com,1971-10-16,75
ur0283340,Terrell-4,terrell4028334065@imdbuser.net,2019-02-26,37
ur15896852,wes-connors,wesconnors1589685213@example.com,1978-02-27,54
ur0307374,rupie,rupie030737426@imdbuser.net,2023-07-24,15
ur8528115,Ethabell,ethabell852811593@mail.com,2009-01-15,25
ur1630406,wrenster,wrenster163040623@imdbuser.net,2004-03-04,43
ur1229522,ken2000,ken2000122952296@example.com,1991-01-19,44
ur22356379,nifnn,nifnn2235637977@moviefans.com,2017-06-30,59
ur1601982,GulyJimson,gulyjimson160198297@example.com,2013-04-07,16
ur5348015,JoeB131,joeb131534801596@mail.com,2014-01-18,22
ur1218331,VernonPope,vernonpope121833167@example.com,1993-09-26,72
ur1112373,KatMiss,katmiss111237356@moviefans.com,1974-05-16,73
ur144206627,abbyduncan-50451,abbyduncan5045114420662798@example.com,2022-02-08,21
ur0437174,OllieSuave-007,olliesuave007043717456@example.com,2002-10-26,79
ur9364152,HabaneroBuck,habanerobuck936415235@example.com,1995-01-15,74
ur165493049,yourcodeengineer,yourcodeengineer16549304954@mail.com,1959-09-09,78
ur24665498,mr-jonathanmargolis,mrjonathanmargolis2466549895@example.com,1987-08-27,43
ur76484026,Metal_Robots,metalrobots7648402686@imdbuser.net,2016-12-05,15
ur0326000,Joshua F,joshuaf032600011@example.com,2016-08-06,17
ur2036009,jdaniels-4,jdaniels4203600923@example.com,2009-01-25,59
ur3924830,ReelCheese,reelcheese392483034@mail.com,1974-04-29,69
ur5023752,j_graves68,jgraves68502375245@example.com,2017-02-13,16
ur3489344,getmynannerup,getmynannerup348934466@moviefans.com,2014-08-16,61
ur0165374,Enchorde,enchorde016537448@moviefans.com,1991-07-06,50
ur0073787,ChoiBaby,choibaby007378750@mail.com,2009-04-08,53
ur2100008,ksagendo-1,ksagendo1210000872@imdbuser.net,1970-08-13,73
ur54546182,bigdeb48-77-274140,bigdeb48772741405454618250@example.com,2024-03-08,51
ur86609701,tonymunafopoint,tonymunafopoint8660970121@example.com,2012-08-07,44
ur2892211,gibbog,gibbog289221125@imdbuser.net,2023-10-26,22
ur0132721,noahk,noahk013272145@imdbuser.net,1994-06-02,32
ur1562366,Marquis-79,marquis79156236676@moviefans.com,2006-10-22,21
ur5306440,johnfos,johnfos530644037@moviefans.com,2020-06-14,31
ur9855713,Zamboni_HeeHaw082,zamboniheehaw082985571377@imdbuser.net,2020-03-24,60
ur12327230,eric262003,eric2620031232723087@imdbuser.net,1999-01-07,80
ur1293894,lazzie1,lazzie1129389418@mail.com,1986-11-27,56
ur4703095,Abbeyr4,abbeyr4470309527@example.com,1990-07-30,46
ur13930688,buddybickford,buddybickford1393068888@mail.com,1984-11-14,64
ur4086402,Ricktrumpetman,ricktrumpetman408640257@mail.com,2025-07-16,14
ur2453949,mickeyshamrock,mickeyshamrock245394956@example.com,1995-02-13,41
ur8354348,walrusoflove45,walrusoflove45835434834@example.com,2016-08-02,57
ur8241120,tbyrne4,tbyrne4824112061@mail.com,1968-04-02,59
ur19892892,Floated2,floated21989289290@mail.com,2000-02-11,61
ur33474028,aivo15,aivo153347402875@imdbuser.net,2007-12-12,65
ur67800367,isaacch-99917,isaacch999176780036710@mail.com,2016-06-18,53
ur68331092,EthanBJones_03,ethanbjones036833109272@mail.com,1984-10-07,58
ur54158192,quinn-cunniff,quinncunniff5415819252@imdbuser.net,2014-01-18,22
ur40116064,matic-boh1,maticboh14011606484@moviefans.com,2007-02-04,25
ur22859130,viktor-hammarberg,viktorhammarberg2285913056@mail.com,1993-04-23,48
ur9357235,fergus-17,fergus17935723519@example.com,2007-07-22,37
ur49237919,chris_rowe-881-168820,chrisrowe8811688204923791941@moviefans.com,2019-04-15,63
ur51906824,watersprinkls,watersprinkls5190682455@imdbuser.net,1989-03-07,41
ur21229539,stepjohn54-1,stepjohn5412122953999@example.com,2012-04-14,68
ur21190495,acousticality,acousticality2119049568@example.com,2024-09-27,52
ur129217875,H4wke,h4wke12921787564@example.com,2011-04-25,73
ur30136144,abouhelier-r,abouhelierr3013614494@example.com,2000-09-18,34
ur33613721,Danieljh13,danieljh133361372163@mail.com,1996-12-21,51
ur0169290,Rrrobert,rrrobert016929010@mail.com,2015-11-16,61
ur1565939,ozzy_marco,ozzymarco156593984@imdbuser.net,2013-11-18,28
ur4773338,a-haake,ahaake477333877@example.com,2009-06-27,60
ur0402711,Belinda,belinda040271131@moviefans.com,2023-01-04,42
ur42843161,Tak005,tak0054284316134@example.com,2006-02-19,23
ur54687345,NestorTheGreat,nestorthegreat5468734539@moviefans.com,2009-05-15,21
ur24727576,danielbardem,danielbardem2472757685@example.com,1979-12-12,74
ur11830307,mel0001,mel00011183030729@moviefans.com,2013-09-06,24
ur38027424,kingslisa,kingslisa3802742480@example.com,2013-08-04,21
ur168559074,ValentinaPazdernik,valentinapazdernik16855907464@moviefans.com,2022-01-18,53
ur2950940,lazarillo,lazarillo295094054@imdbuser.net,2021-03-01,54
ur23392189,tim-764-291856,tim7642918562339218941@mail.com,2012-11-01,30
ur129326799,tonywalker-27813,tonywalker2781312932679972@imdbuser.net,2016-12-31,33
ur99487597,bricepaul,bricepaul9948759779@imdbuser.net,2023-02-01,30
ur4025773,dfle3,dfle3402577333@example.com,2004-10-12,53
ur5153981,tonypeacock-1,tonypeacock1515398119@example.com,2013-07-20,16
ur61303974,dakjets,dakjets6130397462@imdbuser.net,2014-03-26,31
ur1634796,Luigi Di Pilla,luigidipilla163479692@mail.com,2021-07-06,24
ur4453277,ed56,ed56445327744@mail.com,2010-04-01,17
ur0297990,mzav,mzav029799092@example.com,1992-01-29,51
ur41609831,annlevtex,annlevtex4160983196@moviefans.com,2011-05-26,28
ur15794099,gogoschka-1,gogoschka11579409920@imdbuser.net,1979-01-11,72
ur4567218,omegaknight_d,omegaknightd456721889@mail.com,2013-11-01,17
ur3383805,Judge8080,judge8080338380526@mail.com,1973-08-06,73
ur36186251,avidnewbie,avidnewbie3618625144@example.com,1979-11-17,51
ur1350199,brandonsites1981,brandonsites1981135019927@imdbuser.net,1967-08-03,67
ur0992453,FieCrier,fiecrier099245363@mail.com,2004-06-13,29
ur1193248,Jonny_Numb,jonnynumb119324853@mail.com,1982-03-04,60
ur0127520,Calyxx,calyxx012752044@example.com,1987-02-28,49
ur85019459,jiggles-32740,jiggles327408501945997@imdbuser.net,1986-01-29,57
ur12265878,buddypatrick,buddypatrick1226587852@imdbuser.net,2004-12-24,28
ur5270397,alanmora,alanmora527039732@imdbuser.net,1995-11-28,40
ur90570240,S_dot_M_dot,sdotmdot9057024043@imdbuser.net,2008-10-02,27
ur0336918,scottmar,scottmar033691827@moviefans.com,1990-10-28,53
ur12527639,atinder,atinder1252763955@imdbuser.net,1981-01-23,79
ur1320297,homer_simpson91,homersimpson91132029787@example.com,2015-05-03,18
ur6673859,LanceBrave,lancebrave667385936@example.com,2012-08-18,32
ur8552008,ianmutimer,ianmutimer855200861@example.com,2022-07-30,36
ur1531275,silbosco,silbosco153127520@moviefans.com,1992-10-31,34
ur0650697,emvan,emvan065069716@moviefans.com,2015-09-07,36
ur1469321,jmorrison-2,jmorrison2146932153@mail.com,1971-06-04,58
ur2496117,wlee08,wlee08249611795@mail.com,1956-05-06,69
ur0507428,tlawrence,tlawrence050742886@mail.com,1991-12-21,53
ur13981839,rhinocerosfive-1,rhinocerosfive11398183938@mail.com,2012-12-31,34
ur27887541,keachs,keachs2788754133@mail.com,2016-03-22,43
ur11452429,scrapmetal7,scrapmetal71145242963@mail.com,1991-12-19,72
ur3909898,louiepatti,louiepatti390989878@example.com,2024-12-14,32
ur1780823,infosu,infosu178082375@example.com,1996-09-10,76
ur8870259,Chirofun,chirofun887025960@imdbuser.net,1987-04-04,53
ur78642786,denis-23791,denis237917864278671@imdbuser.net,1996-08-17,31
ur77659065,chemainchicago,chemainchicago7765906581@imdbuser.net,2012-04-08,78
ur93578971,twathle,twathle9357897196@moviefans.com,2009-03-29,41
ur126200676,laogui-04449,laogui0444912620067634@imdbuser.net,1978-02-27,66
ur34657869,niutta-enrico,niuttaenrico3465786912@example.com,2024-01-02,38
ur0985743,bluzman,bluzman098574378@imdbuser.net,2000-05-04,30
ur1848051,LGamble,lgamble184805167@imdbuser.net,2016-04-25,24
ur126405844,chongchungpuo,chongchungpuo12640584424@moviefans.com,2011-12-16,24
ur0706187,erose001,erose001070618721@mail.com,1968-05-31,67
ur1688846,Poison-River,poisonriver168884659@example.com,2021-11-11,21
ur3494157,finaldraft151,finaldraft151349415762@imdbuser.net,1962-09-19,78
ur14420397,terrywatt375,terrywatt3751442039750@example.com,1990-10-08,40
ur0372474,GEM-20,gem20037247438@moviefans.com,2003-12-20,44
ur2418932,pswanson00,pswanson00241893254@example.com,2007-02-22,28
ur1239899,McGonigle,mcgonigle123989935@imdbuser.net,2007-08-03,32
ur0420183,RWiggum,rwiggum042018336@imdbuser.net,1987-05-27,65
ur1235721,Tyger80,tyger80123572185@moviefans.com,1975-08-31,62
ur0604398,irajoel,irajoel060439863@example.com,2023-06-25,62
ur0292572,JMann,jmann029257269@mail.com,1953-05-01,80
ur81134557,hendrikdeneyer,hendrikdeneyer8113455770@example.com,1976-01-06,56
ur2463407,celito,celito246340796@example.com,2012-05-30,45
ur47734476,steveo122,steveo1224773447691@moviefans.com,2021-12-02,16
ur73053202,ThomDerd,thomderd7305320283@example.com,2025-03-14,17
ur93437124,ufarese,ufarese9343712453@mail.com,2009-09-10,71
ur89818312,wokeuplookingfordabroccoli,wokeuplookingfordabroccoli8981831289@example.com,2000-05-26,25
ur60461006,declan-98915,declan989156046100614@imdbuser.net,2004-11-09,67
ur94849722,personjman,personjman9484972275@example.com,2013-08-09,29
ur129603614,akdjreview,akdjreview12960361482@imdbuser.net,1975-06-21,57
ur23322740,GuanXing,guanxing2332274078@imdbuser.net,2011-04-22,69
ur62397621,pulpfamous,pulpfamous6239762144@imdbuser.net,2013-12-25,48
ur93434838,marvinho-67055,marvinho670559343483815@example.com,2008-10-21,20
ur29399766,Watcher42,watcher422939976667@moviefans.com,1974-11-07,60
ur35068747,t-boost,tboost3506874740@example.com,1966-10-11,62
ur27881178,kevinxirau,kevinxirau2788117832@mail.com,2014-09-26,33
ur92760403,joshkroitor,joshkroitor9276040349@moviefans.com,2009-05-03,25
ur24953575,Chuckles010,chuckles0102495357532@moviefans.com,2022-11-18,34
ur23859828,Joufi89,joufi892385982831@mail.com,1979-05-24,62
ur0604048,valis666,valis666060404819@moviefans.com,2005-05-02,79
ur0905086,krondor12,krondor12090508672@example.com,2023-08-03,48
ur13940025,DeuceWild_77,deucewild771394002569@moviefans.com,2017-08-31,44
ur18522030,moniquecalvarado,moniquecalvarado1852203087@moviefans.com,1995-05-11,74
ur10795157,jose-leonor,joseleonor1079515713@mail.com,2024-01-10,77
ur4314460,brefane,brefane431446080@imdbuser.net,1999-12-27,32
ur0550880,cottrellpj,cottrellpj055088071@example.com,1980-11-08,45
ur12239495,Killakai,killakai1223949524@moviefans.com,2007-10-25,33
ur1384251,nuport,nuport138425112@example.com,2012-08-26,20
ur2798372,NewEnglandPat,newenglandpat279837243@mail.com,1987-05-03,45
ur23129480,Vivekmaru45,vivekmaru452312948070@imdbuser.net,1986-03-04,65
ur4480528,angelsunchained,angelsunchained448052895@example.com,1994-08-24,43
ur15067102,redskiesmaxx,redskiesmaxx1506710210@moviefans.com,1977-07-21,61
ur20962118,RodrigAndrisan,rodrigandrisan2096211890@mail.com,2010-03-19,47
ur23365524,seve072,seve0722336552489@mail.com,2023-04-01,28
ur11509964,Tender-Flesh,tenderflesh1150996459@example.com,1999-06-08,42
ur1172684,snowleopard,snowleopard117268472@imdbuser.net,2017-08-15,36
ur11311538,mountain227,mountain2271131153851@moviefans.com,2011-09-12,51
ur100881629,mamaeileencrawford,mamaeileencrawford10088162964@imdbuser.net,1968-10-28,60
ur1888972,BillyBC,billybc188897255@moviefans.com,2014-03-09,60
ur34440737,louisb-399-524629,louisb3995246293444073763@imdbuser.net,2006-04-02,73
ur0494972,Tom-447,tom447049497210@imdbuser.net,1991-04-15,65
ur0151542,TYLERdurden74,tylerdurden74015154281@example.com,1996-07-22,31
ur0442366,ffwcsec,ffwcsec044236619@mail.com,2004-08-13,39
ur7842994,fmc3,fmc3784299475@example.com,1965-07-29,67
ur20325436,manpnw,manpnw2032543625@example.com,1989-09-08,64
ur0044981,shrine-2,shrine2004498153@example.com,1994-07-20,62
ur79005849,jace_the_film_guy,jacethefilmguy7900584993@mail.com,1993-12-23,76
ur1319248,airdrumming,airdrumming131924844@example.com,2003-03-05,74
ur7937097,jason-1086,jason1086793709783@imdbuser.net,2004-07-07,60
ur5019195,alive_still,alivestill501919511@moviefans.com,2007-09-17,48
ur81880449,dellamorte-82282,dellamorte822828188044933@example.com,1974-06-19,60
ur0501067,Woody-110,woody110050106791@moviefans.com,1997-11-04,46
ur1381493,moifee,moifee138149331@example.com,2023-02-10,27
ur9064547,karenlynn1,karenlynn1906454754@moviefans.com,2008-01-18,21
ur0808528,urthmothr,urthmothr080852867@moviefans.com,2021-10-30,17
ur13754061,weenawoman,weenawoman1375406138@example.com,2022-03-17,42
ur0126772,capn_wac,capnwac012677258@imdbuser.net,2023-10-27,53
ur3391733,clarkpark,clarkpark339173311@imdbuser.net,2016-10-27,34
ur2034765,james-429,james429203476548@mail.com,2019-11-03,73
ur53341914,nanckou,nanckou5334191478@moviefans.com,2004-02-16,58
ur40999982,rosemary-mchugh4,rosemarymchugh44099998226@example.com,1974-04-18,57
ur2000855,vchimpanzee,vchimpanzee200085573@moviefans.com,2020-05-15,17
ur2064575,lovejam,lovejam206457578@mail.com,1964-02-15,63
ur1249139,silklily,silklily124913998@mail.com,2021-04-22,19
ur4205925,leczorn,leczorn420592567@example.com,2024-09-04,45
ur25220088,hkritikos2004,hkritikos20042522008852@example.com,2019-12-31,20
ur12052743,moogie777,moogie7771205274383@example.com,2005-12-21,24
ur25411871,keith1934,keith19342541187113@imdbuser.net,2011-12-15,16
ur7069082,BDeWittP,bdewittp706908296@moviefans.com,1974-11-02,75
ur152473357,jasmaiden,jasmaiden15247335747@moviefans.com,1998-07-27,57
ur120948282,rollernerd,rollernerd12094828286@example.com,2019-05-31,42
ur2496924,nicegirl90247,nicegirl90247249692423@imdbuser.net,2019-05-17,74
ur15375264,phubbs,phubbs1537526491@imdbuser.net,1971-02-19,73
ur2295347,artguylarry,artguylarry229534774@mail.com,2001-04-09,40
ur15931106,lampic,lampic1593110672@imdbuser.net,2021-06-20,28
ur1476871,weller79,weller79147687139@imdbuser.net,2006-03-12,19
ur7359809,ati2d,ati2d735980952@moviefans.com,1977-12-06,60
ur3648254,markmywords85,markmywords85364825443@mail.com,2006-03-22,28
ur44225319,MrDeWinter,mrdewinter4422531974@example.com,2011-10-30,27
ur45868202,ksdilauri,ksdilauri4586820289@mail.com,1971-12-25,62
ur35635716,Tera-Jones,terajones3563571616@example.com,2018-03-19,61
ur0271602,Filmgirl-4,filmgirl4027160257@example.com,1972-05-25,76
ur25775215,bombersflyup,bombersflyup2577521569@imdbuser.net,2003-06-16,31
ur1977411,mag7_1,mag71197741184@mail.com,2002-06-26,38
ur8933043,christopher-vock,christophervock893304326@moviefans.com,2009-09-24,51
ur0781514,TheRowdyMan,therowdyman078151449@mail.com,2016-03-22,41
ur12511357,icreeem,icreeem1251135773@moviefans.com,2019-12-09,71
ur1081981,sassybrat35,sassybrat35108198151@mail.com,2009-04-19,25
ur4034727,panther-28,panther28403472746@example.com,1998-11-29,46
ur30254778,davidjanuzbrown,davidjanuzbrown3025477857@example.com,1984-12-16,54
ur1552793,Blueghost,blueghost155279365@mail.com,2012-03-04,44
ur61056576,donnak-42278,donnak422786105657654@mail.com,1987-02-18,77
ur92898619,jetregg,jetregg9289861970@moviefans.com,1994-01-30,58
ur27269278,EephusPitch,eephuspitch2726927890@example.com,1995-07-16,63
ur24080144,CelluloidRamblings,celluloidramblings2408014416@moviefans.com,2016-01-06,30
ur33731178,lui-samantha,luisamantha3373117879@example.com,2018-07-02,30
ur2820338,misspaddylee,misspaddylee282033817@moviefans.com,2013-04-25,78
ur37280403,IndustriousAngel,industriousangel3728040329@mail.com,2022-04-05,27
ur24880647,JohnRayPeterson,johnraypeterson2488064755@example.com,1988-06-13,44
ur13519812,sevavsnaruto,sevavsnaruto1351981253@imdbuser.net,2001-06-13,48
ur17911243,richard-1967,richard19671791124378@imdbuser.net,2014-06-04,38
ur26377147,james-67-118290,james671182902637714739@example.com,2023-11-09,14
ur38281783,jennysquib,jennysquib3828178399@example.com,2010-08-25,34
ur0134919,John K.-2,johnk2013491918@mail.com,2010-06-21,32
ur13047739,ianharrison747,ianharrison7471304773928@mail.com,1986-10-04,42
ur23883771,Movie-Misfit,moviemisfit2388377151@example.com,2007-12-23,26
ur73917411,carolinephillips-47427,carolinephillips474277391741196@moviefans.com,1983-02-20,43
ur0610628,capkronos,capkronos061062853@imdbuser.net,1961-02-09,74
ur125293451,janeannafoote,janeannafoote12529345120@imdbuser.net,2016-12-04,28
ur8112773,Weirdling_Wolf,weirdlingwolf811277326@mail.com,2024-03-28,16
ur92502328,marcusgrant-86630,marcusgrant866309250232829@example.com,2005-06-03,44
ur55157303,Groverdox,groverdox5515730323@mail.com,1998-12-26,71
ur103939883,jaredkeoppel-34311,jaredkeoppel3431110393988370@mail.com,1955-07-31,70
ur61524240,LBarlane24,lbarlane246152424021@imdbuser.net,1979-07-03,62
ur62688171,jgkelley-48797,jgkelley487976268817112@example.com,1974-09-09,61
ur1223917,cwillis_m,cwillism122391773@mail.com,1998-03-15,48
ur8864154,MetalGeek,metalgeek886415426@imdbuser.net,1999-06-04,52
ur0572198,squamish,squamish057219899@mail.com,2004-12-06,59
ur0101861,hexfield,hexfield010186135@imdbuser.net,2008-08-18,68
ur4196874,RIPBelushi,ripbelushi419687455@example.com,2015-12-05,63
ur60028700,anaconda-40658,anaconda406586002870061@imdbuser.net,2022-05-07,30
ur0331648,goya-4,goya4033164898@moviefans.com,2024-06-18,79
ur10300069,toddsundell,toddsundell1030006954@moviefans.com,2009-09-21,27
ur0785837,deejay_bill,deejaybill078583769@mail.com,1989-07-15,60
ur0202695,Bildo36,bildo36020269533@mail.com,1997-01-13,55
ur6268669,cdorschel,cdorschel626866944@moviefans.com,2009-10-29,25
ur1217333,midniteprincess,midniteprincess121733372@mail.com,2013-07-12,66
ur0190030,djfoster,djfoster019003074@example.com,2009-07-14,19
ur5390919,robb_772,robb772539091948@example.com,1994-06-16,49
ur4512019,jellopuke,jellopuke451201945@imdbuser.net,2022-06-30,38
ur3976881,Pamsanalyst,pamsanalyst397688175@imdbuser.net,2013-04-13,66
ur0729390,FelixtheCat,felixthecat072939010@mail.com,1994-11-17,74
ur2568038,ptb-8,ptb8256803856@example.com,2012-07-11,36
ur2501463,roseofsharon,roseofsharon250146364@mail.com,2023-10-25,62
ur4640694,dancingmike,dancingmike464069427@moviefans.com,2018-11-03,17
ur2507771,FussyFan1,fussyfan1250777138@moviefans.com,2017-04-18,70
ur0060847,Holden_Pike,holdenpike006084715@imdbuser.net,2023-08-16,26
ur2859797,dividebyzero,dividebyzero285979738@moviefans.com,1967-06-13,66
ur3063833,Gavno,gavno306383326@moviefans.com,2001-06-12,31
ur4111128,70shoe,70shoe411112890@moviefans.com,2010-06-01,44
ur1952202,Mellow_Biafra,mellowbiafra195220238@example.com,2016-03-28,18
ur2149293,jberlin11797,jberlin11797214929399@imdbuser.net,2015-06-01,13
ur0085354,TSMChicago,tsmchicago008535457@mail.com,1952-09-05,79
ur1804582,ultimatexman,ultimatexman180458232@imdbuser.net,1964-10-05,71
ur1019672,SteveM-1,stevem1101967275@mail.com,1991-02-09,52
ur0685903,Alix_Sunder,alixsunder068590318@imdbuser.net,2007-11-01,58
ur9582221,paganhippie,paganhippie958222135@moviefans.com,2015-05-31,56
ur1292935,cjwynes,cjwynes129293566@example.com,2018-02-25,20
ur25267912,crucifido,crucifido2526791275@imdbuser.net,2003-03-20,75
ur3987336,haildevilman,haildevilman398733686@imdbuser.net,2003-12-27,35
ur1357540,Katatonia,katatonia135754093@mail.com,1989-09-14,49
ur18443924,michaeldouglas1,michaeldouglas11844392411@mail.com,1982-03-24,77
ur3996576,CGMCC,cgmcc399657680@imdbuser.net,2003-10-30,42
ur3647197,cem0007,cem0007364719767@moviefans.com,2005-12-20,22
ur94432589,dhughnegus,dhughnegus9443258999@imdbuser.net,2019-11-29,51
ur0326896,Hal-75,hal75032689612@moviefans.com,1970-09-04,73
ur0172443,guil12,guil12017244363@moviefans.com,2021-10-15,20
ur2021596,djray65,djray65202159681@imdbuser.net,1972-12-10,60
ur0918866,danshepherd100,danshepherd100091886617@imdbuser.net,2015-05-10,20
ur3295256,tonellinon,tonellinon329525669@mail.com,2009-08-07,27
ur0038058,ferrell,ferrell003805823@mail.com,2012-12-22,14
ur8024568,hined,hined802456872@example.com,2011-07-08,17
ur1179330,witsend64,witsend64117933088@imdbuser.net,2022-09-15,32
ur1297923,Colorado Boja,coloradoboja129792314@example.com,1978-12-28,66
ur120938904,bkkaz,bkkaz12093890475@example.com,2014-10-29,18
ur4610576,greene515,greene515461057664@example.com,2018-08-01,31
ur0529535,snortch,snortch052953522@moviefans.com,2010-09-21,71
ur7049646,spradley-3,spradley3704964670@moviefans.com,2007-11-27,37
ur45501612,knittinglady67,knittinglady674550161219@moviefans.com,1998-09-11,27
ur1395992,adlibitum6,adlibitum6139599221@mail.com,1993-12-01,64
ur131578417,Koceny,koceny13157841760@moviefans.com,2020-04-21,34
ur47812129,tonimystic,tonimystic4781212975@moviefans.com,1965-12-17,68
ur6275830,knicole123,knicole123627583078@example.com,2017-11-07,17
ur36263895,dalindcy,dalindcy3626389573@example.com,1989-12-25,40
ur64160263,Edvis-1997,edvis19976416026370@example.com,2019-03-28,24
ur26820808,domtaylor,domtaylor2682080815@mail.com,2016-05-29,24
ur82535306,EasternZZ,easternzz8253530674@imdbuser.net,2013-05-13,75
ur23566468,lisafordeay,lisafordeay2356646823@moviefans.com,2016-12-20,21
ur52478674,keatongroom,keatongroom5247867466@imdbuser.net,2013-10-31,19
ur23582121,Loving_Silence,lovingsilence2358212177@moviefans.com,2023-03-22,54
ur26112525,slickr12345,slickr123452611252580@moviefans.com,2010-11-03,18
ur35944897,cekadah,cekadah3594489755@moviefans.com,1982-08-01,59
ur2964064,MikeC19,mikec19296406456@example.com,2012-04-06,57
ur57691865,cruise01,cruise015769186532@example.com,2012-11-14,23
ur24365278,Aktham_Tashtush,akthamtashtush2436527834@moviefans.com,1998-02-07,31
ur93247323,xtraisalwaysbetter,xtraisalwaysbetter9324732380@moviefans.com,2009-04-03,30
ur70825522,danifduque,danifduque7082552252@moviefans.com,1994-08-11,60
ur0262014,dolomite-2,dolomite2026201426@example.com,2024-11-07,40
ur0264552,Arthur-23,arthur23026455281@imdbuser.net,2003-04-03,71
ur36448190,Breumaster,breumaster3644819026@example.com,2019-03-06,23
ur31261952,Movie-ManDan,moviemandan3126195277@mail.com,2019-01-03,59
ur68532916,S1rr34l,s1rr34l6853291654@example.com,2013-06-19,29
ur11920286,kittiwake-1,kittiwake11192028622@example.com,2014-10-07,19
ur40565637,neddaly1,neddaly14056563721@example.com,2002-06-02,55
ur18101462,rajah524-3,rajah52431810146210@mail.com,2004-07-05,59
ur0699158,gaynor.wild,gaynorwild069915815@moviefans.com,1955-08-24,74
ur7135879,kermi_17,kermi17713587910@moviefans.com,1991-11-02,60
ur17085434,byron-116,byron1161708543491@example.com,2011-12-18,65
ur3868567,arlmovies,arlmovies386856749@example.com,2024-05-19,28
ur1588862,mjmarkic,mjmarkic158886290@example.com,2023-05-05,14
ur15992956,dunsuls-1,dunsuls11599295656@moviefans.com,2001-03-30,43
ur4905989,HomeroB,homerob490598913@example.com,2020-06-29,22
ur45395155,lperalta411,lperalta4114539515592@mail.com,1987-01-31,51
ur4691513,lsussman2004,lsussman2004469151345@imdbuser.net,1990-11-15,35
ur1781167,TonyJohnson,tonyjohnson178116755@example.com,2025-10-13,64
ur0880131,MovieCriticMarvelfan,moviecriticmarvelfan088013128@moviefans.com,2011-03-30,65
ur0913454,glopezruelas,glopezruelas091345424@moviefans.com,1999-04-07,48
ur5281016,amithystblade,amithystblade528101661@moviefans.com,2008-07-31,50
ur12917912,tarmarlar,tarmarlar1291791242@imdbuser.net,2016-08-08,17
ur3406998,eeepanzer,eeepanzer340699827@imdbuser.net,1973-04-15,56
ur4238363,arichmondfwc,arichmondfwc423836339@moviefans.com,2021-06-07,55
ur0568099,marcslope,marcslope056809947@moviefans.com,2005-05-08,29
ur108670291,mollytinkers,mollytinkers10867029190@moviefans.com,2003-12-09,35
ur92000197,libbybrown-04549,libbybrown045499200019787@imdbuser.net,1981-10-17,76
ur53424191,passenger88,passenger885342419157@imdbuser.net,1960-05-27,69
ur0593725,julie-82,julie82059372514@moviefans.com,1958-01-05,73
ur0096147,Olivier-3,olivier3009614798@mail.com,2009-12-30,28
ur0335646,jmillerdp,jmillerdp033564664@imdbuser.net,2020-11-04,35
ur23937330,dhmoninger,dhmoninger2393733038@example.com,1995-12-19,63
ur0225436,Turfseer,turfseer022543614@moviefans.com,2016-08-28,21
ur0874373,lambiepie-2,lambiepie2087437358@mail.com,1986-03-23,42
ur18014266,BuddyBoy60,buddyboy601801426682@imdbuser.net,1991-03-14,57
ur0280299,CABruno,cabruno028029919@mail.com,1989-09-16,39
ur2314174,kyle_furr,kylefurr231417497@example.com,1973-11-26,63
ur0347711,EdgarST,edgarst034771113@example.com,1969-10-13,56
ur110879431,ulicknormanowen,ulicknormanowen11087943174@mail.com,2021-07-02,14
ur0222418,Petey-10,petey10022241892@imdbuser.net,1998-07-03,42
ur1061889,Karl Self,karlself106188933@imdbuser.net,1972-05-16,80
ur45430544,mogensenf,mogensenf4543054463@moviefans.com,1982-05-01,46
ur1805905,arildness,arildness180590527@moviefans.com,2008-08-21,25
ur34290913,THE-BEACON-OF-MOVIES-RAFA,thebeaconofmoviesrafa3429091348@moviefans.com,1986-10-16,40
ur0656262,Brian-272,brian272065626293@example.com,2012-10-16,24
ur0266568,flicklover,flicklover026656894@moviefans.com,2011-06-02,77
ur0234477,sambuca,sambuca023447796@mail.com,1990-03-26,74
ur1064827,mattymatt4ever,mattymatt4ever106482781@moviefans.com,2003-10-30,71
ur1994786,soranno,soranno199478639@mail.com,1976-03-12,53
ur14088170,capncruller,capncruller1408817061@moviefans.com,2013-09-26,13
ur80091035,xpat-55192,xpat551928009103519@mail.com,1973-09-17,68
ur5785718,meldoy23,meldoy23578571835@imdbuser.net,1992-08-28,50
ur133004846,JerryrFlanagan,jerryrflanagan13300484628@moviefans.com,2008-07-08,25
ur11996903,jeremy3,jeremy31199690384@moviefans.com,1958-07-12,73
ur0594212,krumski,krumski059421232@example.com,1974-05-10,76
ur49988786,marcresto,marcresto4998878679@imdbuser.net,2022-09-14,17
ur10647879,cannotlogon103,cannotlogon1031064787942@moviefans.com,2015-10-14,14
ur0931671,ThurstonHunger,thurstonhunger093167118@moviefans.com,1997-02-27,32
ur1083302,connorratliff,connorratliff108330298@imdbuser.net,2020-05-29,32
ur0103804,gurghi-2,gurghi2010380493@example.com,1998-09-17,65
ur0821294,nemkutya,nemkutya082129417@mail.com,1986-04-05,43
ur1019294,bsmith5552,bsmith5552101929454@mail.com,1987-12-13,58
ur30753782,renegadeviking-271-528568,renegadeviking2715285683075378259@moviefans.com,2004-08-05,40
ur0036778,billy-7,billy7003677835@moviefans.com,2013-07-18,20
ur2052026,Pooua,pooua205202657@imdbuser.net,1954-07-10,72
ur0135090,stonem,stonem013509030@imdbuser.net,2008-07-13,24
ur15341674,docrotwang,docrotwang1534167432@moviefans.com,1954-05-23,77
ur3103002,robot-cat,robotcat310300224@example.com,2017-06-16,72
ur9602297,alias_fate,aliasfate960229780@moviefans.com,2005-07-03,66
ur0191275,bobc-5,bobc5019127531@moviefans.com,2015-09-06,54
ur0635827,matrix29,matrix29063582732@mail.com,2012-01-25,17
ur9029201,FredI-7,fredi7902920192@moviefans.com,2012-08-23,16
ur0983941,suzy q123,suzyq123098394119@example.com,1968-05-22,73
ur16065136,fbingram,fbingram1606513644@moviefans.com,2014-07-17,19
ur19134700,mark-4401,mark44011913470011@example.com,2014-05-04,28
ur1586333,mackdaddyspliffs,mackdaddyspliffs158633361@imdbuser.net,2000-09-28,53
ur73341806,josh-98819,josh988197334180660@mail.com,2001-05-22,24
ur4607484,oscarvonseth,oscarvonseth460748413@mail.com,2007-06-22,34
ur25057297,omendata,omendata2505729725@imdbuser.net,2012-04-20,29
ur2675801,luckyfay,luckyfay267580156@mail.com,2012-11-03,18
ur22984351,Bgappl07,bgappl072298435124@moviefans.com,2024-04-10,25
ur50346125,dizznmo,dizznmo5034612544@mail.com,2003-09-21,49
ur125818656,estherwalker-34710,estherwalker3471012581865613@moviefans.com,2015-01-09,15
ur22484170,phd_travel,phdtravel2248417090@mail.com,2011-05-01,22
ur55509037,herrbrugger,herrbrugger5550903755@moviefans.com,2002-07-09,54
ur103246261,djsaccany,djsaccany10324626117@moviefans.com,2012-12-04,18
ur94655253,balthesaur,balthesaur9465525362@mail.com,2001-01-28,43
ur88373850,natcalgary,natcalgary8837385074@imdbuser.net,1986-10-11,53
ur2767381,lavatch,lavatch276738173@moviefans.com,2024-06-30,30
ur52063783,mxsuba26,mxsuba265206378398@mail.com,1984-12-19,44
ur75299794,liamscheath,liamscheath7529979465@moviefans.com,2016-07-30,16
ur47190294,sonekken,sonekken4719029415@moviefans.com,1967-01-22,79
ur7348810,fbv,fbv734881058@example.com,2000-05-04,79
ur1951322,ecichy,ecichy195132253@moviefans.com,2016-11-30,27
ur20026369,oprlvr33,oprlvr332002636913@moviefans.com,1996-09-13,72
ur7641797,hawkikim-1,hawkikim1764179789@moviefans.com,1978-08-05,49
ur5100946,lightninboy,lightninboy510094659@imdbuser.net,2011-02-25,14
ur1596808,The_Jew_Revue,thejewrevue159680818@mail.com,2016-02-11,13
ur3830473,mackthespoon,mackthespoon383047334@example.com,2016-08-26,25
ur14613399,daltonml-1,daltonml11461339959@example.com,2008-08-02,79
ur2857260,mamaprib,mamaprib285726016@imdbuser.net,2021-05-13,13
ur21089151,tronvszombies-1,tronvszombies12108915158@moviefans.com,2000-06-10,38
ur0653779,jereco,jereco065377922@imdbuser.net,2016-11-06,15
ur19864582,SteveSkafte,steveskafte1986458282@moviefans.com,2012-10-20,64
ur4697955,style-2,style2469795538@mail.com,2019-12-19,15
ur1332576,JanKoengeter8,jankoengeter8133257642@imdbuser.net,2018-09-29,58
ur1116241,telegonus,telegonus111624161@example.com,1954-04-15,74
ur1045289,chinaskee,chinaskee104528939@example.com,2014-07-12,32
ur0400217,hlw27,hlw27040021767@example.com,2019-09-28,15
ur2655451,Hesse-02,hesse02265545188@example.com,2017-03-21,51
ur81872808,sergelamarche,sergelamarche8187280892@example.com,1988-09-29,80
ur173085868,ducksoupme,ducksoupme17308586810@imdbuser.net,1993-06-11,67
ur0748856,HunterDK,hunterdk074885612@mail.com,2009-10-02,47
ur0229271,Brendan-13,brendan13022927127@moviefans.com,1996-04-01,33
ur48709564,TonyKissCastillo,tonykisscastillo4870956448@example.com,2008-03-28,47
ur89333699,StrictlyConfidential,strictlyconfidential8933369995@mail.com,2003-05-14,49
ur47239035,Tony-Kiss-Castillo,tonykisscastillo4723903561@example.com,2012-01-22,19
ur33061963,zer0bit,zer0bit3306196376@moviefans.com,2012-07-15,45
ur0533852,mack-38,mack38053385262@example.com,2004-11-08,24
ur0028311,jacie,jacie002831162@example.com,1977-05-21,73
ur0209602,jan-57,jan57020960219@mail.com,2014-10-05,15
ur0700625,bama1111,bama1111070062578@moviefans.com,1997-12-01,33
ur3562902,lbinstock,lbinstock356290211@moviefans.com,2009-08-22,63
ur1095226,tributarystu,tributarystu109522696@example.com,2013-03-07,53
ur11131872,mstektite,mstektite1113187277@imdbuser.net,2023-12-23,18
ur1358072,lasagnaking,lasagnaking135807257@imdbuser.net,2023-07-28,14
ur0397955,Eric-62-2,eric622039795557@example.com,1992-02-09,80
ur80296129,mhthehammer,mhthehammer8029612949@imdbuser.net,2012-12-14,20
ur0717142,Aussie Stud,aussiestud071714226@moviefans.com,2004-12-13,63
ur1192901,brower8,brower8119290178@mail.com,1972-09-09,74
ur1069868,regrunion,regrunion106986850@mail.com,2004-06-03,48
ur174638476,LW-08854,lw0885417463847658@example.com,1996-01-21,79
ur20823274,demonlinker,demonlinker2082327410@moviefans.com,2004-07-17,66
ur4105940,kcaldwell7,kcaldwell7410594018@moviefans.com,2024-01-29,31
ur7075903,mgconlan-1,mgconlan1707590383@example.com,2018-06-25,25
ur17150400,sahathaw,sahathaw1715040066@example.com,2003-11-20,74
ur51989369,bernardoarquivo,bernardoarquivo5198936919@example.com,2020-10-24,15
ur0944566,Mitora-san,mitorasan094456668@mail.com,1969-11-29,65
ur2544570,albers183,albers183254457046@example.com,1988-06-13,56
ur1232518,olddiscs,olddiscs123251869@moviefans.com,1956-03-15,78
ur0105668,filmguy9,filmguy9010566847@imdbuser.net,1980-08-15,70
ur0631986,dwpollar,dwpollar063198674@moviefans.com,2023-03-05,32
ur15735990,kate82186,kate821861573599096@mail.com,1969-02-07,71
ur0742220,roark183,roark183074222014@moviefans.com,2002-03-04,62
ur17067508,LynneK100,lynnek1001706750851@example.com,2002-09-07,28
ur3503517,re-en-actor,reenactor350351770@example.com,1987-05-28,43
ur5682817,moods40,moods40568281770@imdbuser.net,1996-01-07,39
ur0630861,rsoonsa,rsoonsa063086198@imdbuser.net,2018-08-08,17
ur60499188,britneyfoxx,britneyfoxx6049918849@moviefans.com,2003-07-06,40
ur69674305,fishguy-20977,fishguy209776967430511@imdbuser.net,2007-07-26,79
ur48749321,burton611,burton6114874932119@moviefans.com,1949-02-11,79
ur60049076,TomSawyer-2112,tomsawyer21126004907618@moviefans.com,2023-09-07,39
ur5274306,nlmcm,nlmcm527430612@imdbuser.net,2018-09-21,16
ur50504030,PratikDhan,pratikdhan5050403014@example.com,1981-10-05,58
ur88210703,wilsonstuart-32346,wilsonstuart323468821070385@imdbuser.net,2019-07-02,18
ur4021563,cinecarl,cinecarl402156369@moviefans.com,1999-06-30,54
ur2449045,Jay_Rusty,jayrusty244904590@moviefans.com,1988-03-25,73
ur0867263,blackxmas,blackxmas086726393@mail.com,1967-08-20,76
ur22813454,prudhoeboy,prudhoeboy2281345486@moviefans.com,2017-10-07,14
ur47117572,survivalist-810-698711,survivalist8106987114711757259@mail.com,2019-02-22,27
ur1000891,tnt videovisions,tntvideovisions100089156@example.com,2021-05-22,37
ur8520683,investored,investored852068348@imdbuser.net,1955-01-28,76
ur0229591,Karlos-3,karlos3022959130@example.com,1965-07-17,80
ur0260099,Sodie,sodie026009963@moviefans.com,1998-12-20,67
ur10636296,down_home_dreamer,downhomedreamer1063629677@imdbuser.net,2018-04-13,62
ur2155195,lwalsh,lwalsh215519558@example.com,1977-03-01,74
ur7403697,bhweller,bhweller740369721@imdbuser.net,2019-09-04,15
ur60510851,johnflorencesullivan,johnflorencesullivan6051085124@example.com,1989-03-25,71
ur2235461,ctheslayer,ctheslayer223546150@moviefans.com,1970-07-21,70
ur6400277,joygu1,joygu1640027725@moviefans.com,2001-07-27,34
ur60630118,tlharrison-59546,tlharrison595466063011823@imdbuser.net,1992-01-29,37
ur104273111,rachelrachel-33431,rachelrachel3343110427311161@example.com,1989-09-11,80
ur48284958,angietexan,angietexan4828495863@example.com,2012-01-12,20
ur9942007,Shilpot7,shilpot7994200792@mail.com,1974-12-10,64
ur0441427,jamie-81,jamie81044142734@example.com,1986-05-08,44
ur1478459,BaileySEA,baileysea147845997@imdbuser.net,2015-06-29,41
ur2095239,Sunflower007,sunflower007209523936@imdbuser.net,2005-11-17,29
ur5225100,boyfreechik89,boyfreechik89522510039@imdbuser.net,2021-09-15,15
ur0321541,Vertigo-27,vertigo27032154166@moviefans.com,2014-07-12,79
ur1968521,rcraig62,rcraig62196852171@imdbuser.net,1992-09-02,78
ur6519931,borisratnik,borisratnik651993175@imdbuser.net,1966-03-17,66
ur2382545,bbhlthph,bbhlthph238254538@example.com,2012-11-02,16
ur48117879,steeleronaldr,steeleronaldr4811787957@example.com,2019-07-09,13
ur3127236,HoldenSpark,holdenspark312723645@moviefans.com,1976-11-14,50
ur7474087,xj40jeff,xj40jeff747408726@imdbuser.net,1993-11-10,77
ur20495871,jacklmauro,jacklmauro2049587161@mail.com,2003-04-19,55
ur0200612,SanDiego,sandiego020061228@moviefans.com,1996-08-31,52
ur3232171,rockabilly-1,rockabilly1323217167@example.com,1994-04-21,41
ur161171309,finercreative,finercreative16117130964@example.com,2014-04-05,20
ur7444424,gwcohn-2,gwcohn2744442493@mail.com,2012-01-05,14
ur0623541,mmm-16,mmm16062354115@imdbuser.net,2023-09-07,17
ur32540717,akoaytao1234,akoaytao12343254071775@imdbuser.net,1990-09-13,58
ur3746574,raz1035,raz1035374657429@moviefans.com,2023-10-17,34
ur0807374,missygoldstein,missygoldstein080737439@moviefans.com,1986-05-04,52
ur1019227,rich-320,rich320101922793@imdbuser.net,2020-03-20,37
ur27033998,jccarey4,jccarey42703399870@example.com,2013-12-30,24
ur10815252,dangeruss_2003,dangeruss20031081525285@mail.com,1982-01-21,74
ur100203247,renefornari-33814,renefornari3381410020324714@moviefans.com,2018-06-20,46
ur37116501,PeterMitchell-506-564364,petermitchell5065643643711650168@mail.com,2015-01-21,15
ur1761934,jamesluk,jamesluk176193489@moviefans.com,1984-02-04,69
ur3420549,eastcoastmopars,eastcoastmopars342054914@moviefans.com,2017-05-14,53
ur6771909,pav887,pav887677190992@moviefans.com,1998-03-01,65
ur2330563,racerx70,racerx70233056362@moviefans.com,2018-09-22,16
ur60321822,zbillster,zbillster6032182283@imdbuser.net,2008-09-14,43
ur1482253,tomslo1968,tomslo1968148225360@mail.com,1982-12-17,61
ur22710391,jazzyjerome,jazzyjerome2271039160@mail.com,2004-05-14,35
ur1195480,tie_dyed_karma,tiedyedkarma119548084@imdbuser.net,2008-07-20,50
ur27550947,cultfilmfreaksdotcom,cultfilmfreaksdotcom2755094778@mail.com,2023-02-26,57
ur3103298,Mr_PCM,mrpcm310329885@example.com,1995-08-11,59
ur1125206,MadReviewer,madreviewer112520618@mail.com,2015-12-31,18
ur5156288,MaxBorg89,maxborg89515628891@mail.com,2018-10-14,47
ur0097753,Xophianic,xophianic009775336@mail.com,1984-10-26,49
ur0000039,robh,robh000003997@mail.com,2023-02-26,72
ur77283333,DylanCanonge,dylancanonge7728333377@mail.com,1993-03-13,66
ur186882673,DSV1,dsv118688267338@example.com,1996-02-14,34
ur0691174,freakstar67,freakstar67069117481@example.com,2010-04-19,38
ur1327543,McQualude,mcqualude132754313@moviefans.com,1965-08-25,66
ur0622275,ajs-10,ajs10062227572@mail.com,2016-12-04,19
ur0090251,Marco_Trevisiol,marcotrevisiol009025158@moviefans.com,2022-11-01,17
ur1115920,firelight,firelight111592026@example.com,2024-09-12,17
ur0190777,ML368,ml368019077765@imdbuser.net,1994-08-12,41
ur38469730,mjjmolina,mjjmolina3846973063@example.com,2005-10-30,48
ur3991425,Chrliesangelsman,chrliesangelsman399142583@example.com,2004-09-03,71
ur113774484,rjarizona,rjarizona11377448472@example.com,2014-11-28,34
ur10197674,rebeccavincent777,rebeccavincent7771019767438@imdbuser.net,2011-11-23,40
ur71305899,ThunderKing6,thunderking67130589914@mail.com,2021-06-29,56
ur22961155,raisleygordon,raisleygordon2296115549@moviefans.com,2016-11-21,32
