user_id,name,email,join_date,age
ur56397538,jamieleeac,jamieleeac5639753894@moviefans.com,1991-09-07,35
ur0342623,blanche-2,blanche2034262389@mail.com,2003-11-23,34
ur1683855,MOscarbrad,moscarbrad168385566@imdbuser.net,2005-11-04,25
ur0806494,ferguson-6,ferguson6080649464@mail.com,1998-08-14,40
ur26591649,bkrauser-8,bkrauser82659164962@moviefans.com,1996-05-26,30
ur20552756,TheLittleS,thelittles2055275690@mail.com,1984-09-30,60
ur23293799,davidgee,davidgee2329379943@mail.com,1987-08-20,49
ur0604321,gsygsy,gsygsy060432196@moviefans.com,1984-06-10,57
ur73047037,carlo_simo,carlosimo7304703715@example.com,2004-08-09,21
ur17911243,richard-19,richard191791124313@example.com,1978-03-28,70
ur24426762,nikhil_kam,nikhilkam2442676286@imdbuser.net,1995-03-08,52
ur129961664,gwest-0733,gwest073312996166457@mail.com,2025-01-02,16
ur20871749,LloydBayer,lloydbayer2087174921@imdbuser.net,2012-12-21,54
ur53403649,luke-a-mcg,lukeamcg5340364987@imdbuser.net,2006-06-07,66
ur63822322,imaadnabil,imaadnabil6382232228@example.com,1956-01-30,73
ur3223254,gradyharp,gradyharp322325456@imdbuser.net,1982-05-01,52
ur28260582,leonblackw,leonblackw2826058245@moviefans.com,2001-09-30,71
ur1751757,gbusby,gbusby175175789@imdbuser.net,2025-08-09,69
ur8046532,MartianOct,martianoct804653219@example.com,1979-10-29,74
ur1062603,mikeboon,mikeboon106260367@example.com,2022-12-27,50
ur47239035,Tony-Kiss-,tonykiss4723903510@example.com,1999-06-21,67
ur6208088,barrys82,barrys82620808829@imdbuser.net,2022-05-18,30
ur6004607,HarVSatan,harvsatan600460764@moviefans.com,2024-09-15,19
ur5808969,jaypers-1,jaypers1580896977@imdbuser.net,1965-01-04,76
ur6014070,ksig13457,ksig13457601407031@moviefans.com,2024-01-29,21
ur4465293,slightlyma,slightlyma446529331@example.com,2012-08-12,31
ur4640420,r-brasher,rbrasher464042079@imdbuser.net,1998-02-07,79
ur3883151,brettchatz,brettchatz388315196@mail.com,2007-10-14,58
ur11228318,tavm,tavm1122831834@moviefans.com,2018-03-11,24
ur6988382,mikekeese,mikekeese698838215@imdbuser.net,1985-05-21,43
ur5222791,SultanRahi,sultanrahi522279114@imdbuser.net,2012-08-13,34
ur13849221,simonparke,simonparke1384922185@mail.com,1987-03-16,62
ur0752670,georgecruz,georgecruz075267031@example.com,2024-04-20,14
ur7752337,PoisonKeyb,poisonkeyb775233728@imdbuser.net,2008-04-18,31
ur10962105,vovazhd,vovazhd1096210590@imdbuser.net,1982-12-01,48
ur2292688,georgianas,georgianas229268841@moviefans.com,2003-12-31,32
ur13816241,srique,srique1381624161@example.com,2004-03-08,55
ur2185021,xhris,xhris218502111@mail.com,2023-08-22,40
ur0474040,AlanTES,alantes047404094@example.com,2015-06-28,66
ur1416505,Boba_Fett1,bobafett1141650583@moviefans.com,2016-06-16,15
ur10907206,lafs1,lafs11090720613@mail.com,1993-06-04,63
ur58068084,Larsilu,larsilu5806808489@imdbuser.net,2012-02-12,52
ur2898520,SnoopyStyl,snoopystyl289852038@example.com,2021-05-30,48
ur58525162,deloudelou,deloudelou5852516270@moviefans.com,1993-03-27,64
ur4569308,IRateFilms,iratefilms456930817@imdbuser.net,2011-12-08,29
ur10499365,BrianTS,briants1049936519@imdbuser.net,2024-08-19,16
ur16518848,feeneyoram,feeneyoram1651884844@imdbuser.net,2009-07-21,78
ur0391152,zetes,zetes039115218@imdbuser.net,1996-06-22,62
ur10456433,staceycali,staceycali1045643327@mail.com,1956-07-20,75
ur0712029,darkjosh,darkjosh071202910@mail.com,2023-12-10,14
ur12527639,atinder,atinder1252763938@example.com,2021-12-23,72
ur109959141,Overthered,overthered10995914136@imdbuser.net,1982-01-11,67
ur0614338,JoeyBro,joeybro061433820@mail.com,1989-12-03,40
ur1078266,asage19,asage19107826621@imdbuser.net,2000-04-28,47
ur0553300,seandchoi,seandchoi055330099@moviefans.com,2013-09-30,26
ur1148033,Sugar Bun,sugarbun114803378@example.com,1972-01-21,68
ur1580268,huggy_bear,huggybear158026899@mail.com,1965-07-24,67
ur117926588,IonicBreez,ionicbreez11792658826@mail.com,1983-01-25,49
ur0651811,goremaster,goremaster065181115@mail.com,1972-12-18,53
ur1362223,fuzzyfacef,fuzzyfacef136222387@example.com,2019-06-19,40
ur141878719,marinaant-,marinaant14187871970@imdbuser.net,2011-06-07,24
ur1235297,tcdarkness,tcdarkness123529797@mail.com,1960-12-28,74
ur0453068,Quinoa1984,quinoa1984045306872@mail.com,1995-03-27,55
ur0539785,F1ame,f1ame053978559@imdbuser.net,1983-07-09,77
ur2045837,dkevinlero,dkevinlero204583791@mail.com,1979-10-19,52
ur48490287,shawneofth,shawneofth4849028762@moviefans.com,1990-11-26,59
ur57143553,Vaduen,vaduen5714355332@imdbuser.net,2010-06-06,68
ur4294858,3xHCCH,3xhcch429485824@mail.com,2012-07-05,17
ur47737753,rprince-83,rprince834773775378@imdbuser.net,2006-06-28,36
ur45635237,korcsmaros,korcsmaros4563523788@example.com,1987-08-18,46
ur3146136,siderite,siderite314613691@mail.com,2015-05-20,71
ur12930537,helmutty,helmutty1293053737@mail.com,2018-03-15,26
ur15000707,Bernie4444,bernie44441500070724@example.com,2024-12-03,49
ur51687045,Garcwrites,garcwrites5168704589@moviefans.com,2000-03-19,52
ur2488512,claudio_ca,claudioca248851219@moviefans.com,2012-04-27,19
ur25051015,m-dybdal,mdybdal2505101518@mail.com,2013-11-25,23
ur39218111,Franco_Str,francostr3921811188@imdbuser.net,1977-09-24,56
ur12067096,lucky93-1,lucky9311206709689@example.com,1993-06-16,33
ur0616159,banasooth,banasooth061615970@mail.com,1997-03-21,67
ur78213202,mg-22377,mg223777821320210@mail.com,1987-12-22,54
ur33374263,LeonLouisR,leonlouisr3337426337@imdbuser.net,1995-07-29,59
ur17821757,patherwill,patherwill1782175712@mail.com,2025-02-01,56
ur18058645,sanjin_963,sanjin9631805864555@mail.com,2004-12-26,46
ur65737204,PredragRev,predragrev6573720476@moviefans.com,1989-04-02,46
ur58495632,adithyasiv,adithyasiv5849563241@imdbuser.net,2000-07-22,28
ur2736980,xavrush89,xavrush89273698049@example.com,2001-08-14,76
ur69401951,PaulusLoZe,paulusloze6940195138@imdbuser.net,2023-11-25,43
ur93029414,atladymori,atladymori9302941418@example.com,2010-07-24,38
ur4027771,DisJunkPIC,disjunkpic402777169@example.com,2013-02-08,51
ur11673014,randymoyle,randymoyle1167301439@example.com,2008-05-26,24
ur9987799,mjneu59,mjneu59998779966@example.com,2019-07-17,75
ur4357678,anderssono,anderssono435767890@imdbuser.net,1985-10-11,56
ur6001664,Exit_of_99,exitof99600166438@mail.com,2019-10-19,40
ur0783721,=G=,g078372173@moviefans.com,1962-02-17,68
ur2483625,bkoganbing,bkoganbing248362553@example.com,2004-05-05,51
ur5100681,landoislov,landoislov510068188@mail.com,2011-03-07,34
ur85372599,peisli,peisli8537259947@example.com,1995-12-29,58
ur120948282,rollernerd,rollernerd12094828233@moviefans.com,1961-06-01,79
ur0593719,rps-2,rps2059371915@example.com,2010-01-05,32
ur26226712,Jeremy_Urq,jeremyurq2622671233@example.com,1999-08-13,41
ur0432314,scooter-70,scooter70043231499@example.com,2021-07-21,15
ur8972434,Harry_Kean,harrykean897243434@mail.com,2016-07-11,77
ur19751815,GrowMagicB,growmagicb1975181529@moviefans.com,1994-06-26,32
ur2419668,intelearts,intelearts241966862@moviefans.com,2016-10-07,76
ur22654354,paul_m_haa,paulmhaa2265435483@imdbuser.net,1966-12-03,60
ur43605548,robinski34,robinski344360554856@imdbuser.net,1993-04-17,34
ur23359813,studioAT,studioat2335981359@imdbuser.net,2006-11-30,31
ur23420953,danielkrat,danielkrat2342095355@mail.com,2000-11-17,25
ur51097301,armandobar,armandobar5109730134@moviefans.com,2014-02-26,30
ur105224459,rudicantfa,rudicantfa10522445982@example.com,2021-11-27,64
ur23421212,soffe12345,soffe123452342121210@mail.com,1983-12-27,61
ur26700618,dimarinc,dimarinc2670061858@example.com,1993-05-11,34
ur60694934,ihatework-,ihatework6069493443@mail.com,2013-11-09,75
ur23188638,saadgkhan,saadgkhan2318863858@moviefans.com,2014-11-26,16
ur17163154,synevy,synevy1716315426@imdbuser.net,2022-12-12,53
ur11259279,stueey,stueey1125927918@moviefans.com,1986-08-11,73
ur104081583,drfcx,drfcx10408158352@imdbuser.net,2016-11-03,64
ur20315296,blacklist-,blacklist2031529668@imdbuser.net,2000-07-15,30
ur36357573,Uriah43,uriah433635757361@imdbuser.net,1995-03-10,76
ur47204983,Sergiodave,sergiodave4720498351@moviefans.com,2013-09-27,38
ur44112735,A_Differen,adifferen4411273562@example.com,2005-10-23,64
ur23483288,StevePulas,stevepulas2348328888@imdbuser.net,1985-10-26,41
ur17590531,CleveMan66,cleveman661759053120@imdbuser.net,1967-03-03,65
ur57103146,jaysanchu0,jaysanchu05710314622@example.com,1985-05-01,43
ur34269314,bloodclay,bloodclay3426931483@mail.com,2002-04-16,66
ur62646272,joshvonhou,joshvonhou6264627211@moviefans.com,2006-03-19,70
ur59684000,thatkidwit,thatkidwit5968400086@imdbuser.net,2003-01-18,45
ur28763745,sweeeetmik,sweeeetmik2876374563@mail.com,2011-05-29,16
ur29592278,stephendax,stephendax2959227852@imdbuser.net,1956-05-08,74
ur39517558,ThomasDruf,thomasdruf3951755819@moviefans.com,2001-02-16,42
ur78149618,parrot007,parrot0077814961877@mail.com,1995-07-20,31
ur67478381,catpantry,catpantry6747838130@imdbuser.net,2006-10-05,80
ur6141756,capone666,capone666614175628@mail.com,2004-11-23,41
ur27344817,cattjones,cattjones2734481738@example.com,1973-05-07,80
ur54088548,RustyShack,rustyshack5408854894@example.com,2005-02-09,60
ur67474219,lrtb-34348,lrtb343486747421922@imdbuser.net,1997-04-04,51
ur13566917,estebangon,estebangon1356691741@mail.com,1987-03-17,75
ur2587126,Innoculo,innoculo258712647@mail.com,2022-01-15,46
ur10734326,fmarkland3,fmarkland31073432683@imdbuser.net,1990-08-13,37
ur3097374,tocotoco20,tocotoco20309737473@moviefans.com,2024-09-10,71
ur3270789,ma-cortes,macortes327078981@example.com,1990-11-20,77
ur12844960,trashgang,trashgang1284496046@moviefans.com,2019-07-25,13
ur0361658,Captain_Co,captainco036165814@imdbuser.net,2001-12-17,24
ur109819335,samoanui,samoanui10981933561@example.com,1982-10-21,80
ur3072427,tarbosh220,tarbosh220307242721@example.com,1977-03-22,65
ur0372337,bronty,bronty037233778@moviefans.com,2024-04-22,67
ur45707659,videorama-,videorama4570765941@imdbuser.net,1976-04-14,66
ur0993000,plantostic,plantostic099300094@imdbuser.net,1998-04-23,44
ur29500838,damianphel,damianphel2950083847@example.com,2021-01-26,25
ur1974411,mandelmand,mandelmand197441159@mail.com,2013-01-16,55
ur0388240,gaus,gaus038824091@example.com,1980-01-18,77
ur1811438,goev,goev181143831@imdbuser.net,2018-08-16,70
ur0189629,ruby_fff,rubyfff018962968@mail.com,2020-04-15,24
ur23264485,john38-738,john387382326448594@mail.com,2001-02-11,77
ur2042633,noralee,noralee204263328@example.com,2012-06-23,20
ur2306944,cedric_owl,cedricowl230694463@example.com,2013-09-05,15
ur3670492,view_and_r,viewandr367049261@example.com,1972-11-30,54
ur0119161,ebert_jr,ebertjr011916112@moviefans.com,1999-11-13,73
ur0006967,Pete.B,peteb000696754@example.com,1964-07-10,77
ur0980654,dariodgg,dariodgg098065481@moviefans.com,2003-12-18,52
ur16161013,hitchcockt,hitchcockt1616101339@example.com,2017-11-25,53
ur6592248,opinionate,opinionate659224879@imdbuser.net,2015-11-15,47
ur2082018,paul2001sw,paul2001sw208201835@example.com,2025-11-16,70
ur1857852,SalutToi,saluttoi185785297@example.com,1997-09-09,67
ur7960248,fanhybrid,fanhybrid796024845@mail.com,2025-04-22,37
ur123034016,jamesmcaus,jamesmcaus12303401643@mail.com,2009-04-29,39
ur0033913,Sylviastel,sylviastel003391368@imdbuser.net,2020-02-06,43
ur0517745,sutcal,sutcal051774535@imdbuser.net,2016-05-01,36
ur1192106,Shooshoo80,shooshoo80119210690@imdbuser.net,1984-03-04,80
ur4554777,Lindas7774,lindas7774455477764@imdbuser.net,1982-07-09,43
ur0989035,moonspinne,moonspinne098903533@example.com,2003-08-25,42
ur2115936,clevelande,clevelande211593646@imdbuser.net,2016-02-07,27
ur0085354,TSMChicago,tsmchicago008535423@mail.com,1993-11-08,53
ur28010022,Tiger_JD,tigerjd2801002230@imdbuser.net,1985-10-30,52
ur61413409,lotussong,lotussong6141340920@example.com,2007-01-13,34
ur38785735,joelakalpr,joelakalpr3878573593@moviefans.com,1982-09-23,45
ur4888011,lee_eisenb,leeeisenb488801147@example.com,2025-03-24,51
ur29246696,robi-crl,robicrl2924669653@mail.com,1988-02-05,62
ur50148394,bpeterson8,bpeterson85014839425@example.com,2003-08-02,45
ur73155486,cinemacook,cinemacook7315548651@example.com,2022-06-10,30
ur67268877,evrivali,evrivali6726887765@moviefans.com,2010-07-27,30
ur43488885,jgtornado1,jgtornado14348888550@example.com,2018-07-11,23
ur35623598,nicolechan,nicolechan3562359819@example.com,2007-01-06,28
ur56519815,kategcom,kategcom5651981544@moviefans.com,2012-05-26,24
ur72016701,matthewbab,matthewbab7201670197@moviefans.com,2007-01-03,19
ur71664715,tayhioktho,tayhioktho7166471520@mail.com,1992-03-03,57
ur65182697,mortempus,mortempus6518269767@imdbuser.net,1969-04-20,59
ur76806403,jsucese,jsucese7680640318@imdbuser.net,2013-05-21,79
ur48661902,claudjak-8,claudjak84866190267@mail.com,2017-06-18,28
ur31328960,Ed-Shulliv,edshulliv3132896051@imdbuser.net,1995-03-31,62
ur64152012,larryhou,larryhou6415201286@mail.com,2022-12-16,68
ur72140018,lindaslatt,lindaslatt7214001836@moviefans.com,1969-09-03,65
ur20962118,RodrigAndr,rodrigandr2096211899@example.com,1985-03-31,58
ur1257208,rannynm,rannynm125720858@example.com,1983-10-06,52
ur72002134,tonylambur,tonylambur7200213445@moviefans.com,1996-12-05,55
ur11383616,MHeying777,mheying7771138361629@example.com,1967-11-03,66
ur1219578,dbdumontei,dbdumontei121957855@moviefans.com,1976-04-12,78
ur0574035,JuguAbraha,juguabraha057403526@mail.com,2005-06-06,39
ur0519305,tesscat,tesscat051930528@example.com,2003-01-23,26
ur0446728,Junker-2,junker2044672846@mail.com,2019-08-24,18
ur64116455,ikliuchivs,ikliuchivs6411645590@mail.com,2010-08-23,31
ur1038773,panicwatch,panicwatch103877378@moviefans.com,1980-09-20,49
ur0372420,pettyfog,pettyfog037242083@imdbuser.net,2012-04-26,67
ur33151744,bradencn,bradencn3315174496@mail.com,2000-08-04,58
ur2810983,Dan1863Sic,dan1863sic281098376@example.com,1989-02-05,46
ur0995833,mikemahony,mikemahony099583339@imdbuser.net,2018-04-15,48
ur47056177,paudieconn,paudieconn4705617711@imdbuser.net,1966-12-09,80
ur1532177,Theo Rober,theorober153217723@mail.com,2017-09-18,47
ur3067128,bwianiscoo,bwianiscoo306712872@moviefans.com,1984-07-26,61
ur47618068,depthconne,depthconne4761806853@mail.com,2022-04-26,32
ur99759061,carliemyer,carliemyer9975906131@imdbuser.net,1978-09-14,70
ur22900524,shay97,shay972290052431@example.com,2011-03-13,16
ur14630819,thekarmicn,thekarmicn1463081911@mail.com,2021-06-26,47
ur41972501,euroGary,eurogary4197250153@imdbuser.net,1975-11-20,62
ur35401964,roblesar99,roblesar993540196448@moviefans.com,2010-09-02,37
ur86323087,wendieglas,wendieglas8632308765@moviefans.com,2023-05-03,52
ur5139163,excalibur1,excalibur1513916341@example.com,2016-12-24,13
ur72345498,vinnybellu,vinnybellu7234549864@mail.com,2005-07-13,24
ur49208568,bob-the-mo,bobthemo4920856883@moviefans.com,2007-08-09,46
ur87954956,nasserman,nasserman8795495615@imdbuser.net,1988-03-17,50
ur0331289,ksf-2,ksf2033128953@example.com,2012-04-01,22
ur71275352,eparazak,eparazak7127535298@example.com,2007-06-07,28
ur71482131,wisneskili,wisneskili7148213111@mail.com,1992-09-04,62
ur37030062,james-nick,jamesnick3703006285@imdbuser.net,2017-08-10,38
ur19226907,Tigerbai1,tigerbai11922690778@imdbuser.net,2002-02-13,75
ur23240045,kjproulx,kjproulx2324004515@mail.com,2004-07-22,50
ur73876169,philip-001,philip0017387616937@example.com,2012-12-29,69
ur79575099,NewGirlNic,newgirlnic7957509955@imdbuser.net,1998-12-25,62
ur26014447,valiumthou,valiumthou2601444730@example.com,2002-08-20,23
ur26256091,peckham-an,peckhaman2625609164@imdbuser.net,2019-06-14,71
ur3884355,adam_casey,adamcasey388435517@mail.com,1982-08-07,44
ur1601212,film-criti,filmcriti160121291@moviefans.com,2011-11-01,27
ur0139489,xmute,xmute013948965@imdbuser.net,2005-08-25,58
ur0089694,Badfish,badfish008969490@example.com,2007-08-02,47
ur5876717,kosmasp,kosmasp587671711@mail.com,1981-12-10,54
ur1132841,Krugen,krugen113284127@example.com,2016-09-25,23
ur14357274,tiffmaster,tiffmaster1435727468@example.com,2003-07-19,29
ur56005872,Bored_Drag,boreddrag5600587234@imdbuser.net,2004-04-07,24
ur10945044,andybradsh,andybradsh1094504415@moviefans.com,2009-09-13,32
ur6321000,TheUnknown,theunknown632100095@example.com,1980-03-17,48
ur197000675,stephringp,stephringp19700067584@mail.com,1997-07-04,41
ur46067135,BlazeThatT,blazethatt4606713530@example.com,2017-07-02,54
ur0177417,joekaz,joekaz017741715@mail.com,2013-08-17,36
ur14236266,Mightyzebr,mightyzebr1423626655@moviefans.com,2016-04-23,16
ur78948186,Animany94,animany947894818610@moviefans.com,2008-04-18,33
ur13712891,lilmermaid,lilmermaid1371289178@example.com,2017-05-08,20
ur5963298,Jijjin2004,jijjin2004596329886@imdbuser.net,1971-11-10,74
ur4206749,penchantpo,penchantpo420674926@imdbuser.net,2024-04-06,45
ur0889312,wildpeace1,wildpeace1088931261@moviefans.com,2007-05-16,36
ur81864032,elicopperm,elicopperm8186403266@imdbuser.net,2006-09-01,39
ur4671065,on_the_can,onthecan467106514@moviefans.com,2007-08-25,80
ur22858911,santielkap,santielkap2285891167@moviefans.com,2004-04-14,24
ur0439312,pmcollecto,pmcollecto043931285@example.com,1986-11-09,48
ur5464686,BuffaloWil,buffalowil546468667@moviefans.com,2011-11-12,28
ur0186047,nero-5,nero5018604740@imdbuser.net,2008-07-21,78
ur34368006,sjspol,sjspol3436800633@imdbuser.net,1995-03-11,55
ur10919398,bankofmarq,bankofmarq1091939860@imdbuser.net,2017-02-26,42
ur0351766,henry8-3,henry83035176655@moviefans.com,2014-12-05,76
ur24199846,Derek117,derek1172419984695@example.com,2022-05-30,69
ur61780321,autisticre,autisticre6178032193@imdbuser.net,2007-03-24,70
ur0689103,rbrb,rbrb068910348@imdbuser.net,2012-06-23,13
ur81839754,thefilmnot,thefilmnot8183975484@example.com,2007-06-05,59
ur21054934,asb_deutsc,asbdeutsc2105493481@moviefans.com,2025-11-19,34
ur87850731,0U,0u8785073144@moviefans.com,1982-07-24,65
ur108874341,mikayakatn,mikayakatn10887434134@example.com,2017-11-09,13
ur76824135,simmonschr,simmonschr7682413586@mail.com,1993-08-11,39
ur26680166,RforFilm,rforfilm2668016685@example.com,2016-01-10,23
ur10849792,j-bruns,jbruns1084979211@moviefans.com,2025-06-12,61
ur165765826,lolosleeps,lolosleeps16576582613@mail.com,2019-09-02,78
ur16407280,deepakahlu,deepakahlu1640728046@example.com,2010-03-13,52
ur48260006,jinn2233,jinn22334826000673@example.com,2015-05-11,32
ur7197156,www_dot_tm,wwwdottm719715628@moviefans.com,1984-05-12,47
ur20631598,malky-6,malky62063159874@imdbuser.net,1976-09-29,53
ur65760517,eberkerbat,eberkerbat6576051794@mail.com,1979-08-10,74
ur16965965,blufrog49,blufrog491696596586@imdbuser.net,2014-07-10,25
ur52820941,steve-4-40,steve4405282094134@moviefans.com,2016-03-31,68
ur51273808,mrcricken8,mrcricken85127380833@moviefans.com,1979-04-24,62
ur31261952,Movie-ManD,moviemand3126195219@mail.com,1977-08-19,51
ur29547180,insanemovi,insanemovi2954718029@moviefans.com,2000-05-31,76
ur1282747,KenLiversa,kenliversa128274722@imdbuser.net,1980-08-31,70
ur55692055,zhanna1963,zhanna19635569205523@example.com,1997-08-20,39
ur130269326,adadorisd,adadorisd13026932611@example.com,2012-10-12,47
ur54598470,tml_fan1,tmlfan15459847077@example.com,2000-11-17,62
ur25312605,iquine,iquine2531260550@mail.com,2020-04-27,78
ur25171845,sawaugh,sawaugh2517184532@imdbuser.net,1999-02-26,59
ur16952819,dedutchess,dedutchess1695281962@example.com,2024-04-25,75
ur1888258,darius_sut,dariussut188825892@example.com,2021-04-10,28
ur35008865,Vega7473,vega74733500886532@imdbuser.net,2014-07-30,24
ur119213216,AscendeSup,ascendesup11921321614@moviefans.com,2018-10-21,14
ur37985547,ksholl-537,ksholl5373798554776@mail.com,2022-07-10,63
ur19949273,bobbo204,bobbo2041994927321@mail.com,1995-05-01,65
ur72287918,anaac-3789,anaac37897228791820@mail.com,1978-01-16,77
ur25229122,billush,billush2522912285@mail.com,2022-10-07,20
ur0442119,Red-125,red125044211959@mail.com,2021-08-23,28
ur31756283,missreneb,missreneb3175628358@imdbuser.net,2021-07-18,28
ur13082211,safsurfer,safsurfer1308221185@example.com,2015-11-25,41
ur64782584,paypal-574,paypal5746478258480@imdbuser.net,2008-04-18,20
ur86128647,taraohanle,taraohanle8612864732@mail.com,1987-08-21,58
ur48560127,bjarias,bjarias4856012750@moviefans.com,1992-07-28,36
ur80110860,adriana231,adriana2318011086020@example.com,1991-09-17,38
ur26892326,SantaCruzR,santacruzr2689232611@imdbuser.net,2008-08-27,63
ur1092779,vinsond21,vinsond21109277949@imdbuser.net,2011-05-30,38
ur43949288,JoBloTheMo,joblothemo4394928895@example.com,2001-06-12,60
ur11523087,nancyldrap,nancyldrap1152308799@moviefans.com,1985-09-25,45
ur100953922,fmadariaga,fmadariaga10095392213@imdbuser.net,2016-06-14,37
ur4153520,morganmcki,morganmcki415352020@imdbuser.net,2010-07-08,39
ur57169479,euanmcgrat,euanmcgrat5716947914@example.com,1983-01-10,63
ur96545050,ilovefoodc,ilovefoodc9654505021@example.com,2015-07-24,47
ur7937097,jason-1086,jason1086793709797@imdbuser.net,1981-10-13,58
ur5019195,alive_stil,alivestil501919576@moviefans.com,2021-11-09,46
ur81880449,dellamorte,dellamorte8188044960@moviefans.com,2024-09-06,26
ur1381493,moifee,moifee138149380@mail.com,2022-08-17,21
ur13754061,weenawoman,weenawoman1375406184@mail.com,1989-04-07,77
ur0126772,capn_wac,capnwac012677245@imdbuser.net,1996-05-01,77
ur3391733,clarkpark,clarkpark339173370@example.com,1999-09-26,58
ur16178412,Sober-Frie,soberfrie1617841218@mail.com,2009-06-16,45
ur0097585,Mister-6,mister6009758522@example.com,1992-02-05,54
ur1111192,Aaron1375,aaron1375111119231@moviefans.com,2009-12-16,33
ur35067858,Maziun,maziun3506785843@example.com,2003-05-04,63
ur0423363,mcguffin-7,mcguffin7042336343@moviefans.com,1992-02-19,38
ur3071695,lost-in-li,lostinli307169510@example.com,2020-11-09,51
ur0447092,delbruk,delbruk044709239@moviefans.com,2013-01-16,63
ur0342080,filmbuff-3,filmbuff3034208090@mail.com,1999-06-11,27
ur1994077,Mr-Fusion,mrfusion199407772@example.com,1976-11-06,76
ur28159509,Hey_Sweden,heysweden2815950949@mail.com,2007-08-15,48
ur4812016,djslammm,djslammm481201661@moviefans.com,2025-03-18,35
ur2029983,Split_Imag,splitimag202998319@moviefans.com,2014-02-08,16
ur0072584,Stryker-2,stryker2007258443@example.com,1988-04-19,46
ur5665759,frodog23,frodog23566575953@moviefans.com,2002-02-07,52
ur131783850,kevin_robb,kevinrobb13178385064@example.com,2015-02-08,35
ur0061309,Aylmer,aylmer006130957@mail.com,2018-10-25,30
ur50275566,irishmorga,irishmorga5027556667@example.com,2018-09-15,41
ur1936373,jsbrad2,jsbrad2193637387@mail.com,1998-04-14,49
ur10426228,r-el,rel1042622811@imdbuser.net,2018-06-16,19
ur4569900,Prismark10,prismark10456990082@mail.com,2003-10-13,60
ur15691694,duxdylanqc,duxdylanqc1569169419@moviefans.com,2012-06-14,51
ur4038897,babuon,babuon403889718@mail.com,2021-10-13,18
ur2347847,joseav10,joseav10234784725@imdbuser.net,2017-01-03,58
ur0752600,bithok,bithok075260040@moviefans.com,1979-03-15,57
ur1406078,jotix100,jotix100140607852@imdbuser.net,2020-01-05,15
ur3586785,mgphd,mgphd358678592@example.com,1998-08-03,50
ur4531107,thespira,thespira453110789@example.com,2016-03-23,15
ur0509769,wisewebwom,wisewebwom050976973@imdbuser.net,2015-07-31,32
ur0491610,howard.sch,howardsch049161064@moviefans.com,1989-10-09,64
ur17917414,tisserand6,tisserand61791741450@moviefans.com,1988-06-06,64
ur114797517,g-87877,g8787711479751736@imdbuser.net,1955-01-15,80
ur114626847,u-32187,u3218711462684779@imdbuser.net,2011-08-10,18
ur0887623,tresdodge,tresdodge088762370@imdbuser.net,2004-10-24,27
ur2179423,cykamp,cykamp217942346@imdbuser.net,1999-11-24,39
ur0064493,Chris_Dock,chrisdock006449395@example.com,2022-10-18,60
ur9557126,Gunnar_Run,gunnarrun955712654@mail.com,1989-06-24,79
ur23672103,chinmoy326,chinmoy3262367210359@imdbuser.net,2017-07-25,13
ur3647174,mcgill_j,mcgillj364717473@imdbuser.net,1962-06-20,74
ur113506463,Kamurai25,kamurai2511350646362@mail.com,2010-02-15,47
ur74821091,laylaytfg,laylaytfg7482109144@mail.com,2018-09-26,61
ur48140167,starbright,starbright4814016760@mail.com,2010-01-11,34
ur71506838,ks-60500,ks605007150683863@mail.com,2008-07-14,32
ur62650924,GreenGable,greengable6265092461@example.com,2019-04-01,52
ur19999335,zorn907,zorn9071999933540@moviefans.com,1993-07-06,68
ur152275198,JustSaying,justsaying15227519869@example.com,2004-02-29,43
ur25530868,ok-patrick,okpatrick2553086856@mail.com,1984-08-03,50
ur0332248,Lee-107,lee107033224871@mail.com,2015-04-06,41
ur101438162,IndieFan85,indiefan8510143816269@example.com,2016-11-26,22
ur27077890,juneebuggy,juneebuggy2707789070@moviefans.com,1990-09-18,43
ur101484204,sawadee-68,sawadee6810148420421@imdbuser.net,2010-07-03,28
ur19452894,nicki9112,nicki91121945289468@imdbuser.net,1997-07-11,56
ur21675907,xodramaQue,xodramaque2167590788@mail.com,2003-07-01,70
ur18374320,Dragoneyed,dragoneyed1837432068@example.com,1986-09-14,44
ur14757266,misskirsty,misskirsty1475726671@moviefans.com,2017-04-20,19
ur68094367,dahlstrman,dahlstrman6809436770@imdbuser.net,2013-06-06,79
ur21833424,The_Fifth_,thefifth2183342464@example.com,2020-11-06,65
ur7143948,hanin84,hanin84714394836@moviefans.com,2004-02-01,43
ur23313030,jennywaltz,jennywaltz2331303041@mail.com,1997-10-26,43
ur172601019,muzotime_U,muzotimeu17260101998@imdbuser.net,2014-10-10,28
ur6932804,ffc_home,ffchome693280419@moviefans.com,1988-04-09,59
ur10348311,honorhorro,honorhorro1034831195@example.com,1995-05-19,51
ur3917304,so4,so4391730461@mail.com,2019-12-05,17
ur56393956,the-fearle,thefearle5639395690@example.com,2004-11-02,40
ur135308042,ingobert,ingobert13530804232@example.com,2004-11-01,30
ur3079504,dbborrough,dbborrough307950496@imdbuser.net,1993-01-17,52
ur98435364,mgd_m,mgdm9843536491@imdbuser.net,1975-07-25,64
ur76498966,SimonD1900,simond19007649896659@imdbuser.net,1999-11-10,51
ur64264987,Tweetienat,tweetienat6426498740@imdbuser.net,2013-04-14,15
ur0876703,zacdawac,zacdawac087670348@moviefans.com,2015-07-07,47
ur0566224,obscure105,obscure105056622482@example.com,2002-06-12,72
ur133572991,braunbart,braunbart13357299167@moviefans.com,2024-06-17,63
ur0404888,beerme,beerme040488822@imdbuser.net,2012-11-12,42
ur1406466,bowmanblue,bowmanblue140646683@imdbuser.net,2004-07-19,24
ur64798417,Top_Dawg_C,topdawgc6479841799@example.com,2023-09-06,38
ur30414462,neener3707,neener37073041446280@example.com,2018-02-16,79
ur85343570,ryanlauren,ryanlauren8534357057@imdbuser.net,2009-03-16,61
ur12666537,rockman182,rockman1821266653782@imdbuser.net,1986-04-20,65
ur74701968,duffjerrol,duffjerrol7470196844@mail.com,2003-11-10,22
ur0182301,maskedmovi,maskedmovi018230157@example.com,2005-09-10,44
ur24230755,spookyrat1,spookyrat12423075578@moviefans.com,2016-03-08,41
ur25656841,kristen_22,kristen222565684167@example.com,2022-07-08,33
ur64412914,lekili-634,lekili6346441291493@example.com,2008-08-12,19
ur30504936,Rintelman,rintelman3050493643@mail.com,1994-01-13,37
ur48894772,mcleanmuir,mcleanmuir4889477278@imdbuser.net,2013-08-19,15
ur51743757,akwsixers1,akwsixers15174375723@moviefans.com,1968-09-25,77
ur2185775,allie701,allie701218577549@example.com,1980-01-17,67
ur36657881,punishable,punishable3665788170@example.com,2013-03-07,37
ur4623658,melaniewoo,melaniewoo462365892@example.com,2018-06-10,40
ur75591414,tlarraya,tlarraya7559141471@example.com,1988-07-31,74
ur85361563,Mammoth44,mammoth448536156381@moviefans.com,2002-04-19,61
ur11920286,kittiwake-,kittiwake1192028652@example.com,2011-07-08,66
ur1609501,barnabyrud,barnabyrud160950172@example.com,2008-02-24,45
ur15298231,Lejink,lejink1529823193@example.com,2025-12-01,29
ur2467123,equipage,equipage246712354@example.com,2017-03-24,29
ur1637710,strahd98,strahd98163771083@imdbuser.net,2007-01-26,78
ur0149753,Rich-99,rich99014975353@mail.com,2008-04-22,22
ur19511193,Samiam3,samiam31951119375@mail.com,2025-03-05,22
ur14520497,generation,generation1452049728@moviefans.com,2025-01-13,41
ur0326120,KatharineF,katharinef032612064@moviefans.com,2025-11-26,28
ur119023009,Hayden-860,hayden86011902300968@moviefans.com,2010-01-20,31
ur68048333,loganthehu,loganthehu6804833324@mail.com,2020-11-07,62
ur0463200,preppy-3,preppy3046320050@example.com,1983-10-18,49
ur35233747,botfeeder,botfeeder3523374733@example.com,2024-11-04,42
ur23309467,jonathan-7,jonathan72330946781@moviefans.com,2013-07-21,54
ur120145436,bgaiv,bgaiv12014543677@imdbuser.net,2012-06-27,60
ur24723305,SchmunzelT,schmunzelt2472330526@example.com,1996-09-02,63
ur14302383,sheepdater,sheepdater1430238399@moviefans.com,2024-09-11,60
ur129453447,sendspamhe,sendspamhe12945344762@mail.com,2012-10-05,19
ur8543064,zhivago97,zhivago97854306429@imdbuser.net,2010-07-04,25
ur2449045,Jay_Rusty,jayrusty244904594@moviefans.com,2011-01-10,25
ur3922673,philip_van,philipvan392267318@mail.com,2022-08-01,78
ur1293485,Smells_Lik,smellslik129348531@moviefans.com,2025-10-21,14
ur0386241,gridoon,gridoon038624193@imdbuser.net,2008-01-14,18
ur2467618,planktonru,planktonru246761851@mail.com,2003-01-05,26
ur3869264,wliia,wliia386926438@imdbuser.net,2006-09-20,50
ur1696608,Agent10,agent10169660895@moviefans.com,1992-03-15,72
ur7364141,nifelhem,nifelhem736414172@example.com,2017-09-27,22
ur65170516,LetsReview,letsreview6517051634@imdbuser.net,2010-09-14,65
ur116970440,adamjohns-,adamjohns11697044076@imdbuser.net,1993-04-19,80
ur1138167,directorsc,directorsc113816729@mail.com,2021-01-03,53
ur0482513,Leofwine_d,leofwined048251364@example.com,1963-11-02,75
ur60965299,AngelHones,angelhones6096529937@example.com,1988-07-13,40
ur20128641,splatwacke,splatwacke2012864159@imdbuser.net,1995-04-29,75
ur2093818,TBJCSKCNRR,tbjcskcnrr209381850@mail.com,1998-01-22,41
ur23983156,sappyka11,sappyka112398315693@example.com,2020-12-14,59
ur14296238,rosalindan,rosalindan1429623810@moviefans.com,2012-07-31,69
ur6136051,Davor_Blaz,davorblaz613605112@mail.com,1997-12-16,72
ur67753512,alexseeley,alexseeley6775351218@example.com,1971-08-29,58
ur23457832,justincela,justincela2345783285@imdbuser.net,2022-07-06,16
ur19287618,debra_bott,debrabott1928761814@imdbuser.net,2012-11-18,59
ur87608150,hannahgrah,hannahgrah8760815032@example.com,2004-07-17,29
ur30183761,bickabah,bickabah3018376180@mail.com,2025-06-08,15
ur79898056,jakegsumme,jakegsumme7989805691@mail.com,1948-07-23,79
ur29553423,cheerbear7,cheerbear72955342379@mail.com,1987-09-12,40
ur13121706,hr-lindber,hrlindber1312170621@imdbuser.net,1981-04-10,58
ur51795839,SaintedSon,saintedson5179583968@moviefans.com,1969-02-13,80
ur74847984,mrharrypau,mrharrypau7484798465@mail.com,1991-08-24,72
ur37223599,zweethat,zweethat3722359983@imdbuser.net,2023-09-30,28
ur88129656,bmtauto,bmtauto8812965698@mail.com,2020-10-21,59
ur46513772,Mesayon,mesayon4651377271@example.com,2006-12-02,41
ur10067675,trimblair,trimblair1006767517@moviefans.com,1959-02-20,69
ur0785249,jhclues,jhclues078524922@moviefans.com,2023-06-23,65
ur22756322,RockyMtnVi,rockymtnvi2275632210@imdbuser.net,2005-12-19,33
ur34307814,safenoe,safenoe3430781458@imdbuser.net,2011-05-14,71
ur0824448,mcstack,mcstack082444882@imdbuser.net,1992-10-07,37
ur3174947,mjw2305,mjw2305317494776@imdbuser.net,2023-05-28,53
ur3071186,Ship_Capta,shipcapta307118690@mail.com,1983-11-23,67
ur0278527,Hitchcoc,hitchcoc027852737@moviefans.com,2016-09-29,29
ur0128216,emm,emm012821613@mail.com,1996-11-11,52
ur11769314,crazykrueg,crazykrueg1176931462@moviefans.com,2024-10-28,38
ur0137908,didi-5,didi5013790818@moviefans.com,2021-11-19,50
ur89493617,truemythme,truemythme8949361742@example.com,2017-08-09,34
ur0153356,wryroy,wryroy015335621@mail.com,1979-07-10,50
ur4129893,Dr_Gonzo_P,drgonzop412989373@imdbuser.net,2016-01-01,38
ur84924605,imseeg,imseeg8492460556@mail.com,2016-08-18,15
ur66601046,ericsteven,ericsteven6660104651@moviefans.com,1998-09-07,57
ur12219256,Bezenby,bezenby1221925699@mail.com,2011-06-21,21
ur8112773,Weirdling_,weirdling811277331@mail.com,1996-10-09,74
ur4944007,christophe,christophe494400762@example.com,2011-12-30,14
ur72958480,thalassafi,thalassafi7295848021@example.com,2010-06-13,16
ur2020269,Coventry,coventry202026936@imdbuser.net,1977-07-06,56
ur78375856,Stevieboy6,stevieboy67837585677@imdbuser.net,1963-05-01,67
ur157865736,jordondave,jordondave15786573646@mail.com,2010-03-20,63
ur2248099,The_Void,thevoid224809932@mail.com,2011-11-02,14
ur121021922,ZeddaZogen,zeddazogen12102192216@imdbuser.net,1992-09-07,44
ur3173493,dopefishie,dopefishie317349345@mail.com,2003-03-30,56
ur13891183,mjanssens2,mjanssens21389118386@example.com,1989-04-02,63
ur3501803,emastersla,emastersla350180347@mail.com,2023-12-02,54
ur0011762,cherold,cherold001176245@imdbuser.net,2022-02-05,50
ur1399158,Bunuel1976,bunuel1976139915851@moviefans.com,2021-05-05,21
ur21385151,FreakinFil,freakinfil2138515153@imdbuser.net,1996-02-10,30
ur29565770,breakdownt,breakdownt2956577081@mail.com,1990-10-07,48
ur5608050,NerdyDonal,nerdydonal560805044@imdbuser.net,2019-01-20,45
ur1032474,SanderStri,sanderstri103247434@moviefans.com,2014-10-21,40
ur0070180,Hal-55,hal55007018022@moviefans.com,1997-12-23,78
ur2320446,gpont,gpont232044686@example.com,2023-12-05,66
ur14385458,rldnlvalen,rldnlvalen1438545890@imdbuser.net,1988-10-19,42
ur0015007,hamburgerm,hamburgerm001500785@imdbuser.net,2009-02-01,26
ur0035229,Spleen,spleen003522938@mail.com,1973-06-17,77
ur0609647,Anscules,anscules060964732@imdbuser.net,1988-11-09,50
ur23619158,wwe7961,wwe79612361915828@mail.com,2010-02-04,20
ur1018480,GHCool,ghcool101848037@moviefans.com,2011-09-11,16
ur0769600,La Gremlin,lagremlin076960087@imdbuser.net,1960-03-21,80
ur7486679,wadetalon,wadetalon748667993@example.com,2009-11-16,28
ur0032971,Moviemom,moviemom003297124@moviefans.com,1974-02-12,74
ur140941989,reelreview,reelreview14094198989@moviefans.com,1983-09-07,77
ur44458887,millerian-,millerian4445888754@example.com,1982-05-03,56
ur0007627,pf9,pf9000762727@imdbuser.net,2009-02-19,21
ur0111563,Movie-12,movie12011156327@moviefans.com,1966-03-28,67
ur0294044,FANatic-10,fanatic10029404462@moviefans.com,1997-06-16,65
ur8526687,jarsulo,jarsulo852668726@mail.com,2006-07-12,35
ur0307374,rupie,rupie030737494@imdbuser.net,2014-07-12,32
ur1552203,jannagal,jannagal155220392@moviefans.com,2006-03-24,60
ur0496879,nocabout,nocabout049687922@imdbuser.net,2025-03-06,76
ur0137543,Linda-21,linda21013754389@moviefans.com,2023-02-18,48
ur3477188,jakasper1,jakasper1347718863@example.com,2018-02-27,26
ur0278768,Pandora Pe,pandorape027876817@example.com,2006-05-19,42
ur1954104,jpm610,jpm610195410457@moviefans.com,1970-04-21,63
ur0183551,nickd99,nickd99018355196@example.com,2001-12-25,25
ur5656380,thefreakon,thefreakon565638065@mail.com,2022-01-24,65
ur56984767,signlady,signlady5698476736@mail.com,2012-10-31,51
ur2348067,phillafell,phillafell234806720@imdbuser.net,2002-08-22,24
ur21182619,Quebec_Dra,quebecdra2118261928@example.com,2020-04-17,25
ur0057377,lib-4,lib4005737725@imdbuser.net,1991-06-01,50
ur1147062,stefan899,stefan899114706265@moviefans.com,1963-07-15,77
ur23096180,oOoBarracu,ooobarracu2309618063@moviefans.com,2009-03-01,43
ur26266323,drqshadow-,drqshadow2626632355@imdbuser.net,1978-02-02,77
ur1234929,gavin6942,gavin6942123492916@mail.com,1974-07-13,66
ur24179951,Slarkshark,slarkshark2417995143@example.com,1974-02-20,63
ur1046557,Howlin Wol,howlinwol104655791@example.com,2013-07-03,45
ur81872808,sergelamar,sergelamar8187280842@example.com,2019-10-18,26
ur22507470,brentn,brentn2250747073@example.com,1973-04-09,69
ur1173088,MovieAddic,movieaddic117308865@imdbuser.net,2011-12-24,39
ur134224713,CrazyArty,crazyarty13422471392@moviefans.com,1980-04-22,56
ur15896852,wes-connor,wesconnor1589685242@example.com,2020-03-27,38
ur0865972,HumanoidOf,humanoidof086597295@moviefans.com,1957-04-13,69
ur1801954,dmc102,dmc102180195493@imdbuser.net,1977-10-02,54
ur22826047,dworldeate,dworldeate2282604791@imdbuser.net,2009-10-23,20
ur0346867,whiplash-6,whiplash6034686763@example.com,2020-07-11,17
ur0227881,Smokey-13,smokey13022788173@example.com,1975-07-16,63
ur6394574,Hellraiser,hellraiser639457419@example.com,2023-12-11,26
ur0356617,G.Spider,gspider035661714@example.com,2009-10-09,34
ur49978208,dieseldemo,dieseldemo4997820874@imdbuser.net,2025-02-06,52
ur110879431,ulicknorma,ulicknorma11087943180@mail.com,2016-07-25,29
ur5718464,BonsterT,bonstert571846476@imdbuser.net,1988-09-06,46
ur4409266,Wuchakk,wuchakk440926637@mail.com,2025-05-11,14
ur5348015,JoeB131,joeb131534801594@example.com,1998-09-20,28
ur1629430,el_nickste,elnickste162943042@moviefans.com,2020-05-30,20
ur21404273,ctomvelu1,ctomvelu12140427375@example.com,2015-01-27,36
ur2295158,Sleel,sleel229515895@moviefans.com,1971-12-06,68
ur2263198,paulclaass,paulclaass226319818@moviefans.com,2022-12-12,29
ur0892646,dee.reid,deereid089264636@example.com,1968-05-26,72
ur6301440,MarkSchmit,markschmit630144026@mail.com,1953-05-09,80
ur4834714,SnakesOnAn,snakesonan483471444@moviefans.com,1991-10-21,53
ur1896124,utgard14,utgard14189612484@moviefans.com,2013-08-03,20
ur0453497,shaun98,shaun98045349790@imdbuser.net,2015-12-28,67
ur0826090,caspian197,caspian197082609036@moviefans.com,2015-08-05,55
ur3741220,tomgillesp,tomgillesp374122019@imdbuser.net,2014-07-23,49
ur1193248,Jonny_Numb,jonnynumb119324869@moviefans.com,2022-07-16,25
ur0550290,Andy Sandf,andysandf055029079@example.com,1980-08-02,54
ur10852125,mukava991,mukava9911085212540@example.com,2001-09-29,47
ur0226855,DennisLitt,dennislitt022685533@imdbuser.net,1997-08-31,29
ur18648338,fer_abra,ferabra1864833817@example.com,2018-04-02,30
ur1300977,countryway,countryway130097729@moviefans.com,1978-03-27,53
ur0399159,cathy-39,cathy39039915919@example.com,2015-05-15,23
ur1703665,mightyposs,mightyposs170366517@moviefans.com,1997-10-24,54
ur1043191,harunmusho,harunmusho104319140@imdbuser.net,2012-04-02,34
ur71960594,sherapchog,sherapchog7196059425@mail.com,2017-10-28,28
ur0331877,greg888,greg888033187791@imdbuser.net,2022-01-01,61
ur23486489,kevinjanaw,kevinjanaw2348648911@imdbuser.net,1980-06-05,53
ur27998275,marcello-s,marcellos2799827579@example.com,2011-09-05,24
ur27119774,ngafny4,ngafny42711977449@mail.com,1996-12-02,64
ur21881832,mdnobles19,mdnobles192188183238@moviefans.com,2005-07-25,21
ur20345029,Thrill_Kil,thrillkil2034502991@imdbuser.net,2008-11-09,57
ur54992405,m_Smilo,msmilo5499240574@moviefans.com,2012-03-13,54
ur61248692,Rozen-,rozen6124869250@mail.com,2023-06-13,22
ur33715940,ladyfalcon,ladyfalcon3371594063@moviefans.com,2024-05-22,75
ur15977902,Hellmant,hellmant1597790268@moviefans.com,2009-08-25,30
ur42462114,nippoman,nippoman4246211457@imdbuser.net,1978-01-19,77
ur0913053,tbradfor,tbradfor091305354@mail.com,2010-02-23,24
ur6201371,cricketbat,cricketbat620137197@example.com,2001-09-16,80
ur0375636,Buddy-51,buddy51037563688@imdbuser.net,1984-03-26,53
ur84596117,joiningjt,joiningjt8459611741@mail.com,2025-04-13,16
ur46460381,edaniellej,edaniellej4646038112@imdbuser.net,2024-01-29,69
ur107995685,nebohr,nebohr10799568580@example.com,1978-12-15,48
ur36529603,Travis_K,travisk3652960356@moviefans.com,1971-08-24,57
ur0236730,Zod-2,zod2023673085@imdbuser.net,1978-01-09,62
ur13743563,lostflix,lostflix1374356391@moviefans.com,2006-10-07,76
ur0355122,baumer,baumer035512284@imdbuser.net,1977-12-17,67
ur17470614,dagonseve,dagonseve1747061439@example.com,1959-09-12,76
ur4098691,zeppo-2,zeppo2409869167@imdbuser.net,2007-04-01,27
ur8048890,SpoonChase,spoonchase804889091@imdbuser.net,2006-10-02,30
ur55752007,markovd111,markovd1115575200713@moviefans.com,2025-09-16,27
ur155210884,garyvines-,garyvines15521088470@mail.com,2009-06-12,50
ur6996868,Tikkin,tikkin699686829@mail.com,2019-06-05,25
ur101139041,amandagell,amandagell10113904153@example.com,1993-03-04,55
ur15311310,Sleepin_Dr,sleepindr1531131061@imdbuser.net,1977-09-22,48
ur148976742,itsblanks-,itsblanks14897674279@imdbuser.net,1992-06-22,37
ur1588706,vertigo_14,vertigo14158870641@imdbuser.net,2013-05-28,22
ur8224057,highwaytou,highwaytou822405797@moviefans.com,2022-02-15,14
ur100821306,mykal-0830,mykal083010082130610@mail.com,1996-08-29,42
ur0945066,BA_Harriso,baharriso094506653@mail.com,1993-05-03,33
ur13035875,robert-tem,roberttem1303587556@example.com,1988-05-19,51
ur18423640,NateWatche,natewatche1842364041@mail.com,2007-07-30,27
ur13371508,merklekran,merklekran1337150884@mail.com,1957-02-14,77
ur1964495,I_Ailuroph,iailuroph196449522@moviefans.com,2011-05-11,35
ur0391452,astraleddy,astraleddy039145264@imdbuser.net,1989-04-29,41
ur75273923,ceddamaged,ceddamaged7527392381@example.com,2003-01-06,27
ur0182658,MJK-5,mjk5018265832@example.com,2023-05-25,37
ur11950228,lostribe,lostribe1195022818@mail.com,2001-05-12,55
ur4445210,ccthemovie,ccthemovie444521092@example.com,2020-11-18,60
ur27058366,anil-kulka,anilkulka2705836637@mail.com,2014-03-20,28
ur20480586,drhemp,drhemp2048058621@example.com,2020-12-24,19
ur23402006,Blumanowar,blumanowar2340200635@moviefans.com,1989-06-02,67
ur89640371,pouriyaerf,pouriyaerf8964037171@moviefans.com,2025-01-07,63
ur20961309,secondtake,secondtake2096130953@moviefans.com,2011-04-10,30
ur22982565,akcenat,akcenat2298256567@example.com,2022-09-15,62
ur42193216,alon-dar1,alondar14219321611@moviefans.com,2016-06-04,30
ur60553324,hexjinx,hexjinx6055332492@imdbuser.net,2011-03-01,67
ur69479133,mblumenfie,mblumenfie6947913341@example.com,1986-10-23,51
ur47435817,navdp,navdp4743581713@moviefans.com,1992-01-25,60
ur134560925,nufc_geord,nufcgeord13456092548@mail.com,2012-07-07,15
ur37795971,CineMuseFi,cinemusefi3779597188@imdbuser.net,2005-01-06,21
ur25829274,hugh-33-58,hugh33582582927454@moviefans.com,2009-07-04,22
ur156402451,jstrelou,jstrelou15640245168@moviefans.com,2014-10-17,19
ur62687698,neilmaine,neilmaine6268769848@example.com,2017-02-01,16
ur79579919,teakyew,teakyew7957991924@moviefans.com,2016-09-24,43
ur4344610,kidkameleo,kidkameleo434461089@imdbuser.net,2006-06-08,43
ur26140785,PaxtonMall,paxtonmall2614078585@mail.com,2025-09-19,29
ur0583640,llltdesq,llltdesq058364071@example.com,2023-01-12,32
ur4304175,fantanman,fantanman430417542@mail.com,2002-07-02,39
ur3967726,lasttimeis,lasttimeis396772610@imdbuser.net,2015-04-16,60
ur79371283,petsitterl,petsitterl7937128371@mail.com,2013-07-06,25
ur0091670,stills-6,stills6009167066@moviefans.com,1981-03-04,45
ur9559074,happymarye,happymarye955907410@example.com,1997-02-01,40
ur42508869,steiner-sa,steinersa4250886984@imdbuser.net,2012-11-05,19
ur65202757,stevelives,stevelives6520275740@example.com,2011-09-20,36
ur23589178,AaronCapen,aaroncapen2358917848@moviefans.com,2013-10-23,18
ur1236469,lilybear59,lilybear59123646950@imdbuser.net,1996-12-10,77
ur6741793,familyseek,familyseek674179355@imdbuser.net,2012-07-20,64
ur19752191,matthewssi,matthewssi1975219122@example.com,1992-10-26,55
ur24364152,Al_The_Str,althestr2436415222@mail.com,1975-09-03,79
ur28911754,pablo2896,pablo28962891175413@imdbuser.net,2014-01-30,65
ur2496397,Movie_Muse,moviemuse249639735@mail.com,1975-10-31,67
ur8334868,moviewizgu,moviewizgu833486827@example.com,1983-02-22,68
ur0872211,dar0417,dar0417087221167@imdbuser.net,1993-09-10,41
ur15140057,ivo-cobra8,ivocobra81514005746@example.com,2024-03-29,18
ur22268559,KrazzyDJ,krazzydj2226855923@example.com,2002-01-23,33
ur2510062,fritzlang,fritzlang251006257@moviefans.com,1982-08-16,54
ur26519067,zentertain,zentertain2651906780@moviefans.com,2020-02-21,55
ur22916153,Edsded,edsded2291615316@example.com,1968-05-31,74
ur26836519,paulsrobin,paulsrobin2683651982@moviefans.com,2009-09-07,34
ur22201823,whoa17,whoa172220182311@moviefans.com,2016-08-31,26
ur39327036,losangcodb,losangcodb3932703688@example.com,1985-08-09,41
ur44825786,Papatheodo,papatheodo4482578665@moviefans.com,2012-10-13,42
ur23415028,moviexclus,moviexclus2341502816@imdbuser.net,2024-03-18,33
ur11569384,j-pryde,jpryde1156938423@imdbuser.net,2021-12-08,20
ur25517909,billygoat1,billygoat12551790928@moviefans.com,2019-11-07,49
ur3341591,cerule14,cerule14334159196@example.com,2023-04-02,38
ur62513786,dalewilban,dalewilban6251378618@moviefans.com,1965-07-14,78
ur19445187,charne99,charne991944518739@example.com,1997-03-02,29
ur25747535,almamoyamo,almamoyamo2574753553@moviefans.com,2008-04-26,58
ur3608743,EUyeshima,euyeshima360874335@mail.com,1972-01-28,72
ur87808462,jackgdemos,jackgdemos8780846214@imdbuser.net,1985-03-30,64
ur8503729,namashi_1,namashi1850372933@imdbuser.net,2009-11-30,18
ur128851908,RobTheWatc,robthewatc12885190879@mail.com,2014-11-07,53
ur24215189,Mallylol,mallylol2421518948@moviefans.com,1973-10-24,66
ur24098896,es_h_84,esh842409889686@moviefans.com,2017-07-08,56
ur1617546,boblipton,boblipton161754650@moviefans.com,1995-06-12,79
ur5494656,Rogerstell,rogerstell549465688@imdbuser.net,2020-11-21,16
ur72993967,Daly_Revie,dalyrevie7299396713@mail.com,1981-10-01,44
ur0551774,deadsenato,deadsenato055177465@moviefans.com,1956-11-23,77
ur1239152,x111b3825,x111b3825123915293@mail.com,1979-08-26,57
ur0840377,EdYerkeRob,edyerkerob084037747@example.com,2011-04-10,79
ur1113835,EvilTommy,eviltommy111383574@moviefans.com,2002-03-21,59
ur0111520,Jemiah,jemiah011152019@moviefans.com,2022-12-09,19
ur2143749,messiercat,messiercat214374969@moviefans.com,2022-01-15,20
ur4423476,akafilms,akafilms442347644@mail.com,2003-08-24,45
ur5670713,loislanemi,loislanemi567071368@mail.com,2013-02-25,21
ur3804145,JonTMarin,jontmarin380414593@mail.com,2016-05-08,13
ur1164409,DarkCherub,darkcherub116440984@imdbuser.net,2001-05-09,36
ur1064827,mattymatt4,mattymatt4106482764@imdbuser.net,2005-06-24,21
ur8062058,vectorvest,vectorvest806205887@example.com,2020-07-28,31
ur20901124,rocconorth,rocconorth2090112423@example.com,2021-01-07,16
ur0056012,sonvolt,sonvolt005601293@mail.com,1956-07-22,72
ur11347734,petecollin,petecollin1134773454@imdbuser.net,2009-04-13,21
ur0148617,J-Train,jtrain014861736@imdbuser.net,2024-11-25,79
ur4854585,kjw379,kjw379485458595@moviefans.com,1997-11-01,35
ur2180511,marques_pa,marquespa218051172@example.com,2013-10-22,25
ur0408584,jmartinsso,jmartinsso040858437@mail.com,2018-09-14,15
ur0782334,b1ggesmalz,b1ggesmalz078233471@moviefans.com,2023-01-03,32
ur0359842,Camoo,camoo035984275@example.com,2024-01-02,13
ur5317083,kloader,kloader531708332@imdbuser.net,1975-06-28,54
ur0154752,conono,conono015475252@moviefans.com,2022-01-23,13
ur3944847,marcoloco-,marcoloco394484795@imdbuser.net,2013-05-14,50
ur4382023,xaggurat,xaggurat438202320@imdbuser.net,2008-07-16,22
ur2726231,FilmSnobby,filmsnobby272623159@moviefans.com,2009-11-21,21
ur5995177,kwozziegir,kwozziegir599517794@imdbuser.net,2008-10-10,30
ur2591501,farne,farne259150182@mail.com,2014-01-29,23
ur4465824,babygenius,babygenius446582434@moviefans.com,1987-12-29,49
ur2643379,roset60,roset60264337984@mail.com,2009-09-04,43
ur62734186,lusciousmu,lusciousmu6273418634@mail.com,2016-09-18,74
ur12048299,martimusro,martimusro1204829915@moviefans.com,1998-08-08,34
ur95878573,cinemawith,cinemawith9587857322@example.com,2024-08-15,20
ur40547513,Pairic,pairic4054751379@mail.com,1993-11-06,42
ur68434678,noelcorles,noelcorles6843467898@example.com,1958-10-26,78
ur63715474,amkn75,amkn756371547491@mail.com,2006-01-13,33
ur37544303,Padreviews,padreviews3754430385@mail.com,2015-02-07,14
ur26820801,Pjtaylor-9,pjtaylor92682080190@mail.com,1966-08-15,61
ur68589379,waynen-464,waynen4646858937948@mail.com,2004-06-05,25
ur94590779,gorblue,gorblue9459077970@moviefans.com,2023-05-18,34
ur43302792,iangibbons,iangibbons4330279243@moviefans.com,2009-06-15,61
ur4623661,markhappyb,markhappyb462366145@example.com,2013-09-16,36
ur23560484,sushantji,sushantji2356048449@mail.com,1949-12-18,79
ur13701374,mark-3417,mark34171370137485@mail.com,1973-11-19,69
ur12361999,don_corleo,doncorleo1236199954@imdbuser.net,1990-09-13,50
ur7826013,zkonedog,zkonedog782601350@mail.com,2010-07-18,74
ur0322464,AnnieO-2,annieo2032246490@mail.com,1989-12-15,55
ur13079450,frufrufox,frufrufox1307945093@moviefans.com,1998-08-15,54
ur53053227,filipemanu,filipemanu5305322711@mail.com,1984-01-16,52
ur47032916,spencer-w-,spencerw4703291691@mail.com,1966-02-02,78
ur0502747,spteos,spteos050274791@example.com,2002-11-26,35
ur34226907,elo-equipa,eloequipa3422690730@example.com,1974-08-20,73
ur24250386,anneboleyn,anneboleyn2425038644@moviefans.com,1987-09-26,65
ur3829133,supah79,supah79382913337@moviefans.com,2010-01-23,43
ur1048771,Doylenf,doylenf104877148@mail.com,2001-05-22,26
ur1977084,napierslog,napierslog197708496@mail.com,2025-01-12,14
ur20810490,Rockwell_C,rockwellc2081049022@moviefans.com,2018-06-15,32
ur25498322,emc5228,emc52282549832214@imdbuser.net,2014-04-05,25
ur23831210,jeroduptow,jeroduptow2383121078@example.com,2014-04-18,45
ur2724721,davidkaori,davidkaori272472111@imdbuser.net,2011-07-08,25
ur25226117,rgkarim,rgkarim2522611758@moviefans.com,1996-01-14,49
ur25627022,jesusgilmo,jesusgilmo2562702238@example.com,2010-01-20,56
ur66510280,lavaside-6,lavaside66651028074@imdbuser.net,2022-05-03,78
ur25820281,emilypearl,emilypearl2582028140@example.com,2019-01-03,70
ur25627067,jennifer-2,jennifer22562706786@example.com,1973-05-05,58
ur38380213,torstenson,torstenson3838021311@imdbuser.net,2017-02-04,17
ur10169091,copper1963,copper19631016909139@moviefans.com,2008-02-27,25
ur4348404,coors90456,coors90456434840410@mail.com,1983-07-13,76
ur1897430,Magneto-X,magnetox189743095@mail.com,2016-07-05,18
ur16530032,Wilk061904,wilk0619041653003239@moviefans.com,2011-06-04,28
ur62346451,aliholly-6,aliholly66234645197@example.com,1995-11-11,62
ur26559320,Naughtia_N,naughtian2655932034@mail.com,1987-02-09,46
ur18387520,TourettesP,tourettesp1838752031@mail.com,2016-08-04,66
ur24327787,michael-ne,michaelne2432778720@moviefans.com,2003-07-10,30
ur88183660,clayjardin,clayjardin8818366068@example.com,1988-04-10,66
ur2129809,electrobir,electrobir212980987@imdbuser.net,1977-09-25,53
ur32954808,jsillman10,jsillman103295480842@example.com,2006-01-07,46
ur5946448,Fluke_Skyw,flukeskyw594644889@moviefans.com,2025-02-24,49
ur28622863,markoffj,markoffj2862286381@example.com,2010-04-20,25
ur31535601,villanovar,villanovar3153560118@example.com,2009-04-27,40
ur13470759,geddyleeis,geddyleeis1347075919@example.com,2016-06-26,69
ur21204306,SausagePou,sausagepou2120430688@mail.com,2008-11-09,25
ur4219808,Kamillo,kamillo421980890@moviefans.com,2013-01-02,24
ur1511419,jediwebdud,jediwebdud151141979@imdbuser.net,2014-10-20,37
ur1201739,kaoskode@s,kaoskodes120173982@mail.com,2015-03-26,59
ur0385776,LebowskiT1,lebowskit1038577640@example.com,2014-08-17,68
ur55157303,Groverdox,groverdox5515730336@mail.com,2003-05-17,45
ur114981302,SoundJoeDu,soundjoedu11498130291@moviefans.com,2021-11-13,16
ur120966602,snoozejonc,snoozejonc12096660270@imdbuser.net,2015-08-02,54
ur2655139,HelenMary,helenmary265513993@mail.com,2006-04-28,24
ur0988400,Bats_Breat,batsbreat098840093@example.com,2012-01-19,63
ur90278387,lukem-5276,lukem52769027838771@mail.com,2018-12-21,14
ur0144218,XPrufrock,xprufrock014421812@example.com,2024-11-22,31
ur14080241,vip_ebrieg,vipebrieg1408024120@moviefans.com,2005-06-15,42
ur0822741,Gubby-Alle,gubbyalle082274186@imdbuser.net,2006-10-10,32
ur27637510,a_chinn,achinn2763751085@moviefans.com,1994-05-12,64
ur0589764,Beerdrinki,beerdrinki058976473@example.com,1966-06-30,69
ur0834964,bwalker19,bwalker19083496466@example.com,2011-09-24,26
ur16888920,pacific-oc,pacificoc1688892041@example.com,2013-04-01,60
ur9047215,BobStage,bobstage904721529@mail.com,2005-05-23,41
ur1175169,Cineleyend,cineleyend117516946@imdbuser.net,2003-08-28,52
ur4234119,ElMaruecan,elmaruecan423411946@moviefans.com,1999-05-10,54
ur130687153,zinitime,zinitime13068715329@example.com,2003-05-03,61
ur1404327,dustbrothe,dustbrothe140432713@moviefans.com,2019-07-29,46
ur147584328,CriticsTR,criticstr14758432817@imdbuser.net,2009-12-01,60
ur120145389,whatch-179,whatch17912014538948@moviefans.com,1985-05-14,68
ur165185995,Julius_Lan,juliuslan16518599598@example.com,2014-01-03,34
ur15148330,AlsExGal,alsexgal1514833094@imdbuser.net,1989-05-08,66
ur4611798,johno-21,johno21461179824@example.com,2007-06-13,40
ur57910549,bellino-an,bellinoan5791054957@imdbuser.net,2019-09-14,29
ur135059797,Xarx117,xarx11713505979735@example.com,1981-12-15,49
ur4103165,Xstal,xstal410316593@moviefans.com,1991-09-05,74
ur0581842,Libretio,libretio058184244@example.com,2011-02-20,67
ur100662862,jeanlevy,jeanlevy10066286275@moviefans.com,2024-02-04,19
ur106312997,elishelmer,elishelmer10631299774@imdbuser.net,2025-03-16,44
ur187931511,Dylan_in_t,dylanint18793151154@mail.com,1979-08-13,77
ur4891381,Boggman,boggman489138156@example.com,2009-08-17,27
ur1921377,cewasmuthi,cewasmuthi192137728@moviefans.com,2020-08-25,20
ur1355003,sol-,sol135500310@example.com,1973-09-20,55
ur4591044,foxbrick-1,foxbrick1459104499@imdbuser.net,1990-12-21,79
ur14211357,Emaisie39,emaisie391421135714@example.com,2011-11-09,25
ur25329591,twray1974-,twray19742532959119@imdbuser.net,2018-11-15,24
ur10893807,Dog-River,dogriver1089380758@example.com,2015-12-30,42
ur0522959,amck,amck052295952@mail.com,2024-03-31,70
ur2350989,csrothwec,csrothwec235098921@mail.com,1979-02-08,61
ur0802845,donlhumphr,donlhumphr080284567@moviefans.com,2019-02-02,36
ur5811879,amurphy2,amurphy2581187952@mail.com,2001-07-12,30
ur17129003,toll-8,toll81712900374@imdbuser.net,2018-05-29,33
ur26579233,daisukered,daisukered2657923371@mail.com,2022-03-31,18
ur2634407,iwatchever,iwatchever263440711@imdbuser.net,2009-06-27,23
ur5041450,leigh2870,leigh2870504145077@moviefans.com,2014-04-26,34
ur15868361,jztzt,jztzt1586836112@imdbuser.net,1992-02-28,51
ur0079981,Hastur,hastur007998131@mail.com,2007-06-24,26
ur5234504,sonjasjunk,sonjasjunk523450484@example.com,2004-11-10,61
ur0279681,bwaynef,bwaynef027968124@example.com,1967-01-19,71
ur0311809,OJT,ojt031180912@imdbuser.net,1979-05-24,48
ur0647450,BrettErikJ,bretterikj064745021@moviefans.com,1952-09-08,74
ur0134774,Gretta-2,gretta2013477451@example.com,2009-12-11,48
ur49481076,mike617-88,mike617884948107648@mail.com,2023-07-06,14
ur2778718,robmbrass,robmbrass277871828@mail.com,2018-01-15,78
ur1915039,frickabee,frickabee191503962@moviefans.com,1988-03-21,62
ur150170271,RightOnDad,rightondad15017027146@imdbuser.net,2009-01-16,59
ur4052516,MJB784,mjb784405251619@mail.com,2018-02-08,71
ur19461142,dkeizer05,dkeizer051946114210@imdbuser.net,2016-12-21,68
ur0291062,dinky-4,dinky4029106279@mail.com,1980-09-20,62
ur2418932,pswanson00,pswanson00241893294@example.com,1994-05-16,37
ur21844984,FightingWe,fightingwe2184498417@example.com,2006-12-25,42
ur2654145,crowrobot,crowrobot265414549@moviefans.com,2018-09-23,69
ur2375356,slokes,slokes237535658@mail.com,2025-11-26,21
ur37466759,donb-519-3,donb51933746675974@moviefans.com,2024-01-10,57
ur1693235,morrisonhi,morrisonhi169323510@moviefans.com,2019-09-25,13
ur23581966,HotToastyR,hottoastyr2358196681@imdbuser.net,2022-09-01,30
ur0594351,latsblaste,latsblaste059435192@mail.com,2014-08-24,64
ur90265605,mosquitobi,mosquitobi9026560522@moviefans.com,2001-01-22,25
ur64018658,Mcduff3601,mcduff36016401865881@imdbuser.net,1983-05-04,55
ur2955724,JamesHitch,jameshitch295572495@example.com,1974-01-27,64
ur0244041,Transit,transit024404117@mail.com,1979-02-14,49
ur0650255,sddavis63,sddavis63065025555@mail.com,2008-05-25,53
ur2102094,yossarian1,yossarian1210209432@example.com,2021-11-29,61
ur0832626,sllanso,sllanso083262629@example.com,2008-02-08,63
ur0154743,sticky-4,sticky4015474354@moviefans.com,2011-04-25,80
ur0562732,Anonymous_,anonymous056273276@mail.com,2020-02-24,23
ur87929623,kriszti-83,kriszti838792962314@example.com,2009-07-30,60
ur0556711,FlickJunki,flickjunki055671110@mail.com,1988-08-28,57
ur0013819,Weebette,weebette001381975@moviefans.com,2024-10-31,16
ur1043817,medrjel,medrjel104381783@imdbuser.net,2023-08-02,27
ur0476267,RueMorgue,ruemorgue047626766@mail.com,1981-06-03,68
ur6458242,PWNYCNY,pwnycny645824250@imdbuser.net,2002-02-09,29
ur0168079,michaelf,michaelf016807946@moviefans.com,2014-06-09,30
ur9414155,roghache,roghache941415593@mail.com,2008-08-18,44
ur7377485,climb_the_,climbthe737748516@imdbuser.net,2016-07-01,22
ur13337721,missbe,missbe1333772196@mail.com,1972-06-17,68
ur1622306,RealLiveCl,reallivecl162230626@mail.com,2022-04-16,28
ur16018955,manhattanm,manhattanm1601895562@imdbuser.net,2018-01-16,50
ur8075376,airedale17,airedale17807537656@imdbuser.net,2002-10-07,35
ur5292206,KLS_kaffee,klskaffee529220690@moviefans.com,1997-03-02,46
ur10962120,courick11,courick111096212098@mail.com,2024-11-14,47
ur4268147,jwhunt3,jwhunt3426814716@imdbuser.net,2001-07-10,55
ur2553342,moominmamm,moominmamm255334222@mail.com,1991-12-27,68
ur25217183,gallagherg,gallagherg2521718394@imdbuser.net,2004-03-08,22
ur2541940,orizano,orizano254194031@imdbuser.net,2002-12-04,71
ur2996321,rshepard42,rshepard42299632144@example.com,1997-12-12,33
ur15698539,alan-1011,alan10111569853952@imdbuser.net,2024-09-23,49
ur14027632,autumn-dus,autumndus1402763254@mail.com,1950-01-11,79
ur4465624,jayraskin1,jayraskin1446562493@moviefans.com,2006-02-13,71
ur25118887,nbery,nbery2511888748@example.com,1963-01-27,74
ur2590596,kenjha,kenjha259059623@example.com,2013-01-03,23
ur50296294,Shopaholic,shopaholic5029629441@imdbuser.net,2010-12-15,38
ur11423174,disdressed,disdressed1142317486@moviefans.com,1980-03-10,79
ur0577301,manuelvill,manuelvill057730117@moviefans.com,2013-11-25,38
ur0618954,GilraenEst,gilraenest061895457@mail.com,2012-02-06,60
ur2428830,gallenm1,gallenm1242883016@mail.com,1994-03-14,45
ur1236375,eviestar,eviestar123637525@moviefans.com,2010-05-11,41
ur18257075,jerekra,jerekra1825707543@example.com,2013-09-21,28
ur109132806,moivieFan,moiviefan10913280619@mail.com,1995-10-06,56
ur6663090,MarieGabri,mariegabri666309062@mail.com,1972-07-22,68
ur1141264,danafrankl,danafrankl114126491@example.com,1987-01-20,54
ur5170030,kayt_10,kayt10517003058@imdbuser.net,1973-10-04,78
ur3615725,AwesomeWol,awesomewol361572518@imdbuser.net,2025-07-20,59
ur2268062,underfire3,underfire3226806248@imdbuser.net,1993-11-29,42
ur13026966,Scars_Rema,scarsrema1302696652@mail.com,2017-01-14,13
ur53260520,prashantma,prashantma5326052098@mail.com,2009-07-28,53
ur0589756,refinedsug,refinedsug058975668@imdbuser.net,1991-03-06,57
ur92614240,steveassau,steveassau9261424058@mail.com,1998-09-15,62
ur0753276,g_reno,greno075327662@example.com,1949-05-03,80
ur5921267,patriciogl,patriciogl592126755@example.com,1996-07-28,60
ur3650324,Anttell,anttell365032414@moviefans.com,2008-10-25,32
ur0166205,BaronBl00d,baronbl00d016620542@imdbuser.net,2022-03-01,18
ur0060242,Stephen-12,stephen12006024232@mail.com,2011-02-01,18
ur12909389,defmuse,defmuse1290938931@example.com,1984-11-15,41
ur0556667,kylopod,kylopod055666758@moviefans.com,2004-07-02,62
ur2277531,Stark-MySi,starkmysi227753166@mail.com,2012-10-12,19
ur35669238,lojitsu,lojitsu3566923886@mail.com,2025-02-23,64
ur176930901,je-84117,je8411717693090190@mail.com,1993-02-09,38
ur11208103,bgm1975,bgm19751120810325@example.com,1971-11-07,65
ur6524340,TVFreak101,tvfreak101652434048@mail.com,1991-08-06,58
ur0110212,Kastore,kastore011021256@imdbuser.net,2005-12-29,20
ur5360407,soccer64,soccer64536040723@mail.com,2025-03-10,48
ur1171536,mara-mirax,maramirax117153646@imdbuser.net,1981-01-01,61
ur4956076,shneur,shneur495607669@imdbuser.net,1968-02-18,78
ur9359347,acdc_mp3,acdcmp3935934759@mail.com,2005-11-08,38
ur1683802,suspiria10,suspiria10168380245@example.com,2006-12-05,26
ur2820217,el_anarchy,elanarchy282021720@moviefans.com,1990-05-03,45
ur0235343,el gato-2,elgato2023534346@imdbuser.net,2005-03-12,32
ur2860723,grantss,grantss286072343@moviefans.com,2005-08-02,51
ur1529371,CTS-1,cts1152937191@imdbuser.net,2006-04-19,39
ur47593872,mhtotalmov,mhtotalmov4759387292@imdbuser.net,1998-09-22,27
ur152062879,Dominic_25,dominic2515206287974@imdbuser.net,2019-12-03,32
ur74393020,will-thoms,willthoms7439302039@imdbuser.net,2016-06-09,60
ur20624908,The-Last-P,thelastp2062490862@mail.com,1995-01-23,44
ur107152571,Analog_Dev,analogdev10715257120@example.com,2023-05-19,42
ur3824745,mstomaso,mstomaso382474545@moviefans.com,2013-04-11,46
ur7722997,zor_prime,zorprime772299727@moviefans.com,1958-08-01,76
ur11040152,TakeTwoRev,taketworev1104015291@example.com,2008-03-23,62
ur0186091,action-6,action6018609178@moviefans.com,1980-01-28,60
ur0582720,chuckc,chuckc058272019@imdbuser.net,1993-02-20,71
ur2747461,ElijahCSku,elijahcsku274746153@moviefans.com,2007-07-02,39
ur1581224,Thraeryn,thraeryn158122431@imdbuser.net,1989-06-02,38
ur0070535,helpless_d,helplessd007053520@moviefans.com,2025-10-02,55
ur2326544,TOMASBBloo,tomasbbloo232654480@mail.com,2005-12-03,55
ur53712330,srwolfson-,srwolfson5371233058@example.com,2000-06-21,50
ur0449021,michaelRok,michaelrok044902133@imdbuser.net,2022-09-30,49
ur17316375,bob-walsh-,bobwalsh1731637525@imdbuser.net,2016-07-05,22
ur24523894,nasruddin,nasruddin2452389418@example.com,2000-01-02,40
ur21904693,FloridaJoe,floridajoe2190469329@imdbuser.net,2003-07-29,60
ur1335522,Iammymothe,iammymothe133552259@imdbuser.net,2006-11-14,47
ur18658309,derryj,derryj1865830939@example.com,2021-10-20,55
ur2841441,garygorf,garygorf284144128@imdbuser.net,2018-02-13,36
ur24683526,myadidas13,myadidas132468352654@mail.com,2009-12-31,69
ur1192837,rshan2587,rshan2587119283763@mail.com,2022-07-04,71
ur6587670,pmtelefon,pmtelefon658767028@example.com,1980-12-23,54
ur86769625,myfoxjr,myfoxjr8676962595@example.com,2014-02-12,49
ur23055365,lesleyharr,lesleyharr2305536569@imdbuser.net,2017-02-25,66
ur0900212,CosmicDwel,cosmicdwel090021251@moviefans.com,2002-04-20,53
ur1369455,markdcampb,markdcampb136945598@moviefans.com,2017-02-19,23
ur0706027,lanewright,lanewright070602768@example.com,2012-12-14,15
ur5115203,hu675,hu675511520395@moviefans.com,2018-08-12,23
ur10096086,kasiamanza,kasiamanza1009608684@imdbuser.net,2002-03-05,35
ur16640556,caliweb,caliweb1664055630@example.com,1954-02-07,80
ur1866364,fineanimal,fineanimal186636479@moviefans.com,1982-11-15,61
ur2609601,triple8,triple8260960147@moviefans.com,2011-09-27,47
ur3289972,jaimelesfi,jaimelesfi328997217@moviefans.com,1999-09-27,37
ur10247707,Dmsokana,dmsokana1024770710@mail.com,2018-12-23,21
ur5140175,phonsavanh,phonsavanh514017532@moviefans.com,2025-04-24,27
ur7529200,buzznzipp1,buzznzipp1752920051@example.com,1976-07-08,51
ur1024002,charlesqui,charlesqui102400228@mail.com,1978-11-20,74
ur0340854,LADodger,ladodger034085446@example.com,2009-04-07,18
ur2296304,Jesstears,jesstears229630415@mail.com,1981-11-28,68
ur6888721,food_and_f,foodandf688872141@example.com,2016-07-12,48
ur18295180,EmreBilge,emrebilge1829518062@example.com,1961-08-03,65
ur0380989,Juliokal,juliokal038098953@moviefans.com,2025-06-20,19
ur5744191,suse-prina,suseprina574419191@imdbuser.net,2020-02-05,22
ur48675674,paul-allae,paulallae4867567495@example.com,1997-05-24,69
ur98171784,jholrodrig,jholrodrig9817178420@mail.com,1972-11-08,71
ur83918359,proud_ludd,proudludd8391835929@imdbuser.net,1963-07-20,65
ur31878665,millarjm-3,millarjm33187866595@mail.com,2009-01-03,23
ur4532636,evanston_d,evanstond453263650@example.com,1985-05-26,45
ur46647047,Jithindurd,jithindurd4664704760@mail.com,1998-03-04,30
ur44662896,aryugaetu,aryugaetu4466289669@moviefans.com,1995-10-16,68
ur1192722,laduqesa,laduqesa119272287@example.com,2020-12-24,18
ur38311009,arywicaksa,arywicaksa3831100917@example.com,2019-01-12,21
ur48308095,bastille-8,bastille84830809543@mail.com,2014-03-02,74
ur150278302,justahunch,justahunch15027830266@example.com,1966-11-30,59
ur31407524,em85976,em859763140752466@moviefans.com,2020-02-13,34
ur14885345,daoldiges,daoldiges1488534536@moviefans.com,2019-09-20,17
ur63665707,sunheadbow,sunheadbow6366570794@mail.com,2021-01-03,20
ur19546175,barkingech,barkingech1954617552@example.com,2009-05-01,68
ur0453228,mm-39,mm39045322830@mail.com,2004-10-18,52
ur0222097,Chiat,chiat022209775@imdbuser.net,1988-03-03,44
ur2816361,kilted911,kilted911281636131@mail.com,2021-03-08,76
ur51134330,neil-dougl,neildougl5113433081@moviefans.com,1982-11-18,54
ur9857605,douglas-er,douglaser985760570@imdbuser.net,1972-11-06,55
ur133926781,eirhost,eirhost13392678160@moviefans.com,2024-12-18,37
ur4510426,arnesjoblo,arnesjoblo451042617@moviefans.com,2019-10-02,15
ur22020009,gareth633,gareth6332202000973@imdbuser.net,1974-07-03,52
ur3972485,thunders-1,thunders1397248592@moviefans.com,2018-12-27,28
ur67430579,richardcha,richardcha6743057993@moviefans.com,1990-07-24,45
ur4850091,Henry_56,henry56485009184@imdbuser.net,1975-01-08,60
ur69110883,mikalmoo,mikalmoo6911088318@mail.com,2004-05-28,61
ur41183040,syphongb,syphongb4118304061@moviefans.com,2022-06-24,46
ur34967775,nairtejas,nairtejas3496777552@imdbuser.net,1977-03-18,54
ur11148131,Sergeant_T,sergeantt1114813137@moviefans.com,2007-08-18,27
ur4650487,justice_fo,justicefo465048747@imdbuser.net,1996-04-08,36
ur41663349,jasminepor,jasminepor4166334984@moviefans.com,2023-11-19,30
ur67220555,RadialDaze,radialdaze6722055521@example.com,2025-05-04,63
ur64648278,blisa-5239,blisa52396464827814@moviefans.com,2024-02-07,32
ur157487474,dbillick-3,dbillick315748747455@example.com,2004-08-18,69
ur2106076,actorman_u,actormanu210607680@moviefans.com,2010-03-30,20
ur14069613,DaveDiggle,davediggle1406961390@moviefans.com,1992-08-28,44
ur2767381,lavatch,lavatch276738161@mail.com,1967-06-13,62
ur3103298,Mr_PCM,mrpcm310329889@imdbuser.net,2015-05-13,64
ur125953851,DogePelis2,dogepelis212595385123@moviefans.com,1986-08-11,43
ur2362867,innocuous,innocuous236286713@mail.com,1997-06-08,69
ur1842476,mafster,mafster184247626@example.com,1978-06-29,50
ur1534105,stewate4,stewate4153410578@moviefans.com,2009-04-08,38
ur1410346,GregCnAZ-1,gregcnaz1141034645@moviefans.com,2002-03-13,26
ur51809293,michellepu,michellepu5180929312@mail.com,1993-10-01,53
ur0289987,Urshnabi,urshnabi028998728@mail.com,1967-01-25,73
ur0530536,Rod Evan,rodevan053053679@moviefans.com,1973-04-30,76
ur90750895,mcjensen-0,mcjensen09075089594@imdbuser.net,2022-11-20,51
ur8855617,finlayson-,finlayson885561752@example.com,2019-09-28,40
ur1045289,chinaskee,chinaskee104528924@moviefans.com,2003-02-28,49
ur64640683,pere-25366,pere253666464068375@moviefans.com,1965-09-30,73
ur66549620,nsrporfiri,nsrporfiri6654962020@mail.com,1964-01-19,63
ur56349257,jpt-154-29,jpt154295634925719@example.com,2000-01-09,50
ur98002597,maccas-563,maccas5639800259726@imdbuser.net,2002-07-21,24
ur3447633,thecure-1,thecure1344763347@imdbuser.net,1988-07-02,49
ur1090944,dierregi,dierregi109094465@imdbuser.net,2012-05-03,27
ur10029408,paul-2148,paul21481002940890@mail.com,2008-10-23,19
ur44044994,nicolopulc,nicolopulc4404499485@example.com,1985-09-02,80
ur89502731,Brianknows,brianknows8950273127@imdbuser.net,2020-04-10,24
ur53364452,korereview,korereview5336445269@mail.com,1969-08-28,67
ur1684339,coopski1@a,coopski1a168433998@example.com,1989-05-13,60
ur2341629,ccorral419,ccorral419234162910@moviefans.com,1999-10-17,26
ur40057749,mattstone1,mattstone14005774957@moviefans.com,2003-11-15,27
ur51463304,theblacksc,theblacksc5146330444@mail.com,2023-09-07,28
ur0077316,TM-2,tm2007731615@imdbuser.net,1960-12-06,71
ur0630654,CommieTT,commiett063065467@moviefans.com,1955-07-12,70
ur23680159,JuneFullMo,junefullmo2368015910@imdbuser.net,2009-01-09,45
ur3673895,guyfromjer,guyfromjer367389595@imdbuser.net,2024-03-24,52
ur2352944,rbononno,rbononno235294428@example.com,2006-07-30,65
ur0470055,pisces-6,pisces6047005588@moviefans.com,2018-11-23,60
ur2306023,The_Triad,thetriad230602332@moviefans.com,1977-03-28,49
ur1644521,BigRichAU,bigrichau164452115@example.com,1961-05-12,77
ur69575104,jonsefcik,jonsefcik6957510428@moviefans.com,2024-04-17,20
ur84168770,rayray-837,rayray8378416877097@mail.com,1991-12-16,43
ur0348915,KevinMHage,kevinmhage034891541@moviefans.com,2024-02-21,51
ur2558764,glamcat,glamcat255876459@mail.com,2018-04-01,16
ur2421289,medvecky91,medvecky91242128975@imdbuser.net,2014-07-03,26
ur147334103,sgmi-53579,sgmi5357914733410359@moviefans.com,2008-11-10,53
ur4672435,eighteenfo,eighteenfo467243589@moviefans.com,1959-07-18,72
ur2071359,dmasursky,dmasursky207135975@moviefans.com,2014-03-04,43
ur67695401,haidarkana,haidarkana6769540128@example.com,2003-06-12,45
ur0774754,seaview1,seaview1077475455@imdbuser.net,1998-10-01,31
ur0972645,tabuno,tabuno097264519@imdbuser.net,2022-06-11,13
ur3333560,tegucigalp,tegucigalp333356052@mail.com,2013-12-04,14
ur1441044,lparker,lparker144104479@example.com,1963-05-04,66
ur3822717,Paul683715,paul683715382271711@moviefans.com,2017-03-11,64
ur0102816,CuriosityK,curiosityk010281612@example.com,2009-01-29,30
ur13977076,Tweekums,tweekums1397707648@moviefans.com,1991-09-01,73
ur110083523,curtisthom,curtisthom11008352394@example.com,2001-12-03,62
ur1231696,onepotato2,onepotato2123169646@mail.com,1973-03-14,58
ur3032446,christian1,christian1303244673@mail.com,2016-06-14,33
ur4962851,sharcum,sharcum496285134@example.com,2000-07-17,55
ur3855409,boland21uk,boland21uk385540996@moviefans.com,1991-08-17,42
ur91240626,shanaenae-,shanaenae9124062691@moviefans.com,1968-06-13,79
ur0387046,jsc173,jsc173038704693@moviefans.com,2005-03-14,28
ur2148072,mmwilde,mmwilde214807226@imdbuser.net,1986-08-03,77
ur0432042,mosny,mosny043204262@example.com,2000-03-18,28
ur1316467,aymanrizk,aymanrizk131646745@mail.com,2014-08-05,48
ur59092557,slowcando,slowcando5909255794@imdbuser.net,1983-03-04,68
ur1349933,Uncle_Fest,unclefest134993399@example.com,1984-08-08,46
ur1546835,psmoviemav,psmoviemav154683578@mail.com,1953-08-08,79
ur6470370,macc080,macc080647037077@mail.com,2025-05-06,13
ur28447011,MrLucasWar,mrlucaswar2844701135@moviefans.com,1968-08-14,59
ur7819727,carlykrist,carlykrist781972710@example.com,2013-06-17,33
ur4350404,clark_rick,clarkrick435040456@moviefans.com,2016-07-17,29
ur1021107,Chancery_S,chancerys102110776@imdbuser.net,2000-01-26,31
ur0870593,David Stic,davidstic087059327@example.com,2018-02-01,28
ur89333699,StrictlyCo,strictlyco8933369952@imdbuser.net,2013-03-21,58
ur1727211,kyle_c,kylec172721113@moviefans.com,1979-01-07,62
ur0001220,rdoyle29,rdoyle29000122082@mail.com,2024-09-14,76
ur107000230,matthewric,matthewric10700023082@moviefans.com,2010-11-24,39
ur3441650,Cinemayo,cinemayo344165050@mail.com,2023-12-21,23
ur0334734,wlverine-2,wlverine2033473419@imdbuser.net,2024-03-02,72
ur5421317,YugoNinja,yugoninja542131724@example.com,2015-07-26,33
ur24373984,cardsrock,cardsrock2437398488@imdbuser.net,2016-01-29,20
ur1559834,OttoVonB,ottovonb155983410@example.com,1988-10-02,43
ur0097753,Xophianic,xophianic009775354@imdbuser.net,2011-06-05,18
ur2405286,Chromium_5,chromium5240528637@moviefans.com,2014-08-08,62
ur0512213,quatermass,quatermass051221365@example.com,1995-02-27,63
ur20509588,MUFCOK,mufcok2050958852@example.com,1983-09-17,66
ur1805760,Mr Yu,mryu180576074@moviefans.com,2025-03-04,17
ur1036166,partymachi,partymachi103616620@moviefans.com,2007-04-24,24
ur2354938,nixar55,nixar55235493894@example.com,2008-06-26,23
ur1673832,lingmeiste,lingmeiste167383286@moviefans.com,2008-11-01,19
ur11335477,rivertam26,rivertam261133547712@mail.com,2005-07-28,31
ur0873680,elaurens88,elaurens88087368017@moviefans.com,2012-02-22,24
ur6148966,ihrtfilms,ihrtfilms614896647@mail.com,2016-10-02,18
ur49505066,nathan-mcg,nathanmcg4950506645@moviefans.com,1992-12-26,78
ur4963553,touche75,touche75496355353@moviefans.com,2010-06-15,80
ur103943826,stuartmcgi,stuartmcgi10394382673@example.com,2022-01-11,65
ur0130194,darkcrash,darkcrash013019494@imdbuser.net,1985-07-07,40
ur2764848,UK_Melia,ukmelia276484817@moviefans.com,2010-10-04,57
ur0909646,aesgaard41,aesgaard41090964694@moviefans.com,1996-03-15,32
ur0105944,Ddey65,ddey65010594483@imdbuser.net,1982-02-22,50
ur0892463,EmperorNor,emperornor089246352@mail.com,2018-06-30,14
ur25837689,kannibalco,kannibalco2583768963@moviefans.com,1996-05-21,58
ur7015964,AlloTBNO5,allotbno5701596459@example.com,1988-10-15,45
ur2603564,xanderlave,xanderlave260356490@imdbuser.net,1997-08-12,64
ur0998129,abracadave,abracadave099812911@example.com,2015-09-06,22
ur153803309,Thereelsco,thereelsco15380330911@mail.com,2025-02-05,29
ur29474377,ryan-fothe,ryanfothe2947437788@moviefans.com,2019-05-16,22
ur59242992,corinthius,corinthius5924299265@moviefans.com,2008-12-15,27
ur56326351,pantekhis_,pantekhis5632635149@moviefans.com,2020-12-22,18
ur43363139,quincytheo,quincytheo4336313971@imdbuser.net,2008-02-06,46
ur57751100,ginocox-20,ginocox205775110030@mail.com,1999-12-05,41
ur185677461,betpoppyki,betpoppyki18567746184@mail.com,1999-01-27,74
ur40798222,joshwebste,joshwebste4079822276@example.com,2007-09-08,26
ur59179478,HarvardLaw,harvardlaw5917947835@imdbuser.net,2020-08-24,63
ur22921009,MediaPanth,mediapanth2292100970@example.com,2016-12-09,13
ur50306943,Seraphion,seraphion5030694397@example.com,2023-01-11,25
ur94560739,masonsaul,masonsaul9456073972@example.com,1964-12-22,63
ur58316181,sterlingwr,sterlingwr5831618196@example.com,2004-02-17,61
ur31646645,Anurag-She,anuragshe3164664585@mail.com,2006-06-03,60
ur1100812,FunnyMann,funnymann110081249@mail.com,2014-04-02,21
ur20748638,Rodrigo_Am,rodrigoam2074863854@mail.com,2013-10-02,68
ur1573200,NJ_jimcat,njjimcat157320073@mail.com,1990-03-15,43
ur0184536,honesty,honesty018453666@mail.com,2007-06-06,47
ur17816293,SimonJack,simonjack1781629391@moviefans.com,2022-10-08,79
ur0073800,gitrich,gitrich007380028@mail.com,2009-01-26,38
ur1628323,chvylvr80,chvylvr80162832386@imdbuser.net,1992-01-28,45
ur7877389,space_girl,spacegirl787738996@example.com,1995-11-28,50
ur9538036,keith-mcco,keithmcco953803625@example.com,2004-03-29,79
ur0432789,Eraser81,eraser81043278992@mail.com,2005-10-05,53
ur0901198,BennyTheGr,bennythegr090119820@moviefans.com,2018-04-23,15
ur4034406,melrod43,melrod43403440623@mail.com,1985-12-19,43
ur61859192,gab-14712,gab147126185919211@imdbuser.net,2022-03-27,46
ur72426564,lovintenni,lovintenni7242656495@mail.com,2005-07-13,30
ur47939660,EVON1TY,evon1ty4793966013@mail.com,1999-04-29,74
ur55640799,jack_o_has,jackohas5564079960@example.com,1984-10-26,60
ur76062573,bevo-13678,bevo136787606257336@imdbuser.net,1979-06-12,48
ur5156288,MaxBorg89,maxborg89515628850@example.com,1986-11-17,55
ur1390493,Superunkno,superunkno139049341@moviefans.com,1954-03-25,75
ur24800750,shadowdrea,shadowdrea2480075061@example.com,2011-03-06,31
ur3820367,wamweri,wamweri382036773@imdbuser.net,1989-12-12,47
ur82295745,amullen34,amullen348229574514@mail.com,1995-12-13,36
ur16145325,KornFrog,kornfrog1614532568@imdbuser.net,1980-03-27,49
ur84891728,cbnewham,cbnewham8489172894@imdbuser.net,2017-12-13,19
ur4359597,lizabeth66,lizabeth66435959713@example.com,2019-02-22,45
ur1823091,dhruvdude,dhruvdude182309151@example.com,2024-12-13,61
ur130729929,Shilo_R_A,shilora13072992937@moviefans.com,1976-05-03,57
ur62963353,dave-mccla,davemccla6296335386@moviefans.com,2020-07-28,25
ur72574062,jasonthoma,jasonthoma7257406239@moviefans.com,2022-06-16,30
ur131127050,tanna_revi,tannarevi13112705056@example.com,2006-12-14,55
ur60545327,hjalsayegh,hjalsayegh6054532779@imdbuser.net,2009-01-12,65
ur117438568,amgmchana,amgmchana11743856886@mail.com,2019-05-26,77
ur29737283,Thekeybald,thekeybald2973728388@mail.com,1994-07-13,54
ur53150945,SquigglyCr,squigglycr5315094521@example.com,2015-10-07,31
ur27351246,Fedoics,fedoics2735124637@moviefans.com,2018-05-22,13
ur70996703,zomboyprod,zomboyprod7099670371@moviefans.com,1988-06-12,80
ur62144960,adamrice-1,adamrice16214496019@mail.com,2012-03-10,32
ur107289750,anthonywlt,anthonywlt10728975095@imdbuser.net,2019-06-20,43
ur91218613,KeremUluca,keremuluca9121861341@example.com,1978-08-01,61
ur2833680,jbacks3-1,jbacks31283368077@moviefans.com,1979-10-07,70
ur1077159,MartinTell,martintell107715916@example.com,2012-11-01,25
ur3319750,djfrank-1,djfrank1331975071@mail.com,1960-05-17,65
ur0474103,Chazzzzz,chazzzzz047410322@moviefans.com,2015-02-07,31
ur5213069,oldsarge-1,oldsarge1521306938@moviefans.com,1997-07-31,66
ur28127349,inioi,inioi2812734934@moviefans.com,1979-05-14,57
ur59376203,arthur_taf,arthurtaf5937620366@moviefans.com,1994-05-29,45
ur68173442,igornveiga,igornveiga6817344289@moviefans.com,2014-11-28,52
ur6500157,Britinmiam,britinmiam650015759@imdbuser.net,2013-02-07,18
ur1055913,nayanbhula,nayanbhula105591321@moviefans.com,2022-11-14,26
ur5513934,Flagrant-B,flagrantb551393440@mail.com,2020-08-18,15
ur1587884,Screen-Spa,screenspa158788431@imdbuser.net,2023-04-07,29
ur1190175,oldskoolge,oldskoolge119017514@imdbuser.net,2022-02-03,23
ur1766092,holden_,holden176609298@imdbuser.net,2012-12-24,31
ur12449122,littlemart,littlemart1244912212@imdbuser.net,1981-09-10,52
ur1501216,Chris Knip,chrisknip150121688@imdbuser.net,1973-10-23,78
ur2163808,mmckaibab,mmckaibab216380851@example.com,1980-10-08,57
ur4405474,RM851222,rm851222440547443@moviefans.com,1975-01-17,67
ur4627372,winner55,winner55462737299@mail.com,2020-08-08,41
ur2251264,grahamclar,grahamclar225126431@imdbuser.net,2013-11-23,55
ur1039795,nibbly,nibbly103979543@moviefans.com,1986-08-16,52
ur13723330,z98133,z981331372333046@imdbuser.net,1995-12-26,30
ur0508402,the_Poppun,thepoppun050840250@imdbuser.net,2015-11-15,19
ur45959440,ASuiGeneri,asuigeneri4595944050@mail.com,2019-04-14,17
ur4083529,sasiemaybe,sasiemaybe408352922@example.com,2014-12-19,15
ur1086505,marcfantoz,marcfantoz108650577@moviefans.com,2019-08-08,26
ur78663497,ryan-10075,ryan100757866349734@moviefans.com,2003-08-30,60
ur6601458,tinome,tinome660145814@example.com,2000-02-12,31
ur50123800,doggonegoo,doggonegoo5012380054@imdbuser.net,2009-09-18,17
ur37242402,ariellawri,ariellawri3724240284@moviefans.com,2016-03-31,23
ur35950041,alexeyandr,alexeyandr3595004154@imdbuser.net,2007-02-13,56
ur37448787,postsenthi,postsenthi3744878710@moviefans.com,1977-02-04,58
ur36331068,jcoludar,jcoludar3633106896@moviefans.com,1971-09-12,68
ur32988117,jokexom,jokexom3298811792@imdbuser.net,2012-02-05,57
ur37019334,sydhox,sydhox3701933418@moviefans.com,1976-10-03,54
ur45992910,lex-carden,lexcarden4599291084@moviefans.com,1970-12-29,76
ur0317399,DICK STEEL,dicksteel031739925@mail.com,1974-05-15,78
ur36746336,MovieOO7,movieoo73674633634@example.com,2003-10-29,75
ur40770482,mubashir90,mubashir904077048222@mail.com,2001-03-23,29
ur8514741,nerklus,nerklus851474195@moviefans.com,2022-12-16,14
ur3317786,charlotte_,charlotte331778670@imdbuser.net,2020-11-22,47
ur0547823,dromasca,dromasca054782355@imdbuser.net,1949-10-18,80
ur2895574,Rosear,rosear289557469@imdbuser.net,1969-01-07,67
ur16414436,saraccan,saraccan1641443638@example.com,1987-11-03,64
ur3780696,RawaHerc,rawaherc378069628@moviefans.com,2025-05-17,47
ur54486690,viktute10,viktute105448669041@example.com,2023-05-23,32
ur4751428,jpschapira,jpschapira475142894@moviefans.com,1982-11-16,52
ur108656332,simiccmiha,simiccmiha10865633245@imdbuser.net,2010-09-27,18
ur2784792,andrewbenj,andrewbenj278479297@imdbuser.net,1970-11-08,56
ur110466779,margineanv,margineanv11046677948@example.com,2004-06-16,66
ur4494984,larisse,larisse449498414@example.com,2021-03-26,20
ur3073914,NateManD,natemand307391413@example.com,2012-05-02,59
ur206249689,stupid_lla,stupidlla20624968988@moviefans.com,1981-08-24,57
ur1299307,bryk-1,bryk1129930777@example.com,2011-04-09,35
ur28079714,ricardojor,ricardojor2807971435@imdbuser.net,2012-10-18,17
ur8345459,extravalue,extravalue834545923@mail.com,2021-05-17,46
ur0114560,MovieFan98,moviefan98011456036@imdbuser.net,2024-02-26,19
ur2069511,zimbo_the_,zimbothe206951177@example.com,2008-09-29,34
ur1888801,xxlittleki,xxlittleki188880127@mail.com,1987-07-30,40
ur3090295,christerno,christerno309029572@moviefans.com,2012-11-13,23
ur0339254,Gary-120,gary120033925486@imdbuser.net,2018-10-16,22
ur6279627,pennywise1,pennywise1627962779@mail.com,1980-08-30,52
ur0541106,Hypnotic31,hypnotic31054110679@mail.com,2014-10-10,25
ur0404443,sarah-92,sarah92040444325@mail.com,2017-12-20,73
ur55782634,squirrel_b,squirrelb5578263497@mail.com,2013-10-25,13
ur19892892,Floated2,floated21989289216@imdbuser.net,1981-04-14,61
ur0357339,corky-27,corky27035733970@moviefans.com,2012-05-19,17
ur151899800,tomgonzo,tomgonzo15189980058@imdbuser.net,1999-12-05,71
ur1606128,gcartmell,gcartmell160612826@moviefans.com,1991-03-08,42
ur1610687,kos5f@virg,kos5fvirg161068734@imdbuser.net,2019-01-09,29
ur49400835,r96sk,r96sk4940083558@moviefans.com,2013-01-18,42
ur65441960,UncleKingp,unclekingp6544196023@mail.com,2020-03-11,24
ur106902255,rcoffey-79,rcoffey7910690225588@imdbuser.net,2013-11-23,67
ur94349456,jstepp-729,jstepp7299434945613@mail.com,1996-12-19,48
ur22164449,Troy_Campb,troycampb2216444930@mail.com,1990-01-05,39
ur36597023,awesomegav,awesomegav3659702322@moviefans.com,2022-09-09,43
ur56401564,stormbraek,stormbraek5640156453@example.com,1969-08-29,65
ur54077131,pawanpunja,pawanpunja5407713125@mail.com,1995-06-18,56
ur28794217,rickfletch,rickfletch2879421748@mail.com,1969-10-21,75
ur69322151,mikoyan-51,mikoyan516932215182@imdbuser.net,2016-12-04,77
ur57598275,jfaile-202,jfaile2025759827516@mail.com,2020-03-23,15
ur39079324,cpbushey,cpbushey3907932474@example.com,2004-02-06,30
ur13640162,stevechams,stevechams1364016213@imdbuser.net,1997-12-03,51
ur106815243,xabrasionx,xabrasionx10681524387@imdbuser.net,1961-04-05,79
ur100329096,j-a-macken,jamacken10032909696@mail.com,2020-04-01,18
ur13074316,witster18,witster181307431659@example.com,2002-12-18,58
ur26649162,sunshinegi,sunshinegi2664916241@example.com,2022-06-14,55
ur81850810,amanda-421,amanda4218185081031@example.com,2002-10-04,23
ur66111139,gbill-7487,gbill74876611113921@imdbuser.net,1999-01-15,71
ur3167531,antoniotie,antoniotie316753143@moviefans.com,2022-10-04,13
ur12014327,jazzyjeffg,jazzyjeffg1201432783@example.com,2017-04-12,22
ur7492982,TVGoHome12,tvgohome12749298279@imdbuser.net,2004-06-21,39
ur4099929,ltemelkov,ltemelkov409992935@imdbuser.net,2014-04-24,78
ur4129914,jutandbecs,jutandbecs412991449@imdbuser.net,1986-08-10,48
ur83184633,Adilovelan,adilovelan8318463371@example.com,2008-07-05,22
ur0417057,JackCerf,jackcerf041705722@example.com,1993-01-16,39
ur10446939,karhukissa,karhukissa1044693940@mail.com,2009-01-17,19
ur0498043,shmulik-co,shmulikco049804310@mail.com,2004-01-18,29
ur1148823,Ben_Cheshi,bencheshi114882395@example.com,1991-04-12,71
ur0164227,Mitch-38,mitch38016422765@moviefans.com,1977-01-23,50
ur3206881,mashii99,mashii99320688154@imdbuser.net,1990-12-30,40
ur7163342,GrannyInAr,grannyinar716334233@example.com,1979-08-30,62
ur0081610,Cheetah-6,cheetah6008161076@moviefans.com,2017-06-07,15
ur77131575,michaeltri,michaeltri7713157520@mail.com,2012-04-04,40
ur13172143,deickos,deickos1317214335@mail.com,2023-05-02,30
ur0209202,plankton,plankton020920299@moviefans.com,2011-03-17,14
ur2385191,saska-3,saska3238519190@example.com,1960-02-02,68
ur3561705,muchneeded,muchneeded356170513@imdbuser.net,2010-07-26,28
ur24536951,CtlAltDel,ctlaltdel2453695129@imdbuser.net,2008-11-02,26
ur3731234,jeromec-2,jeromec2373123484@example.com,2011-07-12,14
ur1468698,chris12345,chris12345146869893@imdbuser.net,1997-10-25,43
ur20300379,coolclaire,coolclaire2030037954@moviefans.com,1993-04-20,38
ur3184218,Growlyted,growlyted318421814@example.com,1990-02-21,55
ur10069474,MsDame,msdame1006947447@mail.com,2009-02-26,19
ur18037810,C-Younkin,cyounkin1803781017@moviefans.com,2015-05-24,67
ur18258860,arif215-1,arif21511825886038@mail.com,1990-06-20,66
ur8559750,Fritz_Gerl,fritzgerl855975087@example.com,2020-02-09,39
ur2626332,FiendishDr,fiendishdr262633270@example.com,2001-02-19,57
ur8998988,liberalgem,liberalgem899898812@moviefans.com,2002-07-17,59
ur19697454,Reel_starz,reelstarz1969745478@mail.com,2020-04-01,51
ur9657177,wibblefact,wibblefact965717777@moviefans.com,1997-10-02,48
ur3923318,gary-444,gary444392331896@mail.com,2013-02-18,24
ur88555589,deaplaku,deaplaku8855558917@moviefans.com,2009-10-31,59
ur2020154,jaredmobar,jaredmobar202015414@imdbuser.net,2016-04-25,33
ur2777843,falkar,falkar277784343@imdbuser.net,2023-05-02,19
ur1634796,Luigi Di P,luigidip163479617@example.com,2008-04-29,50
ur82097594,zeeshancmp,zeeshancmp8209759438@imdbuser.net,2015-05-14,21
ur51677889,bhester080,bhester0805167788932@example.com,1994-10-06,34
ur13223958,rajdoctor,rajdoctor1322395853@moviefans.com,2019-12-03,33
ur3125036,snow0r,snow0r312503682@mail.com,2006-01-21,26
ur9498793,beermonste,beermonste949879337@mail.com,2007-11-01,65
ur3673546,saintonge,saintonge367354641@imdbuser.net,2019-02-08,21
ur1032444,mrmatt14,mrmatt14103244466@imdbuser.net,2001-08-12,24
ur4119395,baba44713,baba44713411939522@imdbuser.net,2021-12-22,20
ur0072439,Fever,fever007243966@mail.com,1992-07-06,57
ur137579059,souldavilu,souldavilu13757905976@moviefans.com,2004-07-10,63
ur0348896,korch-3,korch3034889642@mail.com,1998-12-25,61
ur0800193,spaziergan,spaziergan080019322@imdbuser.net,1994-05-31,44
ur2964064,MikeC19,mikec19296406425@example.com,2023-06-25,34
ur0631986,dwpollar,dwpollar063198687@moviefans.com,1955-04-16,79
ur0625436,chrisbrown,chrisbrown062543699@moviefans.com,2007-10-19,37
ur0791155,djwdir,djwdir079115550@moviefans.com,1994-12-05,69
ur4217184,oneguyramb,oneguyramb421718410@mail.com,1983-01-08,55
ur0148316,sjohnson71,sjohnson71014831681@mail.com,2014-03-09,54
ur8738384,das_glocke,dasglocke873838465@moviefans.com,1992-09-13,43
ur0553205,tbabe29,tbabe29055320583@example.com,2007-10-23,64
ur0887929,matthew.co,matthewco088792936@imdbuser.net,1988-12-18,59
ur1245067,grnbaum19,grnbaum19124506731@imdbuser.net,2011-06-03,29
ur0478209,Mr. Pulse,mrpulse047820934@imdbuser.net,2000-10-22,28
ur86674245,docm-32304,docm323048667424569@imdbuser.net,2013-09-04,15
ur2527782,bigboybhat,bigboybhat252778236@example.com,2001-12-30,46
ur1786288,barbara_ca,barbaraca178628839@imdbuser.net,2018-05-13,22
ur1581184,l_rawjalau,lrawjalau158118474@example.com,1998-11-29,50
ur5056038,ctepizkp,ctepizkp505603832@example.com,1993-02-04,46
ur3902526,ThomsonGA,thomsonga390252676@mail.com,2025-08-01,61
ur0237856,shell-26,shell26023785637@imdbuser.net,1997-06-03,43
ur1893630,fntstcplnt,fntstcplnt189363011@example.com,1979-08-27,74
ur130481080,andrewpara,andrewpara13048108082@mail.com,1958-08-03,79
ur3902771,thinker169,thinker169390277150@imdbuser.net,1990-12-19,54
ur4920443,cs_vernon,csvernon492044371@imdbuser.net,1971-09-19,57
ur1452830,cfnas,cfnas145283010@moviefans.com,2008-08-23,47
ur54693014,michaela_l,michaelal5469301446@example.com,2019-05-17,26
ur29073007,HippieMoon,hippiemoon2907300790@imdbuser.net,1998-07-23,63
ur127219400,brandyjrob,brandyjrob12721940049@example.com,2011-11-04,22
ur27818897,greggs_nba,greggsnba2781889769@imdbuser.net,2020-09-24,15
ur8890024,pmailman,pmailman889002475@mail.com,2010-06-07,19
ur83310712,joweenee,joweenee8331071278@example.com,2022-09-15,25
ur51330777,gerald-koh,geraldkoh5133077753@moviefans.com,2018-09-19,25
ur11254347,tjklaehn,tjklaehn1125434770@imdbuser.net,1972-12-24,79
ur6860945,Brandon_Wa,brandonwa686094517@moviefans.com,1992-03-24,55
ur49815034,con-fan,confan4981503478@imdbuser.net,1988-12-20,41
ur65106424,Yee_Review,yeereview6510642472@imdbuser.net,2010-10-25,36
ur130354083,dstar-2399,dstar239913035408383@mail.com,2021-01-19,39
ur8062935,masonfisk,masonfisk806293579@imdbuser.net,2018-06-30,29
ur26529344,alanthony3,alanthony32652934418@example.com,2001-09-26,24
ur51094543,Kingslaay,kingslaay5109454374@mail.com,2020-08-22,26
ur30151001,lnvicta,lnvicta3015100148@mail.com,1960-08-01,75
ur2790158,joebloggsc,joebloggsc279015825@example.com,2000-09-07,48
ur41190770,theholtman,theholtman4119077097@mail.com,1965-09-05,77
ur24845845,TheBibowsk,thebibowsk2484584543@mail.com,1974-04-18,65
ur0527718,~AleXa~,alexa052771832@imdbuser.net,2008-05-10,22
ur3580907,AudioFileZ,audiofilez358090772@example.com,1964-11-22,61
ur59745263,masonsteve,masonsteve5974526366@moviefans.com,1968-07-22,73
ur110212703,davidmvini,davidmvini11021270389@mail.com,1982-06-20,50
ur107906540,me_is_we,meiswe10790654026@mail.com,1977-07-23,60
ur93631520,unlockthep,unlockthep9363152012@example.com,2012-07-08,24
ur101521260,Guanche48,guanche4810152126026@example.com,1966-06-03,63
ur34418438,blythyboy,blythyboy3441843899@moviefans.com,1994-10-14,56
ur59063043,JohnDishwa,johndishwa5906304311@example.com,2021-07-05,52
ur28110221,atrevino90,atrevino902811022120@example.com,2010-04-28,34
ur70304362,jesusavila,jesusavila7030436242@mail.com,2002-06-03,76
ur120338337,thekraken-,thekraken12033833717@mail.com,2015-07-31,21
ur14923871,thomas-har,thomashar1492387112@mail.com,2016-10-11,62
ur4759580,shootingst,shootingst475958063@mail.com,2015-05-04,40
ur5557550,stephen_th,stephenth555755077@example.com,1979-11-17,64
ur6550739,Movieguy_b,movieguyb655073934@mail.com,1988-10-22,75
ur1181761,fats10fats,fats10fats118176193@example.com,2008-09-09,19
ur3311295,sheppypant,sheppypant331129574@mail.com,1963-11-23,80
ur0096314,fallyhag,fallyhag009631466@example.com,2019-08-20,29
ur0851248,swbhoy,swbhoy085124889@moviefans.com,1980-01-12,57
ur4069536,LunarPoise,lunarpoise406953686@mail.com,1981-04-22,65
ur34187486,MadamWarde,madamwarde3418748692@imdbuser.net,2004-10-02,21
ur2683148,montygomez,montygomez268314846@example.com,2017-03-11,43
ur10694395,rdwing28,rdwing281069439563@example.com,2016-04-29,30
ur4125122,HiddenVoic,hiddenvoic412512298@example.com,2013-10-05,58
ur4505239,bradle2120,bradle2120450523925@mail.com,2000-03-19,72
ur8574039,daithic,daithic857403950@example.com,1966-12-28,66
ur17461682,lindyla_00,lindyla001746168239@imdbuser.net,2008-10-28,34
ur113224815,kysta,kysta11322481534@mail.com,2015-10-12,25
ur34249963,malpasc-39,malpasc393424996331@moviefans.com,2014-09-07,64
ur0413590,Watcher-37,watcher37041359083@mail.com,1998-03-20,59
ur0331999,Meredith-7,meredith7033199982@mail.com,2025-08-22,72
ur0138360,wwfchic,wwfchic013836035@moviefans.com,1978-09-21,71
ur1181601,mdmccormic,mdmccormic118160112@imdbuser.net,2010-04-05,33
ur3890446,Colbridge,colbridge389044644@example.com,2020-05-09,63
ur2444068,inkblot11,inkblot11244406871@imdbuser.net,2001-09-11,62
ur0517404,jlangbert,jlangbert051740491@mail.com,1969-07-10,70
ur0043199,PALWalrus,palwalrus004319993@imdbuser.net,2005-03-06,35
ur0144065,pseudo-3,pseudo3014406575@mail.com,2008-08-19,57
ur23138767,ComedyFan2,comedyfan22313876750@moviefans.com,1997-02-20,41
ur17616759,Marky423,marky4231761675993@imdbuser.net,2018-12-13,19
ur4326841,3600,3600432684150@mail.com,2002-06-19,62
ur16749093,nowego,nowego1674909341@imdbuser.net,2011-11-09,54
ur0700814,Joyce Hauc,joycehauc070081467@moviefans.com,1982-02-14,56
ur97751573,socrates4,socrates49775157362@moviefans.com,1986-09-26,47
ur3696312,ztanlines,ztanlines369631229@example.com,2001-06-05,29
ur0341201,SquirePM,squirepm034120119@moviefans.com,2010-12-16,18
ur12732424,siboz2005,siboz20051273242490@imdbuser.net,1957-03-10,74
ur8881272,padilla4,padilla4888127249@imdbuser.net,1977-12-22,73
ur0015339,Chrissie,chrissie001533939@moviefans.com,2003-05-12,38
ur14460978,chucknorri,chucknorri1446097879@example.com,2020-12-08,49
ur130582161,bahae19,bahae1913058216133@mail.com,1967-02-13,79
ur131077758,wayanpyott,wayanpyott13107775835@example.com,2017-03-07,26
ur178105907,danieltrev,danieltrev17810590773@mail.com,2017-09-27,29
ur61351460,trihouzinh,trihouzinh6135146069@example.com,2008-05-18,37
ur203564297,laurar-09,laurar0920356429775@moviefans.com,2012-07-03,16
ur37765830,marioalvar,marioalvar3776583050@imdbuser.net,2015-05-04,79
ur65144138,cdjh-81125,cdjh811256514413826@imdbuser.net,2022-06-07,14
ur174395409,spiderman-,spiderman17439540959@mail.com,1994-06-25,75
ur69654028,panosvoulg,panosvoulg6965402855@imdbuser.net,1994-01-31,41
ur77310918,Hakihiko,hakihiko7731091873@imdbuser.net,2014-01-28,59
ur46420090,comps-784-,comps7844642009099@example.com,1990-08-26,72
ur162875170,AnActorExp,anactorexp16287517033@imdbuser.net,2004-12-07,24
ur167230683,jacksonjar,jacksonjar16723068322@mail.com,2019-07-05,15
ur198916098,imdbfan-63,imdbfan6319891609838@moviefans.com,2000-06-28,72
ur104853183,Mysterygen,mysterygen10485318341@mail.com,1973-09-14,53
ur187295606,imxnoobx,imxnoobx18729560614@imdbuser.net,2021-06-27,46
ur104603847,FeastMode,feastmode10460384773@imdbuser.net,2003-05-06,29
ur201764662,JhudU,jhudu20176466230@moviefans.com,1985-04-12,42
ur114907932,DoNotComeT,donotcomet11490793252@moviefans.com,2011-01-08,50
ur2543798,OpWo45,opwo45254379825@moviefans.com,2001-09-23,43
ur3304698,AlternateV,alternatev330469835@mail.com,1954-01-20,79
ur0639256,fofml,fofml063925646@example.com,2003-02-04,24
ur3287250,vickievall,vickievall328725097@mail.com,1985-05-12,71
ur1803123,harveyfan,harveyfan180312336@moviefans.com,2006-04-15,57
ur3976881,Pamsanalys,pamsanalys397688195@example.com,2001-06-30,40
ur1277746,wardrosin,wardrosin127774628@moviefans.com,2025-11-19,50
ur19393029,bensspambu,bensspambu1939302977@mail.com,2001-10-27,30
ur6722340,sphouch,sphouch672234080@imdbuser.net,2003-07-16,75
ur0224988,Matt-186,matt186022498829@imdbuser.net,2009-05-25,23
ur1091616,techspec,techspec109161635@imdbuser.net,2007-12-10,57
ur0347711,EdgarST,edgarst034771151@imdbuser.net,2007-03-21,31
ur0264329,mayfair,mayfair026432914@mail.com,1966-11-24,73
ur67698132,mademoishe,mademoishe6769813256@moviefans.com,2024-05-19,51
ur155256007,scottsdale,scottsdale15525600742@imdbuser.net,2024-02-03,36
ur17094901,casamartin,casamartin1709490166@mail.com,1958-10-05,73
ur0111731,smatysia,smatysia011173143@moviefans.com,2006-09-29,63
ur2821700,mrcaw12,mrcaw12282170093@example.com,2019-08-25,13
ur85456543,Kieran_One,kieranone8545654346@imdbuser.net,2015-02-20,50
ur1207684,raymond_ch,raymondch120768429@imdbuser.net,2025-07-29,62
ur0437174,OllieSuave,olliesuave043717466@moviefans.com,2014-12-14,19
ur3310187,don_agu,donagu331018793@mail.com,1963-07-26,77
ur1989168,tukan-1,tukan1198916825@example.com,1999-04-05,60
ur5367079,jess-154,jess154536707949@example.com,2009-02-01,48
ur9927546,blanbrn,blanbrn992754630@mail.com,2016-12-18,22
ur4991251,Birdhasflo,birdhasflo499125114@imdbuser.net,1973-12-06,72
ur6447592,Jay_Exiomo,jayexiomo644759269@example.com,1989-06-19,51
ur10505648,kenvandenb,kenvandenb1050564810@example.com,1995-02-09,71
ur16747634,groetz,groetz1674763463@example.com,1998-04-30,36
ur1983180,victorybla,victorybla198318020@example.com,1962-09-30,77
ur2334589,jescci,jescci233458958@moviefans.com,2009-06-06,36
ur2781131,dgordo63,dgordo63278113115@example.com,2013-05-13,54
ur1843955,Travis_Bic,travisbic184395561@imdbuser.net,2010-07-10,23
ur1717191,vinnie_han,vinniehan171719178@mail.com,2009-12-14,75
ur2081958,testure10,testure10208195822@imdbuser.net,2004-07-26,58
ur0213558,J.R.-8,jr8021355873@example.com,2012-11-24,26
ur14371862,wallis104,wallis1041437186218@example.com,1997-07-28,31
ur1138580,LIND77777,lind77777113858034@imdbuser.net,1995-06-17,71
ur1803589,leplatypus,leplatypus180358971@imdbuser.net,1999-08-19,61
ur2417432,koyanisqat,koyanisqat241743256@imdbuser.net,2005-01-27,77
ur127404337,fatcat-734,fatcat73412740433734@example.com,2011-12-24,16
ur2405922,pecaro0518,pecaro0518240592286@moviefans.com,2017-09-19,38
ur0357354,GuyCC,guycc035735495@moviefans.com,2024-02-25,69
ur1364019,bsinc,bsinc136401956@moviefans.com,2000-12-07,36
ur69172350,BandSAbout,bandsabout6917235072@imdbuser.net,1986-08-09,41
ur10651884,rsaunders2,rsaunders21065188465@mail.com,1997-07-10,56
ur20916867,gigan-92,gigan922091686736@example.com,1982-10-19,69
ur139621299,Elvis-Del-,elvisdel13962129919@mail.com,2001-11-16,43
ur65374826,dormesher-,dormesher6537482663@example.com,2000-04-25,30
ur16874512,brian_herm,brianherm1687451280@moviefans.com,2017-12-28,78
ur0876021,arker,arker087602163@moviefans.com,2011-09-29,48
ur0139258,BrandtSpon,brandtspon013925875@imdbuser.net,1969-02-19,61
ur96416540,acedj,acedj9641654079@moviefans.com,2009-03-12,52
ur121145920,suryanmuku,suryanmuku12114592073@moviefans.com,2008-04-15,30
ur29021729,xNecRosex,xnecrosex2902172939@imdbuser.net,1994-08-16,60
ur0540275,mambubukid,mambubukid054027575@moviefans.com,1966-05-02,70
ur9233284,DARi0,dari0923328428@example.com,2012-12-29,17
ur4064696,MinorityRe,minorityre406469669@moviefans.com,2013-09-09,47
ur1298060,Manchui,manchui129806082@imdbuser.net,2012-09-14,38
ur31221670,notoriousC,notoriousc3122167094@imdbuser.net,2009-11-20,27
ur32106619,david-meld,davidmeld3210661943@example.com,2025-06-12,22
ur1714901,emptyskies,emptyskies171490110@mail.com,2012-11-21,21
ur34836174,UniquePart,uniquepart3483617474@imdbuser.net,2014-08-08,47
ur130826646,TheSenpo,thesenpo13082664645@mail.com,1957-09-21,78
ur22180992,aschein81,aschein812218099244@imdbuser.net,2023-01-19,16
ur20582965,dennispubl,dennispubl2058296588@mail.com,1962-08-17,65
ur0123856,Philby-3,philby3012385676@moviefans.com,2018-11-03,57
ur3798706,dvc5159,dvc5159379870652@mail.com,2010-05-02,60
ur8766134,lewiskende,lewiskende876613444@example.com,2007-08-01,21
ur4828685,roastmary-,roastmary482868538@example.com,1961-02-21,74
ur12003390,mdtscoates,mdtscoates1200339092@imdbuser.net,2016-01-26,38
ur4839144,macktan894,macktan894483914447@example.com,2016-04-17,15
ur22484170,phd_travel,phdtravel2248417086@moviefans.com,2010-04-11,42
ur23793316,king-fahad,kingfahad2379331691@moviefans.com,2001-03-09,40
ur0543054,dfranzen70,dfranzen70054305456@mail.com,2002-05-04,59
ur9184690,LovePython,lovepython918469040@example.com,1984-02-24,41
ur24498714,mohammed-a,mohammeda2449871439@example.com,2014-01-22,32
ur7024406,corrosion-,corrosion702440613@mail.com,2009-06-06,61
ur14940942,Nemesis42,nemesis421494094296@moviefans.com,1997-06-11,49
ur22836025,Edbechill,edbechill2283602519@imdbuser.net,1987-05-26,62
ur3387663,diac228,diac228338766312@moviefans.com,2012-02-01,14
ur3947986,brando647,brando647394798666@imdbuser.net,1982-08-18,44
ur3847132,mmccord912,mmccord912384713232@imdbuser.net,2006-01-19,55
ur29167688,tcnee,tcnee2916768886@moviefans.com,1987-01-05,52
ur31251432,rorschach-,rorschach3125143267@mail.com,1999-01-10,33
ur8223949,rpn313,rpn313822394923@imdbuser.net,2019-03-31,13
ur37743944,princessbr,princessbr3774394447@imdbuser.net,2008-09-04,52
ur37327729,natashabow,natashabow3732772954@example.com,2021-04-17,28
ur2501345,donjeffrie,donjeffrie250134531@moviefans.com,1969-09-13,66
ur23392189,tim-764-29,tim764292339218962@example.com,1961-11-15,69
ur29715624,norcalgal6,norcalgal62971562487@imdbuser.net,1979-09-27,48
ur2159981,djp2000,djp2000215998165@mail.com,2023-12-19,70
ur29676046,mcescher_f,mcescherf2967604627@example.com,1993-11-23,32
ur0289847,Shiva-11,shiva11028984744@mail.com,1975-10-24,65
ur7969168,CineCritic,cinecritic796916853@example.com,2023-04-17,47
ur0628339,mrrockandr,mrrockandr062833914@imdbuser.net,2011-05-14,50
ur0270026,coop-16,coop16027002690@example.com,2014-08-19,61
ur0014699,eschetic,eschetic001469944@moviefans.com,1993-08-31,51
ur0647688,a.selwyn,aselwyn064768841@imdbuser.net,1974-07-08,78
ur1582643,kibble48,kibble48158264395@example.com,2020-04-12,15
ur1415253,TheFiddler,thefiddler141525338@imdbuser.net,2013-04-08,77
ur1070835,jnrawdon,jnrawdon107083523@mail.com,2012-05-31,22
ur0385200,redkiwi,redkiwi038520059@imdbuser.net,1969-08-23,58
ur1430793,MyDarkStar,mydarkstar143079351@moviefans.com,2015-05-19,39
ur0088544,cofemug,cofemug008854425@imdbuser.net,1966-04-21,80
ur0609951,kevin c,kevinc060995118@imdbuser.net,2016-04-27,39
ur67014326,ianpeace-0,ianpeace06701432690@example.com,1987-10-09,41
ur3351053,Loader1976,loader1976335105383@example.com,1997-11-21,32
ur38742123,jay880088,jay8800883874212386@mail.com,1960-02-11,73
ur26631838,helraiza,helraiza2663183843@example.com,1981-01-26,54
ur23268307,gill_hatha,gillhatha2326830751@example.com,1998-11-04,60
ur26050147,pat_deayts,patdeayts2605014723@mail.com,1985-12-22,52
ur93311565,fleursalom,fleursalom9331156518@moviefans.com,2003-04-22,68
ur185050125,T-Flix,tflix18505012596@imdbuser.net,2017-04-28,14
ur26044585,rad81,rad812604458538@moviefans.com,1978-03-21,62
ur3105408,smartypant,smartypant310540868@example.com,2000-03-23,34
ur29728674,p_imdb-238,pimdb2382972867448@imdbuser.net,2014-02-25,55
ur7012352,ghanti,ghanti701235292@imdbuser.net,2004-02-13,30
ur2788951,canadude,canadude278895179@example.com,2020-10-14,23
ur1138607,Aphex97,aphex97113860772@imdbuser.net,1990-01-26,50
ur60243449,wellgamert,wellgamert6024344974@mail.com,2020-07-16,19
ur0821456,mentalcrit,mentalcrit082145665@example.com,2023-02-25,47
ur54999105,avik-basu1,avikbasu15499910545@mail.com,2004-06-22,26
ur10398346,KnightsofN,knightsofn1039834684@example.com,1991-08-24,44
ur60190079,blakiepete,blakiepete6019007981@imdbuser.net,2021-08-24,40
ur19997672,butchfilms,butchfilms1999767232@moviefans.com,2005-01-30,50
ur1098460,Galina_mov,galinamov109846013@moviefans.com,1989-12-17,44
ur39787437,davidec23,davidec233978743736@moviefans.com,1970-07-19,59
ur0566029,roger.nels,rogernels056602989@mail.com,2013-11-27,30
ur11238641,titanicfli,titanicfli1123864113@mail.com,2002-07-31,67
ur26269837,najwa-sky-,najwasky2626983793@example.com,2022-12-06,16
ur0360832,Ron-181,ron181036083267@imdbuser.net,2019-12-09,39
ur29945421,Ministryof,ministryof2994542129@imdbuser.net,2009-08-31,69
ur0199855,Vigilante-,vigilante019985510@example.com,2024-01-27,34
ur54873148,rogerhwern,rogerhwern5487314810@example.com,2003-11-10,45
ur0059982,hbs,hbs005998291@mail.com,1970-05-27,67
ur0835751,esteban174,esteban174083575127@moviefans.com,2022-07-11,28
ur0057584,Zaireeka,zaireeka005758482@moviefans.com,1997-12-22,35
ur0191255,veda0001,veda0001019125547@moviefans.com,1994-04-23,80
ur2539148,rchrdshelt,rchrdshelt253914869@moviefans.com,2021-03-06,46
ur0140921,Peach-2,peach2014092155@imdbuser.net,2018-11-29,15
ur24048464,priyantha-,priyantha2404846458@imdbuser.net,2006-03-18,77
ur24180698,shroyertou,shroyertou2418069825@example.com,2006-07-26,24
ur72209231,SomaQuest,somaquest7220923139@moviefans.com,1987-01-26,45
ur23018536,cosmo_tige,cosmotige2301853635@moviefans.com,1963-07-13,62
ur1476620,lasimp,lasimp147662095@moviefans.com,2012-03-02,15
ur9517552,m_chiz,mchiz951755263@mail.com,2010-08-06,73
ur44751096,apaustinpr,apaustinpr4475109641@mail.com,2001-08-04,46
ur9976197,joshlore-1,joshlore1997619745@moviefans.com,1974-11-24,54
ur23766877,mandalor11,mandalor112376687793@imdbuser.net,2013-11-04,14
ur83397865,jacktizzar,jacktizzar8339786585@mail.com,2009-10-24,16
ur6501873,JShaft33,jshaft33650187310@example.com,2009-03-20,24
ur69863134,moviebuffc,moviebuffc6986313434@moviefans.com,2022-11-12,80
ur40515784,MauritiusV,mauritiusv4051578497@example.com,2013-07-25,19
ur1453484,tdh_fbi,tdhfbi145348443@moviefans.com,2010-09-15,15
ur30008930,bweber6,bweber63000893031@example.com,2020-08-30,77
ur3228321,jeepyjb,jeepyjb322832183@example.com,2015-07-11,14
ur48515489,anisha-lg,anishalg4851548941@mail.com,2020-01-07,78
ur39072909,Kaygee906,kaygee9063907290941@example.com,1992-02-12,34
ur36610431,versalle88,versalle883661043171@moviefans.com,2025-01-29,75
ur102801169,liznync,liznync10280116974@mail.com,2025-03-27,15
ur49477904,naveennbha,naveennbha4947790442@moviefans.com,1983-01-01,66
ur66476841,buithnhlon,buithnhlon6647684184@moviefans.com,2005-06-06,30
ur92744104,richardell,richardell9274410483@moviefans.com,1958-03-20,74
ur57128869,louissouth,louissouth5712886952@imdbuser.net,1987-01-29,40
ur44663789,ZeroCoolRO,zerocoolro4466378965@example.com,2023-11-05,47
ur71074563,dmb-26334,dmb263347107456371@example.com,2000-05-10,59
ur96816399,willcallaw,willcallaw9681639995@example.com,2005-05-06,61
ur7383416,classicals,classicals738341629@imdbuser.net,1988-02-21,60
ur14676697,archravens,archravens1467669764@imdbuser.net,1998-09-28,47
ur5992408,Blackbuste,blackbuste599240879@imdbuser.net,1983-10-29,58
ur40750872,ArdourFilm,ardourfilm4075087252@moviefans.com,1971-10-12,68
ur37289439,HeirOfDorn,heirofdorn3728943928@example.com,2006-10-20,42
ur1682524,TheMovieMa,themoviema168252476@example.com,2018-08-20,19
ur13178622,st-shot,stshot1317862274@mail.com,2016-05-23,13
ur0338269,Nefi,nefi033826995@imdbuser.net,1997-02-12,37
ur0190451,3rd-row,3rdrow019045112@mail.com,1992-10-09,74
ur3153189,jdkraus,jdkraus315318986@example.com,2019-12-15,51
ur2747265,the-movie-,themovie274726563@example.com,2000-08-02,47
ur1319160,drosett,drosett131916089@mail.com,1997-04-12,57
ur0047752,AZINDN,azindn004775219@moviefans.com,1979-06-01,75
ur30544036,kamuijjang,kamuijjang3054403649@moviefans.com,2012-10-27,57
ur40200960,silverspel,silverspel4020096065@imdbuser.net,2013-09-02,30
ur70108233,stevenaisb,stevenaisb7010823359@imdbuser.net,1998-11-03,28
ur0767556,Mort & Spu,mortspu076755613@imdbuser.net,1987-04-04,44
ur4303406,pekinman,pekinman430340691@moviefans.com,2024-09-18,75
ur0287886,whogirl,whogirl028788623@example.com,2017-11-10,13
ur0235840,Dadge,dadge023584034@example.com,2005-07-11,26
ur0281663,vikitoria,vikitoria028166346@mail.com,1990-06-30,50
ur1594266,ian_harris,ianharris159426652@example.com,1970-05-22,57
ur1544933,clemato,clemato154493317@imdbuser.net,2012-03-25,37
ur7301678,jmas-3,jmas3730167867@imdbuser.net,2005-10-27,62
ur2678003,angry_ant,angryant267800353@moviefans.com,2016-01-24,34
ur1756359,MissElmaz,misselmaz175635991@imdbuser.net,1992-05-23,43
ur0681468,doodah367,doodah367068146892@example.com,2024-02-25,23
ur3962028,guisperpor,guisperpor396202862@mail.com,2006-12-17,22
ur4018341,GiselleCor,gisellecor401834191@example.com,2006-03-24,24
ur1019650,carlos.vir,carlosvir101965097@moviefans.com,2025-10-11,21
ur0205065,MobileMoti,mobilemoti020506545@moviefans.com,2016-09-20,36
ur61144987,angelicaca,angelicaca6114498731@imdbuser.net,1979-06-19,74
ur128231534,carolynoce,carolynoce12823153455@moviefans.com,2023-01-24,15
ur110649018,MovieDarli,moviedarli11064901817@moviefans.com,2013-11-12,50
ur47773744,ccamp89,ccamp894777374422@mail.com,2022-08-12,17
ur126651610,jeroennouw,jeroennouw12665161053@example.com,2002-01-12,41
ur52960305,sportsmonk,sportsmonk5296030579@mail.com,1974-02-25,74
ur3793011,jtindahous,jtindahous379301136@mail.com,2023-04-17,18
ur159455612,jedwardlou,jedwardlou15945561267@example.com,1990-08-19,68
ur8499289,spencergra,spencergra849928948@moviefans.com,2002-07-01,45
ur12513262,mills71,mills711251326275@example.com,2012-05-09,18
ur118562022,TreeFiddy5,treefiddy511856202299@moviefans.com,2008-09-24,77
ur50178817,rtbradford,rtbradford5017881711@example.com,2012-07-17,16
ur1113856,JasparLama,jasparlama111385627@moviefans.com,2013-02-21,78
ur1878623,jeffcoat,jeffcoat187862379@example.com,2011-08-02,25
ur55530196,ruimsl,ruimsl5553019623@example.com,2022-03-15,40
ur9426311,brchthethi,brchthethi942631132@moviefans.com,2006-06-19,68
ur2467778,RanchoTuVu,ranchotuvu246777871@mail.com,2006-11-30,60
ur11641764,mandagramm,mandagramm1164176419@mail.com,2017-12-03,14
ur25756758,fergyton,fergyton2575675858@imdbuser.net,1988-03-21,39
ur0068788,Boyo-2,boyo2006878829@imdbuser.net,2000-06-09,76
ur1003471,ProperChar,properchar100347132@imdbuser.net,1993-01-24,37
ur0167865,AKS-6,aks6016786520@moviefans.com,2011-04-13,29
ur0527784,TheHG,thehg052778436@mail.com,2024-03-06,40
ur0042263,Rick-34,rick34004226350@imdbuser.net,1991-10-07,62
ur4386406,rosaishere,rosaishere438640650@mail.com,2014-05-12,23
ur0217478,SKG-2,skg2021747889@moviefans.com,2024-03-02,17
ur0494107,wtmjr,wtmjr049410725@example.com,2012-11-06,33
ur0459733,Gem-22,gem22045973395@mail.com,2011-12-22,21
ur0474938,djdropkick,djdropkick047493895@imdbuser.net,2022-05-01,66
ur0765698,simply pet,simplypet076569839@imdbuser.net,1969-01-14,73
ur62179894,ChrisDcfc0,chrisdcfc06217989434@imdbuser.net,1967-05-15,66
ur0968496,namdc,namdc096849672@mail.com,2001-02-10,50
ur0970433,elu5iv3,elu5iv3097043361@mail.com,1976-08-10,76
ur131769494,killercola,killercola13176949441@moviefans.com,2019-12-12,15
ur1863719,Feindbild,feindbild186371945@example.com,2025-01-28,37
ur35981906,palavitsin,palavitsin3598190616@mail.com,2016-02-06,36
ur2696369,Solaris_Fl,solarisfl269636918@imdbuser.net,2022-01-02,73
ur63502517,veloskiw,veloskiw6350251753@example.com,2006-12-08,19
ur48786643,meh-28476,meh284764878664314@example.com,2003-11-28,39
ur68412227,roymartin-,roymartin6841222771@moviefans.com,2022-01-18,16
ur0390054,Ata-2,ata2039005417@mail.com,2010-10-26,60
ur35195518,Maroox,maroox3519551889@moviefans.com,2015-06-28,21
ur59627333,subxerogra,subxerogra5962733331@moviefans.com,2005-02-13,23
ur3382749,buffetfan1,buffetfan1338274916@mail.com,2012-02-08,45
ur82441194,fear_is_no,fearisno8244119496@moviefans.com,1987-10-02,55
ur151438298,penelopepo,penelopepo15143829865@moviefans.com,1992-09-29,78
ur37282504,CallEmLike,callemlike3728250467@imdbuser.net,2003-08-04,62
ur24363367,TigerHeron,tigerheron2436336710@example.com,2023-09-27,13
ur41574791,Semisonic,semisonic4157479165@example.com,2024-01-20,51
ur2898980,ClaytonDav,claytondav289898065@mail.com,1986-08-19,79
ur2171244,lastlibera,lastlibera217124478@example.com,2010-08-03,71
ur1085214,Casablanca,casablanca108521419@example.com,2020-06-21,37
ur1522352,gelman@att,gelmanatt152235223@imdbuser.net,2006-05-01,38
ur17808089,Phillipcgo,phillipcgo1780808955@mail.com,2024-02-14,66
ur0983913,cliffs_of_,cliffsof098391321@moviefans.com,2025-01-26,18
ur1969664,msims1,msims1196966478@example.com,2025-05-02,22
ur0550732,jessie-39,jessie39055073260@example.com,1984-04-28,79
ur17549815,northstop,northstop1754981588@example.com,1995-10-18,74
ur14013507,asmir,asmir1401350748@mail.com,1970-12-26,61
ur29781379,gliderguy,gliderguy2978137965@mail.com,2002-03-24,25
ur9285656,jsorenson7,jsorenson7928565678@moviefans.com,1985-11-02,72
ur61349501,shawcarvet,shawcarvet6134950157@mail.com,2014-07-14,18
ur18271419,freakfire-,freakfire1827141958@mail.com,1979-03-13,47
ur0864348,merk214,merk214086434841@mail.com,1992-11-19,56
ur2020055,chomak,chomak202005516@mail.com,2004-03-01,54
ur0925405,Mickey Kno,mickeykno092540553@moviefans.com,1948-07-30,78
ur7211194,Killa42,killa42721119421@example.com,1966-05-05,78
ur22961155,raisleygor,raisleygor2296115538@mail.com,2018-09-25,13
ur1320297,homer_simp,homersimp132029743@moviefans.com,1998-09-18,52
ur0160187,bettiem,bettiem016018733@moviefans.com,2002-01-27,51
ur160030691,JakeRfilmf,jakerfilmf16003069188@mail.com,2002-10-23,25
ur2622801,pturner101,pturner101262280135@example.com,1984-08-18,60
ur66341113,TheWinterG,thewinterg6634111342@mail.com,1981-06-06,47
ur0786032,brenttraft,brenttraft078603225@moviefans.com,2019-05-05,27
ur35145579,EmDee-427-,emdee4273514557961@moviefans.com,2017-12-14,53
ur0486116,rcoss2001,rcoss2001048611682@mail.com,1962-02-19,68
ur26698098,romneyranj,romneyranj2669809865@mail.com,1991-06-28,61
ur38397051,lucasliend,lucasliend3839705176@mail.com,2021-07-02,33
ur0477595,AaronAshto,aaronashto047759584@moviefans.com,2025-07-02,24
ur1016453,jon.h.ochi,jonhochi101645385@moviefans.com,2023-11-30,66
ur0688036,gayspiritw,gayspiritw068803695@imdbuser.net,2015-11-30,57
ur1950667,kester_gil,kestergil195066746@moviefans.com,1989-04-20,40
ur136131551,Philipp_Fl,philippfl13613155151@mail.com,1964-11-27,62
ur1535497,Prof_Losti,proflosti153549723@example.com,2003-05-22,70
ur1270453,Shelly_Ser,shellyser127045378@mail.com,1990-06-23,73
ur1607989,tpottera,tpottera160798977@moviefans.com,2024-04-15,20
ur1529723,Damfino189,damfino189152972339@imdbuser.net,2004-05-15,24
ur35683824,frankde-jo,frankdejo3568382416@mail.com,2023-05-27,15
ur20253004,morrigan19,morrigan192025300475@example.com,2007-05-23,32
ur1159008,sweetiedar,sweetiedar115900855@imdbuser.net,2016-05-29,27
ur0919231,lionel.wil,lionelwil091923166@mail.com,2004-06-07,29
ur4555280,blott2319-,blott2319455528085@mail.com,2013-02-23,51
ur124755452,mossgrymk,mossgrymk12475545293@example.com,1997-11-15,59
ur50463365,SAMTHEBEST,samthebest5046336548@example.com,2008-04-12,27
ur59091731,DanielAtla,danielatla5909173126@moviefans.com,1999-10-10,48
ur123203865,deepfriedd,deepfriedd12320386534@example.com,2011-07-06,14
ur61707231,swaney-913,swaney9136170723162@imdbuser.net,1973-02-25,54
ur9045342,metroskyra,metroskyra904534232@example.com,1975-08-02,73
ur0054462,Pasafist,pasafist005446234@moviefans.com,1982-03-11,44
ur12093192,lee_a_scot,leeascot1209319260@example.com,2020-01-06,40
ur59564756,debchavez,debchavez5956475696@imdbuser.net,2020-02-08,33
ur9909438,noapology7,noapology7990943897@mail.com,1973-07-17,80
ur2656888,halincoh,halincoh265688827@moviefans.com,1993-11-26,79
ur16998042,RatedVforV,ratedvforv1699804242@moviefans.com,2020-10-16,16
ur2102107,1234-1,12341210210774@imdbuser.net,2000-11-29,25
ur9533765,mbauch2000,mbauch2000953376575@imdbuser.net,1985-03-13,43
ur40795830,JayWolfgra,jaywolfgra4079583066@example.com,2013-02-17,38
ur2130094,IamtheRega,iamtherega213009435@imdbuser.net,1991-07-18,47
ur55987625,trent-chri,trentchri5598762579@moviefans.com,2022-10-12,66
ur3379318,Rex_Stephe,rexstephe337931816@example.com,2008-02-13,23
ur11089795,kimc21,kimc211108979512@moviefans.com,2008-11-01,62
ur91790524,imadivad,imadivad9179052418@mail.com,1983-05-21,53
ur3478632,omit0,omit0347863254@mail.com,1992-05-26,38
ur13971931,narelle-ca,narelleca1397193119@mail.com,2020-08-05,27
ur30260917,AK1991,ak19913026091744@mail.com,2019-09-05,24
ur32764997,BeneCumb,benecumb3276499756@imdbuser.net,1986-06-05,77
ur45295428,cousbrojs,cousbrojs4529542828@mail.com,2007-01-17,32
ur58619720,davispittm,davispittm5861972031@imdbuser.net,1998-01-31,46
ur53968709,ArchonCine,archoncine5396870949@mail.com,2000-03-27,41
ur3469101,octomancer,octomancer346910125@mail.com,2017-03-24,26
ur52758794,jamieeasto,jamieeasto5275879428@example.com,1997-04-02,64
ur45752336,Nooner777,nooner7774575233694@mail.com,2016-04-17,15
ur42047232,bozabozida,bozabozida4204723270@example.com,2005-07-14,26
ur82650934,robertdelp,robertdelp8265093486@imdbuser.net,1995-07-08,40
ur44482045,drjgardner,drjgardner4448204533@moviefans.com,1975-07-23,56
ur45414397,Fat_cats_s,fatcatss4541439759@moviefans.com,1984-12-05,47
ur65399748,HBSmith_Wr,hbsmithwr6539974834@moviefans.com,1970-08-04,61
ur45060413,hunter-fri,hunterfri4506041391@mail.com,1982-08-14,56
ur21869650,eelen-seth,eelenseth2186965085@imdbuser.net,1975-02-19,59
ur68546370,rburgz,rburgz6854637092@imdbuser.net,2014-03-16,18
ur24477043,mf2812,mf28122447704387@moviefans.com,2000-07-30,35
ur66177399,mckeesean,mckeesean6617739952@moviefans.com,2014-06-06,77
ur57817307,petermccon,petermccon5781730710@mail.com,2015-10-15,22
ur106891059,twaissigha,twaissigha10689105988@moviefans.com,2018-05-25,28
ur68293172,zander-952,zander9526829317283@imdbuser.net,1992-01-20,43
ur101369293,mjjenkins-,mjjenkins10136929393@example.com,1998-10-30,42
ur48030148,raquel_pom,raquelpom4803014828@example.com,2014-10-05,54
ur79342245,samaraswel,samaraswel7934224584@mail.com,2024-08-27,55
ur9158325,whineycrac,whineycrac915832564@mail.com,2012-12-02,13
ur0127188,Pupkin-2,pupkin2012718872@mail.com,2002-08-11,24
ur2307758,Zbigniew_K,zbigniewk230775885@mail.com,1981-03-31,66
ur0556157,Maciste_Br,macistebr055615731@moviefans.com,2021-03-01,19
ur0579073,hoodcsa,hoodcsa057907384@moviefans.com,1997-03-26,47
ur21140411,umfug,umfug2114041155@example.com,2005-01-07,35
ur3588397,drownsoda9,drownsoda9358839783@example.com,2014-09-14,63
ur0637916,rparham,rparham063791635@moviefans.com,2005-08-25,62
ur57590728,Platypusch,platypusch5759072877@mail.com,2005-07-06,23
ur5584070,EnjoyableP,enjoyablep558407055@example.com,2007-10-29,32
ur7064636,Joshua_Pen,joshuapen706463624@moviefans.com,1973-10-12,68
ur2717609,king_jack_,kingjack271760928@example.com,1999-04-06,37
ur115581010,ggcarbone,ggcarbone11558101068@imdbuser.net,2011-06-01,16
ur67073676,DeadMansTr,deadmanstr6707367619@imdbuser.net,1993-05-19,77
ur62973005,mustaballa,mustaballa6297300549@moviefans.com,1989-04-22,48
ur85373862,burgercoll,burgercoll8537386269@example.com,1977-06-07,63
ur32183731,MpGrill,mpgrill3218373122@moviefans.com,2006-08-28,34
ur45374917,jef-mod,jefmod4537491772@example.com,2023-03-13,25
ur92955190,info-20797,info207979295519029@example.com,2006-02-18,39
ur20128879,gotskeelz,gotskeelz2012887935@moviefans.com,1982-08-29,72
ur4820485,conradclub,conradclub482048554@moviefans.com,2014-05-24,26
ur91134244,apisano-13,apisano139113424472@example.com,2020-02-19,21
ur89545497,majorcbrun,majorcbrun8954549758@moviefans.com,1981-09-07,61
ur1854596,magicalmou,magicalmou185459610@mail.com,2016-05-13,22
ur85670137,vegeta-jul,vegetajul8567013798@moviefans.com,2011-10-29,59
ur28306206,balive-170,balive1702830620657@moviefans.com,1988-10-23,38
ur2498078,departed07,departed07249807830@moviefans.com,2013-03-06,16
ur114450253,ethanbresn,ethanbresn11445025371@example.com,2013-11-29,16
ur4034943,juliankenn,juliankenn403494358@mail.com,2010-12-28,37
ur50009926,hoxjennife,hoxjennife5000992696@example.com,2014-11-19,13
ur0935583,TheOtherFo,theotherfo093558323@example.com,2017-12-30,33
ur149618141,Alb33,alb3314961814166@example.com,1988-06-22,44
ur3356004,chriscresc,chriscresc335600426@example.com,2025-03-17,42
ur71305899,ThunderKin,thunderkin7130589959@example.com,2023-05-08,24
ur82872124,RosanaBota,rosanabota8287212490@moviefans.com,2023-05-11,15
ur0436403,Jared G.,jaredg043640321@example.com,2002-02-14,69
ur2771705,fullonrobo,fullonrobo277170521@example.com,1990-09-01,40
ur0436828,Nic673,nic673043682819@moviefans.com,2024-06-30,14
ur16701815,smartytart,smartytart1670181524@imdbuser.net,2022-10-06,47
ur11235569,suddenlyst,suddenlyst1123556941@mail.com,2016-06-20,19
ur29385135,Calicodrea,calicodrea2938513557@example.com,1975-11-03,59
ur16708702,howardthed,howardthed1670870287@mail.com,2012-10-22,43
ur10904903,jesoneric,jesoneric1090490379@imdbuser.net,2009-10-24,23
ur1446965,hiankoon,hiankoon144696512@imdbuser.net,2010-10-13,22
ur8650472,Gloryous,gloryous865047292@example.com,2005-07-22,35
ur5466406,sethn172,sethn172546640633@imdbuser.net,1972-12-02,63
ur0295528,PeeBs-2,peebs2029552892@mail.com,1962-12-11,65
ur4387979,here_comes,herecomes438797961@moviefans.com,1966-05-04,66
ur60704705,browncm-26,browncm266070470548@example.com,1975-08-14,51
ur8843850,Chrieraux,chrieraux884385065@moviefans.com,2012-11-09,59
ur1174539,JoeytheBri,joeythebri117453968@imdbuser.net,2016-08-29,21
ur67278807,chaswe-284,chaswe2846727880769@imdbuser.net,1997-02-11,42
ur22594733,norbert-pl,norbertpl2259473377@imdbuser.net,1972-09-06,61
ur15479933,legendaryu,legendaryu1547993395@moviefans.com,1966-05-30,66
ur0424660,jéwé,jw042466070@moviefans.com,2005-07-01,80
ur13940025,DeuceWild_,deucewild1394002525@mail.com,1983-03-04,61
ur2403537,callanvass,callanvass240353796@imdbuser.net,2002-02-22,32
ur35616843,cheekyfilm,cheekyfilm3561684382@moviefans.com,1971-10-24,78
ur105120858,MikeWindgr,mikewindgr10512085874@example.com,2001-01-06,25
ur2721657,sol1218,sol1218272165738@mail.com,2018-03-29,18
ur18970655,Fella_shib,fellashib1897065590@example.com,2015-01-11,44
ur6265657,I_can_get_,icanget626565776@imdbuser.net,1969-05-17,57
ur12814660,Minus_The_,minusthe1281466037@moviefans.com,1997-12-18,43
ur4108130,InaneSwine,inaneswine410813016@mail.com,2010-03-29,39
ur4978717,dilapidate,dilapidate497871793@imdbuser.net,1999-02-23,53
ur4099078,kirkwuk,kirkwuk409907889@example.com,1998-06-12,47
ur2526572,bronsonsku,bronsonsku252657298@mail.com,2011-07-27,21
ur7124591,Vomitron_G,vomitrong712459178@imdbuser.net,2006-09-15,63
ur44588015,jacobjohnt,jacobjohnt4458801569@moviefans.com,2022-02-13,13
ur106200014,Beard_Of_S,beardofs10620001466@mail.com,2009-02-08,28
ur0105164,Willie-12,willie12010516496@example.com,2022-11-28,15
ur27018907,reddiemurf,reddiemurf2701890741@example.com,2002-04-29,62
ur39571015,slhma10,slhma103957101535@mail.com,1987-04-04,76
ur0649449,obiwancohe,obiwancohe064944915@moviefans.com,2007-02-12,72
ur58288791,ptsj-music,ptsjmusic5828879162@imdbuser.net,2006-06-28,26
ur0637427,pmdawn,pmdawn063742753@mail.com,2024-05-13,40
ur20781011,HuntinPeck,huntinpeck2078101177@example.com,1997-04-11,29
ur0494482,claudonio,claudonio049448216@moviefans.com,1993-01-31,66
ur64426811,Idiot-Delu,idiotdelu6442681131@imdbuser.net,2002-11-19,46
ur0954062,khatcher-2,khatcher2095406238@example.com,1987-10-25,45
ur166961878,mattlx,mattlx16696187895@mail.com,2012-06-01,31
ur43192308,Bydey,bydey4319230811@mail.com,2016-06-04,43
ur20258406,son_of_che,sonofche2025840651@imdbuser.net,2023-10-18,79
ur2810513,Bradford_G,bradfordg281051313@mail.com,2023-02-02,18
ur3924830,ReelCheese,reelcheese392483094@mail.com,2002-02-13,62
ur13204563,davemccrea,davemccrea1320456383@mail.com,2013-01-05,48
ur0819382,rmax304823,rmax304823081938299@mail.com,1972-10-25,63
ur164317534,moviesarea,moviesarea16431753445@moviefans.com,2012-12-02,16
ur9150302,axlrhodes,axlrhodes915030298@imdbuser.net,2012-11-25,57
ur4461402,callahan22,callahan22446140240@mail.com,2003-03-14,38
ur1515017,davidholme,davidholme151501735@mail.com,2016-08-04,15
ur63598589,schwallerk,schwallerk6359858988@imdbuser.net,2010-05-11,72
ur0062754,chua,chua006275428@mail.com,1991-04-28,75
ur50666830,shashank_1,shashank15066683036@mail.com,2019-09-30,44
ur2388238,hdavis-29,hdavis29238823851@mail.com,1965-01-18,62
ur0143909,Doogie D,doogied014390995@mail.com,1976-07-27,51
ur1151824,ArizWldcat,arizwldcat115182456@moviefans.com,1970-08-07,65
ur1147015,asc85,asc85114701571@imdbuser.net,2007-03-31,52
ur86093534,sfpitt,sfpitt8609353443@imdbuser.net,2025-10-10,34
ur4388114,MovieDude1,moviedude1438811463@mail.com,1991-06-03,74
ur0910064,Pittwater,pittwater091006440@moviefans.com,2009-02-20,59
ur26154754,jimbo-53-1,jimbo5312615475490@example.com,1993-01-01,73
ur61096304,davholsea-,davholsea6109630490@moviefans.com,2004-07-18,23
ur1080151,Geofbob,geofbob108015135@mail.com,2006-06-04,27
ur0172836,great_sphi,greatsphi017283654@mail.com,2004-11-17,42
ur0112253,masmith,masmith011225332@imdbuser.net,1987-07-17,63
ur35493304,danielf-cr,danielfcr3549330469@moviefans.com,1997-12-29,43
ur1303993,movieguy10,movieguy10130399343@imdbuser.net,2010-04-05,29
ur17085434,byron-116,byron1161708543443@mail.com,1979-06-06,50
ur1094451,mister_kno,misterkno109445121@example.com,1980-12-04,61
ur1165381,noahbi,noahbi116538185@example.com,2008-08-01,27
ur150414589,gettodamoo,gettodamoo15041458914@mail.com,1975-11-12,72
ur25552762,tm-sheehan,tmsheehan2555276262@mail.com,2014-04-04,44
ur0889217,sisyphus-1,sisyphus1088921736@mail.com,1993-01-15,50
ur47699013,hazard111,hazard1114769901364@moviefans.com,2018-12-27,23
ur88621244,jikku3012,jikku30128862124458@example.com,2020-06-18,54
ur127839424,rachellele,rachellele12783942471@moviefans.com,1991-08-29,65
ur81199012,mohd-47046,mohd470468119901243@mail.com,1996-11-29,55
ur94476209,joearmitag,joearmitag9447620998@moviefans.com,2025-01-04,32
ur22948998,WindaNovia,windanovia2294899858@mail.com,2020-12-17,66
ur47767115,hfsaidi,hfsaidi4776711580@mail.com,1982-04-17,61
ur171925599,candeedeli,candeedeli17192559959@imdbuser.net,1985-05-28,57
ur46919419,SoumikBane,soumikbane4691941915@moviefans.com,2002-07-06,60
ur54385035,redban02,redban025438503574@mail.com,1975-03-05,53
ur47279442,lissa_luvs,lissaluvs4727944290@moviefans.com,1968-03-09,59
ur139302644,ancsdavalo,ancsdavalo13930264426@imdbuser.net,2011-04-02,25
ur67855438,Tayriana,tayriana6785543837@moviefans.com,1952-11-14,73
ur22033950,MickyG333,mickyg3332203395049@imdbuser.net,2015-11-05,21
ur2099112,wismerhill,wismerhill209911266@mail.com,2015-05-13,54
ur9481726,Squeele,squeele948172616@imdbuser.net,2008-09-20,56
ur7412910,robby-debl,robbydebl741291010@example.com,2002-08-28,70
ur19884538,kevinschwo,kevinschwo1988453876@mail.com,1968-05-19,59
ur3298423,johnsleger,johnsleger329842336@imdbuser.net,2015-10-16,80
ur1075696,Craig_McPh,craigmcph107569642@imdbuser.net,2016-08-30,53
ur139515704,kyla-72302,kyla7230213951570414@moviefans.com,1997-01-05,48
ur8170523,dridi_i,dridii817052377@example.com,1997-11-23,28
ur1046460,valadas,valadas104646038@example.com,2005-07-28,65
ur1994965,louisvanda,louisvanda199496532@example.com,2021-11-23,50
ur2973891,edmond_hen,edmondhen297389111@example.com,1970-08-16,62
ur25308399,Peter-McLe,petermcle2530839983@mail.com,2023-12-24,28
ur4167429,Goosfrabah,goosfrabah416742931@mail.com,2017-07-13,14
ur23046695,Bluesradio,bluesradio2304669562@moviefans.com,1996-08-08,35
ur2872510,msatlas,msatlas287251089@example.com,2020-07-07,28
ur0088934,jj_gitte,jjgitte008893487@moviefans.com,2020-12-20,55
ur0085351,Hemmy,hemmy008535153@imdbuser.net,1965-01-20,76
ur0093909,Brenman33,brenman33009390928@example.com,2018-02-20,47
ur36863705,paul-nemec,paulnemec3686370534@example.com,2023-05-05,14
ur7979430,Xcrossbone,xcrossbone797943064@imdbuser.net,2010-08-17,74
ur0618783,thehumandu,thehumandu061878370@moviefans.com,1981-01-04,74
ur0529670,matt cacca,mattcacca052967040@moviefans.com,2014-07-10,16
ur0134784,leo-37,leo37013478413@moviefans.com,1991-02-23,61
ur0328303,Flints,flints032830395@moviefans.com,2012-09-11,19
ur0365713,CharltonBo,charltonbo036571366@moviefans.com,2021-10-16,24
ur0007411,Apowers,apowers000741177@moviefans.com,1960-05-27,73
ur1059189,salvatore_,salvatore105918962@moviefans.com,2009-03-19,26
ur113208747,ten-thousa,tenthousa11320874733@moviefans.com,2006-03-18,68
ur4955982,clauzy82,clauzy82495598231@example.com,2011-08-17,28
ur110497255,tptensToad,tptenstoad11049725588@imdbuser.net,2008-03-15,70
ur78218438,RECB3,recb37821843869@mail.com,2011-05-22,26
ur13401764,kairingler,kairingler1340176463@mail.com,2013-12-11,25
ur130299109,bethlori,bethlori13029910942@imdbuser.net,2025-12-03,46
ur6101387,ruskaret,ruskaret610138764@mail.com,2005-10-05,21
ur80272644,dustinclou,dustinclou8027264435@mail.com,1984-02-09,42
ur22133733,xxGlitterx,xxglitterx2213373343@imdbuser.net,2014-03-18,16
ur1132073,Movie Nutt,movienutt113207371@mail.com,2007-10-27,22
ur4547282,nasher781,nasher781454728232@mail.com,1955-01-12,77
ur1341801,Da reel Mi,dareelmi134180183@imdbuser.net,2005-02-19,79
ur13812494,scotty_bur,scottybur1381249429@mail.com,2022-03-19,39
ur14407477,funkmann,funkmann1440747771@moviefans.com,1993-03-11,42
ur1328109,Rathko,rathko132810928@mail.com,2012-02-25,36
ur3603551,commanderc,commanderc360355117@example.com,2004-08-04,51
ur6179904,jackie87,jackie87617990455@example.com,2022-11-20,40
ur2547554,ThrownMuse,thrownmuse254755449@imdbuser.net,1979-07-12,58
ur59989758,Howling_at,howlingat5998975882@imdbuser.net,1977-05-12,71
ur2843647,insomniac_,insomniac284364764@mail.com,1987-07-04,64
ur135406487,johnfannin,johnfannin13540648715@moviefans.com,2013-11-08,15
ur16018925,KUJayhawk,kujayhawk1601892524@imdbuser.net,2000-08-25,48
ur1479782,Fedaykin_S,fedaykins147978297@mail.com,2012-06-11,29
ur2879151,moviesleut,moviesleut287915117@example.com,2010-03-06,29
ur83439878,carlosiuri,carlosiuri8343987831@mail.com,1960-07-18,73
ur44499611,brendonfai,brendonfai4449961135@imdbuser.net,2015-07-18,45
ur152801547,alexanderl,alexanderl15280154755@example.com,2002-09-24,27
ur12797428,bpl908,bpl9081279742845@imdbuser.net,2013-01-24,54
ur20899235,TheDome81,thedome812089923534@imdbuser.net,2006-08-08,30
ur79311289,cmovies-99,cmovies997931128930@mail.com,1976-05-20,52
ur43099789,shiva-kakk,shivakakk4309978911@imdbuser.net,2015-04-12,77
ur42414764,OnjiMooteD,onjimooted4241476492@example.com,2013-08-24,20
ur83545139,christinch,christinch8354513993@imdbuser.net,1980-05-24,76
ur35331359,pranay_mis,pranaymis3533135974@example.com,1997-12-14,48
ur92732830,Tejas_Vind,tejasvind9273283068@example.com,2025-11-23,75
ur24877493,sghosh07,sghosh072487749362@example.com,1988-08-06,56
ur82959521,maitysrima,maitysrima8295952130@imdbuser.net,1973-08-10,78
ur26492957,javidjohna,javidjohna2649295792@example.com,2006-07-23,23
ur20331614,jordanstee,jordanstee2033161437@mail.com,2008-04-29,22
ur22864666,ketgup83,ketgup832286466684@mail.com,1958-09-25,76
ur45390749,A_FORTY_SE,afortyse4539074938@example.com,2012-11-19,13
ur67039799,sanjubhat,sanjubhat6703979932@example.com,1974-08-14,52
ur47100167,sauravjosh,sauravjosh4710016716@example.com,1992-11-09,57
ur49368446,sourya-muk,souryamuk4936844623@moviefans.com,2012-03-17,65
ur105724204,mrinal-786,mrinal78610572420448@imdbuser.net,2024-12-09,37
ur101475711,chowdhurya,chowdhurya10147571116@mail.com,2022-09-19,31
ur105176841,Abhishek_C,abhishekc10517684166@mail.com,2003-04-28,57
ur30163554,Vartiainen,vartiainen3016355471@moviefans.com,2005-02-05,30
ur0562443,iaido,iaido056244370@mail.com,1997-12-10,67
ur45842290,ivanmessim,ivanmessim4584229037@moviefans.com,2022-10-17,50
ur3549218,chickyforn,chickyforn354921883@imdbuser.net,1990-04-30,42
ur0492853,Kill-Gore,killgore049285345@mail.com,1999-02-21,59
ur0061984,audrey_hep,audreyhep006198473@example.com,2007-12-18,23
ur4841930,amid77,amid77484193032@imdbuser.net,1987-11-05,73
ur4512019,jellopuke,jellopuke451201961@imdbuser.net,1986-11-16,45
ur4371155,erzuliedan,erzuliedan437115594@mail.com,2004-02-28,78
ur12830322,gkleciak,gkleciak1283032235@moviefans.com,2007-12-28,45
ur3904682,Juganawt,juganawt390468215@example.com,1990-10-24,37
ur13668510,Peeni_Swee,peeniswee1366851070@imdbuser.net,1947-11-23,78
ur16156035,chaosweave,chaosweave1615603567@imdbuser.net,1995-09-19,69
ur13944268,kthoran,kthoran1394426879@example.com,1994-09-18,74
ur16786931,wafflecopt,wafflecopt1678693189@imdbuser.net,2007-12-15,28
ur14761759,themitko,themitko1476175943@imdbuser.net,1987-12-09,51
ur13913897,ioscream-1,ioscream11391389770@moviefans.com,1968-05-19,72
ur9529273,felsy41,felsy41952927392@imdbuser.net,2012-05-28,31
ur5144489,WesleySays,wesleysays514448947@example.com,2001-05-17,51
ur19678690,crazystone,crazystone1967869025@example.com,1967-11-25,62
ur91222832,voraphon,voraphon9122283266@mail.com,2009-08-31,76
ur19339148,cmmedland,cmmedland1933914857@imdbuser.net,2023-05-29,75
ur33103573,mikeleo5,mikeleo53310357326@moviefans.com,1963-04-24,71
ur5505994,themuffin-,themuffin550599462@example.com,1991-12-07,40
ur10122012,ledzep29,ledzep291012201241@mail.com,1979-05-02,79
ur11024793,capt_cool,captcool1102479387@imdbuser.net,2003-01-04,23
ur1499164,forhall,forhall149916444@example.com,1963-09-14,68
ur1457119,Mr_Sensiti,mrsensiti145711939@example.com,1991-03-05,73
ur118073406,netjes-686,netjes68611807340686@mail.com,2005-06-28,26
ur3394600,abum190,abum190339460011@moviefans.com,2017-12-06,17
ur1044777,Scufovo,scufovo104477794@example.com,1975-05-05,66
ur1842850,dandodson,dandodson184285013@imdbuser.net,1962-02-17,78
ur9992743,santegeezh,santegeezh999274327@mail.com,2011-03-09,55
ur2543944,squareroot,squareroot254394454@mail.com,2021-03-14,34
ur66517869,adamonIMDb,adamonimdb6651786935@mail.com,2003-05-30,54
ur30687816,stranger_g,strangerg3068781635@imdbuser.net,2010-04-21,28
ur14993009,wiggapleas,wiggapleas1499300937@example.com,2000-04-15,68
ur11729618,perfect_pa,perfectpa1172961885@mail.com,1985-06-06,56
ur3974800,Scoval71,scoval71397480038@moviefans.com,2010-11-28,16
ur1307882,vampyrecow,vampyrecow130788261@mail.com,2018-07-30,71
ur25811950,benjamin-p,benjaminp2581195038@mail.com,2002-04-05,79
ur1022753,theghost1,theghost1102275337@imdbuser.net,2020-01-04,14
ur2144397,Elspode,elspode214439715@mail.com,2002-09-19,28
ur2349369,The-Shape,theshape234936984@imdbuser.net,1987-12-30,45
ur4806150,jquest-1,jquest1480615056@example.com,2025-06-17,20
ur3967374,hailtothev,hailtothev396737498@example.com,2013-06-04,24
ur10117115,stu1002,stu10021011711541@example.com,1998-05-31,36
ur5549664,xavierorr,xavierorr554966438@example.com,2013-08-26,67
ur10724921,Len9876,len98761072492149@imdbuser.net,2009-03-23,19
ur3801888,king_of_fl,kingoffl380188824@mail.com,1987-11-10,58
ur0761093,Professor_,professor076109383@mail.com,2025-08-06,69
ur0124859,culwin,culwin012485927@moviefans.com,2008-09-06,54
ur4111911,FrankBooth,frankbooth411191114@example.com,1978-12-29,66
ur55232724,ptjvandijk,ptjvandijk5523272497@imdbuser.net,2002-02-12,28
ur2854941,madpredato,madpredato285494188@example.com,2014-08-01,16
ur76595429,jmroto-218,jmroto2187659542965@moviefans.com,1992-11-18,43
ur52210600,beardedmov,beardedmov5221060044@example.com,2016-01-13,17
ur1513942,jlittlej,jlittlej151394259@imdbuser.net,2020-04-10,48
ur1801225,timon74,timon74180122598@imdbuser.net,1996-12-04,30
ur1042404,interactiv,interactiv104240498@imdbuser.net,2020-11-19,76
ur20490273,ConDeuce,condeuce2049027365@mail.com,2001-12-13,28
ur1326868,munglet,munglet132686821@imdbuser.net,2011-05-14,41
ur1558279,samepunksa,samepunksa155827951@example.com,2025-08-22,54
ur0685528,graikor,graikor068552825@example.com,2004-12-31,23
ur40349280,drewnes,drewnes4034928081@mail.com,1997-04-10,38
ur0876454,mlong-5,mlong5087645461@example.com,2016-12-25,14
ur60333792,dave-milne,davemilne6033379254@imdbuser.net,2011-12-10,21
ur23393517,AlainAKoni,alainakoni2339351748@moviefans.com,1970-05-12,68
ur23172671,jan_kalina,jankalina2317267141@mail.com,1999-06-17,71
ur58311230,Callum-Ear,callumear5831123075@example.com,2021-09-06,28
ur79972095,tuckerbuff,tuckerbuff7997209533@moviefans.com,2014-01-13,21
ur58300907,fabi-stold,fabistold5830090762@moviefans.com,2016-09-13,26
ur26105531,jeffdrolli,jeffdrolli2610553182@mail.com,2009-04-27,47
ur52571250,kate-alexa,katealexa5257125038@mail.com,2021-12-25,15
ur36800478,carlosform,carlosform3680047837@moviefans.com,1956-01-28,70
ur8598392,drdeathfor,drdeathfor859839249@example.com,2023-05-08,19
ur48261584,blakehunte,blakehunte4826158415@moviefans.com,2023-03-07,24
ur56676458,jeffpar52,jeffpar525667645854@moviefans.com,1971-06-12,65
ur58169027,davidgillr,davidgillr5816902778@mail.com,2010-04-27,20
ur0492558,grahamsj3,grahamsj3049255839@moviefans.com,2011-01-14,74
ur1565325,CLundmark,clundmark156532547@mail.com,2006-05-31,30
ur1263031,Bourque77,bourque77126303163@imdbuser.net,1982-03-17,71
ur0868306,javierwins,javierwins086830654@mail.com,1984-05-13,49
ur0104902,Pat-54,pat54010490278@moviefans.com,1964-10-31,73
ur148557524,bedixa,bedixa14855752435@moviefans.com,1990-09-14,39
ur0960001,bturtle_17,bturtle17096000145@moviefans.com,2008-06-02,50
ur2418893,Gypsybelle,gypsybelle241889324@mail.com,1999-02-09,44
ur0206049,rabown,rabown020604983@imdbuser.net,2002-10-10,23
ur0858530,kaila1949,kaila1949085853042@example.com,2000-04-16,32
ur1342135,larrysmile,larrysmile134213584@moviefans.com,2003-10-13,43
ur0323589,halco,halco032358923@imdbuser.net,1990-03-20,70
ur3280905,theowinthr,theowinthr328090567@mail.com,1997-06-12,50
ur1318985,jwrowe3,jwrowe3131898563@moviefans.com,1999-02-28,37
ur64213101,jpmitchell,jpmitchell6421310177@imdbuser.net,1977-04-15,70
ur4684362,nubka,nubka468436296@moviefans.com,1993-03-26,50
ur5290883,beepo57,beepo57529088316@mail.com,2007-11-26,28
ur5110746,amosduncan,amosduncan511074641@example.com,1967-08-13,61
ur2366009,Danusha_Go,danushago236600929@mail.com,2011-12-05,32
ur20667462,wyldmannda,wyldmannda2066746214@moviefans.com,2006-03-19,24
ur2235153,jedwards4,jedwards4223515359@example.com,1987-10-10,58
ur14483328,r_grayhat,rgrayhat1448332816@mail.com,1976-05-18,50
ur1020479,mikepwong,mikepwong102047952@imdbuser.net,2015-12-06,62
ur3932196,coderx75,coderx75393219630@example.com,1990-08-18,36
ur1451693,jeroenbern,jeroenbern145169355@moviefans.com,2021-04-23,54
ur0159565,buiger,buiger015956514@example.com,2017-10-06,18
ur1239176,johnng45,johnng45123917683@mail.com,2024-10-16,16
ur0911090,james36200,james36200091109010@mail.com,2017-08-07,13
ur155988546,mmkalmykov,mmkalmykov15598854698@mail.com,2013-03-01,38
ur59663102,bspavlovic,bspavlovic5966310296@mail.com,1993-12-02,57
ur10252629,elliest_5,elliest51025262990@mail.com,1993-02-13,44
ur61712511,johna-9538,johna95386171251153@example.com,1977-03-09,78
ur22920280,RLTerry1,rlterry12292028029@example.com,2012-11-15,55
ur24755102,mark-951-3,mark95132475510288@imdbuser.net,2011-05-23,26
ur96996693,vithiet,vithiet9699669371@example.com,2018-09-08,49
ur62380975,barbagvido,barbagvido6238097584@imdbuser.net,2020-01-02,17
ur42267919,jnhjunk,jnhjunk4226791945@mail.com,1987-01-10,65
ur4359951,matthewbow,matthewbow435995181@example.com,2011-07-15,35
ur2051267,myfavorite,myfavorite205126732@imdbuser.net,2016-09-07,13
ur2881830,joesnuff,joesnuff288183038@example.com,1978-03-04,53
ur4113022,ken_lee54,kenlee54411302210@mail.com,1986-08-21,40
ur2975064,Bigprisc,bigprisc297506450@example.com,2001-07-03,77
ur1846499,klauskind,klauskind184649956@example.com,1952-06-29,79
ur0576837,edward_tan,edwardtan057683775@mail.com,1996-03-14,64
ur19658928,CihanVerca,cihanverca1965892870@imdbuser.net,1980-10-04,56
ur7759378,roland-104,roland104775937811@imdbuser.net,2023-04-29,38
ur1301198,RNJ97,rnj97130119852@imdbuser.net,2009-06-01,31
ur0212106,Masako-2,masako2021210651@example.com,2011-11-20,14
ur1844397,heathart1,heathart1184439790@mail.com,2017-01-22,38
ur8573227,moviezmani,moviezmani857322724@mail.com,2015-06-19,21
ur4579095,stupid_peb,stupidpeb457909579@moviefans.com,2020-03-22,14
ur1214842,c_p_c,cpc121484241@example.com,1968-08-15,58
ur1459021,csamp2000,csamp2000145902167@example.com,2011-03-03,19
ur88267634,Keemer44,keemer448826763483@imdbuser.net,2001-12-09,34
ur20621243,kdnor2011,kdnor20112062124393@imdbuser.net,1998-06-25,68
ur21630011,ambrakay,ambrakay2163001125@imdbuser.net,2021-10-08,24
ur9314013,jaddison38,jaddison38931401383@moviefans.com,1990-07-04,44
ur89725928,Screaming_,screaming8972592895@imdbuser.net,2020-05-14,50
ur3131494,TruPretend,trupretend313149483@imdbuser.net,1989-03-17,46
ur0450190,Chimera-5,chimera5045019030@example.com,1991-07-17,37
ur1423856,chasman99,chasman99142385676@mail.com,2003-08-01,69
ur2573153,ODDBear,oddbear257315327@moviefans.com,1987-06-01,41
ur2746494,stellamari,stellamari274649486@mail.com,2024-08-20,73
ur0780691,LaChantefl,lachantefl078069127@example.com,1998-02-28,71
ur3645773,wotrwokr-1,wotrwokr1364577351@imdbuser.net,2023-06-17,27
ur54687345,NestorTheG,nestortheg5468734531@example.com,2022-09-23,31
ur3635386,d858thomps,d858thomps363538631@moviefans.com,2011-10-07,25
ur17825945,thesar-2,thesar21782594514@imdbuser.net,2009-07-26,19
ur3948010,dav7nine,dav7nine394801079@mail.com,2025-02-05,28
ur61056576,donnak-422,donnak4226105657616@moviefans.com,1991-02-25,35
ur32466096,noonoonomo,noonoonomo3246609636@example.com,2012-08-17,34
ur20458432,tony-colas,tonycolas2045843293@imdbuser.net,2011-03-25,20
ur72055942,jrmoran-69,jrmoran697205594228@mail.com,2008-05-06,36
ur45587294,RhapsodyRe,rhapsodyre4558729488@moviefans.com,2019-09-28,13
ur0444961,drawoh,drawoh044496122@moviefans.com,2023-01-08,23
ur93734807,lldavids-3,lldavids39373480730@mail.com,2010-04-28,25
ur0411633,matlock-6,matlock6041163320@example.com,1994-10-01,42
ur4692830,sazo-2,sazo2469283047@example.com,2013-11-06,35
ur71401093,jkstill-34,jkstill347140109376@imdbuser.net,2003-09-19,23
ur2743752,393,393274375210@example.com,1996-02-19,31
ur72174266,daillstate,daillstate7217426637@example.com,2000-03-29,50
ur97919425,hacks-5663,hacks56639791942545@moviefans.com,2025-02-02,61
ur131560020,thespeos,thespeos13156002049@mail.com,1990-05-12,40
ur69496651,akshatmaha,akshatmaha6949665133@imdbuser.net,2001-09-25,51
ur143185840,alexjaymai,alexjaymai14318584076@moviefans.com,1989-10-22,62
ur0323553,doeadear,doeadear032355326@moviefans.com,2011-05-28,40
ur0934203,flickjunki,flickjunki093420378@moviefans.com,2022-04-20,14
ur0265837,Quicksand,quicksand026583728@example.com,2001-11-05,60
ur0466641,nick-323,nick323046664162@example.com,2021-04-19,43
ur0466623,reedis-2,reedis2046662322@moviefans.com,2024-09-17,18
ur0368787,danielll_r,danielllr036878710@mail.com,2022-07-23,32
ur0565865,magda-13,magda13056586586@mail.com,2018-07-07,21
ur5758753,sxjTheFirs,sxjthefirs575875330@moviefans.com,1953-07-31,73
ur0372900,meninas,meninas037290080@imdbuser.net,2002-02-03,35
ur0020412,hmcnally,hmcnally002041215@mail.com,2005-08-27,24
ur4889004,C-rocodile,crocodile488900492@imdbuser.net,1996-11-04,74
ur0320245,clover27,clover27032024566@mail.com,2016-01-13,17
ur42268776,hannahkraf,hannahkraf4226877637@moviefans.com,1998-06-09,58
ur0225775,3p,3p022577527@example.com,2017-09-26,50
ur0926576,daveisit,daveisit092657652@example.com,1983-03-03,78
ur0618701,twilliams7,twilliams7061870142@imdbuser.net,1997-09-24,46
ur0215200,chaz-28,chaz28021520022@moviefans.com,1958-01-23,74
ur3891871,tappingjef,tappingjef389187142@example.com,1977-11-20,57
ur4343882,pontoffelp,pontoffelp434388273@example.com,1998-05-05,30
ur2904674,rooprect,rooprect290467438@moviefans.com,2020-02-18,34
ur1419266,stensson,stensson141926698@mail.com,1996-11-24,60
ur24102335,barnabybee,barnabybee2410233535@example.com,2006-08-10,56
ur58063781,john32935,john329355806378190@mail.com,2017-04-15,19
ur24035524,JvH48,jvh482403552494@imdbuser.net,1982-07-14,60
ur17473511,andyk888,andyk8881747351120@imdbuser.net,2022-06-20,13
ur10339281,kkkkooooll,kkkkooooll1033928150@imdbuser.net,2023-06-24,19
ur6142851,mailes22,mailes22614285176@moviefans.com,2001-05-12,69
ur3511390,med77_99,med7799351139037@moviefans.com,2013-03-20,64
ur7671296,beccad90,beccad90767129660@moviefans.com,1977-08-11,74
ur29075478,kbrkdr,kbrkdr2907547888@example.com,1990-01-16,54
ur23840027,tombrookes,tombrookes2384002791@mail.com,2012-11-27,35
ur26516768,calicritic,calicritic2651676859@moviefans.com,1987-01-27,40
ur19703765,neji107,neji1071970376560@example.com,2019-10-04,21
ur19275800,axismladen,axismladen1927580041@example.com,1970-06-12,61
ur26465371,lagudafuad,lagudafuad2646537193@moviefans.com,2023-08-27,53
ur133554911,raytero,raytero13355491175@imdbuser.net,2018-12-14,13
ur7138878,jmstettner,jmstettner713887866@moviefans.com,2001-11-29,36
ur18403876,JustBe333,justbe3331840387661@imdbuser.net,2015-09-06,22
ur113693169,IreneWatso,irenewatso11369316980@example.com,2022-08-18,55
ur34185292,dpolwatte,dpolwatte3418529227@mail.com,1974-05-22,71
ur0277234,Bertaut,bertaut027723422@mail.com,1983-10-20,57
ur48981195,Genti27,genti274898119518@example.com,2006-11-14,31
ur18519281,TheAnimalM,theanimalm1851928170@example.com,2005-11-25,41
ur128614443,PK_71,pk7112861444341@moviefans.com,1971-01-06,62
ur114216935,heidibokor,heidibokor11421693594@mail.com,1981-09-30,67
ur75423130,anelsg,anelsg7542313016@moviefans.com,2015-06-26,80
ur77066720,earthboli,earthboli7706672088@imdbuser.net,2023-03-13,18
ur16705864,Marzy_Hart,marzyhart1670586498@mail.com,2008-05-09,59
ur55249699,michaeljtr,michaeljtr5524969955@imdbuser.net,2014-01-10,38
ur1931595,Jaffe,jaffe193159570@imdbuser.net,2000-09-15,67
ur59148101,GomezAddam,gomezaddam5914810197@example.com,2018-04-30,69
ur19960279,nyshrink,nyshrink1996027997@imdbuser.net,2025-02-19,15
ur5633386,crappydoo,crappydoo563338673@imdbuser.net,2019-09-20,25
ur3185857,keren-2,keren2318585748@example.com,1952-01-21,76
ur0855231,johnnyboyz,johnnyboyz085523115@mail.com,2021-04-05,76
ur19457788,leo-dor,leodor1945778870@example.com,2024-12-01,57
ur0305809,Andy-296,andy296030580949@mail.com,1960-10-21,67
ur19495561,Hige_Akaik,higeakaik1949556164@example.com,1989-09-05,72
ur6915914,randyhndrs,randyhndrs691591429@moviefans.com,1980-01-27,53
ur14295241,billcr12,billcr121429524161@mail.com,2021-06-20,37
ur0243984,Polanco,polanco024398425@example.com,2006-06-22,40
ur4309318,blackburnj,blackburnj430931856@moviefans.com,2018-12-18,45
ur42275256,rbnrnnr,rbnrnnr4227525619@example.com,1951-07-12,80
ur0181421,bobbyellio,bobbyellio018142116@mail.com,2000-02-07,57
ur0134919,John K.-2,johnk2013491967@imdbuser.net,2013-06-11,56
ur35752801,rich-rossi,richrossi3575280124@example.com,1965-05-08,69
ur6246139,stephenmur,stephenmur624613935@imdbuser.net,1973-01-01,79
ur133472560,alex_with_,alexwith13347256063@moviefans.com,2019-01-24,19
ur5914273,terrygiu20,terrygiu20591427354@imdbuser.net,2014-12-20,26
ur16867425,kellyq12,kellyq121686742556@moviefans.com,2013-06-03,27
ur2466469,jemmytee,jemmytee246646968@imdbuser.net,2001-02-07,39
ur2516296,SGC82,sgc82251629678@example.com,2000-05-23,34
ur16720003,wxgirl55,wxgirl551672000358@example.com,2020-09-22,19
ur17073312,tvit,tvit1707331257@moviefans.com,1993-06-21,34
ur18385621,jackcaptai,jackcaptai1838562179@example.com,1954-06-01,75
ur61462616,gabriel_sa,gabrielsa6146261627@imdbuser.net,2017-11-18,44
ur0438107,dark 1,dark1043810754@mail.com,2010-07-25,33
ur1100711,DunnDeeDaG,dunndeedag110071154@moviefans.com,1997-10-11,49
ur2245715,PersianPla,persianpla224571519@mail.com,1971-06-22,66
ur124896537,tampaaries,tampaaries12489653758@example.com,2024-05-22,51
ur0110569,AlWhite,alwhite011056963@imdbuser.net,2024-12-08,37
ur0316903,Evita-5,evita5031690315@imdbuser.net,2006-03-05,31
ur30460341,kevin-sber,kevinsber3046034189@example.com,2024-05-23,25
ur0012711,Vassago,vassago001271187@imdbuser.net,1992-11-03,55
ur9847843,ghaliberat,ghaliberat984784316@example.com,2006-09-21,47
ur58905255,bakergarre,bakergarre5890525525@example.com,2002-09-27,41
ur2904081,aimless-46,aimless46290408151@mail.com,2021-01-09,36
ur127971912,chandean-6,chandean612797191279@moviefans.com,1980-06-18,47
ur9631020,Nednehsa,nednehsa963102020@example.com,2017-06-08,73
ur0567083,gpeltz,gpeltz056708353@mail.com,2022-08-07,30
ur77148612,k844140,k8441407714861215@moviefans.com,2022-01-20,26
ur0809878,46yroldmal,46yroldmal080987856@moviefans.com,1968-02-07,66
ur4956989,Raptorial,raptorial495698967@example.com,1961-08-14,76
ur7105118,LadyLibert,ladylibert710511887@example.com,1980-09-17,51
ur7029531,nancysinge,nancysinge702953161@mail.com,2000-06-22,25
ur5421424,dead_doll0,deaddoll0542142413@mail.com,2022-01-07,27
ur1442958,takatomon,takatomon144295829@imdbuser.net,2024-11-20,20
ur114633780,jack-g-617,jackg61711463378081@mail.com,1987-06-18,39
ur67664824,jblue-1138,jblue11386766482433@imdbuser.net,1979-09-17,63
ur35035160,kuna16-423,kuna164233503516043@imdbuser.net,2019-02-21,32
ur36422659,larrys3,larrys33642265950@mail.com,1983-08-12,47
ur25646574,pena1592,pena15922564657476@moviefans.com,1991-09-10,50
ur1369762,fmwongmd,fmwongmd136976298@moviefans.com,2002-02-04,70
ur24152478,dmillwasup,dmillwasup2415247835@imdbuser.net,2013-03-03,19
ur107293534,wendylewis,wendylewis10729353492@moviefans.com,2025-09-21,15
ur28454996,sammymg24,sammymg242845499624@example.com,2024-01-10,21
ur33265956,jonnybruta,jonnybruta3326595625@example.com,1997-09-03,57
ur118403201,storer-548,storer54811840320130@imdbuser.net,2021-12-09,56
ur107384141,phisig-319,phisig31910738414162@example.com,2006-01-17,34
ur107334295,dlstano,dlstano10733429575@moviefans.com,2005-01-28,38
ur128480495,rmepstein-,rmepstein12848049525@example.com,2015-12-10,16
ur111170121,vpete-0700,vpete070011117012135@mail.com,2002-10-26,37
ur118001740,TheMightyQ,themightyq11800174037@mail.com,1987-05-30,65
ur40264193,Tee-TV,teetv4026419371@mail.com,1986-03-30,71
ur16307494,ahop2,ahop21630749410@mail.com,1973-06-16,59
ur107065132,CinemaSerf,cinemaserf10706513246@example.com,1987-05-27,59
ur1616919,Red-Barrac,redbarrac161691937@example.com,2004-08-21,30
ur69514399,mi_nka,minka6951439973@example.com,2000-05-15,65
ur34261476,negyed,negyed3426147653@imdbuser.net,2023-08-13,26
ur68928243,hornbys-60,hornbys606892824311@moviefans.com,2018-10-12,64
ur2379446,nycwoofboy,nycwoofboy237944676@example.com,1974-10-08,53
ur4882620,breno_bacc,brenobacc488262013@mail.com,1970-06-12,58
ur0208423,dima-2,dima2020842374@moviefans.com,2009-06-29,61
ur65747982,cesspit-53,cesspit536574798211@example.com,2022-06-29,44
ur128011829,nesfoundla,nesfoundla12801182923@mail.com,1951-10-06,76
ur47844434,ronnie1962,ronnie19624784443491@imdbuser.net,2005-06-27,45
ur18661238,Fleeeks,fleeeks1866123855@mail.com,1984-09-16,62
ur44180809,supatube,supatube4418080959@moviefans.com,1988-11-14,69
ur24163845,Mankindfai,mankindfai2416384571@moviefans.com,2019-08-13,59
ur34807113,Sahl_95,sahl953480711328@mail.com,2020-04-26,31
ur51431066,hem-availa,hemavaila5143106670@example.com,2013-08-06,42
ur28577737,jo-185-567,jo1855672857773742@imdbuser.net,1999-03-24,26
ur50307476,edwardanth,edwardanth5030747686@mail.com,2004-06-19,57
ur43813407,apollobez,apollobez4381340719@moviefans.com,2021-10-28,17
ur30329898,PadmeAgnes,padmeagnes3032989890@mail.com,1983-09-26,49
ur180116384,PaulEss2,pauless218011638477@moviefans.com,2020-08-27,51
ur51497634,sheilah-95,sheilah955149763477@example.com,2008-03-13,39
ur51609792,sheance114,sheance1145160979245@mail.com,2024-04-12,67
ur4589977,rr30re05,rr30re05458997774@moviefans.com,1994-08-10,59
ur2661632,Essex_Ride,essexride266163256@mail.com,2002-02-18,61
ur0790750,shmuey bar,shmueybar079075018@example.com,2007-03-25,33
ur0433942,susy-7,susy7043394285@imdbuser.net,2014-05-14,46
ur7183052,keithhalla,keithhalla718305216@moviefans.com,2007-06-20,24
ur3707399,Mike_Wiggi,mikewiggi370739924@imdbuser.net,2016-04-11,15
ur3747713,JonDavidCa,jondavidca374771359@moviefans.com,2004-05-26,49
ur3500805,Jamesb_2,jamesb2350080554@moviefans.com,2006-08-05,50
ur1578251,Angry_Argu,angryargu157825117@moviefans.com,1975-06-03,60
ur1955074,jamiehardy,jamiehardy195507470@imdbuser.net,1988-04-11,57
ur4097649,st_soulboy,stsoulboy409764976@example.com,1993-10-15,32
ur0578950,tammolotz,tammolotz057895023@moviefans.com,2002-12-22,54
ur9849506,bigkeeko,bigkeeko984950618@imdbuser.net,1996-11-08,62
ur3234013,everyones-,everyones323401374@example.com,2015-11-07,79
ur0722042,neilpolloc,neilpolloc072204241@example.com,2000-09-26,37
ur1601121,ClassicRoc,classicroc160112177@example.com,2020-10-26,14
ur2757382,Hawley_Gri,hawleygri275738234@example.com,1994-07-04,42
ur1226354,shivers,shivers122635495@moviefans.com,2017-08-25,30
ur2882544,jcanettis,jcanettis288254442@imdbuser.net,2001-04-15,59
ur0925801,huggybear-,huggybear092580150@imdbuser.net,1974-12-13,55
ur1309650,tomdowns,tomdowns130965052@example.com,2017-04-13,18
ur0212749,dhahn,dhahn021274933@mail.com,2015-03-19,13
ur1083288,TimBoHanno,timbohanno108328833@mail.com,2013-03-05,57
ur0127031,riddion,riddion012703157@mail.com,2020-12-30,26
ur2227001,azalard,azalard222700160@example.com,1988-02-24,80
ur3613145,boyinflare,boyinflare361314590@mail.com,2014-02-13,62
ur1136423,DanPacino,danpacino113642349@imdbuser.net,1974-08-03,61
ur2407101,x_leesha_x,xleeshax240710191@moviefans.com,2023-07-19,34
ur0181307,Jon Athey,jonathey018130755@moviefans.com,1998-12-25,57
ur0695332,elektra33,elektra33069533272@moviefans.com,2013-12-17,36
ur0168852,jmarcel,jmarcel016885231@mail.com,2023-08-03,35
ur2183600,russem31,russem31218360017@mail.com,1982-10-20,45
ur1173059,stuprince,stuprince117305921@example.com,2019-06-26,22
ur0411768,Chronus,chronus041176862@moviefans.com,1994-04-04,32
ur4677961,nazgul_v,nazgulv467796193@mail.com,2006-01-23,25
ur171446591,xkgbtzh,xkgbtzh17144659193@imdbuser.net,2023-06-17,21
ur25270829,Draebsi,draebsi2527082950@moviefans.com,2005-11-09,23
ur52451356,edfaro7,edfaro75245135655@imdbuser.net,2014-03-20,40
ur8506531,chloe-chur,chloechur850653187@moviefans.com,2016-05-07,13
ur85917785,melkennedy,melkennedy8591778518@imdbuser.net,2008-06-29,35
ur92701540,kbibber-81,kbibber819270154072@moviefans.com,2010-12-17,27
ur46804064,mistoppi,mistoppi4680406440@imdbuser.net,1986-08-08,66
ur102601261,questl-185,questl18510260126141@mail.com,2024-09-22,46
ur66323638,kmeier-254,kmeier2546632363881@example.com,2023-02-19,20
ur66391469,AmonStarri,amonstarri6639146942@moviefans.com,2006-02-05,62
ur126231925,dxnntbktfz,dxnntbktfz12623192524@moviefans.com,1987-05-25,51
ur45856230,freego1,freego14585623073@example.com,2021-07-07,21
ur75924243,marynystro,marynystro7592424377@imdbuser.net,2019-09-29,75
ur61019110,kevschwall,kevschwall6101911074@imdbuser.net,2016-04-18,59
ur11671692,twotrybe,twotrybe1167169267@example.com,1965-05-09,68
ur5803818,Stibbert,stibbert580381880@moviefans.com,2008-10-26,17
ur2528856,retroman85,retroman85252885628@mail.com,1985-06-07,41
ur110936802,julieshotm,julieshotm11093680261@moviefans.com,2013-09-22,53
ur87635987,Muelko,muelko8763598716@mail.com,2006-07-28,55
ur1916735,lestewart,lestewart191673531@moviefans.com,2024-04-15,47
ur0760361,Keyser Soz,keysersoz076036144@imdbuser.net,2023-09-08,49
ur0032287,Ceetee,ceetee003228720@mail.com,2001-07-15,41
ur4899961,mccartnist,mccartnist489996188@example.com,2010-12-22,59
ur67903930,cmkdakota-,cmkdakota6790393039@example.com,2004-09-26,50
ur163502839,MilanGray-,milangray16350283932@moviefans.com,2024-12-20,25
ur65281820,miloterrab,miloterrab6528182091@mail.com,1965-05-22,66
ur3233848,marcin_kuk,marcinkuk323384895@example.com,2021-02-22,41
ur0545076,mreed,mreed054507648@moviefans.com,2013-11-23,27
ur0389355,larcher-2,larcher2038935570@example.com,1976-06-08,56
ur0067778,WillieC3,williec3006777881@mail.com,2016-05-08,37
ur0140269,Phoevos-2,phoevos2014026986@mail.com,2002-12-02,33
ur3174519,Sentinela,sentinela317451999@example.com,2023-04-17,27
ur0383429,raymond-15,raymond15038342948@example.com,2025-07-13,33
ur153367231,Gianfranco,gianfranco15336723147@moviefans.com,2016-12-04,30
ur0179443,DukeEman,dukeeman017944385@mail.com,2015-06-22,49
ur0309477,keekee,keekee030947757@imdbuser.net,2007-01-25,63
ur0336917,rubix,rubix033691792@mail.com,2000-06-02,63
ur93613224,padme-8356,padme83569361322476@moviefans.com,1982-03-27,56
ur0409897,Aleona,aleona040989793@example.com,1981-07-21,49
ur6877305,thebigeasy,thebigeasy687730557@imdbuser.net,2002-08-15,64
ur14207244,dave-3001,dave30011420724491@moviefans.com,2020-12-05,59
ur0969109,kergillian,kergillian096910996@mail.com,1981-01-20,48
ur0198902,Lunch,lunch019890258@moviefans.com,2018-01-04,17
ur0181160,Brownie1,brownie1018116023@mail.com,1996-03-16,70
ur107273206,eminkl,eminkl10727320648@example.com,1994-09-19,58
ur0615733,swestephie,swestephie061573312@mail.com,1985-11-17,48
ur0968940,maxwellsha,maxwellsha096894028@example.com,1999-01-06,27
ur14795108,johnny-08,johnny081479510871@imdbuser.net,2004-03-28,22
ur0663392,whpratt1,whpratt1066339277@imdbuser.net,1972-06-07,65
ur3290749,dbhood,dbhood329074929@mail.com,2014-11-28,15
ur0386834,sloppy-2,sloppy2038683460@moviefans.com,2018-11-08,14
ur0195563,China-9,china9019556349@example.com,1979-03-03,78
ur1590118,rosscinema,rosscinema159011898@moviefans.com,2003-06-09,54
ur1522960,vksharma2,vksharma2152296092@example.com,2002-09-09,57
ur0923071,guidomasch,guidomasch092307152@imdbuser.net,2014-10-03,47
ur0171876,bandw,bandw017187633@mail.com,2007-01-13,20
ur6453825,the_ache,theache645382571@mail.com,1955-03-11,71
ur0869765,akramer,akramer086976568@moviefans.com,1957-09-21,71
ur4864222,flowerboy,flowerboy486422260@moviefans.com,1967-03-03,79
ur2023386,manoj252,manoj252202338669@imdbuser.net,2008-07-18,62
ur1206459,grybop,grybop120645967@mail.com,2010-07-27,30
ur25232104,I_solved_R,isolvedr2523210483@example.com,2018-08-25,20
ur1585316,ccmiller14,ccmiller14158531656@example.com,2021-01-16,37
ur3173363,valis1949,valis1949317336332@moviefans.com,2019-08-19,56
ur0440240,Jeff-271,jeff271044024099@imdbuser.net,2010-11-13,30
ur5788055,briancham1,briancham1578805577@imdbuser.net,1991-03-18,56
ur27361979,strong-122,strong1222736197970@moviefans.com,2003-12-10,23
ur1211038,coolkev,coolkev121103844@imdbuser.net,2011-08-03,61
ur0765959,Poubel,poubel076595944@mail.com,2009-02-02,22
ur0535963,carlosdev,carlosdev053596379@moviefans.com,2005-08-06,21
ur0627577,dk54321,dk54321062757796@imdbuser.net,2019-10-01,63
ur1212090,SweetHolly,sweetholly121209084@imdbuser.net,2023-11-25,52
ur1261237,X2Nightcra,x2nightcra126123787@example.com,2009-12-16,21
ur25362190,jaemiewate,jaemiewate2536219031@imdbuser.net,1966-05-27,60
ur13208382,GanjiekIMD,ganjiekimd1320838279@moviefans.com,2010-07-07,55
ur34595901,ajman1998,ajman19983459590167@moviefans.com,2007-02-22,72
ur0093024,mbs,mbs009302422@mail.com,1982-09-22,65
ur0526613,Chris Brow,chrisbrow052661366@moviefans.com,2020-12-16,29
ur11985270,KilRydLoad,kilrydload1198527062@imdbuser.net,1999-06-14,66
ur35229743,timvance12,timvance123522974352@imdbuser.net,2012-01-21,23
ur25701736,jhoop81,jhoop812570173692@example.com,2001-02-12,35
ur31482066,dazzyfinky,dazzyfinky3148206673@moviefans.com,1970-02-02,78
ur7854942,tpaladino,tpaladino785494287@imdbuser.net,1986-07-03,48
ur35073435,karljohnso,karljohnso3507343571@example.com,2010-10-23,24
ur1772503,ShimmySnai,shimmysnai177250382@example.com,2016-02-13,17
ur3131292,Mercenary1,mercenary1313129237@imdbuser.net,2016-06-12,16
ur2066951,davidals,davidals206695111@example.com,2015-08-25,38
ur2972060,transatlan,transatlan297206031@imdbuser.net,2017-04-11,25
ur0380346,bubsy-3,bubsy3038034658@mail.com,2014-11-14,17
ur26163020,PedroPires,pedropires2616302073@example.com,2002-04-07,28
ur1838762,cornflakeb,cornflakeb183876232@imdbuser.net,2018-01-20,15
ur1722042,ScottDMenz,scottdmenz172204268@example.com,1976-10-09,67
ur0448368,Dockelektr,dockelektr044836838@imdbuser.net,1985-11-10,54
ur0083880,studiojudi,studiojudi008388017@moviefans.com,2005-07-12,33
ur1337437,pyrasli,pyrasli133743790@imdbuser.net,2007-02-13,51
ur8199059,tierneyeur,tierneyeur819905986@example.com,2018-04-15,41
ur1773043,poc-1,poc1177304336@moviefans.com,2001-08-29,73
ur0231160,Goon-2,goon2023116064@moviefans.com,1985-07-05,41
ur13709892,newday9807,newday98071370989264@imdbuser.net,2014-09-21,72
ur76229055,sweetfebru,sweetfebru7622905540@mail.com,2006-06-09,22
ur39295484,talicnitom,talicnitom3929548423@mail.com,1987-01-02,44
ur1580104,wgfinley,wgfinley158010426@mail.com,2008-02-04,18
ur12000291,benbrae76,benbrae761200029115@imdbuser.net,1986-12-11,73
ur0744764,aegm,aegm074476412@example.com,2000-11-02,59
ur12247698,jordi005,jordi0051224769884@moviefans.com,2023-08-03,58
ur4934402,dantt777,dantt777493440259@mail.com,2005-04-17,44
ur3385029,jshartwell,jshartwell338502988@mail.com,1994-01-13,69
ur1154544,mdiffey,mdiffey115454457@mail.com,1999-10-12,44
ur0528058,dagnirmor,dagnirmor052805873@mail.com,1986-08-13,51
ur38199711,manikagarw,manikagarw3819971170@moviefans.com,1973-06-27,60
ur4474159,Born2BeMil,born2bemil447415919@imdbuser.net,2022-05-27,31
ur1630035,herbstnebe,herbstnebe163003566@moviefans.com,1970-12-12,69
ur16909850,ananias73,ananias731690985069@mail.com,2016-07-19,31
ur0449657,hpyphntm,hpyphntm044965787@mail.com,2005-06-15,22
ur0940861,LeRoyMarko,leroymarko094086146@imdbuser.net,2021-11-15,68
ur0133331,Matt-115,matt115013333113@example.com,1993-05-14,53
ur0463722,spielfan-2,spielfan2046372251@imdbuser.net,1996-11-05,36
ur8678558,emmyobinna,emmyobinna867855843@mail.com,1990-10-30,45
ur3001545,relestcr,relestcr300154558@moviefans.com,1972-01-16,73
ur0161567,George-64,george64016156792@imdbuser.net,2003-06-26,75
ur113469372,Silent-Jay,silentjay11346937289@mail.com,2022-12-01,57
ur0767470,jam-47,jam47076747021@moviefans.com,1995-01-23,36
ur1210680,Volstag,volstag121068094@mail.com,2021-07-21,22
ur0489763,meeza,meeza048976356@mail.com,1978-08-31,62
ur0270791,PyrolyticC,pyrolyticc027079198@imdbuser.net,2004-09-01,29
ur3955578,aquascape,aquascape395557869@mail.com,1984-06-23,59
ur0099609,kitt-3,kitt3009960947@example.com,1963-05-27,65
ur0108258,delbomber,delbomber010825850@mail.com,2012-12-18,23
ur1057074,lschmalz,lschmalz105707429@moviefans.com,2000-07-21,30
ur0200766,Jeff-151,jeff151020076666@moviefans.com,2003-11-03,26
ur0394470,alice lidd,alicelidd039447092@mail.com,2015-02-19,15
ur0270322,Doc-134,doc134027032297@moviefans.com,1983-03-03,78
ur1769572,scondrill,scondrill176957233@moviefans.com,2008-10-18,67
ur0266455,FMRadio,fmradio026645565@moviefans.com,1991-03-27,51
ur0224945,kickstand,kickstand022494570@example.com,2020-02-14,34
ur5301216,loco_73,loco73530121639@mail.com,2006-05-31,41
ur0730831,seawalker,seawalker073083176@moviefans.com,1998-04-02,78
ur12192558,jo_kidsada,jokidsada1219255853@example.com,2020-10-08,21
ur14171505,kjewitt,kjewitt1417150572@imdbuser.net,2021-10-25,80
ur8611488,doralover,doralover861148869@imdbuser.net,1964-01-08,72
ur11758119,che_cosmin,checosmin1175811997@moviefans.com,2006-12-20,32
ur4995240,come2where,come2where499524072@example.com,1971-11-12,55
ur0590820,Michael Fa,michaelfa059082026@mail.com,1990-06-26,41
ur12554307,ovidjus,ovidjus1255430739@moviefans.com,2001-07-21,79
ur8484655,d_dobrev61,ddobrev61848465594@imdbuser.net,1986-04-24,78
ur12909912,w-bogdan,wbogdan1290991281@example.com,2014-11-05,34
ur129213238,shanlaughl,shanlaughl12921323820@moviefans.com,2000-07-04,27
ur11839633,tresm87,tresm871183963372@mail.com,2007-09-28,22
ur32718803,hotmasamos,hotmasamos3271880341@moviefans.com,2009-05-26,22
ur11144379,Jblum5,jblum51114437952@mail.com,1977-09-20,52
ur139466293,exceladeog,exceladeog13946629329@mail.com,1992-11-06,77
ur51221742,TrentSamme,trentsamme5122174255@moviefans.com,2012-07-14,47
ur53945181,mgitts1977,mgitts19775394518141@mail.com,1977-03-04,60
ur70302045,silverton-,silverton7030204512@example.com,2021-12-01,29
ur113753958,pritypodda,pritypodda11375395843@imdbuser.net,1995-10-30,39
ur85263004,gopre-1890,gopre18908526300486@mail.com,1997-05-23,79
ur67432377,Her-Excell,herexcell6743237775@moviefans.com,2024-01-22,20
ur131583309,j0hn22,j0hn2213158330955@example.com,1989-08-29,59
ur165454938,Clementine,clementine16545493888@moviefans.com,2004-02-07,33
ur151570491,tohmsono,tohmsono15157049110@moviefans.com,2012-07-02,18
ur160588301,nynjgggt,nynjgggt16058830121@moviefans.com,2018-09-22,20
ur59761418,kuner-5902,kuner59025976141840@imdbuser.net,2017-03-24,80
ur99444891,tildagrave,tildagrave9944489175@example.com,2007-02-01,32
ur5849435,greenheart,greenheart584943573@example.com,1984-01-14,71
ur0744111,cabotcove,cabotcove074411150@mail.com,2011-01-10,28
ur8042382,Isaac5855,isaac5855804238272@imdbuser.net,1990-12-03,46
ur10986404,caa821,caa8211098640462@example.com,2008-11-02,43
ur0208117,aromatic-2,aromatic2020811747@moviefans.com,1991-10-03,48
ur0222418,Petey-10,petey10022241848@imdbuser.net,1986-07-03,58
ur24473267,glddraco66,glddraco662447326784@example.com,2024-07-15,16
ur13673005,jkcanewton,jkcanewton1367300571@mail.com,2017-10-30,17
ur23873438,tate-843-9,tate84392387343890@example.com,2024-12-20,32
ur59339160,valdezstyl,valdezstyl5933916043@moviefans.com,1978-01-14,51
ur22171966,KineticSeo,kineticseo2217196680@mail.com,1994-10-13,46
ur90879223,Tarek_C,tarekc9087922350@example.com,2008-05-09,25
ur27579144,ForeverHop,foreverhop2757914427@moviefans.com,1971-08-29,63
ur96762914,TheCornies,thecornies9676291482@example.com,2019-01-18,26
ur79005849,jace_the_f,jacethef7900584948@mail.com,2006-10-06,29
ur24571041,inkfrogmcc,inkfrogmcc2457104180@mail.com,2020-02-13,16
ur16847607,jamieleeha,jamieleeha1684760743@example.com,2005-05-31,49
ur107207959,rohanumple,rohanumple10720795917@moviefans.com,2012-07-07,15
ur29798050,cat_ranche,catranche2979805029@example.com,1966-11-29,63
ur0786506,anhedonia,anhedonia078650616@moviefans.com,1991-04-07,60
ur4238363,arichmondf,arichmondf423836363@mail.com,1993-04-26,45
ur5067091,ryanIRISHI,ryanirishi506709159@example.com,2021-07-14,37
ur3160688,gregorybny,gregorybny316068892@example.com,2011-01-26,38
ur3859591,deadclownc,deadclownc385959150@mail.com,1990-08-15,66
ur4965905,urnotdb,urnotdb496590596@example.com,2014-03-08,35
ur2436797,olliedes,olliedes243679730@example.com,1997-01-31,63
ur1491460,lynton,lynton149146058@example.com,1995-09-05,37
ur1651782,flakcfan,flakcfan165178234@moviefans.com,1997-03-14,35
ur3479629,flashbeagl,flashbeagl347962942@imdbuser.net,1999-03-08,79
ur6674077,kainos_kti,kainoskti667407772@imdbuser.net,1971-10-04,57
ur3675458,eht5y,eht5y367545889@mail.com,2015-01-09,21
ur2306985,victorlasz,victorlasz230698525@imdbuser.net,2020-07-14,56
ur9516916,chrichtons,chrichtons951691685@mail.com,1997-07-12,52
ur20177828,MatthewKer,matthewker2017782863@example.com,2020-08-28,45
ur4129698,mad_mandon,madmandon412969880@moviefans.com,2021-11-19,65
ur6071412,polarcola,polarcola607141254@mail.com,1993-04-09,51
ur129931136,deandrelje,deandrelje12993113619@moviefans.com,2016-06-05,20
ur20130177,thombombad,thombombad2013017786@moviefans.com,2011-08-29,41
ur22223072,dabartman1,dabartman12222307243@mail.com,2003-08-12,79
ur10832486,ecjones110,ecjones1101083248661@moviefans.com,2001-02-28,25
ur25713321,Niek_verbi,niekverbi2571332129@mail.com,2022-12-21,16
ur101126194,deandrasla,deandrasla10112619420@mail.com,1986-02-27,69
ur1878251,Matt_Layde,mattlayde187825193@mail.com,1959-06-20,72
ur10669456,JustBo,justbo1066945638@imdbuser.net,1995-05-11,42
ur20438309,kamiblakro,kamiblakro2043830958@moviefans.com,1985-04-05,54
ur22206566,ashandmari,ashandmari2220656698@imdbuser.net,2008-03-06,79
ur5481320,el_mariach,elmariach548132019@example.com,2006-09-25,75
ur13409711,official-j,officialj1340971132@imdbuser.net,1980-09-29,78
ur4663537,log1324,log1324466353734@imdbuser.net,2004-04-27,41
ur18286511,startumble,startumble1828651172@imdbuser.net,2015-10-06,19
ur8714868,bfalcon-1,bfalcon1871486860@mail.com,1987-09-27,61
ur97978800,killerchar,killerchar9797880072@example.com,1976-08-22,70
ur19589623,chicagopoe,chicagopoe1958962368@example.com,2002-08-30,78
ur13854035,EmperorPal,emperorpal1385403560@imdbuser.net,2000-07-20,55
ur21145131,justtoshor,justtoshor2114513184@mail.com,2017-12-15,26
ur19262256,sam_mu_elf,sammuelf1926225668@moviefans.com,2020-03-20,31
ur12265878,buddypatri,buddypatri1226587897@moviefans.com,2016-06-22,55
ur13227730,horrorflic,horrorflic1322773066@imdbuser.net,1985-03-02,53
ur120297213,silverpink,silverpink12029721335@moviefans.com,2020-06-22,66
ur2863499,fredrikgun,fredrikgun286349944@imdbuser.net,2021-11-27,17
ur176670705,jayakumarj,jayakumarj17667070516@moviefans.com,1996-07-17,66
ur11430467,magera2006,magera20061143046711@imdbuser.net,2010-07-22,30
ur2737279,lilly2099,lilly2099273727965@moviefans.com,1999-08-24,43
ur0263323,Dave-445,dave445026332318@imdbuser.net,2019-05-03,24
ur14495121,grabagerde,grabagerde1449512189@mail.com,1964-02-01,66
ur0129597,Yuko-4,yuko4012959782@moviefans.com,2022-06-28,41
ur1667567,atheistic3,atheistic3166756774@example.com,1987-01-28,44
ur2484839,AdrienneGr,adriennegr248483973@mail.com,1975-01-19,51
ur9328000,Lessard_Fa,lessardfa932800064@imdbuser.net,2009-11-07,22
ur1796478,kpickette,kpickette179647853@mail.com,2018-03-20,53
ur43219975,SamJamie,samjamie4321997573@imdbuser.net,2020-08-04,15
ur1731492,ManOrAstro,manorastro173149248@moviefans.com,2019-06-08,23
ur1454683,lati,lati145468324@moviefans.com,2019-11-22,23
ur0518504,google eye,googleeye051850475@moviefans.com,2010-06-20,23
ur0144658,Dr.Gonzo-2,drgonzo2014465851@mail.com,1976-01-20,79
ur0046559,SprJkr,sprjkr004655976@example.com,2018-05-16,15
ur45311766,manateegre,manateegre4531176651@moviefans.com,2015-07-22,18
ur1783908,laratringe,laratringe178390867@imdbuser.net,2003-12-12,24
ur4952774,highpriest,highpriest495277464@moviefans.com,2023-01-26,52
ur17571044,freemantle,freemantle1757104428@example.com,2004-01-08,45
ur1952181,ichabod81,ichabod81195218116@mail.com,2017-06-24,52
ur2033059,tony-clift,tonyclift203305965@example.com,2016-02-06,25
ur0198691,DeepGrey,deepgrey019869151@example.com,2018-12-13,57
ur7350858,BrickNash,bricknash735085888@moviefans.com,1959-05-03,78
ur0359221,Vilolyn,vilolyn035922126@example.com,2025-08-14,51
ur1991915,serge-fene,sergefene199191557@mail.com,2002-04-01,58
ur0141523,Ed-90,ed90014152377@mail.com,2009-10-05,24
ur0102197,Prozacc,prozacc010219795@imdbuser.net,2002-11-09,53
ur0857113,Caledonia ,caledonia085711363@mail.com,2001-04-21,29
ur1325213,francheval,francheval132521315@moviefans.com,1984-08-18,49
ur2219793,bouncingof,bouncingof221979368@moviefans.com,1955-07-31,73
ur0361401,lolita-19,lolita19036140191@imdbuser.net,2015-02-03,58
ur89494061,perica-431,perica4318949406163@moviefans.com,2000-08-11,64
ur1009318,amerh,amerh100931816@imdbuser.net,1993-09-09,54
ur3040179,ssto,ssto304017959@mail.com,1985-11-11,68
ur19600881,koluka2,koluka21960088197@moviefans.com,2017-07-01,69
ur2530597,CMUltra,cmultra253059752@example.com,2001-03-06,25
ur1821353,Evil Bob,evilbob182135389@mail.com,2022-07-15,44
ur52534749,michael-d-,michaeld5253474984@mail.com,1993-05-02,34
ur15836141,Atreyu_II,atreyuii1583614113@example.com,1973-12-19,52
ur0037137,Jordan-11,jordan11003713727@example.com,2015-02-19,50
ur0235567,Abby-9,abby9023556726@moviefans.com,2020-12-23,49
ur49990001,Snowgo,snowgo4999000156@moviefans.com,2021-07-13,24
ur25114162,ashleypars,ashleypars2511416212@example.com,2006-12-05,29
ur7370871,info-6107,info6107737087190@example.com,1998-12-05,68
ur7330822,rholton2,rholton2733082286@moviefans.com,2005-05-24,56
ur18179677,gijenks21,gijenks211817967732@mail.com,2022-08-21,72
ur11516338,boomerchin,boomerchin1151633887@example.com,1998-09-18,47
ur60227834,cgvsluis,cgvsluis6022783470@moviefans.com,1971-11-22,61
ur67306446,ArtVandela,artvandela6730644626@example.com,1969-06-02,80
ur0529839,sampson-tx,sampsontx052983922@mail.com,1983-06-26,47
ur91655428,yomags-639,yomags6399165542894@example.com,1978-06-29,66
ur1469740,TequilaMoc,tequilamoc146974045@example.com,2015-01-20,66
ur1722967,Idocamstuf,idocamstuf172296713@example.com,2017-10-01,28
ur5915706,PsychoKlow,psychoklow591570656@example.com,1984-03-07,56
ur37165226,sarah-508-,sarah5083716522667@mail.com,1997-08-24,28
ur2124737,WILLOWSYKE,willowsyke212473770@example.com,2025-04-04,74
ur99782462,Ruskington,ruskington9978246244@mail.com,2016-09-20,24
ur0603527,bakerjp,bakerjp060352752@imdbuser.net,1991-05-29,41
ur4237952,mcbarnicle,mcbarnicle423795280@imdbuser.net,2016-05-16,40
ur67825227,denzil-094,denzil0946782522754@moviefans.com,1972-12-13,61
ur5315506,oldempire,oldempire531550618@moviefans.com,1969-12-01,65
ur0184729,rss-2,rss2018472934@mail.com,2011-05-25,66
ur110814394,Casey-Ryba,caseyryba11081439428@mail.com,2008-02-07,32
ur14271349,pocketearw,pocketearw1427134971@example.com,2023-02-02,75
ur2044223,bob_bear,bobbear204422310@moviefans.com,2015-05-18,24
ur22293708,mlovet100,mlovet1002229370818@mail.com,2020-01-04,18
ur28772268,jmagruder-,jmagruder2877226839@imdbuser.net,1994-03-20,47
ur35910004,rptrezise,rptrezise3591000468@moviefans.com,2023-11-27,32
ur9122013,arcanjl,arcanjl912201391@example.com,2021-04-02,20
ur69664646,Benslie,benslie6966464644@example.com,1980-10-04,67
ur93408312,Doeh,doeh9340831266@imdbuser.net,1990-10-27,42
ur69207573,gwest-5816,gwest58166920757321@imdbuser.net,1997-10-24,37
ur78018459,muamba_eat,muambaeat7801845971@example.com,1997-02-04,29
ur55720111,scubax,scubax5572011189@mail.com,1989-12-05,78
ur98082210,natalielas,natalielas9808221075@imdbuser.net,2023-10-11,17
ur55318962,iainlewisx,iainlewisx5531896245@imdbuser.net,2015-09-24,19
ur83640126,TheJohnnyP,thejohnnyp8364012631@imdbuser.net,1998-09-27,34
ur65206241,syarwanham,syarwanham6520624147@moviefans.com,1977-10-10,53
ur28259791,markjohnev,markjohnev2825979133@example.com,2022-10-13,22
ur4304670,TrevorHick,trevorhick430467083@imdbuser.net,1976-07-20,70
ur93138442,sbweightma,sbweightma9313844247@imdbuser.net,2014-10-14,45
ur29084991,ajhmacleod,ajhmacleod2908499143@example.com,2006-11-02,19
ur1246846,guanche,guanche124684639@moviefans.com,1968-10-06,71
ur0154569,lawprof,lawprof015456984@imdbuser.net,2011-11-17,16
ur0464186,smakawhat,smakawhat046418687@example.com,2006-03-12,53
ur67716070,zeke-66023,zeke660236771607057@moviefans.com,1987-04-29,63
ur2247756,Fong_Chun_,fongchun224775678@moviefans.com,2014-05-29,33
ur1815158,blue_sundo,bluesundo181515874@mail.com,2019-01-30,29
ur0703018,saareman,saareman070301844@example.com,2011-12-26,38
ur0157498,Antagonist,antagonist015749893@imdbuser.net,2007-06-23,25
ur2382545,bbhlthph,bbhlthph238254512@mail.com,2023-03-16,26
ur20053836,apzijlstra,apzijlstra2005383635@example.com,2020-08-20,58
ur0659781,craymond,craymond065978114@imdbuser.net,2013-10-07,49
ur2310309,BomageMini,bomagemini231030929@moviefans.com,1985-03-19,45
ur0529895,kdryan,kdryan052989521@moviefans.com,1987-10-04,59
ur3588936,Weasel100,weasel100358893699@moviefans.com,2018-07-21,67
ur4948347,freaky_dav,freakydav494834726@mail.com,2006-04-10,60
ur37094231,doug-sandr,dougsandr3709423192@moviefans.com,2014-09-21,62
ur13887584,gcd70,gcd701388758459@example.com,2017-11-19,46
ur1787265,Schleprock,schleprock178726589@imdbuser.net,2001-09-09,80
ur2420383,Lechuguill,lechuguill242038311@moviefans.com,2010-12-03,44
ur0119533,francke-4,francke4011953312@moviefans.com,1981-05-28,46
ur0313019,The_Core,thecore031301955@example.com,2016-03-21,34
ur2010079,Next12win2,next12win2201007950@moviefans.com,2014-09-01,18
ur2045885,khouston86,khouston86204588517@example.com,1981-07-16,57
ur0384453,frink-3,frink3038445356@moviefans.com,2001-09-29,26
ur129540860,andreascal,andreascal12954086032@moviefans.com,2006-12-20,30
ur133058434,Venomage03,venomage0313305843497@imdbuser.net,2019-05-09,29
ur118818818,SebMoz,sebmoz11881881863@example.com,1999-10-03,58
ur120994567,cotandreea,cotandreea12099456713@moviefans.com,1984-09-24,47
ur47311895,thependrag,thependrag4731189536@moviefans.com,2019-02-20,16
ur25591817,gangstah_v,gangstahv2559181779@mail.com,2011-11-18,37
ur65983807,djsmileyfa,djsmileyfa6598380757@imdbuser.net,1971-02-10,67
ur130195767,Movi3DO,movi3do13019576778@moviefans.com,2021-09-15,39
ur66313352,laetitiala,laetitiala6631335217@example.com,2001-08-27,75
ur27874480,areebkhan6,areebkhan62787448077@imdbuser.net,2021-07-16,22
ur21415062,euryan,euryan2141506294@imdbuser.net,2016-06-09,22
ur66158020,zekromshk,zekromshk6615802020@moviefans.com,2017-01-19,52
ur190803305,TheCinemaG,thecinemag19080330568@example.com,1970-04-23,67
ur155975914,Zzacarias,zzacarias15597591495@mail.com,2023-01-27,39
ur125201937,TomTalksFi,tomtalksfi12520193758@moviefans.com,1969-04-25,60
ur105219954,charliemad,charliemad10521995423@example.com,2024-12-25,24
ur134114529,sgildea-78,sgildea7813411452957@mail.com,2005-01-31,80
ur175500431,sinscopefi,sinscopefi17550043164@imdbuser.net,1964-01-02,69
ur168758520,debs_mcnab,debsmcnab16875852069@example.com,2023-02-05,44
ur23091881,tigerfish5,tigerfish52309188178@mail.com,2019-09-08,32
ur170534623,johnalagoz,johnalagoz17053462337@example.com,1968-04-04,61
ur113358844,bibacathyl,bibacathyl11335884484@moviefans.com,2018-03-25,20
ur17402378,eve_dolluk,evedolluk1740237899@imdbuser.net,2004-06-30,33
ur106482974,antoinef-4,antoinef410648297414@mail.com,1989-11-19,61
ur37688824,michael-ke,michaelke3768882430@mail.com,2003-07-19,71
ur8361132,carrythe2,carrythe2836113259@mail.com,2018-12-24,15
ur126297821,Goosegirl1,goosegirl112629782190@imdbuser.net,1980-10-30,70
ur86509541,danieljfar,danieljfar8650954146@example.com,2018-09-25,20
ur48961864,latinfinea,latinfinea4896186453@imdbuser.net,1986-02-05,48
ur109755978,thebeachli,thebeachli10975597860@mail.com,2013-05-25,30
ur208109792,JohnW-2954,johnw295420810979220@imdbuser.net,2022-07-09,33
ur24207434,Sir_AmirSy,siramirsy2420743412@moviefans.com,2024-01-07,55
ur1159909,bdubstater,bdubstater115990957@example.com,1987-01-24,49
ur0130592,Gweedo,gweedo013059283@moviefans.com,1960-11-19,73
ur3424523,theonlyidl,theonlyidl342452372@mail.com,1965-10-07,65
ur5986874,General_G,generalg598687485@example.com,2016-09-30,61
ur1978436,Moviestarm,moviestarm197843658@moviefans.com,1981-06-26,78
ur0509684,sxyboy169,sxyboy169050968434@moviefans.com,2023-12-07,31
ur0774185,BHorrorWri,bhorrorwri077418565@example.com,2000-08-07,41
ur1137225,bigmr316,bigmr316113722531@mail.com,1985-07-13,60
ur2531033,PurplePant,purplepant253103327@moviefans.com,2024-08-15,16
ur1150186,atzimo,atzimo115018634@example.com,2012-04-11,42
ur46292404,troy-danie,troydanie4629240478@moviefans.com,1967-12-27,77
ur5650002,deesirius,deesirius565000268@imdbuser.net,2021-04-12,30
ur1406164,aurelyn,aurelyn140616494@imdbuser.net,1993-03-03,55
ur1148212,magic_mark,magicmark114821267@moviefans.com,2022-02-17,24
ur1233058,The screen,thescreen123305867@example.com,1994-10-24,55
ur1350313,SmileysWor,smileyswor135031351@mail.com,1999-10-15,49
ur0021902,hipcheck,hipcheck002190268@example.com,1973-11-11,63
ur82087784,es_mo,esmo8208778416@imdbuser.net,2021-04-07,21
ur3904993,ramonster_,ramonster390499360@example.com,1981-04-16,65
ur60418819,bunny-6865,bunny68656041881938@moviefans.com,2017-10-22,18
ur54692175,manitobama,manitobama5469217578@mail.com,2011-02-17,24
ur4471368,degeneraat,degeneraat447136838@mail.com,2006-08-06,22
ur48904438,talexander,talexander4890443864@imdbuser.net,1981-05-28,54
ur18951864,neenahhh,neenahhh1895186443@mail.com,1985-08-30,41
ur16170461,SJGII,sjgii1617046151@mail.com,1983-03-05,61
ur0568099,marcslope,marcslope056809999@moviefans.com,2014-05-07,40
ur64994499,Puckdeestu,puckdeestu6499449954@example.com,1997-12-18,31
ur13671765,Share_RN,sharern1367176522@imdbuser.net,2001-04-21,26
ur85577070,lilianaoan,lilianaoan8557707096@example.com,2017-10-29,34
ur88736167,ferdmalenf,ferdmalenf8873616784@mail.com,2000-03-31,28
ur188231546,jansrw,jansrw18823154619@imdbuser.net,2019-05-15,61
ur62249628,pranayjalv,pranayjalv6224962848@mail.com,1990-04-30,37
ur56797145,andrew-hil,andrewhil5679714580@example.com,2018-09-17,78
ur28968374,fabiolpinh,fabiolpinh2896837485@mail.com,2025-05-04,15
ur21241039,wet_bandit,wetbandit2124103954@imdbuser.net,2025-10-09,14
ur167586430,Blimplarg,blimplarg16758643066@moviefans.com,2007-06-07,30
ur8800321,daffymjb,daffymjb880032186@imdbuser.net,2025-06-25,36
ur8462477,eddie_bagg,eddiebagg846247799@mail.com,2018-05-16,22
ur18961936,Shaunmathc,shaunmathc1896193633@moviefans.com,2009-10-10,31
ur135445800,TheGuyWhoL,theguywhol13544580023@imdbuser.net,2023-02-19,71
ur160729512,Jelisei,jelisei16072951276@moviefans.com,2005-07-02,60
ur7048882,horst69,horst69704888251@imdbuser.net,2001-01-11,36
ur77482508,dbeckton,dbeckton7748250869@moviefans.com,1996-11-10,37
ur129217875,H4wke,h4wke12921787575@moviefans.com,2002-11-25,37
ur0248733,Wookiee-2,wookiee2024873397@example.com,1962-05-05,78
ur2885836,spacemonke,spacemonke288583610@imdbuser.net,2015-09-13,78
ur0389645,Bungle-9,bungle9038964542@imdbuser.net,2020-01-03,33
ur10654133,netkiffing,netkiffing1065413348@mail.com,1985-10-04,50
ur109753941,wms-92741,wms9274110975394158@example.com,2013-02-25,40
ur0253357,TVholic,tvholic025335743@imdbuser.net,1977-07-02,64
ur0740195,winstonsmi,winstonsmi074019575@mail.com,1992-09-12,48
ur57528349,Dodge-Zomb,dodgezomb5752834985@moviefans.com,2011-09-05,15
ur0739909,kerry.rams,kerryrams073990959@imdbuser.net,1983-04-29,58
ur6237372,aurelius_m,aureliusm623737235@mail.com,1978-01-21,56
ur32158182,Fraudzilla,fraudzilla3215818274@imdbuser.net,1979-05-14,80
ur2059044,byght,byght205904478@example.com,2004-02-04,27
ur0079652,gbheron,gbheron007965224@imdbuser.net,1981-10-05,78
ur0397068,Movman,movman039706880@imdbuser.net,2012-08-25,32
ur100876375,sjanders-8,sjanders810087637554@moviefans.com,1999-02-05,43
ur41154263,laurenspie,laurenspie4115426388@moviefans.com,2017-06-16,58
ur0536131,karen-128,karen128053613156@imdbuser.net,2009-02-01,73
ur39208983,agboone7,agboone73920898388@moviefans.com,2001-10-13,64
ur25547027,pangipingu,pangipingu2554702778@imdbuser.net,2014-08-22,28
ur1285642,jcappy,jcappy128564274@mail.com,2015-06-20,40
ur0362667,ron-182,ron182036266788@example.com,2012-06-13,54
ur7602576,mg164257,mg164257760257659@mail.com,1993-09-02,48
ur2576852,LynxMatthe,lynxmatthe257685250@example.com,1998-03-29,78
ur104551624,davidjkobb,davidjkobb10455162470@mail.com,2019-05-14,14
ur107580731,johanpers,johanpers10758073175@mail.com,2009-04-02,27
ur28528605,trublu215,trublu2152852860548@imdbuser.net,2025-04-20,29
ur108113578,kadenkgcam,kadenkgcam10811357835@moviefans.com,2017-03-09,36
ur129733445,infoflessa,infoflessa12973344530@mail.com,1970-03-22,70
ur0382179,maestro-20,maestro20038217912@moviefans.com,2024-01-19,22
ur13837151,gabrielle-,gabrielle1383715154@moviefans.com,2000-01-23,71
ur3217118,janos451,janos451321711843@moviefans.com,1988-03-31,40
ur14010556,gdahl4,gdahl41401055638@example.com,1995-03-11,41
ur14218704,LordDimple,lorddimple1421870488@moviefans.com,2021-12-05,38
ur4236196,Hint523,hint523423619629@example.com,2008-01-07,47
ur128794129,kenc-05236,kenc0523612879412930@imdbuser.net,2001-09-04,38
ur107427739,turnmaxw,turnmaxw10742773943@example.com,2023-07-17,51
ur71624426,briannanew,briannanew7162442679@imdbuser.net,2025-05-26,34
ur15007075,junaidasla,junaidasla1500707572@imdbuser.net,2004-01-30,38
ur9980045,brummie88,brummie88998004522@example.com,2018-01-31,29
ur14815966,bartireid,bartireid1481596697@example.com,1984-04-16,74
ur1766797,Rmcfg,rmcfg176679745@mail.com,2002-10-11,48
ur5123653,samseescin,samseescin512365350@example.com,2008-03-26,28
ur14183403,uofmcanesf,uofmcanesf1418340310@imdbuser.net,1985-08-10,79
ur12323244,gabbymoron,gabbymoron1232324461@moviefans.com,2021-05-15,13
ur51985237,life-of-ha,lifeofha5198523736@moviefans.com,1990-05-10,43
ur0439542,eastie,eastie043954229@example.com,2007-02-25,50
ur8633188,vandyke949,vandyke949863318856@moviefans.com,2009-07-12,28
ur0141374,krygge-2,krygge2014137489@example.com,2022-09-15,78
ur37581915,richieands,richieands3758191525@imdbuser.net,2018-12-16,22
ur79504172,deleyshaun,deleyshaun7950417296@moviefans.com,2025-12-05,51
ur7656250,juverox,juverox765625022@imdbuser.net,2008-02-20,53
ur104233417,JackRJosie,jackrjosie10423341728@moviefans.com,2015-07-15,23
ur0352893,JR-92,jr92035289366@example.com,2009-08-22,79
ur7470710,valeriev32,valeriev32747071090@imdbuser.net,2013-03-13,29
ur2670949,arturoband,arturoband267094940@imdbuser.net,2005-02-21,55
ur25356061,clare-i-ke,clareike2535606163@mail.com,1968-01-06,58
ur1458046,DorianWynH,dorianwynh145804630@example.com,2022-06-18,56
ur30239261,jafar-iqba,jafariqba3023926137@example.com,2003-04-03,68
ur0998847,e-girl,egirl099884778@example.com,2001-02-07,29
ur26680629,andrew-87-,andrew872668062941@mail.com,2011-06-19,51
ur10042265,mrmizunoeb,mrmizunoeb1004226585@moviefans.com,2006-12-12,44
ur68946319,justincrun,justincrun6894631978@mail.com,1985-05-30,41
ur0766778,urban_puni,urbanpuni076677878@moviefans.com,1963-11-18,63
ur86169167,richardwil,richardwil8616916794@moviefans.com,2025-04-17,53
ur1076385,heathergem,heathergem107638525@moviefans.com,2024-01-25,20
ur24201402,hugobell,hugobell2420140215@example.com,2003-10-10,73
ur120615483,littlestew,littlestew12061548330@mail.com,1988-11-11,79
ur0477899,buyjesus,buyjesus047789985@moviefans.com,1970-07-13,61
ur14873282,pcppirate,pcppirate1487328230@moviefans.com,2004-06-30,60
ur0150232,Aidy,aidy015023261@mail.com,2020-06-15,20
ur5938627,xsnowangel,xsnowangel593862735@example.com,2000-02-26,49
ur4751962,zinesandsk,zinesandsk475196269@example.com,1985-07-19,65
ur0426613,stamper,stamper042661362@imdbuser.net,2012-04-29,59
ur1182143,gleywong,gleywong118214343@moviefans.com,2021-02-27,16
ur72798395,fouregycat,fouregycat7279839573@example.com,2022-09-02,52
ur6625204,tobydammit,tobydammit662520442@moviefans.com,1978-11-15,62
ur0142761,cat-60,cat60014276163@example.com,2012-11-22,24
ur26366719,Richie-67-,richie672636671963@mail.com,2023-12-28,32
ur116914332,lesallen-6,lesallen611691433272@moviefans.com,1997-09-25,72
ur18799880,zutterjp48,zutterjp481879988042@imdbuser.net,1983-01-22,45
ur19149499,bart-680,bart6801914949991@mail.com,2004-12-25,71
ur86230128,Misss25,misss258623012845@example.com,2010-09-17,57
ur0312444,rbverhoef,rbverhoef031244478@imdbuser.net,1982-12-20,66
ur55649919,Movieguycc,movieguycc5564991948@imdbuser.net,2007-06-21,75
ur0694907,sngbrd39,sngbrd39069490738@example.com,2004-07-10,30
ur128832524,ogmonsterb,ogmonsterb12883252433@example.com,2021-05-04,28
ur58672420,lukehiggs,lukehiggs5867242065@example.com,1998-01-16,42
ur0478150,LoveCoates,lovecoates047815021@example.com,2015-05-17,32
ur10295573,leland-tra,lelandtra1029557349@mail.com,2023-09-10,32
ur10571055,george_ate,georgeate1057105512@example.com,2025-09-01,33
ur1252120,akpiggott,akpiggott125212037@imdbuser.net,1970-12-21,72
ur65195412,ankitbbd,ankitbbd6519541240@mail.com,2012-01-04,27
ur3774967,Aditya_Gok,adityagok377496782@moviefans.com,2022-05-23,16
ur4312544,imdb-5032,imdb5032431254415@example.com,2018-08-20,77
ur160560649,Joermungan,joermungan16056064972@imdbuser.net,1987-01-10,65
ur16117882,alexkoloko,alexkoloko1611788240@moviefans.com,2001-01-22,41
ur0874373,lambiepie-,lambiepie087437357@moviefans.com,2000-08-11,69
ur4474345,ScaRface90,scarface90447434599@mail.com,2004-08-27,22
ur118977607,auuwws,auuwws11897760777@example.com,2003-07-02,54
ur4067661,DKosty123,dkosty123406766156@example.com,2025-07-28,56
ur6664971,gottogorun,gottogorun666497167@mail.com,1988-05-22,38
ur2806394,jrpk1964,jrpk1964280639485@mail.com,2001-08-04,48
ur32710316,col547,col5473271031652@moviefans.com,1999-02-09,77
ur0671107,jhaggardjr,jhaggardjr067110786@moviefans.com,1987-08-08,76
ur0702665,jckruize,jckruize070266581@imdbuser.net,2011-01-31,21
ur23502866,bthomasrei,bthomasrei2350286642@example.com,2017-09-07,35
ur89300694,kgehebe,kgehebe8930069425@moviefans.com,1980-08-05,52
ur80564602,buonoart,buonoart8056460227@example.com,2020-04-17,26
ur53533115,Kranadon65,kranadon655353311583@example.com,2022-01-21,21
ur91212524,theognis2,theognis29121252486@imdbuser.net,2009-05-02,23
ur92842462,JenExxifer,jenexxifer9284246243@mail.com,1978-12-10,65
ur1877387,RealScienc,realscienc187738724@mail.com,1996-02-26,31
ur25163958,larryander,larryander2516395894@mail.com,2014-08-16,75
ur23513472,m-spanberg,mspanberg2351347232@moviefans.com,2019-12-20,33
ur2182527,martensk,martensk218252735@example.com,2025-05-12,65
ur0110721,Spanner-2,spanner2011072169@imdbuser.net,2017-08-26,22
ur0629002,Silky_KY,silkyky062900244@mail.com,2023-03-30,25
ur5299723,kmwhite_19,kmwhite19529972352@mail.com,2018-05-06,34
ur13283478,bdj1905,bdj19051328347880@imdbuser.net,1998-05-20,41
ur52909330,karan-chop,karanchop5290933085@moviefans.com,1996-02-20,78
ur17646017,g-bodyl,gbodyl1764601737@moviefans.com,1999-04-22,45
ur1572387,jayembee85,jayembee85157238776@mail.com,2010-10-29,62
ur3781920,iexplorer1,iexplorer1378192089@example.com,1987-09-04,62
ur1521473,Victoria15,victoria15152147319@moviefans.com,1987-09-19,69
ur1572253,nikadimez,nikadimez157225369@mail.com,1973-09-19,71
ur0104469,Keltic-2,keltic2010446937@mail.com,2017-05-06,15
ur1955998,Pedro_H,pedroh195599877@mail.com,2012-09-22,64
ur80223016,kanabuma,kanabuma8022301691@moviefans.com,1996-04-15,78
ur1855410,Rustum,rustum185541092@example.com,1969-11-16,60
ur4548636,kimgor,kimgor454863647@imdbuser.net,2008-01-04,41
ur62344697,ormich,ormich6234469725@imdbuser.net,2014-06-06,26
ur4174867,sandybi,sandybi417486725@example.com,2013-12-18,46
ur5921057,aman_m,amanm592105759@moviefans.com,2000-04-08,43
ur2071166,paul-sween,paulsween207116637@moviefans.com,1991-07-12,41
ur16545461,pdxsoapope,pdxsoapope1654546123@mail.com,2015-05-21,75
ur68523882,mts-78680,mts786806852388265@mail.com,1975-08-18,58
ur10164502,gomike824,gomike8241016450228@mail.com,1981-06-14,49
ur31450982,thetruemrw,thetruemrw3145098222@moviefans.com,2024-12-01,59
ur4402285,stefanpuiu,stefanpuiu440228558@moviefans.com,1964-09-10,64
ur49653791,Oberrated,oberrated4965379145@mail.com,1982-05-22,77
ur57178464,Kamandi73,kamandi735717846482@moviefans.com,2025-10-27,45
ur102393358,Branz_Revi,branzrevi10239335842@example.com,2017-05-04,72
ur63415472,Gabs789,gabs7896341547231@mail.com,2022-04-24,26
ur65675812,petaratana,petaratana6567581239@example.com,2014-11-18,31
ur64760732,Michael_Fl,michaelfl6476073247@example.com,2000-10-18,46
ur35944897,cekadah,cekadah3594489777@moviefans.com,2006-11-12,64
ur44921428,fauvederui,fauvederui4492142894@imdbuser.net,2005-06-05,34
ur58763471,geoffreype,geoffreype5876347194@moviefans.com,1998-01-23,77
ur4344252,Asa_Nisi_M,asanisim434425252@mail.com,1987-08-26,56
ur14036886,Enigma700,enigma7001403688687@example.com,2011-02-17,28
ur0777369,hou-3,hou3077736980@example.com,2020-07-22,43
ur41041016,museumofda,museumofda4104101683@imdbuser.net,1982-12-01,70
ur0176092,Nazi_Fight,nazifight017609224@mail.com,2003-08-13,27
ur5475097,squelcho,squelcho547509784@imdbuser.net,1972-10-24,72
ur43903214,Ladiloque,ladiloque4390321423@imdbuser.net,1988-01-19,44
ur1551388,LSF45,lsf45155138839@moviefans.com,2021-10-09,51
ur4774471,dstanwyck,dstanwyck477447186@mail.com,2022-02-05,20
ur108799802,XxEthanHun,xxethanhun10879980249@imdbuser.net,1991-12-11,41
ur4752506,sweenetto,sweenetto475250636@example.com,2016-08-14,25
ur2300673,FilmCritic,filmcritic230067395@imdbuser.net,2010-08-16,22
ur4247503,lepoisson-,lepoisson424750381@example.com,1981-09-27,46
ur0767673,stevenfain,stevenfain076767332@mail.com,2011-03-01,39
ur24899688,Imdbidia,imdbidia2489968834@example.com,2025-07-22,51
ur0242147,nz man,nzman024214743@moviefans.com,1988-05-24,63
ur5750723,dubuque57,dubuque57575072379@example.com,2020-07-13,80
ur15496739,imdb-18385,imdb183851549673976@imdbuser.net,1984-07-26,54
ur2730701,R_O_U_S,rous273070124@imdbuser.net,2005-07-10,73
ur2198981,burgan6203,burgan6203219898148@mail.com,1998-12-21,65
ur4642055,almatric,almatric464205530@imdbuser.net,2015-08-02,25
ur0149902,lionesss,lionesss014990218@mail.com,2010-09-07,26
ur0163249,calamity,calamity016324922@imdbuser.net,2016-11-21,24
ur0524341,ktappe,ktappe052434120@moviefans.com,2006-12-13,25
ur5635512,FlixChatte,flixchatte563551290@imdbuser.net,2007-12-20,72
ur23189488,anches-725,anches7252318948818@example.com,2015-11-20,44
ur25251877,authorsyri,authorsyri2525187776@example.com,2019-04-22,17
ur22248179,reesesligh,reesesligh2224817961@imdbuser.net,2019-10-28,20
ur3718876,dapplegrey,dapplegrey371887689@imdbuser.net,2000-02-05,44
ur3697198,kburditt,kburditt369719827@imdbuser.net,1983-01-21,46
ur3092368,DJRMewziqu,djrmewziqu309236849@example.com,2001-10-23,47
ur102296684,TaylorYee9,tayloryee910229668453@mail.com,2004-06-12,42
ur7090125,raskdog,raskdog709012514@example.com,1958-10-14,70
ur21953045,itsgillian,itsgillian2195304588@example.com,2022-10-15,41
ur11841584,tonya-jarr,tonyajarr1184158471@mail.com,2008-05-12,51
ur22187107,mcoia,mcoia2218710738@mail.com,2014-02-01,19
ur2709206,malcolmgsw,malcolmgsw270920624@example.com,2012-03-08,20
ur49588483,p-seed-889,pseed8894958848367@example.com,2025-10-14,45
ur78182254,fisher-457,fisher4577818225485@moviefans.com,1992-01-01,49
ur78427014,sammyhammy,sammyhammy7842701496@moviefans.com,2006-05-24,74
ur24985838,dpwilkins,dpwilkins2498583886@example.com,2000-10-14,29
ur41595775,JeremyHDen,jeremyhden4159577515@mail.com,1989-02-16,68
ur11596241,bchapman-9,bchapman91159624128@mail.com,2020-09-10,37
ur76485133,clivehodge,clivehodge7648513348@mail.com,2013-09-08,34
ur57422857,jbronco30,jbronco305742285754@imdbuser.net,2003-04-13,30
ur76184309,Austin0206,austin02067618430950@mail.com,1997-10-07,67
ur55903091,pfaulkner1,pfaulkner15590309134@imdbuser.net,1989-07-11,64
ur1864078,jljacobi,jljacobi186407860@moviefans.com,1955-11-04,71
ur174212548,lucianojur,lucianojur17421254897@example.com,2016-05-25,35
ur2052542,nicknic,nicknic205254231@mail.com,2014-03-09,13
ur20327151,Reno-Ranga,renoranga2032715185@imdbuser.net,1980-07-21,60
ur21136391,melissalee,melissalee2113639193@example.com,2013-04-18,21
ur0374256,ioio32l,ioio32l037425660@moviefans.com,2005-03-01,29
ur111758283,chrisgilme,chrisgilme11175828383@example.com,1986-05-07,68
ur62585630,pavlik-690,pavlik6906258563040@imdbuser.net,2018-12-06,53
ur72633392,alexandern,alexandern7263339259@imdbuser.net,2007-09-09,25
ur2517139,lomaran-1,lomaran1251713960@moviefans.com,2011-06-05,68
ur53991066,peickelber,peickelber5399106669@imdbuser.net,2022-05-14,63
ur55496623,asher-lube,asherlube5549662343@example.com,2014-09-29,67
ur29571289,final-fant,finalfant2957128920@moviefans.com,2016-08-14,71
ur73668075,robertemer,robertemer7366807522@example.com,2001-07-12,77
ur12409988,lsdazrael,lsdazrael1240998853@moviefans.com,1994-11-27,78
ur65628157,chillshama,chillshama6562815715@imdbuser.net,1987-07-15,78
ur111027930,juliamacon,juliamacon11102793042@moviefans.com,2022-08-29,21
ur3209903,rah604,rah604320990345@imdbuser.net,2004-07-24,60
ur106988167,theandreac,theandreac10698816721@moviefans.com,2019-02-02,28
ur0209493,Renaldo Ma,renaldoma020949357@moviefans.com,1990-02-05,52
ur1075931,Rooster99,rooster99107593155@example.com,2019-01-24,20
ur1336868,gpolice_97,gpolice97133686845@moviefans.com,2020-08-07,19
ur2074560,Gafke,gafke207456025@mail.com,2001-12-29,43
ur83003129,mad96306,mad963068300312913@imdbuser.net,2022-09-17,46
ur62273368,justynsher,justynsher6227336876@moviefans.com,2010-12-23,26
ur3478561,rainking_e,rainkinge347856175@moviefans.com,2014-04-10,42
ur119124198,redcrossai,redcrossai11912419888@moviefans.com,2019-01-29,50
ur0219831,WRyder,wryder021983123@imdbuser.net,2013-09-05,41
ur0129143,triple-x,triplex012914323@mail.com,1994-10-30,38
ur0165308,mdom,mdom016530882@moviefans.com,1992-04-27,37
ur13122854,Kuba_D,kubad1312285481@moviefans.com,1961-06-25,70
ur0235204,NJMoon,njmoon023520476@moviefans.com,2001-08-28,63
ur0091953,GNHN,gnhn009195376@moviefans.com,1983-02-26,64
ur0123822,Emanon,emanon012382234@mail.com,2012-10-11,57
ur0455236,esseff,esseff045523657@example.com,1999-01-04,78
ur6869004,mbworm,mbworm686900439@example.com,1976-04-11,62
ur12139068,zahana,zahana1213906837@mail.com,2020-03-20,14
ur10343974,sifort2012,sifort20121034397425@example.com,2023-01-15,13
ur12010104,WordUpJack,wordupjack1201010417@imdbuser.net,2020-07-19,20
ur11398725,pickferd,pickferd1139872568@imdbuser.net,1966-06-13,80
ur12721805,johnlloyd0,johnlloyd01272180564@example.com,2010-02-05,42
ur119245023,TrulyOnFil,trulyonfil11924502339@imdbuser.net,1984-02-20,52
ur5605626,fishdix-re,fishdixre560562694@mail.com,1988-07-03,67
ur8596433,Hmrsmpsn,hmrsmpsn859643388@moviefans.com,1975-09-13,67
ur6327454,wes-115,wes115632745472@mail.com,1970-03-03,74
ur5656679,alvefard,alvefard565667969@moviefans.com,2015-09-15,35
ur23138296,johnnyhbtv,johnnyhbtv2313829618@imdbuser.net,1997-08-17,30
ur0004595,fleagles,fleagles000459580@mail.com,2020-04-30,74
ur1160144,GISmovies,gismovies116014494@mail.com,2014-12-24,77
ur132455854,BabyJ88,babyj8813245585494@example.com,2012-05-10,52
ur0913468,jennys-sav,jennyssav091346882@moviefans.com,1990-12-05,65
ur16668276,Cernan68,cernan681666827689@mail.com,2006-07-31,73
ur31575177,eigaeye,eigaeye3157517788@mail.com,1964-11-03,65
ur0484367,jgcorrea,jgcorrea048436737@moviefans.com,1986-02-22,50
ur5299200,emdoub,emdoub529920011@moviefans.com,2005-09-04,23
ur8204539,spmshield,spmshield820453974@moviefans.com,2019-12-20,16
ur1274175,dek1158,dek1158127417583@example.com,2000-09-08,37
ur8491035,breckstewa,breckstewa849103578@mail.com,1992-10-04,43
ur0488116,nb00,nb00048811696@moviefans.com,2024-06-16,43
ur169778176,chrisloves,chrisloves16977817685@moviefans.com,1975-03-29,57
ur105294558,francescab,francescab10529455833@imdbuser.net,1973-05-22,73
ur2781476,tracyjoube,tracyjoube278147664@example.com,2007-11-16,26
ur21202236,Jakemcclak,jakemcclak2120223689@moviefans.com,1990-08-08,60
ur8329378,HalRagland,halragland832937825@mail.com,1990-05-02,77
ur1086067,terryd9,terryd9108606794@mail.com,2013-08-29,13
ur4169596,Frettan,frettan416959657@example.com,2007-01-22,50
ur1988380,Laitue_Gon,laituegon198838065@imdbuser.net,2002-02-08,24
ur68533872,nicktusk-9,nicktusk96853387297@moviefans.com,2015-04-26,65
ur4195782,TOMNEL,tomnel419578261@moviefans.com,2010-09-06,27
ur2095936,Catherine_,catherine209593615@mail.com,2017-03-05,65
ur10774147,ja_kitty_7,jakitty71077414781@imdbuser.net,2024-01-03,13
ur16810453,grnhair200,grnhair2001681045352@imdbuser.net,2021-01-30,16
ur23365095,The_late_B,thelateb2336509548@moviefans.com,2014-10-24,18
ur18279193,akash_seba,akashseba1827919357@moviefans.com,2006-04-15,54
ur56259572,brentedwar,brentedwar5625957242@imdbuser.net,2011-06-27,66
ur50600143,bbickley13,bbickley135060014333@example.com,2014-10-17,56
ur57618220,steelersma,steelersma5761822096@mail.com,2011-10-14,43
ur57273169,ihumblej,ihumblej5727316981@imdbuser.net,1984-08-15,50
ur95342083,dmytrobuga,dmytrobuga9534208391@imdbuser.net,2005-07-18,29
ur57785333,universalb,universalb5778533314@imdbuser.net,2018-04-03,13
ur0928445,omouallem,omouallem092844541@imdbuser.net,1986-12-12,79
ur1134263,35capade,35capade113426316@moviefans.com,2001-10-19,35
ur2765179,Tvandiejie,tvandiejie276517931@moviefans.com,1962-11-25,67
ur0937743,george.sch,georgesch093774399@mail.com,1998-05-23,45
ur3708042,mgleez,mgleez370804259@moviefans.com,2000-05-26,45
ur0767600,morrowmmm,morrowmmm076760078@mail.com,1994-08-19,66
ur2771288,lilian-s,lilians277128871@moviefans.com,2020-02-28,17
ur2681111,Billygoat,billygoat268111153@moviefans.com,2024-11-05,15
ur0162684,msolboogie,msolboogie016268412@example.com,1963-11-04,70
ur129339904,alanhowden,alanhowden12933990423@example.com,2020-11-15,35
ur129520026,alatlantic,alatlantic12952002622@mail.com,2012-07-10,65
ur3771993,grooveland,grooveland377199371@moviefans.com,2019-04-01,18
ur4667757,bener1hann,bener1hann466775710@imdbuser.net,2013-04-10,19
ur2193816,jimakros,jimakros219381629@example.com,1997-05-20,29
ur84341157,SaberaSuro,saberasuro8434115743@imdbuser.net,1985-01-27,47
ur50510707,Appalachia,appalachia5051070725@example.com,2012-03-08,57
ur5234847,liz-badger,lizbadger523484736@mail.com,2017-05-23,26
ur4268094,edouard_mo,edouardmo426809480@moviefans.com,1989-02-27,40
ur3256530,smurfling,smurfling325653027@moviefans.com,2022-11-21,27
ur65203644,politik-69,politik696520364480@moviefans.com,1969-09-20,75
ur3316078,WolfHai,wolfhai331607860@imdbuser.net,2022-08-24,38
ur3817163,fred-houpt,fredhoupt381716360@mail.com,1964-07-08,78
ur27588752,ddilara,ddilara2758875273@mail.com,1994-02-04,42
ur1434906,DjSmitty20,djsmitty20143490675@imdbuser.net,2016-11-23,36
ur12332629,SpringsNoi,springsnoi1233262932@moviefans.com,1983-09-10,79
ur96906733,adventure-,adventure9690673371@moviefans.com,2020-09-07,64
ur9697685,PenOutOfTi,penoutofti969768592@moviefans.com,1978-02-10,53
ur5226418,PlushZombi,plushzombi522641820@example.com,1994-12-05,42
ur0312661,vptone,vptone031266120@moviefans.com,2023-01-25,65
ur0183716,MrNoahTall,mrnoahtall018371660@moviefans.com,2012-08-20,20
ur97480288,cashbacher,cashbacher9748028853@moviefans.com,2004-01-19,38
ur2456199,lawofthebi,lawofthebi245619991@mail.com,1975-08-14,74
ur28150946,simplyred_,simplyred2815094652@imdbuser.net,1952-07-12,75
ur1322316,kmoss55,kmoss55132231632@example.com,2023-03-20,76
ur5740458,MotorbikeM,motorbikem574045835@mail.com,2023-07-29,22
ur1357317,hrpx,hrpx135731767@mail.com,1990-09-11,40
ur0644314,waez,waez064431457@moviefans.com,2013-05-21,13
ur5767478,alexautour,alexautour576747868@example.com,2019-07-15,27
ur0138218,Erik G.,erikg013821896@imdbuser.net,2007-08-30,51
ur1180142,Thornfield,thornfield118014296@example.com,2014-04-05,54
ur9533164,henoser,henoser953316419@moviefans.com,2008-10-17,37
ur1285302,bill202,bill202128530243@example.com,2024-07-22,59
ur44265984,dave-fry1,davefry14426598477@imdbuser.net,1984-03-04,77
ur2378524,tl12,tl12237852481@imdbuser.net,2013-03-29,25
ur1813729,zombieguns,zombieguns181372991@example.com,2012-10-16,76
ur21929149,TheExpatri,theexpatri2192914950@mail.com,1993-04-16,54
ur3245202,j30bell,j30bell324520215@moviefans.com,1989-12-27,60
ur3074516,GuidoCinem,guidocinem307451674@mail.com,2018-02-19,78
ur46052708,maxinepowe,maxinepowe4605270847@example.com,1994-11-05,56
ur4708885,harrisonco,harrisonco470888597@imdbuser.net,2024-02-12,41
ur4953598,tsionut,tsionut495359885@mail.com,2004-02-19,35
ur22533347,dfwforeign,dfwforeign2253334730@example.com,1982-05-29,71
ur5177700,johannes20,johannes20517770054@moviefans.com,1972-03-05,63
ur0103511,Tito-8,tito8010351173@example.com,2008-11-23,28
ur135208570,annamayfai,annamayfai13520857077@mail.com,1991-03-16,64
ur4656626,gsjs_316,gsjs316465662688@mail.com,1986-07-29,43
ur97741559,SkullScrea,skullscrea9774155989@imdbuser.net,2017-07-10,59
ur19344848,ellic1,ellic11934484867@mail.com,2025-03-17,31
ur0743476,Ken Adiv,kenadiv074347643@moviefans.com,2008-11-03,62
ur150469693,attilaleng,attilaleng15046969373@moviefans.com,2012-11-14,15
ur117970002,Zoetrope36,zoetrope3611797000295@moviefans.com,1989-01-25,49
ur115898177,rick-98899,rick9889911589817712@imdbuser.net,1986-02-12,70
ur22962063,darkraven_,darkraven2296206314@imdbuser.net,2014-09-08,61
ur9895832,drammer56,drammer56989583252@example.com,2003-08-10,25
ur25476922,slevinnn,slevinnn2547692264@example.com,1984-06-01,42
ur9388473,quinnox-1,quinnox1938847352@moviefans.com,2008-04-04,42
ur21692529,toma_kasse,tomakasse2169252920@imdbuser.net,1965-01-21,78
ur3892110,he88,he88389211036@example.com,2021-05-08,18
ur19709182,therunner4,therunner41970918289@example.com,1986-01-08,73
ur1673850,Ron in LA,roninla167385012@imdbuser.net,2010-01-23,40
ur70644387,rodblakema,rodblakema7064438740@mail.com,2007-05-30,35
ur1157802,Heiress,heiress115780271@moviefans.com,2007-01-05,77
ur4955354,politicon2,politicon2495535469@mail.com,1999-09-16,27
ur22267163,tashibbi,tashibbi2226716356@imdbuser.net,1963-04-12,65
ur21257348,xp3800,xp38002125734821@mail.com,2021-06-13,40
ur10742905,hopek-1,hopek11074290547@example.com,2023-01-09,75
ur60622680,sathervbc,sathervbc6062268085@imdbuser.net,2007-01-04,41
ur17939258,philipstek,philipstek1793925875@mail.com,2001-03-28,34
ur11822868,lyggeas,lyggeas1182286813@example.com,2004-01-30,70
ur20416259,dechampsma,dechampsma2041625978@moviefans.com,2003-10-06,31
ur11590833,Cinema2kMe,cinema2kme1159083312@mail.com,2012-04-22,50
ur49827432,BoomerDT,boomerdt4982743276@imdbuser.net,2008-01-22,37
ur5874595,AMoonBean,amoonbean587459566@moviefans.com,2014-05-16,15
ur5097696,dr_wolfi_d,drwolfid509769651@moviefans.com,2000-07-03,32
ur57611911,DogFilmCri,dogfilmcri5761191113@example.com,2007-06-22,42
ur68532916,S1rr34l,s1rr34l6853291642@imdbuser.net,2016-03-13,41
ur0241128,Piper-10,piper10024112813@imdbuser.net,1995-02-07,41
ur1307607,tomshear,tomshear130760754@mail.com,2022-02-20,25
ur2716017,valdabyryn,valdabyryn271601710@example.com,1999-08-11,40
ur34823361,yvonnegodw,yvonnegodw3482336173@imdbuser.net,1988-01-19,52
ur16657919,willandcha,willandcha1665791986@mail.com,2018-08-08,79
ur1171414,teensyween,teensyween117141433@moviefans.com,1991-06-22,78
ur0411451,Antony-4,antony4041145121@mail.com,1988-12-09,70
ur20241232,purrlgurrl,purrlgurrl2024123259@moviefans.com,1976-06-20,66
ur0174706,yamman,yamman017470652@example.com,2011-11-30,21
ur4062339,regnarghos,regnarghos406233950@moviefans.com,2022-04-28,16
ur1652544,iamjennife,iamjennife165254426@moviefans.com,2013-06-11,47
ur2934496,Omar_Shara,omarshara293449690@example.com,2020-11-05,15
ur107334627,Bali_Loke,baliloke10733462747@imdbuser.net,2025-09-16,23
ur2229919,Sean102218,sean102218222991969@moviefans.com,2025-03-10,14
ur10230663,Hallelujah,hallelujah1023066335@moviefans.com,2006-06-13,32
ur1559418,theCardiff,thecardiff155941872@moviefans.com,2024-06-19,24
ur19563537,stephowrit,stephowrit1956353730@mail.com,1959-02-08,70
ur6853735,hcrsteeves,hcrsteeves685373566@moviefans.com,1993-02-24,68
ur18384709,tjl30218,tjl302181838470924@moviefans.com,1985-06-17,56
ur0366718,JAKick,jakick036671838@imdbuser.net,1970-01-21,65
ur2885298,Kingsage,kingsage288529898@imdbuser.net,2011-10-20,31
ur24528655,SimplyMill,simplymill2452865578@example.com,2006-07-15,36
ur14118623,arborsport,arborsport1411862316@imdbuser.net,1974-08-31,54
ur0674111,Captain Ed,captained067411167@imdbuser.net,1976-08-27,49
ur37116501,PeterMitch,petermitch3711650117@example.com,2019-12-26,71
ur59467979,ddunn-7744,ddunn77445946797940@example.com,1975-03-26,61
ur3614722,geoff-162,geoff162361472265@moviefans.com,2014-07-26,17
ur0445346,Aislynn,aislynn044534625@mail.com,2009-07-19,16
ur5648878,viperine,viperine564887811@imdbuser.net,1979-08-26,51
ur0410009,paloma-4,paloma4041000921@imdbuser.net,2009-11-28,43
ur3534361,oliver-123,oliver123353436176@moviefans.com,1999-07-09,51
ur1477936,GARINDIAN,garindian147793672@imdbuser.net,2009-04-20,27
ur0328326,Rod-54,rod54032832638@mail.com,2023-11-12,28
ur3225430,ebiros2,ebiros2322543012@example.com,1969-04-12,70
ur0139114,pdxchx,pdxchx013911471@example.com,2014-10-18,45
ur116096381,BenTramerL,bentramerl11609638159@mail.com,2010-05-27,28
ur94438173,StevePunch,stevepunch9443817363@example.com,1994-07-26,38
ur0787094,climber700,climber700078709432@imdbuser.net,2015-12-26,47
ur1263651,Streetwolf,streetwolf126365137@mail.com,2014-05-30,29
ur0688764,chickenpot,chickenpot068876473@mail.com,1982-07-18,43
ur16554736,kishoremit,kishoremit1655473649@imdbuser.net,2015-01-24,60
ur5186963,cdtidy,cdtidy518696318@example.com,2002-03-28,30
ur0417044,skad13,skad13041704479@example.com,1996-07-23,60
ur118166195,unclet-301,unclet30111816619582@imdbuser.net,2002-10-13,36
ur0236839,Satch-2,satch2023683919@imdbuser.net,2024-02-22,36
ur4432229,BigfootNY,bigfootny443222920@example.com,2007-01-18,42
ur1941835,tomimt,tomimt194183561@moviefans.com,2007-09-20,34
ur22586968,neptreg,neptreg2258696891@example.com,2009-05-17,65
ur2368582,johnnybrav,johnnybrav236858225@example.com,2024-07-01,35
ur4611995,dprincessp,dprincessp461199597@example.com,1973-11-15,66
ur1735119,coolparkol,coolparkol173511967@mail.com,1952-11-27,74
ur9364638,Torgo_Appr,torgoappr936463851@imdbuser.net,1965-05-07,71
ur5805715,iKickstand,ikickstand580571584@moviefans.com,2016-07-04,78
ur2686663,occupation,occupation268666389@moviefans.com,1972-07-29,67
ur118573500,xnhgdf,xnhgdf11857350088@imdbuser.net,2015-06-07,53
ur4098731,Drake_Claw,drakeclaw409873175@moviefans.com,2008-08-21,69
ur24353582,danlen975,danlen9752435358227@imdbuser.net,2013-08-14,26
ur2299901,comwhiz200,comwhiz200229990171@moviefans.com,2021-10-04,41
ur0084126,tpmedia,tpmedia008412655@imdbuser.net,2018-02-13,42
ur82360204,Gigantoscu,gigantoscu8236020462@example.com,2025-12-10,39
ur74947294,andrewminn,andrewminn7494729423@example.com,2021-06-06,41
ur101538630,PizzaQueen,pizzaqueen10153863022@moviefans.com,2008-10-13,75
ur34290913,THE-BEACON,thebeacon3429091382@moviefans.com,2023-12-07,74
ur4526489,lujafilm,lujafilm452648955@moviefans.com,2016-01-11,39
ur146740764,trentsebas,trentsebas14674076449@example.com,2002-11-04,34
ur14528346,Dark_Venom,darkvenom1452834637@imdbuser.net,1988-03-31,74
ur85414873,mirandazee,mirandazee8541487315@imdbuser.net,2016-08-18,53
ur0137731,Wokel,wokel013773148@moviefans.com,2006-03-11,72
ur2840296,phoenixand,phoenixand284029621@mail.com,1997-06-15,34
ur7600344,nickvan04,nickvan04760034428@mail.com,2018-03-15,46
ur3446972,nrbarton,nrbarton344697250@moviefans.com,1983-04-28,46
ur2818012,Katz5,katz5281801233@example.com,2015-04-15,23
ur105761721,cowgirlsti,cowgirlsti10576172135@moviefans.com,2024-05-11,19
ur2706684,sol-kay,solkay270668420@imdbuser.net,2011-04-23,56
ur17544240,drpakmanra,drpakmanra1754424074@imdbuser.net,1999-05-19,66
ur0054414,Popeye-8,popeye8005441465@imdbuser.net,2020-02-24,27
ur1756248,Moesjr,moesjr175624842@mail.com,2011-11-18,75
ur1977054,navybluebl,navybluebl197705463@imdbuser.net,2006-05-23,26
ur0590494,cassie17,cassie17059049431@moviefans.com,1977-11-05,58
ur83314649,jenaycarte,jenaycarte8331464953@imdbuser.net,2011-08-14,69
ur49534381,dixiedoggg,dixiedoggg4953438170@imdbuser.net,2025-07-21,17
ur24931284,hellraiser,hellraiser2493128437@example.com,2002-10-18,40
ur7856045,canyongirl,canyongirl785604527@mail.com,2013-09-29,27
ur65683941,ryanpersau,ryanpersau6568394149@mail.com,2021-05-26,37
ur65157132,Ltufano23,ltufano236515713216@moviefans.com,1952-12-08,75
ur5544752,dafteskimo,dafteskimo554475292@moviefans.com,1992-04-15,43
ur39322316,Instant_Pa,instantpa3932231695@example.com,1998-09-17,29
ur1868726,Datura618,datura618186872674@example.com,2012-12-08,14
ur3439245,snowmanwil,snowmanwil343924570@example.com,2010-03-20,19
ur10756301,jemps918,jemps9181075630146@mail.com,2023-07-16,18
ur3035115,Benjamin_C,benjaminc303511560@mail.com,1993-06-02,33
ur14020266,unscripted,unscripted1402026635@mail.com,2019-12-07,18
ur1773414,MLDinTN,mldintn177341481@mail.com,1992-12-20,48
ur2327574,seal_point,sealpoint232757424@moviefans.com,2017-02-03,67
ur2512279,ingLewood1,inglewood1251227920@mail.com,2016-05-15,72
ur3359765,Jdat112,jdat112335976544@imdbuser.net,2016-08-29,16
ur126854026,keyshawn-7,keyshawn712685402625@moviefans.com,1979-02-13,64
ur1137697,Kraemorr,kraemorr113769754@moviefans.com,2016-06-23,24
ur1381771,Warrior728,warrior728138177148@moviefans.com,2016-11-27,36
ur34751483,nicksplosi,nicksplosi3475148310@moviefans.com,2023-10-14,39
ur121157161,anthonyjco,anthonyjco12115716196@mail.com,1982-12-02,55
ur3177690,noizyme,noizyme317769079@mail.com,1959-11-11,67
ur69745746,m-47826,m478266974574692@example.com,2022-01-21,13
ur5857673,DashTheGre,dashthegre585767366@moviefans.com,2024-12-08,35
ur18537577,ced650,ced6501853757759@imdbuser.net,1994-08-23,38
ur10321968,grafyte73,grafyte731032196876@example.com,2002-11-19,34
ur1448919,Hellraiser,hellraiser144891977@moviefans.com,1985-05-12,50
ur6577324,nukulardav,nukulardav657732436@imdbuser.net,1991-11-27,46
ur45615682,rnwilson19,rnwilson194561568258@example.com,1964-11-27,65
ur16650558,one9eighty,one9eighty1665055812@moviefans.com,1989-09-09,44
ur35486881,Soph07,soph073548688195@moviefans.com,1990-05-19,43
ur10326951,donaldricc,donaldricc1032695182@mail.com,2021-09-26,63
ur1169687,Sport_Ho,sportho116968793@moviefans.com,2025-08-17,51
ur75128774,js-66130,js661307512877464@moviefans.com,2019-03-17,21
ur21905891,makleen2,makleen22190589169@example.com,2024-11-07,60
ur24646857,klickonn,klickonn2464685730@moviefans.com,1946-10-31,79
ur87034146,hughrcarso,hughrcarso8703414696@example.com,2014-12-08,28
ur55828906,asifahsank,asifahsank5582890610@imdbuser.net,2003-02-14,73
ur33622064,rain-flowe,rainflowe3362206441@mail.com,2006-05-19,20
ur41031967,RussHog,russhog4103196780@mail.com,2007-01-15,58
ur75774887,ninergirl-,ninergirl7577488793@example.com,1976-08-07,58
ur2455309,Brien_Sali,briensali245530952@imdbuser.net,2013-05-18,78
ur0060699,tric,tric006069965@imdbuser.net,2011-03-05,27
ur3875957,cbjslp,cbjslp387595750@imdbuser.net,2019-01-22,28
ur9992929,smiller205,smiller205999292946@example.com,1984-01-05,76
ur7195655,crazygirl-,crazygirl719565599@example.com,2019-08-21,56
ur7081327,cliffman29,cliffman29708132716@imdbuser.net,2021-04-08,24
ur1669185,ewolleben,ewolleben166918526@moviefans.com,1997-06-03,58
ur1525123,Roguexmn55,roguexmn55152512396@mail.com,1990-06-02,43
ur1506378,patcat88,patcat88150637844@moviefans.com,2022-03-30,38
ur0437669,brendonm,brendonm043766926@moviefans.com,2011-12-06,57
ur19081806,JockStein,jockstein1908180611@imdbuser.net,1998-07-11,62
ur1992571,i_am_here,iamhere199257115@moviefans.com,1993-02-09,55
ur2096940,natcabanil,natcabanil209694018@imdbuser.net,1974-06-08,74
ur0885333,yojimbo999,yojimbo999088533350@example.com,1952-11-01,78
ur2369518,themarina1,themarina1236951834@moviefans.com,2022-07-16,68
ur0132925,Mason-12,mason12013292590@moviefans.com,1987-01-10,78
ur2368210,freggo,freggo236821020@imdbuser.net,1958-10-10,76
ur2175271,YeahIMonTV,yeahimontv217527126@imdbuser.net,2004-11-02,22
ur2935571,scott-551,scott551293557164@example.com,2011-05-04,31
ur146603357,otherdave-,otherdave14660335756@mail.com,2021-02-07,75
ur3289328,shakercool,shakercool328932842@imdbuser.net,2018-06-28,73
ur3783929,GMGoodwren,gmgoodwren378392911@example.com,1984-07-27,73
ur13848520,gloomyriva,gloomyriva1384852048@imdbuser.net,1967-02-22,61
ur7629684,mrlanceb,mrlanceb762968450@example.com,2014-03-16,27
ur0445325,BigEd-4,biged4044532512@moviefans.com,1998-11-20,57
ur1411799,BookPoet,bookpoet141179952@imdbuser.net,2007-09-14,19
ur147222753,joshcaine-,joshcaine14722275338@example.com,2014-09-17,16
ur88612516,cinephile-,cinephile8861251614@mail.com,2017-06-30,29
ur12739171,bradman-ne,bradmanne1273917122@moviefans.com,2018-05-05,77
ur53319294,edo-sofic,edosofic5331929424@moviefans.com,2015-05-31,13
ur106641918,D4V1D2411,d4v1d241110664191811@mail.com,1966-05-05,72
ur0521335,nucksfan4l,nucksfan4l052133559@example.com,2002-08-24,37
ur71505114,samog-9828,samog98287150511494@example.com,1992-05-09,78
ur0101227,Television,television010122726@mail.com,2017-04-08,63
ur8805376,DarthBotto,darthbotto880537632@mail.com,2023-10-10,14
ur1592694,gftbiloxi,gftbiloxi159269488@mail.com,2007-06-11,49
ur182939120,rowe-27464,rowe2746418293912038@example.com,2019-07-28,55
ur118439842,MB-reviewe,mbreviewe11843984291@moviefans.com,1964-11-05,75
ur146984468,danmossman,danmossman14698446826@moviefans.com,1979-12-15,74
ur0226883,Clay-17,clay17022688351@moviefans.com,2024-04-01,54
ur0548734,Aristarcho,aristarcho054873424@moviefans.com,1959-12-27,75
ur1843211,fmcorps,fmcorps184321154@example.com,2001-08-21,29
ur1787999,talkingada,talkingada178799984@example.com,1987-10-01,70
ur5308524,henk321,henk321530852449@imdbuser.net,2021-05-21,19
ur0915482,hall895,hall895091548225@moviefans.com,1959-09-12,68
ur15026711,derek-duer,derekduer1502671165@imdbuser.net,1976-01-21,73
ur4192067,biker21200,biker21200419206752@imdbuser.net,2020-06-21,20
ur8502546,ashrumm,ashrumm850254677@imdbuser.net,1983-11-13,49
ur6564778,surbon514,surbon514656477890@mail.com,1964-04-22,65
ur0027166,MBT,mbt002716656@imdbuser.net,2002-10-28,65
ur3161232,rowmorg,rowmorg316123238@example.com,1994-04-14,51
ur1500672,dublin9,dublin9150067238@imdbuser.net,2020-01-21,41
ur5314819,no_spam-4,nospam4531481914@imdbuser.net,2025-05-05,64
ur1622466,DonFishies,donfishies162246633@moviefans.com,2022-10-06,38
ur6565171,jax713,jax713656517169@moviefans.com,2014-07-28,67
ur37874877,swordsnare,swordsnare3787487796@moviefans.com,2014-11-09,43
ur2632576,RCWjr,rcwjr263257641@mail.com,1990-05-03,38
ur7588955,julianagui,julianagui758895524@moviefans.com,1988-11-20,55
ur2588900,karmabuona,karmabuona258890078@mail.com,2003-06-14,27
ur7130352,leonardofi,leonardofi713035252@moviefans.com,2017-02-13,40
ur0233850,mothman-2,mothman2023385034@imdbuser.net,2025-08-04,64
ur2280638,jwhale9382,jwhale9382228063851@example.com,2012-07-19,45
ur0250297,SkaterG,skaterg025029729@example.com,2010-09-22,31
ur0613281,Bio Hazard,biohazard061328141@mail.com,2010-02-10,20
ur1528185,CommanderB,commanderb152818576@mail.com,2001-04-22,50
ur3026315,Frogdog137,frogdog137302631580@moviefans.com,1998-07-04,43
ur0349355,Fly-10,fly10034935585@moviefans.com,2001-04-17,27
ur1931347,JasonLeeSm,jasonleesm193134780@imdbuser.net,2009-06-24,65
ur50944569,frankwiene,frankwiene5094456950@mail.com,1958-02-25,78
ur0375531,teren,teren037553176@imdbuser.net,2020-08-16,17
ur21237482,poetcomic1,poetcomic12123748243@imdbuser.net,2015-08-11,13
ur1553612,fastmike,fastmike155361211@mail.com,1991-07-15,36
ur0187171,BB-15,bb15018717196@imdbuser.net,1985-06-29,78
ur1704354,jack_malve,jackmalve170435469@imdbuser.net,2018-09-11,47
ur1475624,ggergen,ggergen147562444@mail.com,2012-09-15,19
ur0937751,scotty12,scotty12093775163@mail.com,1964-11-27,65
ur2014889,simonrosen,simonrosen201488999@imdbuser.net,2024-04-30,38
ur5047464,Crystal-Al,crystalal504746461@imdbuser.net,2023-09-16,18
ur150850362,Kysugo,kysugo15085036242@mail.com,1976-01-18,78
ur4121378,boomerlove,boomerlove412137838@imdbuser.net,2000-05-06,77
ur22068836,Diego_rjc,diegorjc2206883621@mail.com,1998-05-05,31
ur3030267,sixtwentys,sixtwentys303026727@moviefans.com,1975-07-03,58
ur3693883,turtlerace,turtlerace369388358@imdbuser.net,1981-09-28,79
ur3476841,sublime501,sublime501347684118@mail.com,2013-01-04,36
ur2648891,wifeofsam,wifeofsam264889144@moviefans.com,2019-09-12,62
ur2012241,less_than_,lessthan201224148@imdbuser.net,2006-06-17,40
ur1912267,JWBly,jwbly191226757@mail.com,2024-03-20,26
ur1638404,onnanob2,onnanob2163840442@example.com,1985-11-04,46
ur5320765,kballey,kballey532076586@mail.com,1980-04-01,72
ur7339336,Cassi_Hayw,cassihayw733933614@example.com,2020-09-18,15
ur0084002,Jester69,jester69008400266@example.com,1969-03-31,70
ur0505025,Genesplice,genesplice050502514@mail.com,1992-06-03,55
ur5202368,popeyebene,popeyebene520236871@example.com,2007-09-01,28
ur30848831,kazaar8,kazaar83084883149@imdbuser.net,2017-03-26,22
ur39351238,jlerowe,jlerowe3935123844@example.com,2004-05-17,49
ur175146134,mgchute,mgchute17514613442@example.com,1999-11-26,75
ur67599767,curiarteke,curiarteke6759976789@mail.com,2015-08-04,18
ur9947651,StLouisAss,stlouisass994765165@imdbuser.net,1986-01-11,41
ur4420856,phibes0120,phibes0120442085699@mail.com,2011-09-17,41
ur13749384,gpaulbaile,gpaulbaile1374938464@moviefans.com,2022-09-03,27
ur3109237,bensonmum2,bensonmum2310923752@example.com,1996-03-14,50
ur0123658,tuttt,tuttt012365871@moviefans.com,2009-03-04,48
ur0255058,Tom-267,tom267025505811@example.com,2014-05-04,25
ur0613376,udar55,udar55061337645@mail.com,1951-05-30,77
ur1967657,Elizabeth_,elizabeth196765796@mail.com,2000-01-04,30
ur0234404,eclectic,eclectic023440482@moviefans.com,1977-11-04,50
ur13000381,tjodea,tjodea1300038158@imdbuser.net,2023-04-18,50
ur2417307,fijocha,fijocha241730768@imdbuser.net,1997-11-14,51
ur1837068,perfectiso,perfectiso183706891@imdbuser.net,2013-02-20,72
ur158434027,bazztian-4,bazztian415843402791@imdbuser.net,2005-03-21,28
ur0541987,avanti,avanti054198724@imdbuser.net,2021-01-23,20
ur1262049,SUPERNOVA ,supernova126204920@example.com,2015-01-10,26
ur57284019,owen-watts,owenwatts5728401979@example.com,2025-09-04,45
ur52446284,AmyJenson1,amyjenson15244628414@moviefans.com,2000-06-29,41
ur2579541,Didier-Bec,didierbec257954117@example.com,2012-12-24,18
ur38551243,morgrp-556,morgrp5563855124369@mail.com,2017-07-05,63
ur0314670,Pietka-2,pietka2031467010@example.com,1996-01-01,60
ur4948716,kinky_chri,kinkychri494871613@moviefans.com,2002-09-24,43
ur0521311,lawrence-1,lawrence1052131169@mail.com,2018-07-05,31
ur13549369,mnpollio,mnpollio1354936919@mail.com,1981-03-11,54
ur7586860,isaacbenet,isaacbenet758686039@example.com,1986-10-15,41
ur7618747,hannah-leo,hannahleo761874725@mail.com,2014-06-20,39
ur4985902,Edificio,edificio498590234@moviefans.com,1956-03-07,69
ur11179621,jacky-35,jacky351117962124@example.com,1975-12-29,53
ur6623353,bobspartac,bobspartac662335387@example.com,2025-11-20,20
ur2314767,jasonhoff,jasonhoff231476746@example.com,2021-11-29,18
ur6481155,c-panagi,cpanagi648115562@moviefans.com,2009-08-17,28
ur1649513,mattsusie,mattsusie164951374@moviefans.com,1988-02-20,78
ur1480130,gjwether,gjwether148013090@mail.com,2016-06-24,66
ur102039653,opheliahas,opheliahas10203965394@mail.com,2011-03-30,24
ur91039922,jonak-4550,jonak45509103992264@mail.com,1976-10-26,67
ur87748969,afonsobrit,afonsobrit8774896939@mail.com,2023-07-15,27
ur51324774,bellabanan,bellabanan5132477447@example.com,1997-12-12,65
ur12161715,theknownam,theknownam1216171530@moviefans.com,2021-09-16,29
ur75968031,stormhawk2,stormhawk27596803150@example.com,1997-12-13,33
ur47327599,lorneross7,lorneross74732759962@mail.com,1976-03-14,67
ur0456929,RJV,rjv045692929@moviefans.com,1991-04-19,40
ur0297991,thehotttro,thehotttro029799123@moviefans.com,2021-05-08,18
ur0645712,birdie5222,birdie5222064571234@example.com,1969-03-02,60
ur56190354,johnhousew,johnhousew5619035458@example.com,2019-04-25,66
ur25222212,laraliu10,laraliu102522221221@imdbuser.net,2017-06-13,20
ur46183000,madblack_d,madblackd4618300052@imdbuser.net,1974-02-15,64
ur0696228,ken98465,ken98465069622884@imdbuser.net,2009-07-23,20
ur107478994,EveAngel-6,eveangel610747899451@imdbuser.net,1996-06-19,38
ur2834168,clintswift,clintswift283416863@mail.com,1986-10-09,79
ur1527848,patita-1,patita1152784884@imdbuser.net,2011-05-29,16
ur0813240,Nathan S. ,nathans081324087@example.com,1965-08-26,66
ur0618138,Rebex,rebex061813836@moviefans.com,2014-04-15,39
ur18499083,soundoflig,soundoflig1849908353@mail.com,2005-04-27,41
ur1544320,LuboLarsso,lubolarsso154432032@mail.com,1992-12-15,47
ur1690893,counterrev,counterrev169089326@example.com,1987-02-10,59
ur97776443,apararas,apararas9777644381@imdbuser.net,2012-06-28,28
ur2856568,ctnow,ctnow285656881@mail.com,2015-10-20,24
ur12771356,Horror-yo,horroryo1277135684@example.com,2008-09-04,25
ur0056838,tspence,tspence005683871@mail.com,1993-08-29,51
ur0912652,forehead1,forehead1091265241@example.com,2010-12-11,20
ur0647264,kiwifilm,kiwifilm064726479@moviefans.com,1993-02-20,64
ur3514583,fitissen,fitissen351458383@moviefans.com,1996-03-12,41
ur0232746,dynagirl,dynagirl023274651@mail.com,1998-02-23,51
ur7868949,shelleypw,shelleypw786894977@imdbuser.net,1987-05-29,75
ur0003136,Spuzzlight,spuzzlight000313610@example.com,2023-09-14,20
ur1461201,Dehlia_,dehlia146120179@moviefans.com,2025-10-22,18
ur0142243,goffin,goffin014224343@moviefans.com,2015-04-15,24
ur0075526,DevilDoll,devildoll007552681@imdbuser.net,1998-06-02,31
ur0224101,Gregg-24,gregg24022410127@imdbuser.net,2002-06-09,36
ur1077124,dcsgirlie,dcsgirlie107712414@moviefans.com,1995-07-06,74
ur0061928,sayalon,sayalon006192844@example.com,2025-02-05,55
ur0056483,Cain-2,cain2005648389@mail.com,2008-03-14,23
ur0287415,chris-474,chris474028741580@moviefans.com,2019-11-26,53
ur0057901,Hunca,hunca005790194@mail.com,1996-01-09,56
ur2292515,mOVIemAN56,movieman56229251581@imdbuser.net,2024-04-16,28
ur8983277,birdsong-4,birdsong4898327788@example.com,1997-05-08,28
ur56743179,vlt22-170-,vlt221705674317928@imdbuser.net,1981-05-11,57
ur18394146,paradisegi,paradisegi1839414651@mail.com,2020-08-13,20
ur0182141,Flint-13,flint13018214121@moviefans.com,1960-06-22,76
ur2967746,Efenstor,efenstor296774683@imdbuser.net,2010-04-23,55
ur1586969,lhhung_him,lhhunghim158696918@mail.com,2017-12-12,15
ur3218484,skallisjr,skallisjr321848468@moviefans.com,1970-03-29,70
ur0200029,chron,chron020002972@imdbuser.net,1958-05-29,79
ur69390551,TrTm316,trtm3166939055162@imdbuser.net,1995-11-01,56
ur89699301,b-27247,b272478969930141@mail.com,2001-09-12,66
ur4549569,markarice,markarice454956932@moviefans.com,1980-03-23,47
ur0785102,Tony-386,tony386078510262@mail.com,2020-11-08,55
ur5074941,jamesbourk,jamesbourk507494189@imdbuser.net,1985-07-24,41
ur29123429,TheOldGuyF,theoldguyf2912342971@mail.com,1999-06-16,68
ur9452215,films_view,filmsview945221585@mail.com,1990-03-31,37
ur10111355,sidekickll,sidekickll1011135536@example.com,1990-05-14,41
ur0492397,babyjaguar,babyjaguar049239738@imdbuser.net,1955-01-12,71
ur0368972,Jsnowd,jsnowd036897221@imdbuser.net,1992-07-06,76
ur21383926,Faizel-R,faizelr2138392687@mail.com,1971-08-12,67
ur1519686,VinylSound,vinylsound151968620@example.com,2001-05-29,60
ur7109070,mbb624,mbb624710907029@moviefans.com,2006-01-21,34
ur1717743,artemis_5,artemis5171774381@example.com,2023-03-15,26
ur0667241,kayode,kayode066724129@mail.com,2020-11-20,20
ur20436512,keridan42,keridan422043651223@imdbuser.net,2021-04-11,17
ur0351428,daPeda,dapeda035142858@example.com,2023-11-09,28
ur9023821,brian_r_wr,brianrwr902382179@example.com,2000-03-01,74
ur0156992,QueenMag,queenmag015699244@imdbuser.net,2012-11-25,54
ur0698408,albechri,albechri069840894@moviefans.com,1953-06-22,77
ur2372566,SFTVLGUY2,sftvlguy2237256650@moviefans.com,2010-03-20,76
ur1067359,films42,films42106735977@imdbuser.net,2022-03-19,20
ur0503867,MountainMa,mountainma050386723@example.com,2000-02-11,62
ur11660738,cedarcross,cedarcross1166073844@example.com,2020-08-19,56
ur11489308,chaimss,chaimss1148930877@mail.com,2006-10-02,19
ur1142330,mfisher452,mfisher452114233012@example.com,1963-02-01,79
ur0902607,artzau,artzau090260778@example.com,1979-04-13,68
ur0069032,dawnprin,dawnprin006903235@imdbuser.net,2020-11-02,64
ur2746392,MrBallroom,mrballroom274639249@imdbuser.net,2010-07-30,37
ur5303713,donniebear,donniebear530371375@imdbuser.net,2014-08-26,26
ur1297872,Shazzer30,shazzer30129787257@imdbuser.net,2012-10-25,19
ur5830801,fatleprech,fatleprech583080162@imdbuser.net,1997-08-27,77
ur24851475,movieevang,movieevang2485147583@moviefans.com,2012-06-30,26
ur50225345,mrwillpete,mrwillpete5022534534@imdbuser.net,2017-04-11,38
ur22873512,pheisbourg,pheisbourg2287351249@imdbuser.net,1963-02-19,70
ur21318765,ricky_dry_,rickydry2131876554@moviefans.com,1955-01-29,75
ur0642167,Faizan,faizan064216711@example.com,1989-07-25,76
ur23168242,iegg44,iegg442316824214@moviefans.com,2001-10-29,66
ur8623891,kepotaz,kepotaz862389121@example.com,1987-03-10,42
ur22952680,harihar90,harihar902295268041@moviefans.com,1992-10-05,46
ur0931671,ThurstonHu,thurstonhu093167173@moviefans.com,2009-04-08,18
ur29761652,bk753,bk7532976165241@moviefans.com,1970-02-22,56
ur2621227,ikonoklast,ikonoklast262122778@imdbuser.net,2012-05-09,19
ur130311280,MovieQuiGo,moviequigo13031128025@example.com,2021-03-16,22
ur2916249,dlmart,dlmart291624924@imdbuser.net,2011-05-18,15
ur1486661,davidallen,davidallen148666120@moviefans.com,2012-08-16,25
ur3197505,KnightLand,knightland319750559@mail.com,2013-01-11,33
ur0880437,orangecatd,orangecatd088043743@imdbuser.net,2020-04-14,67
ur0673945,dmhumphrey,dmhumphrey067394557@mail.com,1983-06-17,67
ur151257602,doctorfixi,doctorfixi15125760248@mail.com,1996-07-05,59
ur130919389,peter7991,peter799113091938953@moviefans.com,2006-07-02,34
ur6161268,Azytzeen,azytzeen616126865@moviefans.com,2001-09-06,32
ur3001058,bob998,bob998300105883@moviefans.com,2024-10-21,71
ur13496665,Shattered_,shattered1349666576@mail.com,1980-02-18,73
ur48125229,clairebear,clairebear4812522979@example.com,2018-11-14,71
ur24449568,ccbcsm,ccbcsm2444956859@example.com,1982-05-25,45
ur5316555,jamisen3,jamisen3531655513@moviefans.com,1999-01-05,33
ur3677892,jopehaley,jopehaley367789213@moviefans.com,2013-01-28,28
ur18290757,marilyntwe,marilyntwe1829075768@imdbuser.net,2016-05-27,21
ur109640248,LANGUISHMA,languishma10964024850@moviefans.com,2011-04-27,18
ur26981998,bdgill12,bdgill122698199898@moviefans.com,1981-12-13,61
ur10993130,Muttines,muttines1099313071@moviefans.com,1992-04-26,46
ur36849346,shyruban-4,shyruban43684934612@imdbuser.net,2017-12-10,23
ur10133910,pkgod16,pkgod161013391012@imdbuser.net,1998-07-15,40
ur26894069,bdan35,bdan352689406972@moviefans.com,1983-12-27,54
ur23655055,willschwei,willschwei2365505510@imdbuser.net,1996-07-27,55
ur12230254,Ramascreen,ramascreen1223025471@moviefans.com,1998-12-27,28
ur3095317,dcandido,dcandido309531743@example.com,1981-07-09,74
ur21092012,demonyoyoz,demonyoyoz2109201295@imdbuser.net,1948-08-01,78
ur1505916,shadowycat,shadowycat150591620@moviefans.com,1995-01-02,64
ur10252234,mr_popcorn,mrpopcorn1025223486@mail.com,2004-05-03,29
ur20056968,krazykiter,krazykiter2005696885@moviefans.com,1985-10-02,54
ur3164827,pschwebe,pschwebe316482745@moviefans.com,2003-06-22,32
ur4506876,The_Amazin,theamazin450687698@example.com,2008-12-27,37
ur4036849,jeabraham,jeabraham403684954@moviefans.com,2019-06-16,17
ur4137226,bruce-281,bruce281413722672@moviefans.com,2016-01-09,51
ur4265075,shellz559,shellz559426507546@example.com,2014-05-11,76
ur0412563,Rogue-32,rogue32041256349@mail.com,1996-01-31,44
ur5470148,sean_da_po,seandapo547014836@imdbuser.net,1970-06-20,65
ur7382566,njinsa2004,njinsa2004738256698@example.com,2023-07-25,18
ur3542981,GeeAMouse-,geeamouse354298143@imdbuser.net,2011-05-11,67
ur1744587,lewlew105,lewlew105174458739@moviefans.com,2024-08-14,46
ur5317026,mhb_0250,mhb0250531702611@mail.com,2012-04-25,31
ur23566468,lisafordea,lisafordea2356646844@imdbuser.net,2018-06-23,17
ur1436336,skymovies,skymovies143633674@imdbuser.net,2018-04-19,25
ur1901892,manxman-1,manxman1190189279@moviefans.com,2003-04-06,35
ur1029642,jolrei,jolrei102964295@imdbuser.net,2020-02-05,17
ur0126895,heckles,heckles012689552@example.com,2015-03-24,69
ur14477596,jn1356-1,jn135611447759652@mail.com,2019-07-04,22
ur3559503,azhart,azhart355950365@mail.com,1994-04-05,35
ur21945097,odie813,odie8132194509781@moviefans.com,2009-06-22,26
ur5633856,van73199,van73199563385634@imdbuser.net,1969-02-24,79
ur40561255,moten200,moten2004056125534@moviefans.com,2004-06-26,37
ur0378273,mik-19,mik19037827354@moviefans.com,2022-11-15,80
ur0976573,davidemart,davidemart097657322@example.com,1963-06-04,64
ur3497966,greagles,greagles349796621@imdbuser.net,1957-02-16,77
ur1929259,nina_steel,ninasteel192925952@imdbuser.net,1987-05-28,47
ur1997303,Tazmiafl98,tazmiafl98199730316@imdbuser.net,2019-06-05,73
ur6318881,snookies80,snookies80631888168@moviefans.com,1973-05-03,77
ur64354503,RockyAKAEg,rockyakaeg6435450393@mail.com,2019-03-31,18
ur6233042,hengir,hengir623304245@imdbuser.net,2005-09-21,22
ur3858085,null-13,null13385808536@imdbuser.net,1988-03-21,43
ur6201430,groohl,groohl620143072@imdbuser.net,2016-08-04,38
ur16467781,mkaouer,mkaouer1646778118@imdbuser.net,2002-09-03,57
ur0488157,TomC-5,tomc5048815776@mail.com,2001-01-08,69
ur22563884,nickdefazi,nickdefazi2256388462@imdbuser.net,1990-04-06,52
ur1824083,bergma15@m,bergma15m182408377@example.com,2011-07-17,74
ur0309032,rob-236,rob236030903245@mail.com,2016-11-11,57
ur168620013,DarylJGitt,daryljgitt16862001359@mail.com,1989-05-30,48
ur3567460,Mother_of_,motherof356746090@mail.com,1960-06-24,74
ur128569426,emryse,emryse12856942616@imdbuser.net,2016-01-13,16
ur3575223,rams_laker,ramslaker357522351@imdbuser.net,2012-12-11,62
ur147596293,eightylici,eightylici14759629344@example.com,2015-11-13,15
ur57933006,suadabesla,suadabesla5793300666@example.com,2007-01-28,23
ur104474821,jcrawley-0,jcrawley010447482119@moviefans.com,2005-10-06,56
ur121299795,LuckyFour-,luckyfour12129979566@imdbuser.net,1976-01-13,66
ur124262400,angcal-318,angcal31812426240022@mail.com,2017-09-29,26
ur0177771,Laner,laner017777193@example.com,2020-11-11,42
ur30888832,Clive_JWM,clivejwm3088883263@moviefans.com,2023-04-01,14
ur0815467,yulie-2,yulie2081546710@mail.com,2023-07-27,20
ur1401429,pfig,pfig140142984@moviefans.com,2022-05-10,38
ur4371071,whstrock,whstrock437107115@moviefans.com,2017-05-05,67
ur8647257,ozdavid,ozdavid864725737@example.com,2022-07-03,47
ur4137154,AshenGrey,ashengrey413715458@example.com,2004-10-28,55
ur1189621,CRXgoon,crxgoon118962111@moviefans.com,2024-12-23,43
ur11718567,dcw-12,dcw121171856739@mail.com,2024-02-25,61
ur15512397,forrestwrs,forrestwrs1551239755@imdbuser.net,2021-08-27,48
ur3533592,highclark,highclark353359268@imdbuser.net,2002-01-23,47
ur1150188,arie_el_ka,arieelka115018899@moviefans.com,2006-12-02,45
ur1084392,adeewuff,adeewuff108439293@moviefans.com,2016-10-18,32
ur1026280,saullevy,saullevy102628030@imdbuser.net,1999-06-15,37
ur2377279,segacs,segacs237727987@mail.com,2004-06-15,61
ur19240507,KylieRempe,kylierempe1924050785@mail.com,2019-12-14,76
ur0620507,Shawn Stin,shawnstin062050734@mail.com,2013-12-30,25
ur2303484,Freemheart,freemheart230348457@mail.com,1956-01-30,73
ur0332572,Tecocat,tecocat033257245@imdbuser.net,1977-08-16,65
ur0688327,isabelle12,isabelle12068832710@imdbuser.net,2008-06-16,29
ur20231624,kz917-1,kz91712023162453@moviefans.com,1981-11-04,72
ur0035296,Scottie-3,scottie3003529692@example.com,2016-04-10,54
ur78403857,novagirl11,novagirl117840385762@mail.com,2009-08-24,66
ur70682706,LinkinPark,linkinpark7068270690@imdbuser.net,2013-11-10,53
ur88579622,priscillia,priscillia8857962297@mail.com,2021-07-12,16
ur4245230,Cookie9102,cookie9102424523039@example.com,1969-11-08,60
ur15428721,nico_nasr,niconasr1542872155@example.com,2009-04-29,31
ur19751517,goldwritin,goldwritin1975151784@example.com,2012-12-23,31
ur14138241,ozar_33-1,ozar3311413824149@moviefans.com,1996-02-15,66
ur71945918,bhattrell,bhattrell7194591875@moviefans.com,1976-10-11,66
ur138937748,dryice-019,dryice01913893774818@mail.com,2024-06-06,17
ur19705914,Bobaby5,bobaby51970591428@mail.com,1997-10-11,28
ur13889523,aquaangelg,aquaangelg1388952396@moviefans.com,2015-06-09,73
ur4477774,bonesbaby3,bonesbaby3447777420@example.com,1981-08-13,50
ur33162918,fernandosc,fernandosc3316291811@imdbuser.net,2001-08-25,26
ur19005144,robertalle,robertalle1900514444@moviefans.com,1981-04-12,49
ur11068402,notnormal8,notnormal81106840244@mail.com,2013-04-01,60
ur9376773,janbuy,janbuy937677352@example.com,2004-04-01,21
ur94805267,nermeenx-9,nermeenx99480526789@imdbuser.net,2009-01-15,49
ur10250381,poicop,poicop1025038180@imdbuser.net,2014-01-26,32
ur21274418,kimi_layer,kimilayer2127441878@mail.com,2015-04-15,37
ur0041958,Ric-7,ric7004195874@example.com,2022-10-17,72
ur23858655,kuarinofu,kuarinofu2385865549@example.com,2001-10-20,40
ur17099290,pogopuff,pogopuff1709929023@mail.com,2024-09-01,71
ur76092728,pugliese_j,pugliesej7609272829@imdbuser.net,1997-09-02,47
ur90237288,gamerz-180,gamerz1809023728870@example.com,2021-07-23,24
ur73722094,caeciliemo,caeciliemo7372209430@example.com,2018-02-24,59
ur25956310,jaisonjtho,jaisonjtho2595631052@mail.com,1991-09-18,46
ur26251731,yawar_hame,yawarhame2625173180@example.com,2023-11-19,50
ur3661606,Magic_Lant,magiclant366160683@mail.com,2016-11-25,50
ur2082346,timeaftrti,timeaftrti208234693@example.com,2018-11-03,17
ur2194868,tkeane-1,tkeane1219486891@moviefans.com,2018-09-14,29
ur48282208,AllieRubyS,allierubys4828220883@example.com,2024-01-21,40
ur20782861,innitbrill,innitbrill2078286184@example.com,1973-10-20,75
ur155152830,NicoLodge,nicolodge15515283020@imdbuser.net,2001-01-29,39
ur1405643,hungerarti,hungerarti140564347@moviefans.com,2020-02-19,29
ur7009455,Jonwo,jonwo700945556@example.com,2004-06-29,26
ur12731679,Earthbjorn,earthbjorn1273167988@mail.com,2018-02-17,42
ur89944726,Aoi_kdr,aoikdr8994472685@mail.com,1991-01-24,41
ur106575348,TheHoodOfS,thehoodofs10657534856@mail.com,1962-11-12,79
ur22023762,wardiego,wardiego2202376285@example.com,2017-03-12,51
ur20654873,Apemangalo,apemangalo2065487345@moviefans.com,2007-06-12,20
ur2962111,brunchie,brunchie296211149@imdbuser.net,2008-07-27,40
ur4610211,SebaZava,sebazava461021155@example.com,1987-03-08,42
ur15482708,matus92,matus921548270822@mail.com,1991-02-13,53
ur4282743,deanocware,deanocware428274361@moviefans.com,2004-05-04,64
ur0127279,BillK,billk012727989@moviefans.com,1992-07-21,50
ur50142552,enginozdil,enginozdil5014255256@imdbuser.net,1998-12-24,37
ur25414655,Frank-E-Hi,frankehi2541465546@moviefans.com,2001-12-31,29
ur58649201,looped_inf,loopedinf5864920164@moviefans.com,2016-07-07,43
ur53184759,leonmessyb,leonmessyb5318475931@example.com,2005-10-17,49
ur26001165,antesdespu,antesdespu2600116555@imdbuser.net,2010-04-30,22
ur125187549,mbhgkmsgg,mbhgkmsgg12518754965@mail.com,2024-02-18,22
ur45538284,monkyman34,monkyman344553828438@moviefans.com,2024-05-09,18
ur22971631,generation,generation2297163157@mail.com,2004-06-09,61
ur30411628,whifferrac,whifferrac3041162835@example.com,1986-12-18,57
ur21137787,ddrcoaster,ddrcoaster2113778741@imdbuser.net,1986-11-01,76
ur21076864,EchoMaRinE,echomarine2107686428@mail.com,2001-09-15,64
ur12975478,ocknights7,ocknights71297547882@imdbuser.net,2009-02-22,19
ur21105444,TJ-Deen,tjdeen2110544463@imdbuser.net,1963-06-09,76
ur6409817,Rafacus,rafacus640981775@mail.com,2021-05-21,33
ur4684333,robertw477,robertw477468433321@example.com,2019-06-29,63
ur11597946,Stampsfigh,stampsfigh1159794655@moviefans.com,2017-09-18,67
ur5957032,Nevele,nevele595703245@imdbuser.net,1971-08-14,75
ur4655625,dee_zine_6,deezine6465562521@mail.com,1956-06-01,75
ur12787630,mexicospid,mexicospid1278763024@example.com,2022-03-06,25
ur20543907,yris2002,yris20022054390788@example.com,2007-03-19,40
ur7676935,Jadn,jadn767693595@mail.com,2019-06-24,29
ur90771040,robin_go,robingo9077104027@example.com,1995-03-30,54
ur34756529,SameirAli,sameirali3475652932@imdbuser.net,2010-12-20,67
ur65505616,FLASHP01NT,flashp01nt6550561657@example.com,2017-08-27,25
ur147475205,jenaardell,jenaardell14747520562@example.com,1955-03-30,80
ur170293524,EasonVonn,easonvonn17029352497@mail.com,1995-06-07,57
ur6244123,Craftsman1,craftsman1624412385@imdbuser.net,1990-12-08,57
ur10963001,Ore-Sama,oresama1096300179@mail.com,2021-01-27,22
ur22722270,JoshuaDysa,joshuadysa2272227095@imdbuser.net,2006-06-19,24
ur56677665,garcalej,garcalej5667766594@imdbuser.net,1988-04-05,77
ur7006919,jaychou_21,jaychou21700691952@moviefans.com,2023-01-08,53
ur23560669,wasan_s200,wasans2002356066997@example.com,1970-10-10,67
ur3807099,K2nsl3r,k2nsl3r380709971@imdbuser.net,2020-07-30,54
ur1902636,oOgianduja,oogianduja190263684@mail.com,1958-08-14,68
ur9028759,YourMovieS,yourmovies902875985@mail.com,2012-07-29,20
ur15982856,loganx-2,loganx21598285640@moviefans.com,2011-10-31,25
ur0913303,Simonster,simonster091330347@imdbuser.net,2013-06-30,15
ur1812267,Puppet_Mas,puppetmas181226783@moviefans.com,1984-05-16,64
ur3797335,kjosm,kjosm379733571@example.com,2010-11-08,24
ur13653016,mcsheehey,mcsheehey1365301616@moviefans.com,2006-07-11,39
ur1953250,janefondaf,janefondaf195325076@moviefans.com,2006-05-17,55
ur1567796,mrwinch,mrwinch156779614@moviefans.com,1976-03-02,59
ur5764843,dumbblonde,dumbblonde576484394@imdbuser.net,2009-04-07,40
ur24078075,sunchick11,sunchick112407807554@moviefans.com,2022-10-29,14
ur76964331,bowiekid,bowiekid7696433150@mail.com,2009-04-13,17
ur0181628,marion-10,marion10018162836@mail.com,1982-02-01,56
ur64990695,Marthian80,marthian806499069551@example.com,2002-01-30,69
ur11934938,sunbreak7-,sunbreak71193493857@imdbuser.net,1995-11-23,64
ur19611514,sedativchu,sedativchu1961151439@example.com,2018-11-05,30
ur67925815,ardast,ardast6792581518@example.com,2012-02-01,23
ur0062244,Dan_L,danl006224462@example.com,2006-04-27,79
ur60528171,Finn_Rllm,finnrllm6052817136@moviefans.com,2009-11-07,19
ur33187391,sykespj,sykespj3318739196@moviefans.com,1998-03-10,80
ur4814948,rp_roger,rproger481494881@moviefans.com,1996-02-27,30
ur44841124,CMTiago,cmtiago4484112465@example.com,2021-02-28,17
ur0746979,sylvestert,sylvestert074697987@example.com,2016-09-10,33
ur49939468,bobbarrell,bobbarrell4993946845@example.com,1989-11-10,53
ur23843983,Bruce722,bruce7222384398377@imdbuser.net,2003-09-26,65
ur41793374,Callum_Hof,callumhof4179337415@mail.com,2023-01-04,33
ur21317382,KEmerton19,kemerton192131738287@example.com,1990-05-09,72
ur44024094,Big_D_Box_,bigdbox4402409423@mail.com,2021-04-09,30
ur26777495,slicedbrea,slicedbrea2677749546@moviefans.com,2001-10-11,34
ur47194559,kieran449,kieran4494719455947@example.com,2019-03-13,61
ur34338778,SforSmile,sforsmile3433877890@mail.com,2000-02-08,41
ur69557213,chermcguir,chermcguir6955721332@imdbuser.net,1975-01-14,79
ur36172670,Greekguy,greekguy3617267090@example.com,1993-09-07,43
ur46553205,shashank-m,shashankm4655320594@mail.com,1995-07-22,78
ur36391942,mwburrows,mwburrows3639194271@mail.com,2020-03-09,15
ur80922659,dk777,dk7778092265920@imdbuser.net,2010-02-05,29
ur27070234,sworup_sha,sworupsha2707023498@mail.com,2000-11-29,27
ur32895306,ninjaeatin,ninjaeatin3289530629@example.com,2018-11-16,78
ur9345982,Valkonian,valkonian934598292@example.com,2013-06-03,43
ur45515411,LumpysFrie,lumpysfrie4551541191@mail.com,1989-09-30,60
ur5217243,wudamay,wudamay521724381@example.com,2014-10-16,22
ur4243167,brandonlev,brandonlev424316784@moviefans.com,2006-11-11,39
ur27690706,wandereram,wandereram2769070624@imdbuser.net,2005-01-31,28
ur6762910,cliffhanle,cliffhanle676291099@example.com,2014-04-02,37
ur5481031,nils-pels,nilspels548103174@moviefans.com,2002-09-09,45
ur10251315,oneloveall,oneloveall1025131542@moviefans.com,2000-11-27,25
ur9393992,fictionsru,fictionsru939399267@imdbuser.net,1994-07-05,65
ur2634538,Alexey-Bog,alexeybog263453860@moviefans.com,1959-08-19,74
ur1745304,moorje,moorje174530492@moviefans.com,1991-06-27,37
ur1448869,morphtzika,morphtzika144886966@moviefans.com,1998-01-27,72
ur5710656,xbluntx,xbluntx571065647@mail.com,1999-11-13,47
ur0779081,barrybush,barrybush077908123@mail.com,2008-01-11,40
ur17067687,rooee,rooee1706768794@moviefans.com,2014-08-29,27
ur3624040,flasuss,flasuss362404072@imdbuser.net,2011-02-04,20
ur4186747,bastard_wi,bastardwi418674735@imdbuser.net,2019-06-16,29
ur2714559,itsadrian,itsadrian271455958@imdbuser.net,2024-09-27,13
ur0923718,bullard-sk,bullardsk092371894@example.com,2008-10-24,29
ur36266259,mrandmrsco,mrandmrsco3626625914@imdbuser.net,2012-12-19,44
ur1053413,chanvat,chanvat105341364@imdbuser.net,2010-12-19,19
ur0222772,Steve-318,steve318022277266@example.com,1996-03-13,40
ur0272030,Chadwazzer,chadwazzer027203033@mail.com,2004-05-01,56
ur0364120,wcourter,wcourter036412090@mail.com,2011-10-07,25
ur15711750,Beta_Galli,betagalli1571175034@moviefans.com,2021-04-29,20
ur0962648,fuldamobil,fuldamobil096264885@moviefans.com,1990-02-06,55
ur60498613,burnzyburn,burnzyburn6049861381@moviefans.com,2007-12-22,66
ur0688995,arbarnes,arbarnes068899518@moviefans.com,2013-08-10,48
ur22291300,eagleeyedc,eagleeyedc2229130038@moviefans.com,2003-02-02,35
ur1318093,trpdean,trpdean131809372@imdbuser.net,2013-12-14,53
ur2642613,wnterstar,wnterstar264261354@mail.com,2003-10-14,52
ur0329384,gws-2,gws2032938478@imdbuser.net,2001-01-02,44
ur0604594,sidmclean,sidmclean060459455@mail.com,2010-08-16,54
ur1210301,eleventoph,eleventoph121030122@mail.com,1997-11-11,40
ur17951527,dennisfish,dennisfish1795152742@example.com,1983-02-02,55
ur0171487,Malette,malette017148748@moviefans.com,1983-07-18,66
ur0389448,Lolita99,lolita99038944862@moviefans.com,1965-12-01,80
ur1546206,Snapes_lov,snapeslov154620655@example.com,2023-06-18,55
ur1322267,Vampyr_Gir,vampyrgir132226775@moviefans.com,2005-01-04,33
ur0665597,tiomkin,tiomkin066559768@example.com,1991-02-08,52
ur68345682,13Funbags,13funbags6834568220@mail.com,2022-07-27,25
ur0838323,flakwagen,flakwagen083832324@example.com,1973-09-11,67
ur1441066,secragt,secragt144106677@moviefans.com,1964-12-07,68
ur14003708,timmy_501,timmy5011400370810@mail.com,2025-07-20,17
ur1162277,Mulliga,mulliga116227767@mail.com,1989-09-20,43
ur0604677,kel_har,kelhar060467713@mail.com,2007-07-12,21
ur7753870,klbinphx,klbinphx775387014@example.com,2015-11-06,48
ur0336221,Charlesc-5,charlesc5033622176@moviefans.com,2012-06-03,32
ur6325108,Christmas-,christmas632510840@moviefans.com,2004-07-15,43
ur33907744,Thanos_Alf,thanosalf3390774426@example.com,1974-03-20,63
ur0523889,sspisak,sspisak052388936@mail.com,1984-06-23,44
ur4396282,snowwhite-,snowwhite439628268@mail.com,2000-05-02,46
ur48660698,GreenSparr,greensparr4866069864@imdbuser.net,2021-06-22,50
ur24848282,lacaseley,lacaseley2484828282@moviefans.com,2015-07-04,40
ur0695812,NativeTexa,nativetexa069581294@example.com,2004-09-03,40
ur11925063,jakerocks,jakerocks1192506381@mail.com,2006-09-01,48
ur0897472,keala,keala089747276@moviefans.com,2009-07-16,29
ur9016059,dancer2025,dancer2025901605924@moviefans.com,2010-05-28,18
ur0225564,mike-547,mike547022556498@mail.com,2012-03-29,44
ur16190885,deadboymgo,deadboymgo1619088588@moviefans.com,1968-10-23,58
ur27909574,vonschweis,vonschweis2790957425@example.com,1990-05-04,59
ur0272845,Ouarda,ouarda027284590@example.com,1989-01-25,78
ur8206701,Chaves7777,chaves7777820670143@imdbuser.net,1969-03-13,80
ur3669651,azifucare,azifucare366965179@imdbuser.net,2024-10-01,20
ur65323701,kemkomacar,kemkomacar6532370124@mail.com,2000-10-25,35
ur2115026,aharmas,aharmas211502625@example.com,2023-08-06,14
ur76671725,bisquitlip,bisquitlip7667172524@example.com,2025-08-05,20
ur0254193,vijayr,vijayr025419377@imdbuser.net,1990-06-29,75
ur2281794,chickskick,chickskick228179457@example.com,2004-11-01,46
ur6107994,ttornak,ttornak610799423@imdbuser.net,1962-11-01,71
ur9227049,screenman,screenman922704995@moviefans.com,2015-10-20,13
ur170404767,owenjmiddl,owenjmiddl17040476737@mail.com,2003-03-01,25
ur14885756,TowandasRe,towandasre1488575614@mail.com,1998-03-23,45
ur2339662,FilmOtaku,filmotaku233966219@mail.com,2020-10-28,26
ur2236331,rwirtz,rwirtz223633150@imdbuser.net,1986-02-19,62
ur15794099,gogoschka-,gogoschka1579409912@mail.com,2019-09-20,20
ur0904079,quiet-4,quiet4090407921@example.com,1995-01-26,76
ur0872960,janv-3,janv3087296034@mail.com,1996-12-12,54
ur1313418,Tiger_Mark,tigermark131341825@imdbuser.net,1989-05-09,75
ur0961751,Spaceygirl,spaceygirl096175158@imdbuser.net,2017-02-07,52
ur1009314,philly-17,philly17100931488@imdbuser.net,2005-11-12,48
ur0376182,billbene,billbene037618246@example.com,2014-03-12,18
ur59893253,donniedark,donniedark5989325329@imdbuser.net,2014-11-01,18
ur0547134,miguelsanc,miguelsanc054713431@moviefans.com,2016-03-01,29
ur0218384,Nog,nog021838458@moviefans.com,2014-02-28,28
ur2624215,iswampsoul,iswampsoul262421535@mail.com,2015-10-25,28
ur3531661,slake09,slake09353166143@moviefans.com,2008-11-02,68
ur0213030,pgreyy,pgreyy021303039@mail.com,1999-07-25,37
ur5318357,dusan711,dusan711531835712@mail.com,2010-10-21,31
ur3593013,Duzniak38,duzniak38359301385@example.com,1986-01-25,47
ur0249396,Hermit C-2,hermitc2024939684@moviefans.com,2025-08-07,15
ur2110186,Peaches311,peaches311211018683@imdbuser.net,1989-08-22,78
ur1294812,StarRider4,starrider4129481214@imdbuser.net,2010-02-06,22
ur0424875,cooper-29,cooper29042487587@mail.com,1986-12-24,40
ur2089902,Juni78ukr,juni78ukr208990284@example.com,2008-10-02,20
ur0953526,robmillrs,robmillrs095352695@example.com,2013-03-31,55
ur19510578,delibebek,delibebek1951057837@mail.com,1974-01-16,52
ur0774042,pumpkinlan,pumpkinlan077404288@mail.com,1986-10-20,63
ur9164055,loveution,loveution916405515@mail.com,2025-06-06,35
ur9931546,gardnerj-3,gardnerj3993154686@imdbuser.net,2021-03-17,34
ur1101609,Sir-Galaha,sirgalaha110160922@moviefans.com,1980-03-13,49
ur0999758,asalzman,asalzman099975821@moviefans.com,1990-05-10,39
ur119242415,carlybotle,carlybotle11924241516@mail.com,1999-03-08,52
ur1363200,harrietgat,harrietgat136320094@imdbuser.net,2013-04-07,16
ur0022844,Roemer,roemer002284450@example.com,2012-06-18,24
ur0466035,Lee B,leeb046603511@example.com,1991-01-12,64
ur0518985,lburk911,lburk911051898569@moviefans.com,1973-06-14,57
ur0127599,RunningFro,runningfro012759969@example.com,2014-08-13,13
ur67716625,havoke-741,havoke7416771662526@mail.com,2019-05-09,66
ur0090865,slayer-3,slayer3009086590@imdbuser.net,1998-10-07,34
ur0396867,Jake-153,jake153039686752@imdbuser.net,2013-04-01,23
ur4140674,funky_cher,funkycher414067438@moviefans.com,1992-04-24,42
ur57373544,sophiahwri,sophiahwri5737354487@mail.com,1980-08-18,49
ur111909335,TheKidCott,thekidcott11190933580@example.com,2012-07-06,28
ur0447981,SUE-67,sue67044798129@moviefans.com,1987-12-15,44
ur0927848,radio show,radioshow092784894@mail.com,2001-08-27,45
ur0192224,knikkki,knikkki019222452@mail.com,2021-02-01,48
ur0660002,diffusionx,diffusionx066000277@example.com,1996-12-12,80
ur0568666,timtindy,timtindy056866660@example.com,1994-04-21,41
ur0971829,Brandon722,brandon722097182968@imdbuser.net,2006-03-21,45
ur22201610,Richardvon,richardvon2220161060@imdbuser.net,2009-06-12,43
ur1508484,hobbitonro,hobbitonro150848487@example.com,1963-05-20,70
ur3070588,racedowlin,racedowlin307058879@imdbuser.net,2021-02-05,64
ur0840805,plonty_200,plonty200084080583@example.com,1968-01-12,77
ur9169177,aerotroope,aerotroope916917718@example.com,2011-08-14,53
ur5135654,nhr_215,nhr215513565410@example.com,2007-12-24,18
ur18668395,stevejamis,stevejamis1866839538@example.com,2000-06-30,46
ur0495697,jaybob,jaybob049569721@example.com,1987-03-18,40
ur69837797,johnnynaje,johnnynaje6983779768@mail.com,2010-05-27,76
ur21880352,tom-3160,tom31602188035277@example.com,2003-01-11,57
ur1609390,ghostlife1,ghostlife1160939043@imdbuser.net,1959-09-16,73
ur12139192,Darren311,darren3111213919215@mail.com,1999-03-21,46
ur66309111,poxpalace,poxpalace6630911130@moviefans.com,2017-01-09,55
ur0910859,lostintwin,lostintwin091085991@moviefans.com,1998-08-10,31
ur2192595,Spinal-Col,spinalcol219259593@imdbuser.net,2003-01-19,51
ur12515631,michellesa,michellesa1251563112@example.com,1999-06-03,65
ur0826287,kserbin,kserbin082628768@mail.com,1977-12-24,63
ur1687824,einhard-1,einhard1168782489@example.com,2022-06-15,43
ur0274994,tem4w5,tem4w5027499438@example.com,1967-06-02,68
ur3246243,weirsal,weirsal324624384@imdbuser.net,2012-06-17,50
ur6914963,act-12,act12691496357@mail.com,1978-11-11,71
ur25737920,glrosario,glrosario2573792087@mail.com,1997-08-04,42
ur0276213,John-304,john304027621350@imdbuser.net,1987-11-01,48
ur8853596,mikemangar,mikemangar885359624@imdbuser.net,2009-01-27,22
ur0193880,phann,phann019388031@example.com,2016-10-22,42
ur23390845,blazesnake,blazesnake2339084544@example.com,2018-08-26,14
ur19068468,evm1265,evm12651906846824@mail.com,1997-05-29,31
ur91466092,regonzalez,regonzalez9146609263@moviefans.com,2003-06-24,56
ur104063446,srdas-9358,srdas935810406344650@example.com,2025-01-20,40
ur68650209,earthgirl-,earthgirl6865020938@imdbuser.net,1991-11-24,41
ur3436679,Stay_away_,stayaway343667920@moviefans.com,2023-09-20,36
ur64418341,studiocity,studiocity6441834155@moviefans.com,2000-10-19,70
ur126906870,nagan2020,nagan202012690687026@mail.com,1993-07-28,49
ur99429245,hrolandwhi,hrolandwhi9942924570@moviefans.com,2003-09-16,31
ur29439835,Pumpfake2,pumpfake22943983559@mail.com,2001-05-29,26
ur68720971,cgearheart,cgearheart6872097129@moviefans.com,1972-03-31,80
ur32568896,bogus-bogu,bogusbogu3256889696@imdbuser.net,1999-01-21,50
ur13562944,galacticos,galacticos1356294477@example.com,2003-02-10,38
ur155472727,emmaadams-,emmaadams15547272758@moviefans.com,1988-01-16,38
ur68265448,guyadiango,guyadiango6826544823@imdbuser.net,2004-02-25,48
ur89906054,starjosie,starjosie8990605462@moviefans.com,1998-02-22,37
ur78911731,peterandre,peterandre7891173123@imdbuser.net,2007-09-20,51
ur75842226,brockfal,brockfal7584222614@mail.com,1983-08-18,80
ur60457959,ayojerkins,ayojerkins6045795984@moviefans.com,1998-01-10,31
ur78892912,BadRooseve,badrooseve7889291238@example.com,1971-06-17,76
ur112246037,IamROCKAS,iamrockas11224603743@moviefans.com,2017-07-30,32
ur3085078,jaidev22-1,jaidev221308507858@moviefans.com,2024-05-13,45
ur110055445,ForTheMost,forthemost11005544525@example.com,2000-02-22,47
ur6207631,Bogmeister,bogmeister620763180@moviefans.com,2012-08-06,35
ur0561239,jiangliqin,jiangliqin056123977@mail.com,2009-06-25,51
ur0596368,xtonybueno,xtonybueno059636816@imdbuser.net,2004-09-15,24
ur4431399,jokeco68,jokeco68443139988@moviefans.com,2006-11-20,39
ur16694023,diglers69,diglers691669402376@mail.com,2010-11-09,27
ur1388206,knsevy,knsevy138820636@example.com,2024-03-31,17
ur0384949,metal-7,metal7038494953@imdbuser.net,2006-02-25,23
ur21843361,Marter2,marter22184336148@imdbuser.net,1990-05-07,59
ur14055683,targetboy,targetboy1405568379@moviefans.com,2015-11-27,23
ur46024352,angel-clar,angelclar4602435250@example.com,2019-03-18,23
ur31412124,sanloz11,sanloz113141212494@moviefans.com,1985-07-29,75
ur49392790,s3276169,s32761694939279032@moviefans.com,1997-06-02,68
ur21906610,joselnieve,joselnieve2190661074@example.com,2021-05-22,55
ur11881064,ciscokid19,ciscokid191188106483@moviefans.com,2007-07-22,23
ur22156679,LOVEumALL,loveumall2215667949@mail.com,2024-03-21,25
ur22155907,debuneezmo,debuneezmo2215590739@example.com,1951-02-15,75
ur0291815,looie,looie029181571@mail.com,1987-06-24,71
ur22211145,aiga,aiga2221114522@mail.com,1995-06-08,36
ur159023641,jeffcostud,jeffcostud15902364155@example.com,1972-09-09,60
ur153244573,ItsJonThom,itsjonthom15324457379@mail.com,2023-07-10,44
ur13384098,jediknight,jediknight1338409823@example.com,2024-02-22,66
ur116112390,FernandoRa,fernandora11611239050@imdbuser.net,1998-12-07,34
ur4499338,quibbles,quibbles449933857@example.com,1986-09-30,78
ur16952283,micz81,micz811695228388@example.com,1984-07-07,55
ur3030395,simmmz,simmmz303039582@example.com,1994-01-28,33
ur147968835,icocleric,icocleric14796883546@moviefans.com,1996-09-16,59
ur11516368,ninfanwill,ninfanwill1151636880@moviefans.com,2006-03-11,33
ur2057229,antony-1,antony1205722922@moviefans.com,1984-06-19,69
ur2132081,ghonzo,ghonzo213208138@imdbuser.net,2020-02-11,38
ur15588823,Rob-O-Cop,robocop1558882324@mail.com,1991-10-05,45
ur3275394,jharvey-4,jharvey4327539444@imdbuser.net,2017-01-07,25
ur24031258,moviesacco,moviesacco2403125842@imdbuser.net,1995-12-25,76
ur2568038,ptb-8,ptb8256803866@moviefans.com,1988-05-17,46
ur3467245,lunaticpro,lunaticpro346724533@mail.com,2014-08-11,17
ur4980432,roedyg,roedyg498043248@moviefans.com,2020-11-25,13
ur1665793,Gwendydd_,gwendydd166579329@example.com,2011-04-20,33
ur0459522,Ronin47,ronin47045952215@example.com,1984-01-26,72
ur2510120,ivko,ivko251012020@example.com,1991-11-18,43
ur4939636,jluis1984,jluis1984493963652@example.com,2000-08-24,45
ur1565088,jamesirvin,jamesirvin156508885@mail.com,2024-08-08,17
ur7131890,Jamester,jamester713189028@moviefans.com,1975-02-17,77
ur15884207,zebra782,zebra7821588420756@mail.com,1966-05-29,63
ur0447974,galasius,galasius044797495@mail.com,2018-12-02,80
ur34435688,yusufpiski,yusufpiski3443568880@example.com,2018-06-10,40
ur11750202,christophe,christophe1175020250@mail.com,2018-01-30,24
ur1917678,LivingDog,livingdog191767816@example.com,2012-12-05,19
ur1137654,sobaok,sobaok113765490@mail.com,2024-05-16,18
ur7042872,favoriteso,favoriteso704287281@example.com,2008-05-02,31
ur0622275,ajs-10,ajs10062227525@imdbuser.net,1975-08-03,57
ur0551007,nonconform,nonconform055100757@mail.com,2022-10-29,16
ur1598260,gregsrants,gregsrants159826063@example.com,1982-10-11,50
ur2888331,kerr-g,kerrg288833180@example.com,1987-02-02,52
ur76456727,bcostley-7,bcostley77645672740@mail.com,2014-04-16,52
ur3575466,bartreneth,bartreneth357546684@example.com,2004-10-08,27
ur64505981,willirei,willirei6450598141@mail.com,1986-11-16,80
ur3886163,lisa_ann_s,lisaanns388616338@mail.com,2021-04-29,28
ur3107859,lwmayberry,lwmayberry310785978@moviefans.com,2006-07-01,45
ur1740031,DCJerzeygr,dcjerzeygr174003140@moviefans.com,2008-08-30,33
ur12568342,joshuatree,joshuatree1256834275@example.com,2012-11-26,27
ur4540203,dgl1199,dgl1199454020387@moviefans.com,1998-02-25,28
ur25765675,Hellbentfo,hellbentfo2576567531@mail.com,2006-11-28,33
ur89973249,rustyfinge,rustyfinge8997324911@imdbuser.net,2011-09-15,29
ur210685190,JoeC-646,joec64621068519055@moviefans.com,2024-01-01,16
ur0630236,slimjack,slimjack063023638@example.com,1983-03-05,59
ur3835197,lotekguy-1,lotekguy1383519737@moviefans.com,1996-05-15,41
ur14397406,CagedinSan,cagedinsan1439740699@moviefans.com,2008-05-20,60
ur4969759,omega23,omega23496975943@example.com,1986-12-31,43
ur13969094,sfp5005,sfp50051396909439@moviefans.com,2014-12-28,15
ur73053202,ThomDerd,thomderd7305320247@example.com,2002-09-07,27
ur12252941,Tifighter1,tifighter11225294196@example.com,1975-06-07,64
ur6394113,darky-m,darkym639411374@mail.com,1995-01-15,56
ur2351758,artsay,artsay235175827@moviefans.com,2010-10-01,19
ur3917694,junecatpow,junecatpow391769435@imdbuser.net,1988-12-12,41
ur1674584,cynharm,cynharm167458412@mail.com,2018-01-15,19
ur4834255,IAmTheEnem,iamtheenem483425511@example.com,1998-01-13,55
ur2044630,magik511,magik511204463069@mail.com,1984-07-12,47
ur4511843,Niamh_berm,niamhberm451184324@example.com,2015-10-24,13
ur0234902,Larri123,larri123023490238@imdbuser.net,2013-09-14,20
ur0668236,lev-36,lev36066823631@mail.com,2010-01-20,21
ur6489997,ksgirl2000,ksgirl2000648999793@moviefans.com,2024-12-15,16
ur0292136,preppy-2,preppy2029213682@moviefans.com,2013-10-18,62
ur0779237,titus7_,titus7077923793@imdbuser.net,2010-05-18,58
ur1895549,luciencool,luciencool189554993@mail.com,2016-12-25,17
ur0330035,MarioB,mariob033003520@imdbuser.net,2020-08-10,26
ur0338867,sissypower,sissypower033886774@example.com,2025-07-10,32
ur2385277,lthd,lthd238527763@moviefans.com,2019-07-13,17
ur2152228,gtrmn0,gtrmn0215222835@imdbuser.net,2002-09-21,53
ur1966764,DrCRM,drcrm196676421@mail.com,1960-09-07,74
ur23251131,marcia-var,marciavar2325113118@moviefans.com,1969-07-12,58
ur102184407,tchitounia,tchitounia10218440716@example.com,1993-06-28,38
ur35978159,kittymalla,kittymalla3597815952@imdbuser.net,2005-11-24,32
ur33610866,malaysian1,malaysian13361086622@moviefans.com,2018-07-21,25
ur9267854,den-yo,denyo926785455@example.com,1980-11-06,49
ur19136895,kookyboobo,kookyboobo1913689533@example.com,2023-02-23,21
ur35635716,Tera-Jones,terajones3563571675@moviefans.com,2015-04-09,79
ur10837967,stuartwhyt,stuartwhyt1083796717@moviefans.com,2020-04-15,26
ur45254290,moiyedh-74,moiyedh744525429053@example.com,2021-10-31,30
ur44878627,derekryter,derekryter4487862758@mail.com,2017-08-04,34
ur20461701,jamesbarns,jamesbarns2046170123@example.com,1983-09-29,48
ur53035685,robertmark,robertmark5303568568@moviefans.com,1977-10-22,65
ur1872762,Aussiesmur,aussiesmur187276219@example.com,2024-10-06,36
ur0139699,AHinMaine,ahinmaine013969910@moviefans.com,1966-11-10,71
ur2009721,scott_f_bu,scottfbu200972146@moviefans.com,2019-02-11,13
ur126229408,nursebecky,nursebecky12622940871@mail.com,1995-08-22,63
ur53957660,matthew-gu,matthewgu5395766034@example.com,2023-01-27,46
ur1044811,Joene,joene104481190@moviefans.com,1983-09-06,47
ur1318613,graard,graard131861393@moviefans.com,2014-12-25,18
ur5285648,jazzboss,jazzboss528564844@moviefans.com,2023-02-12,30
ur1133084,gregk23,gregk23113308487@mail.com,2024-10-07,39
ur4803487,HaemovoreR,haemovorer480348736@imdbuser.net,2024-01-22,44
ur7745531,victer21,victer21774553172@imdbuser.net,2005-05-15,20
ur0975530,supertom-3,supertom3097553091@mail.com,2006-10-27,49
ur0354425,Skyrcket,skyrcket035442597@mail.com,1992-09-04,49
ur3094366,mgarland,mgarland309436634@imdbuser.net,1986-10-31,59
ur11851070,RokurotaMa,rokurotama1185107028@imdbuser.net,2018-04-30,46
ur1871648,EddieMink,eddiemink187164847@imdbuser.net,2009-09-06,64
ur8211849,tylerrosin,tylerrosin821184971@example.com,2022-03-18,49
ur3216895,patrickjay,patrickjay321689566@moviefans.com,2000-05-14,33
ur20808116,thomas-kor,thomaskor2080811692@mail.com,2000-07-14,30
ur1059988,maeander,maeander105998880@imdbuser.net,2021-03-23,16
ur9749078,MagicStarf,magicstarf974907849@imdbuser.net,2024-03-13,73
ur3100485,chrissage,chrissage310048526@imdbuser.net,2013-12-02,25
ur0883221,parqer,parqer088322150@imdbuser.net,1976-10-31,54
ur1140696,sludgehoun,sludgehoun114069670@moviefans.com,1961-12-12,73
ur1322730,sydneyk,sydneyk132273075@imdbuser.net,2016-11-06,16
ur0207210,Dr Gonzo,drgonzo020721087@moviefans.com,2001-08-18,63
ur18494855,georggecke,georggecke1849485522@moviefans.com,2012-12-04,73
ur0100560,q3c,q3c010056025@moviefans.com,1996-04-03,41
ur0349793,GSeditor,gseditor034979375@example.com,2008-12-10,40
ur1080750,tgoszczyns,tgoszczyns108075087@example.com,2004-04-25,36
ur0585521,schiele_,schiele058552142@moviefans.com,2006-04-14,51
ur0120311,crasher,crasher012031165@moviefans.com,2005-05-16,46
ur61815583,supeshjain,supeshjain6181558359@example.com,1979-03-30,61
ur60605119,arjungupta,arjungupta6060511999@moviefans.com,2024-10-08,22
ur102711497,dr_hgj-482,drhgj48210271149713@moviefans.com,2008-10-25,75
ur43042962,prafullasr,prafullasr4304296212@mail.com,2021-08-30,39
ur89561427,smanukumar,smanukumar8956142779@mail.com,2002-12-26,36
ur81971791,ronakkotia,ronakkotia8197179154@example.com,2005-06-20,52
ur58388845,cool-navee,coolnavee5838884530@imdbuser.net,1959-08-05,68
ur64404530,tilakponna,tilakponna6440453017@mail.com,1998-05-31,28
ur76361043,noughtravi,noughtravi7636104331@example.com,2002-01-11,51
ur106675879,alankarcha,alankarcha10667587929@moviefans.com,2017-02-10,59
ur45019515,Jini-B,jinib4501951524@example.com,2012-03-07,20
ur25300929,mrk329,mrk3292530092967@moviefans.com,1977-08-01,58
ur48649726,spiderraja,spiderraja4864972682@mail.com,1995-12-19,46
ur89143749,impraveeng,impraveeng8914374920@moviefans.com,2024-09-10,15
ur37533654,saptesh786,saptesh7863753365484@imdbuser.net,2009-06-06,60
ur106679546,sumeshcher,sumeshcher10667954610@example.com,1986-03-13,74
ur59144688,SUNIL-A-DA,sunilada5914468893@moviefans.com,2006-09-19,24
ur101835364,pmaniakman,pmaniakman10183536489@moviefans.com,2017-04-22,15
ur69726553,joppanLive,joppanlive6972655379@example.com,1999-05-11,33
ur132575140,mdaadila,mdaadila13257514016@example.com,2001-11-22,75
ur117508252,frankie-08,frankie0811750825285@example.com,1953-09-14,72
ur86232266,schloot,schloot8623226655@mail.com,1967-03-14,61
ur0688073,SecretlyBi,secretlybi068807344@mail.com,1982-08-03,50
ur65481529,neil-43355,neil433556548152936@example.com,1999-05-14,36
ur0327799,tccandler,tccandler032779998@mail.com,1985-10-04,49
ur95459254,Neon_Gold,neongold9545925413@moviefans.com,1965-05-25,60
ur125479689,greanjelli,greanjelli12547968979@mail.com,1974-09-03,51
ur130402664,rocknblues,rocknblues13040266487@moviefans.com,1984-11-05,52
ur75773575,aarpcats,aarpcats7577357537@example.com,1993-07-09,39
ur141927967,jumpingshi,jumpingshi14192796736@moviefans.com,1963-07-14,77
ur2329754,phulla,phulla232975450@imdbuser.net,1966-05-21,61
ur129343912,peterruite,peterruite12934391248@moviefans.com,2017-10-05,23
ur124185631,sxsxndnf,sxsxndnf12418563146@example.com,2005-06-08,45
ur107147237,HungryforC,hungryforc10714723794@imdbuser.net,1965-08-25,75
ur65478576,The_Sonuve,thesonuve6547857675@moviefans.com,2001-12-23,29
ur90028772,parkesbria,parkesbria9002877233@imdbuser.net,2020-06-29,64
ur0131128,blade-21,blade21013112893@moviefans.com,1968-09-24,67
ur27566887,tabiosk,tabiosk2756688762@example.com,2019-04-02,34
ur57293463,harvey_cra,harveycra5729346311@mail.com,1970-06-20,74
ur24293657,projectblu,projectblu2429365797@moviefans.com,1978-12-13,49
ur24216667,amit-k-sri,amitksri2421666747@mail.com,1989-11-10,63
ur8900628,pepekwa,pepekwa890062899@imdbuser.net,2011-02-12,21
ur13831616,brian09088,brian090881383161648@example.com,2020-05-19,49
ur107665847,GRIMMz12,grimmz1210766584714@moviefans.com,2004-06-12,52
ur9175665,SameeMan,sameeman917566552@mail.com,2001-05-10,29
ur8802148,mitchum_un,mitchumun880214842@imdbuser.net,2020-11-19,22
ur4711624,bajan13k,bajan13k471162448@moviefans.com,1980-06-23,76
ur3618664,office1,office1361866410@imdbuser.net,2015-04-19,29
ur11427011,sparkster2,sparkster21142701141@imdbuser.net,2016-02-28,65
ur112380085,brooke-980,brooke98011238008517@imdbuser.net,1986-12-28,44
ur3110500,CloudyNigh,cloudynigh311050099@imdbuser.net,2014-05-02,74
ur2897862,Daughter_o,daughtero289786218@mail.com,2009-04-08,59
ur1412862,SilvrRayz,silvrrayz141286226@imdbuser.net,1992-02-03,54
ur38137078,ssantanube,ssantanube3813707890@mail.com,1990-07-31,71
ur7222015,comediclea,comediclea722201554@moviefans.com,2019-08-01,40
ur1728168,bernieno,bernieno172816824@moviefans.com,2022-02-02,72
ur0134474,ToddTee,toddtee013447453@imdbuser.net,2015-04-07,29
ur2031189,scoob-,scoob203118963@moviefans.com,2008-08-08,63
ur2300696,Penoyer1,penoyer1230069672@example.com,1947-07-23,79
ur0352834,id247,id247035283461@imdbuser.net,2011-12-18,44
ur1305735,magobbo,magobbo130573541@moviefans.com,2025-02-04,13
ur3107130,roxboyd,roxboyd310713040@mail.com,2005-02-21,27
ur2120072,howie73,howie73212007277@moviefans.com,2007-09-15,45
ur4684444,jackei-1,jackei1468444447@mail.com,2024-11-04,14
ur0286588,Preston-10,preston10028658893@moviefans.com,1997-04-19,53
ur47159929,halliejopo,halliejopo4715992926@mail.com,1960-01-14,77
ur0115761,racoon,racoon011576193@imdbuser.net,1971-01-24,65
ur13588546,crossbow01,crossbow011358854633@moviefans.com,1998-01-18,48
ur0886662,jeff_stryk,jeffstryk088666225@imdbuser.net,2011-03-09,61
ur8625456,jzappa,jzappa862545624@imdbuser.net,2012-01-28,48
ur1417683,smallchief,smallchief141768325@imdbuser.net,2025-08-10,59
ur23842491,jonnyhavey,jonnyhavey2384249124@example.com,2002-08-30,38
ur0023796,LazySod,lazysod002379699@example.com,2020-06-29,17
ur4126453,buny101,buny101412645386@example.com,2009-05-15,17
ur24505636,prestonsac,prestonsac2450563638@imdbuser.net,2023-09-20,62
ur0808540,donut44,donut44080854091@example.com,1997-01-31,38
ur25026135,kaka-itu,kakaitu2502613585@imdbuser.net,1970-11-20,60
ur4593705,DarkVulcan,darkvulcan459370540@imdbuser.net,2001-01-09,56
ur0940540,colin_coyn,colincoyn094054022@mail.com,2017-07-17,24
ur0451334,DougF-2,dougf2045133413@example.com,1995-03-01,61
ur24951740,cva280888,cva2808882495174033@imdbuser.net,1984-02-10,59
ur19227097,RichardSRu,richardsru1922709741@moviefans.com,1979-06-24,53
ur14352055,jgregg42,jgregg421435205594@imdbuser.net,2009-03-07,24
ur13677466,veeckasinw,veeckasinw1367746617@mail.com,2001-04-20,47
ur23930092,mervclan,mervclan2393009252@mail.com,1985-12-15,50
ur2148320,shanfloyd,shanfloyd214832077@mail.com,2004-09-11,30
ur0770982,Leatherman,leatherman077098242@example.com,2020-12-20,22
ur1790888,jpintar,jpintar179088840@example.com,2009-07-31,35
ur105602056,bizkuigame,bizkuigame10560205629@example.com,1959-08-30,76
ur69534203,Neil-M09,neilm096953420384@example.com,2005-04-13,25
ur1493052,socrates99,socrates99149305220@imdbuser.net,1982-06-17,70
ur24525841,baileykerr,baileykerr2452584198@example.com,2014-07-16,20
ur30688553,ricdelrio,ricdelrio3068855394@example.com,2016-08-30,23
ur3209329,tonymikejo,tonymikejo320932995@example.com,2011-11-06,71
ur56662111,santiagoco,santiagoco5666211178@mail.com,2020-12-17,15
ur11344732,True_Revie,truerevie1134473271@example.com,2004-02-02,65
ur1071866,sinnerofci,sinnerofci107186637@imdbuser.net,2020-07-26,48
ur67684513,fillerruth,fillerruth6768451319@moviefans.com,1958-05-03,71
ur12961876,slazenger_,slazenger1296187664@example.com,2013-07-05,26
ur1604713,edjavega,edjavega160471399@mail.com,1985-01-20,57
ur0706524,Orgelist,orgelist070652455@mail.com,1973-07-06,64
ur2091917,pik923,pik923209191789@imdbuser.net,2021-04-20,56
ur68302901,giorgiaori,giorgiaori6830290138@imdbuser.net,2003-08-31,73
ur1828572,matt_matt,mattmatt182857219@mail.com,2007-01-03,23
ur0102677,JohnSeal,johnseal010267717@imdbuser.net,1984-08-20,68
ur5094618,cknob-1,cknob1509461866@mail.com,2018-02-15,34
ur1026790,EHaagendaz,ehaagendaz102679023@example.com,2015-09-08,46
ur0570993,vlinchong,vlinchong057099385@moviefans.com,2011-08-06,32
ur17456440,yashmoshin,yashmoshin1745644061@mail.com,2011-05-22,19
ur37159979,vijith780,vijith7803715997952@example.com,1983-01-01,79
ur151387990,mitchcrill,mitchcrill15138799032@imdbuser.net,2025-07-03,78
ur22939218,glen-cunni,glencunni2293921859@imdbuser.net,1987-02-12,52
ur82462880,mahmus,mahmus8246288056@imdbuser.net,2022-01-27,48
ur4034082,mr_maximus,mrmaximus403408271@moviefans.com,2007-10-06,54
ur0740219,june114,june114074021972@example.com,1982-04-30,56
ur4297284,ineffectua,ineffectua429728434@mail.com,2001-07-30,68
ur99519886,PCT1970,pct19709951988658@moviefans.com,2009-08-21,26
ur8105614,nbubacz,nbubacz810561436@moviefans.com,2011-01-01,19
ur1956179,Stevieheug,stevieheug195617921@imdbuser.net,1995-08-04,36
ur69980801,TheFearmak,thefearmak6998080179@moviefans.com,1990-01-08,50
ur1131073,GrantCAGE,grantcage113107323@mail.com,1982-03-11,66
ur1257113,Sam_Focak,samfocak125711344@moviefans.com,2013-09-19,61
ur14522099,robert-dix,robertdix1452209937@imdbuser.net,2008-01-03,61
ur5443541,rddj05,rddj05544354175@imdbuser.net,2020-03-11,22
ur0661953,kbumbulis,kbumbulis066195387@imdbuser.net,2018-12-25,15
ur0527217,Bonneyboy,bonneyboy052721714@example.com,1999-11-08,28
ur4132207,pdvincit,pdvincit413220763@example.com,1977-04-23,56
ur1477230,ImmortalCo,immortalco147723024@imdbuser.net,1982-04-12,78
ur0992493,Evil_Will_,evilwill099249317@mail.com,2004-09-11,30
ur0774772,sloopydrew,sloopydrew077477262@example.com,2024-10-27,29
ur0291048,Erick-12,erick12029104851@moviefans.com,2001-09-02,43
ur1399966,JudgeMalon,judgemalon139996652@moviefans.com,2001-11-21,64
ur9284963,leyward,leyward928496347@mail.com,2013-07-11,15
ur69914375,lwhalen-18,lwhalen186991437591@moviefans.com,2022-08-09,52
ur1497147,PlzGimmeAG,plzgimmeag149714743@moviefans.com,1970-12-05,74
ur8200384,erostew,erostew820038432@imdbuser.net,2025-06-13,73
ur2275269,britishdom,britishdom227526973@example.com,2005-03-15,67
ur4138301,zombiebird,zombiebird413830118@moviefans.com,2022-09-17,26
ur1303689,avenuesf,avenuesf130368972@mail.com,2000-05-31,62
ur81909393,buckeyes-0,buckeyes08190939395@example.com,2003-01-28,75
ur35409759,thefleece2,thefleece23540975968@mail.com,2024-04-01,16
ur30051968,aforandrom,aforandrom3005196823@example.com,2004-10-19,31
ur9796686,chenthom,chenthom979668674@mail.com,1984-09-26,70
ur48129237,Musicalpla,musicalpla4812923720@moviefans.com,1970-06-05,68
ur45716924,mymainman2,mymainman24571692487@example.com,1981-08-07,56
ur3239906,coastin_on,coastinon323990696@imdbuser.net,2024-10-09,63
ur0834265,pleiades10,pleiades10083426567@imdbuser.net,1955-07-03,78
ur19180472,kevinolzak,kevinolzak1918047241@imdbuser.net,2012-12-25,29
ur0697437,dsfilm123,dsfilm123069743770@mail.com,1972-12-10,77
ur8202817,curiosarca,curiosarca820281799@example.com,1989-12-05,66
ur0420291,Skutter-2,skutter2042029145@mail.com,2017-12-23,23
ur17894806,and_shove_,andshove1789480672@mail.com,2024-08-10,18
ur59579517,parkway-31,parkway315957951775@mail.com,2021-12-14,34
ur12483070,macoliveir,macoliveir1248307067@example.com,1996-08-05,30
ur45303257,Better_Sit,bettersit4530325741@moviefans.com,2015-10-26,63
ur40820314,thelishron,thelishron4082031457@moviefans.com,2023-09-03,79
ur47756860,livingston,livingston4775686054@example.com,2023-12-17,46
ur63818220,neilcarlin,neilcarlin6381822096@mail.com,1993-09-17,60
ur0345596,wellthatsw,wellthatsw034559671@imdbuser.net,1980-08-10,45
ur2030420,perfectbon,perfectbon203042075@example.com,2006-03-15,59
ur1167232,austin6174,austin6174116723269@mail.com,1998-09-04,34
ur4913397,bigmik21,bigmik21491339750@example.com,2016-12-14,69
ur0210298,jimmyplm,jimmyplm021029894@example.com,2003-12-09,40
ur132400956,kchxnkxs,kchxnkxs13240095625@mail.com,2001-04-02,46
ur19960780,Mr_Censore,mrcensore1996078032@imdbuser.net,2019-12-17,16
ur0435558,minnow-6,minnow6043555811@mail.com,1972-01-20,80
ur0093755,mitch-23,mitch23009375531@mail.com,2001-04-21,28
ur0051738,puppydre,puppydre005173810@example.com,2022-03-20,23
ur0873926,kingboyj,kingboyj087392686@mail.com,2010-09-14,50
ur68892816,SecularThe,secularthe6889281624@moviefans.com,1990-06-05,56
ur0965364,the_myster,themyster096536460@imdbuser.net,2019-11-03,21
ur2293681,DarthBill,darthbill229368133@example.com,2008-01-01,32
ur0234740,The_Movie_,themovie023474095@moviefans.com,1999-11-05,74
ur1000993,konover,konover100099348@moviefans.com,1979-06-29,78
ur19674387,wildlife-p,wildlifep1967438739@imdbuser.net,2015-09-14,50
ur0779095,davidslice,davidslice077909558@example.com,2002-06-01,51
ur1181258,Dock-Ock,dockock118125872@imdbuser.net,2015-09-15,73
ur1055987,bannonanth,bannonanth105598740@mail.com,1989-10-16,66
ur7809716,Patedwalte,patedwalte780971615@moviefans.com,2017-06-25,34
ur2099983,wierzbowsk,wierzbowsk209998382@moviefans.com,1996-04-08,44
ur26191523,bigham69,bigham692619152396@mail.com,1997-05-19,63
ur43132506,joshjeffor,joshjeffor4313250694@example.com,2023-02-16,38
ur0090767,Maniac-9,maniac9009076790@mail.com,1970-05-20,64
ur2843095,mickdansfo,mickdansfo284309541@example.com,2022-09-14,28
ur11674104,morris9795,morris97951167410444@imdbuser.net,1997-01-01,50
ur2951437,fertilecel,fertilecel295143759@moviefans.com,1990-04-16,58
ur10649847,lil_pimpce,lilpimpce1064984763@imdbuser.net,1984-05-23,44
ur63814641,manolescuc,manolescuc6381464154@example.com,2008-11-28,31
ur7103419,jmcserious,jmcserious710341912@moviefans.com,2006-01-26,20
ur42843161,Tak005,tak0054284316185@mail.com,2005-07-21,35
ur179872629,EJ021302,ej02130217987262913@moviefans.com,1990-07-28,50
ur107393230,bennobi1,bennobi110739323035@imdbuser.net,2019-10-06,20
ur1501634,TheRedneck,theredneck150163450@mail.com,2021-06-20,28
ur2166108,theyoungho,theyoungho216610846@mail.com,1963-08-21,77
ur24537622,mysterio_c,mysterioc2453762241@moviefans.com,2020-05-11,27
ur8926366,Zoooma,zoooma892636682@example.com,2009-12-04,56
ur56387266,cartesiant,cartesiant5638726626@moviefans.com,1983-02-04,50
ur56403498,movieguy96,movieguy965640349877@moviefans.com,1994-07-18,42
ur59523115,bmldb5,bmldb55952311584@example.com,1999-07-04,26
ur2982137,ian-433,ian433298213713@mail.com,1974-03-08,52
ur56938771,williampsa,williampsa5693877152@moviefans.com,1974-02-26,56
ur1860435,Orpington,orpington186043541@imdbuser.net,1963-11-30,70
ur3063833,Gavno,gavno306383393@mail.com,2013-12-20,21
ur2806262,fcouckey,fcouckey280626234@example.com,2020-04-13,69
ur1309512,dmbjam29,dmbjam29130951264@moviefans.com,2011-04-05,40
ur2519472,alana-dill,alanadill251947237@example.com,1980-04-04,55
ur2091728,madsimon,madsimon209172857@moviefans.com,1959-09-19,71
ur0650655,majikstl,majikstl065065555@example.com,2018-10-06,17
ur1809726,sdittman@w,sdittmanw180972668@moviefans.com,2008-01-14,36
ur1469321,jmorrison-,jmorrison146932119@imdbuser.net,2025-11-23,43
ur4646896,djdekok,djdekok464689620@imdbuser.net,1995-09-22,35
ur0828415,philler2,philler2082841521@example.com,1983-04-23,79
ur7517723,angler-2,angler2751772399@mail.com,2019-12-21,75
ur3004560,thisisheav,thisisheav300456048@moviefans.com,1959-01-11,77
ur1955633,Stumpypete,stumpypete195563378@moviefans.com,2010-10-12,29
ur39238626,craigjpete,craigjpete3923862622@mail.com,1966-05-23,79
ur98264714,ibrandonro,ibrandonro9826471498@imdbuser.net,2008-04-01,37
ur8684052,wormtheace,wormtheace868405266@example.com,2013-12-25,13
ur7615094,matta-11,matta11761509453@imdbuser.net,1972-11-20,80
ur31339384,BearGlove,bearglove3133938464@mail.com,2021-03-24,39
ur33596692,maryfeathe,maryfeathe3359669278@mail.com,2020-11-14,46
ur22761455,mhorg2018,mhorg20182276145598@imdbuser.net,1982-03-22,60
ur5098316,encyes,encyes509831658@moviefans.com,2023-05-29,24
ur2395095,eched,eched239509525@moviefans.com,2003-01-25,48
ur27896592,electronic,electronic2789659229@moviefans.com,1961-08-28,65
ur35431876,strategy02,strategy023543187610@example.com,2015-07-19,29
ur41055621,jolenewebb,jolenewebb4105562114@mail.com,2003-07-04,24
ur77070620,Electric_S,electrics7707062072@imdbuser.net,1972-08-10,53
ur2943258,Skiis4Life,skiis4life294325887@mail.com,2002-06-23,24
ur106718741,zacharyriv,zacharyriv10671874196@moviefans.com,2002-11-20,41
ur33857638,ram3973-37,ram3973373385763837@imdbuser.net,2015-12-14,39
ur20793643,feathereds,feathereds2079364340@mail.com,2021-03-10,13
ur8202613,Spartan_1_,spartan1820261381@mail.com,2001-01-20,58
ur71470272,jonfmac,jonfmac7147027286@moviefans.com,1986-10-24,41
ur77049493,Fletscher9,fletscher97704949340@example.com,1977-07-03,67
ur67826053,JayPatton8,jaypatton86782605379@imdbuser.net,1951-09-19,77
ur40465657,snadarsh33,snadarsh334046565794@imdbuser.net,2005-04-06,61
ur64864858,dlevans-52,dlevans526486485838@imdbuser.net,1999-09-28,75
ur35820854,lasse-454-,lasse4543582085431@example.com,1989-05-15,39
ur28840957,S_Craig_Za,scraigza2884095725@moviefans.com,2016-03-05,41
ur179245812,johnmilita,johnmilita17924581222@moviefans.com,1982-09-11,58
ur57957376,birthdaysu,birthdaysu5795737624@example.com,2018-04-03,14
ur6925815,larrybb,larrybb692581550@example.com,1977-09-04,57
ur0039494,Amigard,amigard003949421@mail.com,2005-03-16,21
ur2290876,LukeTheSam,lukethesam229087681@example.com,2012-11-18,55
ur3860784,Tashtago,tashtago386078410@moviefans.com,1977-07-21,50
ur43025752,PimpinAint,pimpinaint4302575239@imdbuser.net,2010-05-07,26
ur24873057,elision10,elision102487305760@example.com,2019-01-17,21
ur2914386,raegan_but,raeganbut291438675@moviefans.com,1992-06-03,41
ur1001033,nbott,nbott100103342@mail.com,2018-06-28,35
ur29218738,krocheav,krocheav2921873847@imdbuser.net,2013-04-18,23
ur3605370,jneelley,jneelley360537016@imdbuser.net,2013-09-07,54
ur13183388,HorusEye,horuseye1318338896@moviefans.com,2009-02-05,61
ur43483305,brooke_gay,brookegay4348330566@example.com,2011-09-19,66
ur12922686,illyria250,illyria2501292268673@example.com,2020-12-18,55
ur82516263,cowboylove,cowboylove8251626396@example.com,2000-06-21,51
ur21631478,sasha-tift,sashatift2163147810@mail.com,2010-08-31,19
ur46095817,mpurdy1030,mpurdy10304609581711@moviefans.com,2014-12-09,39
ur35344701,georgiax-4,georgiax43534470132@imdbuser.net,2008-09-03,31
ur83208344,erinacolon,erinacolon8320834473@imdbuser.net,2019-08-21,38
ur44349760,frswlaliwt,frswlaliwt4434976087@example.com,1990-08-13,58
ur39951495,tenlegdrag,tenlegdrag3995149567@imdbuser.net,2022-03-11,15
ur46017367,wraytogo,wraytogo4601736729@imdbuser.net,1989-03-12,44
ur46345705,rodent-781,rodent7814634570568@example.com,2019-05-12,27
ur2674686,unkle_nast,unklenast267468681@moviefans.com,2016-08-31,31
ur0649363,MissCzarCh,missczarch064936347@moviefans.com,1972-11-28,68
ur16446328,ontheis,ontheis1644632879@imdbuser.net,2013-02-02,36
ur1355221,bhanna23,bhanna23135522118@example.com,2014-06-08,23
ur19398159,lostanddel,lostanddel1939815933@moviefans.com,2015-05-28,37
ur160132690,claszdsbur,claszdsbur16013269090@mail.com,2012-11-06,17
ur0550402,Andreas_N,andreasn055040212@example.com,1995-10-03,43
ur29585794,lord-of-th,lordofth2958579424@imdbuser.net,1987-01-21,62
ur1671064,toffeefan,toffeefan167106432@example.com,2011-04-05,47
ur87457751,nuhashamad,nuhashamad8745775144@example.com,1981-01-30,76
ur0799023,bejasus,bejasus079902356@imdbuser.net,2012-01-30,67
ur32658319,steve-torr,stevetorr3265831914@imdbuser.net,2025-09-24,34
ur133709001,alexsnower,alexsnower13370900110@example.com,2013-07-10,65
ur101929778,fulopadam-,fulopadam10192977831@moviefans.com,2017-08-06,45
ur3582979,myronlearn,myronlearn358297997@imdbuser.net,1970-12-21,62
ur5229507,eolas_pell,eolaspell522950738@moviefans.com,2014-08-17,13
ur1628912,venusteddy,venusteddy162891280@example.com,1996-05-01,64
ur0281464,Katy-13,katy13028146445@example.com,2018-09-27,18
ur2310621,sg60,sg60231062198@moviefans.com,2013-07-04,17
ur0134855,Anakin-15,anakin15013485510@mail.com,2011-07-27,73
ur0477190,TomRMD,tomrmd047719035@example.com,2008-05-30,38
ur13152451,roadcam,roadcam1315245111@imdbuser.net,1958-04-17,77
ur1566104,jamesrl48,jamesrl48156610470@imdbuser.net,2005-02-20,75
ur1116181,mrnash,mrnash111618157@moviefans.com,1995-03-17,49
ur36275366,toddbob,toddbob3627536683@moviefans.com,1995-11-12,64
ur1951322,ecichy,ecichy195132289@mail.com,2009-11-04,16
ur7641797,hawkikim-1,hawkikim1764179763@example.com,2015-09-28,14
ur5100946,lightninbo,lightninbo510094629@mail.com,1983-10-18,43
ur1596808,The_Jew_Re,thejewre159680866@example.com,2004-07-25,41
ur3830473,mackthespo,mackthespo383047389@imdbuser.net,2019-10-08,56
ur14613399,daltonml-1,daltonml11461339918@example.com,2014-09-22,34
ur2857260,mamaprib,mamaprib285726096@mail.com,2021-12-13,39
ur21089151,tronvszomb,tronvszomb2108915136@imdbuser.net,1959-05-17,69
ur158328622,alerikande,alerikande15832862214@moviefans.com,2011-10-13,57
ur140912325,ashleyfitc,ashleyfitc14091232543@moviefans.com,2022-05-16,22
ur0763433,DrEbert,drebert076343319@example.com,1951-08-20,79
ur19387434,svinnacomb,svinnacomb1938743469@moviefans.com,1979-06-23,76
ur3212364,Spondonman,spondonman321236472@imdbuser.net,1967-11-15,60
ur14865184,CelluloidP,celluloidp1486518481@imdbuser.net,1974-03-30,78
ur9972457,bobsgrock,bobsgrock997245735@moviefans.com,2006-06-18,79
ur1091355,zekisadic,zekisadic109135551@example.com,2024-11-09,68
ur5153981,tonypeacoc,tonypeacoc515398195@example.com,2019-01-16,14
ur146245308,leonardoda,leonardoda14624530864@imdbuser.net,2014-11-14,17
ur5935953,hill1078,hill1078593595374@example.com,2023-04-21,40
ur2644518,lefrelonve,lefrelonve264451855@imdbuser.net,2009-08-08,68
ur1089058,Murph McMa,murphmcma108905864@example.com,2013-03-24,13
ur12985230,avisekaror,avisekaror1298523080@moviefans.com,1997-05-24,32
ur13702212,giorgiosur,giorgiosur1370221295@example.com,1964-12-12,74
ur7634297,rtrhodes,rtrhodes763429737@example.com,2023-07-23,17
ur4249554,nikhilvarm,nikhilvarm424955469@example.com,2015-05-30,36
ur4793412,Shanus,shanus479341249@example.com,2015-08-24,28
ur4786890,MrGeorgeKa,mrgeorgeka478689025@imdbuser.net,2018-01-20,69
ur5781289,the_mad-sc,themadsc578128922@moviefans.com,2006-09-12,35
ur3473506,clh-1,clh1347350616@imdbuser.net,1974-11-15,65
ur11606115,daggersine,daggersine1160611517@mail.com,1999-06-29,32
ur8511497,kuroneko_k,kuronekok851149716@example.com,2002-09-05,66
ur14960111,jonwalters,jonwalters1496011132@mail.com,2021-06-01,36
ur3939457,hate_mcang,hatemcang393945765@mail.com,1988-02-02,43
ur52344380,xyzzzzzzz,xyzzzzzzz5234438070@imdbuser.net,2004-02-23,40
ur1577474,Danny_G13,dannyg13157747446@example.com,2024-08-25,52
ur15104159,rocknrelic,rocknrelic1510415925@moviefans.com,1974-12-11,59
ur4734720,banchi,banchi473472011@example.com,2016-08-23,58
ur7553528,McBitter,mcbitter755352820@example.com,2022-02-22,26
ur2010645,spinoff75,spinoff75201064570@imdbuser.net,2012-05-21,79
ur8970028,mikekearn,mikekearn897002850@imdbuser.net,1993-04-14,49
ur12176589,thickbread,thickbread1217658976@moviefans.com,2020-04-02,18
ur12076995,twyler86-1,twyler8611207699515@imdbuser.net,1988-03-05,41
ur0096737,MichaelMov,michaelmov009673780@moviefans.com,2011-03-06,66
ur20759191,imdb-21622,imdb216222075919186@imdbuser.net,2012-02-02,36
ur3847467,ray-280,ray280384746778@moviefans.com,2016-09-11,19
ur0949787,kjff,kjff094978775@example.com,2014-02-27,15
ur18060938,adiwsusant,adiwsusant1806093827@mail.com,1989-02-26,49
ur0135455,Freak-10,freak10013545515@moviefans.com,1993-11-14,44
ur0661457,staceym,staceym066145791@imdbuser.net,2023-07-13,68
ur62318327,allmoviesf,allmoviesf6231832714@moviefans.com,1969-11-11,77
ur60747346,PeachesIR,peachesir6074734652@moviefans.com,2019-07-22,59
ur8281838,holygaller,holygaller828183855@example.com,2013-05-02,32
ur3870825,PBakerTX,pbakertx387082575@moviefans.com,2014-07-15,14
ur1141237,francescos,francescos114123773@imdbuser.net,2010-08-17,75
ur11655931,nikkichick,nikkichick1165593197@moviefans.com,1969-06-25,59
ur2059338,indigo7699,indigo7699205933864@moviefans.com,2014-12-23,39
ur14510783,theisbj,theisbj1451078392@example.com,1981-10-15,73
ur21278289,ilinca-ang,ilincaang2127828968@example.com,2015-12-03,66
ur16994765,jackhardin,jackhardin1699476570@mail.com,2023-06-18,59
ur129644119,mudtitan,mudtitan12964411997@moviefans.com,2012-09-18,60
ur23210437,bpm_255,bpm2552321043758@imdbuser.net,2006-10-13,33
ur5939774,reinholdfi,reinholdfi593977447@moviefans.com,1985-10-31,76
ur19677004,ngo-jacki,ngojacki1967700436@example.com,2003-02-21,23
ur7820753,the_puff_1,thepuff1782075363@imdbuser.net,1988-04-01,39
ur3127236,HoldenSpar,holdenspar312723656@moviefans.com,2021-07-13,15
ur1682702,Krustallos,krustallos168270294@mail.com,2019-08-16,23
ur18408040,daniellede,daniellede1840804015@moviefans.com,2023-12-12,62
ur2399975,bijin_chic,bijinchic239997587@moviefans.com,2011-08-29,34
ur1751443,Bon_Jovi_c,bonjovic175144347@moviefans.com,2011-10-14,72
ur0239428,harry-76,harry76023942879@imdbuser.net,2021-11-01,46
ur24839140,david_r_co,davidrco2483914044@mail.com,2009-09-25,26
ur72748411,adrianovas,adrianovas7274841185@example.com,1999-12-21,61
ur0719090,psp777,psp777071909085@moviefans.com,2021-06-02,44
ur0039088,margot,margot003908833@imdbuser.net,1981-03-23,59
ur0198253,Drew-44,drew44019825330@imdbuser.net,2010-12-23,80
ur0522890,mollyflow,mollyflow052289063@mail.com,2001-05-31,58
ur8746884,john-3109,john3109874688415@example.com,2018-06-20,21
ur0486029,artsconsul,artsconsul048602928@moviefans.com,1976-05-21,73
ur0190825,gga,gga019082530@imdbuser.net,2007-02-13,23
ur8823874,alexandref,alexandref882387490@moviefans.com,2009-04-01,47
ur0547081,gdickelman,gdickelman054708124@imdbuser.net,1993-12-03,43
ur0143810,mary-28,mary28014381073@mail.com,1987-10-23,41
ur0462674,nancyvan,nancyvan046267488@mail.com,2013-08-12,48
ur55597043,paulwattri,paulwattri5559704369@moviefans.com,2003-11-23,33
ur7010175,beepboopbe,beepboopbe701017584@example.com,1974-04-04,73
ur63984680,akashgokum,akashgokum6398468083@imdbuser.net,1998-07-06,64
ur46781604,serafinogm,serafinogm4678160475@example.com,2016-04-27,20
ur7579921,dcpunkrock,dcpunkrock757992164@moviefans.com,2020-04-09,29
ur19701158,AndeeJay,andeejay1970115815@imdbuser.net,1974-11-05,52
ur69910557,djfrost-46,djfrost466991055761@mail.com,1979-12-25,63
ur16744004,braindead-,braindead1674400415@moviefans.com,2025-10-08,40
ur61621482,Cheeseburg,cheeseburg6162148293@imdbuser.net,2019-09-30,13
ur15171757,desire_911,desire9111517175748@example.com,2016-01-13,16
ur0293753,cricket-14,cricket14029375333@mail.com,1962-07-09,72
ur17901972,gridoon202,gridoon2021790197212@moviefans.com,1992-12-26,51
ur14456805,Progger195,progger1951445680595@example.com,2022-09-27,35
ur62058436,rolandlaco,rolandlaco6205843650@imdbuser.net,1982-12-01,58
ur0163123,James B.,jamesb016312354@example.com,1982-05-07,53
ur0366474,LouieInSea,louieinsea036647452@imdbuser.net,2015-01-23,15
ur0259650,Vince-40,vince40025965089@moviefans.com,2011-08-06,65
ur118980724,hiphiphiph,hiphiphiph11898072463@example.com,1991-07-20,73
ur1159172,grahamdavi,grahamdavi115917284@moviefans.com,2008-05-19,52
ur13850029,mjg32,mjg321385002933@mail.com,1966-09-15,68
ur2410986,callaway76,callaway76241098698@moviefans.com,2006-05-18,55
ur5682980,devilnside,devilnside568298010@moviefans.com,1994-08-25,41
ur3131591,ehawke-1,ehawke1313159131@example.com,2019-11-30,17
ur0101084,Keith-35,keith35010108422@moviefans.com,1957-07-20,79
ur55324995,neilwaynes,neilwaynes5532499587@example.com,2006-07-19,27
ur2210479,dgrahamwat,dgrahamwat221047962@mail.com,1999-11-13,27
ur1577875,rubicon100,rubicon100157787526@imdbuser.net,1982-12-29,78
ur2336258,LaynesFrie,laynesfrie233625863@imdbuser.net,1994-03-28,49
ur2221207,OCSka,ocska222120775@mail.com,2003-04-15,40
ur2321250,noahgronni,noahgronni232125091@imdbuser.net,1980-07-09,56
ur4648145,sym4ny,sym4ny464814528@example.com,2017-08-26,14
ur22793030,toqtaqiya2,toqtaqiya22279303045@imdbuser.net,1996-12-16,38
ur1990863,akoumare,akoumare199086371@moviefans.com,1969-07-07,73
ur3768505,Chicago_gi,chicagogi376850556@imdbuser.net,1987-01-05,44
ur19996203,wvisser-le,wvisserle1999620346@moviefans.com,2010-04-07,50
ur1547826,lenatigres,lenatigres154782697@example.com,2005-11-28,34
ur69836542,ilovesatur,ilovesatur6983654223@example.com,2012-08-04,43
ur0333750,pampeano,pampeano033375066@moviefans.com,1992-11-20,63
ur9270759,imdbfriend,imdbfriend927075936@example.com,1948-12-22,77
ur8396832,djblach,djblach839683281@moviefans.com,2009-10-25,20
ur61527251,wrightiswr,wrightiswr6152725161@imdbuser.net,1998-07-19,28
ur1021678,Halfdanish,halfdanish102167882@imdbuser.net,1976-06-11,76
ur84929811,paudman,paudman8492981133@example.com,1974-04-08,54
ur130781989,ritabella-,ritabella13078198946@mail.com,2020-10-31,24
ur63262265,lindee-205,lindee2056326226542@mail.com,1999-07-12,36
ur0492554,duane_vore,duanevore049255458@mail.com,2009-07-28,50
ur1889836,superknall,superknall188983669@mail.com,2002-11-07,24
ur68037355,dilemmamom,dilemmamom6803735564@example.com,1990-12-11,45
ur27436562,deborahjwo,deborahjwo2743656248@moviefans.com,2018-04-01,23
ur104532173,callow-328,callow32810453217317@example.com,1973-09-01,77
ur8287908,JaneBingle,janebingle828790825@imdbuser.net,2025-08-06,37
ur131950094,claudiaesg,claudiaesg13195009448@example.com,1992-08-08,50
ur4333080,daddyfads,daddyfads433308093@moviefans.com,2012-05-07,20
ur4982693,cineasten8,cineasten8498269370@imdbuser.net,2014-06-18,13
ur7215343,azey13,azey13721534322@mail.com,1972-01-02,69
ur126929358,stevebintl,stevebintl12692935849@imdbuser.net,1971-07-08,67
ur4318616,dracosbitc,dracosbitc431861618@imdbuser.net,1998-02-03,44
ur29589601,bbewnylora,bbewnylora2958960188@imdbuser.net,2015-09-29,51
ur156484619,qwzmjdbv,qwzmjdbv15648461959@moviefans.com,2017-02-09,33
ur3729191,lol21t,lol21t372919191@mail.com,2000-09-18,46
ur87716039,anemone902,anemone9028771603975@moviefans.com,2008-01-14,31
ur11367274,cruse02,cruse021136727418@example.com,2022-12-19,32
ur55552719,carolineva,carolineva5555271923@imdbuser.net,2002-06-11,52
ur40373668,rbds22,rbds224037366873@moviefans.com,1984-04-07,67
ur18874471,theycallme,theycallme1887447167@example.com,2003-07-19,56
ur109135693,PCC0921,pcc092110913569322@example.com,2012-09-06,47
ur25792846,Everycloud,everycloud2579284611@example.com,1978-10-09,54
ur25633639,Dainius888,dainius8882563363952@moviefans.com,1988-10-22,48
ur36802151,greg-gorem,greggorem3680215110@moviefans.com,2018-08-15,14
ur48848883,jgardiner-,jgardiner4884888361@imdbuser.net,2017-11-06,17
ur25781911,mark_m517,markm5172578191124@example.com,2013-08-19,22
ur29118572,mark-hanse,markhanse2911857253@imdbuser.net,2024-05-27,22
ur13126380,krachtm,krachtm1312638059@imdbuser.net,1983-10-29,66
ur83178856,Foutainofl,foutainofl8317885672@imdbuser.net,2023-10-16,45
ur20368294,marcuskava,marcuskava2036829410@imdbuser.net,1999-01-25,69
ur25811625,fatsamurai,fatsamurai2581162550@imdbuser.net,2004-12-29,40
ur6784923,sir_couchp,sircouchp678492341@example.com,2000-03-21,44
ur15998640,cosnjs-1,cosnjs11599864051@mail.com,2012-08-05,37
ur13265973,kentmeiste,kentmeiste1326597331@imdbuser.net,1948-07-17,79
ur1799932,jschafer00,jschafer00179993277@moviefans.com,2019-08-14,34
ur5271371,punitiveda,punitiveda527137129@example.com,1981-02-07,66
ur14897800,HorrorWrit,horrorwrit1489780018@mail.com,2022-05-01,39
ur2129105,Lazerwolf,lazerwolf212910518@example.com,2022-03-25,14
ur5728113,smachalk,smachalk572811353@imdbuser.net,2024-01-09,69
ur4652046,abchulett,abchulett465204640@mail.com,1989-01-05,40
ur20206721,adc8484,adc84842020672130@imdbuser.net,1968-03-31,73
ur13119876,purplejoy7,purplejoy71311987628@moviefans.com,2005-03-28,69
ur19617510,ncheerios,ncheerios1961751049@imdbuser.net,1982-02-20,67
ur2989613,roymacmill,roymacmill298961372@moviefans.com,1982-12-26,53
ur94273735,fitforfait,fitforfait9427373581@example.com,2022-01-10,66
ur11447187,rking-19,rking191144718766@moviefans.com,2023-11-29,53
ur11685815,janeff40,janeff401168581597@imdbuser.net,2002-12-27,35
ur2425072,scobbah,scobbah242507254@imdbuser.net,1983-07-01,55
ur2600145,silentchee,silentchee260014591@example.com,2014-03-06,53
ur55844563,rhcplolla2,rhcplolla25584456351@mail.com,2012-05-19,18
ur12011873,LuckyMatt9,luckymatt91201187331@example.com,2008-04-19,31
ur12875320,lani-n,lanin1287532097@imdbuser.net,2025-11-14,54
ur10475617,rileymulli,rileymulli1047561727@imdbuser.net,1993-05-13,40
ur6015349,drunkentec,drunkentec601534998@example.com,2007-09-05,25
ur2794038,GregTheSto,gregthesto279403883@mail.com,2002-02-19,33
ur12785180,skabrina,skabrina1278518036@imdbuser.net,2004-04-27,57
ur9843867,phillythek,phillythek984386774@moviefans.com,1967-04-15,72
ur93376169,jacktolson,jacktolson9337616962@example.com,1967-11-12,73
ur0191545,macpherr,macpherr019154540@example.com,1987-02-12,72
ur1484435,rstubblefi,rstubblefi148443520@example.com,1964-07-21,76
ur0059434,thirdi,thirdi005943433@imdbuser.net,2021-05-13,71
ur2185958,vvanpo,vvanpo218595864@imdbuser.net,2024-11-05,40
ur10708689,sam89-1,sam8911070868966@moviefans.com,2025-06-05,80
ur0496901,laughingeg,laughingeg049690133@mail.com,2025-05-04,30
ur62307548,skinnybert,skinnybert6230754881@imdbuser.net,1994-05-21,40
ur0098913,pjpaix,pjpaix009891352@mail.com,1997-12-28,31
ur0354979,Lucky-63,lucky63035497945@moviefans.com,1968-04-17,65
ur3341647,OriginalMo,originalmo334164785@mail.com,2008-10-14,74
ur19864582,SteveSkaft,steveskaft1986458254@mail.com,2009-02-04,30
ur2343792,AmesCatman,amescatman234379266@example.com,2006-09-03,24
ur0100786,JoeVideo,joevideo010078684@example.com,1993-08-26,60
ur7235560,Sparrowhis,sparrowhis723556074@mail.com,2013-11-02,16
ur11654523,thefilmgur,thefilmgur1165452385@imdbuser.net,1994-09-14,39
ur3766702,tvgirljen,tvgirljen376670291@imdbuser.net,2003-06-23,45
ur0289633,MLVC4E,mlvc4e028963311@mail.com,1996-09-08,35
ur21853963,carljessie,carljessie2185396362@moviefans.com,2016-10-20,19
ur4788588,joestank15,joestank15478858814@moviefans.com,1974-04-25,61
ur2184229,psi_fla,psifla218422976@moviefans.com,2017-03-31,33
ur2713291,dr_shred,drshred271329184@moviefans.com,1969-06-26,65
ur5631672,leilapostg,leilapostg563167226@example.com,2020-09-08,15
ur5681811,almostosca,almostosca568181132@imdbuser.net,2024-04-12,54
ur8765963,gates-jare,gatesjare876596340@imdbuser.net,2017-05-21,28
ur0681642,Andrew Ree,andrewree068164259@example.com,2006-04-29,56
ur6858743,xxbrennan,xxbrennan685874318@imdbuser.net,1964-08-06,76
ur4498911,chnikki,chnikki449891169@moviefans.com,1985-03-19,49
ur13589656,odinslo,odinslo1358965664@example.com,2022-03-25,32
ur8576150,drcsde,drcsde857615065@example.com,1995-08-24,33
ur3995134,eXtreme23,extreme23399513430@mail.com,1966-11-03,67
ur63063448,whitneyhou,whitneyhou6306344885@mail.com,2020-02-27,30
ur9258764,kdill-3,kdill3925876425@imdbuser.net,2015-09-11,19
ur8846482,keoghhocke,keoghhocke884648294@imdbuser.net,2022-02-06,16
ur110749077,crystalcoa,crystalcoa11074907745@imdbuser.net,2004-05-18,34
ur8413797,fbgd,fbgd841379713@example.com,2005-12-12,64
ur31088505,aurion7,aurion73108850552@imdbuser.net,2018-06-30,13
ur9359639,fairjumper,fairjumper935963956@imdbuser.net,2005-02-18,73
ur1503963,uhu,uhu150396319@mail.com,2024-11-28,60
ur3953932,Irene212,irene212395393268@example.com,2000-07-25,59
ur2261727,wormguy,wormguy226172767@mail.com,1995-10-29,73
ur19998007,valleyjohn,valleyjohn1999800772@imdbuser.net,2018-02-27,18
ur3763048,grandisdav,grandisdav376304849@example.com,2015-02-19,32
ur16951148,taub,taub1695114886@example.com,1980-10-09,72
ur4887772,rsk-5,rsk5488777237@example.com,2010-09-26,69
ur1629813,ndrejaj196,ndrejaj196162981339@mail.com,2005-11-22,39
ur0408405,Greensleev,greensleev040840596@mail.com,2025-11-12,29
ur7069082,BDeWittP,bdewittp706908299@moviefans.com,1995-04-29,49
ur1461205,bankcello,bankcello146120590@mail.com,1964-03-13,69
ur39593057,mpf101,mpf1013959305717@mail.com,1996-12-30,79
ur61772571,benaboo,benaboo6177257138@moviefans.com,2002-11-18,51
ur23475281,colebt33-7,colebt3372347528155@imdbuser.net,2013-10-02,13
ur85789799,hugosoup,hugosoup8578979969@imdbuser.net,2004-12-17,71
ur29422379,catfarmer1,catfarmer12942237934@moviefans.com,1989-11-15,63
ur2079042,RLS1153,rls1153207904284@example.com,2006-03-08,26
ur84948719,funtasticf,funtasticf8494871977@example.com,2006-04-27,65
ur104215124,kyleyork-1,kyleyork110421512427@mail.com,1996-04-14,75
ur29421452,cybrii,cybrii2942145211@moviefans.com,2006-10-24,34
ur0831790,wildebeest,wildebeest083179071@example.com,1999-07-17,53
ur1876037,trepidatio,trepidatio187603714@moviefans.com,2011-02-20,31
ur15677907,belinda_au,belindaau1567790762@imdbuser.net,2012-02-24,21
ur52819578,Reverend30,reverend305281957814@moviefans.com,2001-03-20,57
ur76439811,THEGHOSTSW,theghostsw7643981186@mail.com,1987-10-14,60
ur4359321,earthward,earthward435932194@example.com,1988-04-18,41
ur1454537,gweniviere,gweniviere145453743@moviefans.com,2013-04-30,32
ur1952488,spot_n_rac,spotnrac195248893@moviefans.com,1982-11-12,54
ur177149608,tauraq,tauraq17714960859@example.com,2002-11-11,75
ur0018365,Bob-45,bob45001836548@mail.com,2025-04-10,22
ur15833502,truthfroma,truthfroma1583350234@mail.com,2000-06-02,49
ur9347033,james-obei,jamesobei934703390@example.com,2016-04-15,14
ur0502447,magnummani,magnummani050244779@mail.com,1993-12-03,52
ur2507933,moviedude1,moviedude1250793320@imdbuser.net,2013-04-27,47
ur1305623,Ghenghy,ghenghy130562374@moviefans.com,1957-07-29,71
ur11738904,jimbospenc,jimbospenc1173890451@example.com,2004-04-20,43
ur0276470,mingo-2,mingo2027647098@imdbuser.net,2006-12-21,72
ur3125143,james_hora,jameshora312514370@example.com,2014-06-27,19
ur5508714,eddiec-1,eddiec1550871466@moviefans.com,2005-11-05,72
ur11193954,DesertFlam,desertflam1119395498@imdbuser.net,2024-08-14,29
ur9268455,msmmole,msmmole926845583@imdbuser.net,1997-09-23,33
ur44700055,n-g-s,ngs4470005558@moviefans.com,1970-09-23,77
ur58752574,rob_lewis-,roblewis5875257469@imdbuser.net,2006-10-12,20
ur5807828,leorican,leorican580782830@moviefans.com,1981-12-29,65
ur0314303,MovieMusin,moviemusin031430325@moviefans.com,2012-02-13,80
ur0433016,Big O-7,bigo7043301634@imdbuser.net,2014-08-28,15
ur3460843,TheArgentW,theargentw346084389@mail.com,2011-11-25,48
ur2276173,nifabs,nifabs227617346@imdbuser.net,1996-10-07,77
ur1030715,orion560,orion560103071511@imdbuser.net,2012-05-17,20
ur50746030,djcarter-9,djcarter95074603087@mail.com,2002-11-05,42
ur1546232,jtsmoore,jtsmoore154623255@moviefans.com,2022-11-22,13
ur9266485,cindymop,cindymop926648563@imdbuser.net,2022-11-11,20
ur16731270,le-isabell,leisabell1673127051@moviefans.com,1951-05-16,77
ur57316914,rich7354,rich73545731691492@imdbuser.net,1947-12-12,80
ur2271359,tammy1916,tammy1916227135975@mail.com,1998-12-19,27
ur46354254,gsaidit,gsaidit4635425473@example.com,2010-01-30,28
ur60689236,MogwaiMovi,mogwaimovi6068923634@imdbuser.net,2020-06-24,31
ur0135090,stonem,stonem013509075@mail.com,2010-07-10,35
ur15341674,docrotwang,docrotwang1534167438@mail.com,2022-11-25,17
ur3103002,robot-cat,robotcat310300213@imdbuser.net,1970-06-14,78
ur9602297,alias_fate,aliasfate960229791@imdbuser.net,1987-07-08,46
ur0191275,bobc-5,bobc5019127559@mail.com,1992-10-31,47
ur0635827,matrix29,matrix29063582785@mail.com,2019-10-31,27
ur9029201,FredI-7,fredi7902920193@example.com,2015-01-30,43
ur0983941,suzy q123,suzyq123098394147@example.com,2020-09-20,22
ur16065136,fbingram,fbingram1606513664@example.com,1968-11-02,72
ur19134700,mark-4401,mark44011913470031@imdbuser.net,2005-03-09,58
ur1586333,mackdaddys,mackdaddys158633372@imdbuser.net,1985-03-19,79
ur163185316,matt-01100,matt0110016318531628@moviefans.com,1999-11-10,38
ur1633070,jclhats,jclhats163307074@mail.com,2018-12-18,14
ur2582659,aah35,aah35258265964@example.com,1969-11-19,76
ur4182577,sarahhumph,sarahhumph418257716@example.com,2022-11-09,19
ur0746147,mwendel,mwendel074614738@moviefans.com,2013-10-14,80
ur9385745,sean-haydo,seanhaydo938574550@imdbuser.net,2002-06-05,44
ur0665722,jgc2006,jgc2006066572247@imdbuser.net,2014-04-26,55
ur0321489,Josef Tura,joseftura032148991@mail.com,1984-07-07,63
ur111092901,doomedmac,doomedmac11109290118@mail.com,1990-04-06,42
ur8708196,jldmp1,jldmp1870819636@imdbuser.net,2014-06-22,75
ur34121328,spear88,spear883412132837@mail.com,2006-05-29,26
ur20098542,grandpagbm,grandpagbm2009854280@moviefans.com,2001-08-23,42
ur6806033,theskylaba,theskylaba680603391@imdbuser.net,1994-02-24,47
ur113325925,farzanehke,farzanehke11332592549@moviefans.com,2024-11-20,35
ur27719447,piranha-ar,piranhaar2771944769@mail.com,2014-07-12,64
ur1298246,rumli,rumli129824657@example.com,1994-01-03,80
ur1899620,theshadow9,theshadow9189962057@mail.com,2003-01-05,26
ur203921873,PenelopeR-,peneloper20392187372@mail.com,2012-06-02,60
ur19827709,dragonfly6,dragonfly61982770958@imdbuser.net,2017-08-18,15
ur83852031,Samiellove,samiellove8385203150@moviefans.com,2023-10-03,14
ur31064494,nicholls90,nicholls903106449442@example.com,2013-12-20,13
ur2473630,WoodsboroF,woodsborof247363079@mail.com,1978-04-19,50
ur117254087,Dora_,dora11725408785@mail.com,2001-12-01,34
ur0787638,MiriamEB,miriameb078763866@mail.com,1987-06-13,46
ur2380153,alfiefamil,alfiefamil238015335@imdbuser.net,1998-09-22,32
ur1378887,movibuf196,movibuf196137888735@moviefans.com,1988-09-21,43
ur47720249,mike-vaudi,mikevaudi4772024936@mail.com,2002-01-10,24
ur0813657,budmassey,budmassey081365787@example.com,1955-01-01,73
ur6069969,angry127,angry127606996989@imdbuser.net,2002-05-22,60
ur151953272,lvneodoc,lvneodoc15195327249@mail.com,2017-07-26,56
ur116004115,mhifet,mhifet11600411541@example.com,2014-02-14,72
ur0903032,drthorsen,drthorsen090303297@moviefans.com,2020-08-23,56
ur4838687,EarthwormJ,earthwormj483868784@mail.com,1990-12-06,39
ur4448420,trueluvnan,trueluvnan444842074@example.com,1991-05-09,75
ur4932862,cwrdlylyn,cwrdlylyn493286296@example.com,1995-05-25,47
ur1701767,StreepFan1,streepfan1170176713@mail.com,2010-05-23,16
ur3013458,rockndapar,rockndapar301345877@example.com,2010-07-25,68
ur10400976,hope_alive,hopealive1040097684@moviefans.com,2017-01-04,27
ur5742462,hadjiquest,hadjiquest574246286@mail.com,1973-07-22,70
ur1649917,scierpic,scierpic164991762@example.com,2023-02-09,73
ur1328313,Devls1,devls1132831349@mail.com,2012-06-06,35
ur0752230,TechnoChic,technochic075223010@imdbuser.net,1970-04-29,58
ur7772140,Amy_Jade19,amyjade19777214096@mail.com,1982-10-03,66
ur1372655,parkebench,parkebench137265582@example.com,2008-11-27,37
ur0561594,enicholson,enicholson056159443@mail.com,2008-10-22,17
ur34845698,atlasmb,atlasmb3484569854@imdbuser.net,2011-01-29,26
ur2072712,Exiled_Arc,exiledarc207271291@imdbuser.net,2002-08-18,37
ur0051613,Nikita Ave,nikitaave005161334@imdbuser.net,2019-07-11,45
ur0574527,rpavly,rpavly057452716@example.com,2007-06-03,30
ur4598948,basilisksa,basilisksa459894899@imdbuser.net,1956-05-31,79
ur0645592,Benny_L,bennyl064559239@mail.com,2013-08-06,17
ur0130420,melbow,melbow013042063@mail.com,2025-04-08,69
ur0726137,silviopell,silviopell072613752@imdbuser.net,1998-11-30,44
ur0896524,plesner,plesner089652448@moviefans.com,2007-04-04,28
ur1617321,SumanShaky,sumanshaky161732149@imdbuser.net,2020-07-01,74
ur2022266,vancouverg,vancouverg202226636@imdbuser.net,2011-08-11,45
ur6302267,Sandcooler,sandcooler630226753@imdbuser.net,2001-03-11,45
ur10121495,DavidW1234,davidw12341012149563@imdbuser.net,2015-03-04,15
ur1924068,lyricshope,lyricshope192406858@moviefans.com,2020-08-26,45
ur12161417,jana-87,jana871216141764@example.com,1999-12-12,69
ur7094706,Fimano,fimano709470647@moviefans.com,1983-09-19,74
ur5294816,bockwinkle,bockwinkle529481657@imdbuser.net,2025-04-15,71
ur0881145,lorenzo212,lorenzo212088114565@moviefans.com,1997-09-07,80
ur2799485,cableaddic,cableaddic279948584@example.com,2008-09-08,20
ur1441715,dlscally,dlscally144171531@imdbuser.net,2019-10-01,47
ur0971992,GMJames,gmjames097199261@mail.com,1988-09-08,65
ur54228608,d_vsbrgh,dvsbrgh5422860811@example.com,2010-04-21,33
ur25289178,MikesIDhas,mikesidhas2528917819@imdbuser.net,2019-12-05,16
ur56588521,nellysoegi,nellysoegi5658852164@imdbuser.net,2010-08-27,25
ur50000575,briand6465,briand64655000057552@mail.com,2010-02-15,19
ur1905972,princemilo,princemilo190597299@moviefans.com,2022-07-13,48
ur23036341,Krisp8888,krisp88882303634157@example.com,1975-02-18,76
ur61813462,ini_ynti-2,iniynti26181346254@imdbuser.net,1955-12-27,72
ur50504030,PratikDhan,pratikdhan5050403044@moviefans.com,2005-02-12,64
ur39981572,MattBirk,mattbirk3998157254@mail.com,1995-11-20,49
ur9021307,SpoilerAle,spoilerale902130757@example.com,1971-07-06,71
ur60441856,bodeanura,bodeanura6044185686@example.com,2016-10-11,15
ur6735711,sfx96,sfx96673571118@mail.com,2017-11-08,32
ur80578157,mohnomacha,mohnomacha8057815791@imdbuser.net,1994-02-16,71
ur25913240,derek_hamm,derekhamm2591324093@imdbuser.net,1988-03-09,71
ur43078905,Rendanlove,rendanlove4307890560@imdbuser.net,2019-03-31,15
ur10824030,t-d-t-m82,tdtm821082403070@moviefans.com,2006-04-05,20
ur102146571,skullhead7,skullhead710214657153@imdbuser.net,1986-09-16,62
ur68606392,rafael_jar,rafaeljar6860639229@mail.com,2001-06-06,37
ur134100121,johnsmithj,johnsmithj13410012177@example.com,2018-01-09,39
ur62108324,yankeemvp,yankeemvp6210832419@example.com,2022-08-02,61
ur24139401,monismilan,monismilan2413940125@moviefans.com,2023-07-23,14
ur34073949,Fiurilli,fiurilli3407394960@mail.com,2009-10-03,58
ur0209436,Julie-30,julie30020943690@moviefans.com,2016-02-06,17
ur0511587,gachronicl,gachronicl051158768@example.com,2021-11-07,52
ur12821115,abhi_kohli,abhikohli1282111521@moviefans.com,2023-01-25,18
ur4572257,Qanqor,qanqor457225776@moviefans.com,1985-04-06,51
ur83822756,CubsandCul,cubsandcul8382275655@mail.com,1987-02-10,67
ur0075285,KFL,kfl007528512@mail.com,2009-08-27,57
ur0059151,blue-7,blue7005915116@moviefans.com,2004-05-10,41
ur6499803,celebes,celebes649980397@imdbuser.net,1951-01-27,78
ur0996756,djb-16,djb16099675615@example.com,2022-10-21,42
ur51198043,stevehallc,stevehallc5119804325@imdbuser.net,2015-04-07,13
ur19282522,moonkitty-,moonkitty1928252245@moviefans.com,1991-07-24,64
ur14915717,carlos-pir,carlospir1491571779@imdbuser.net,2022-08-26,36
ur3564718,PotassiumM,potassiumm356471820@moviefans.com,2020-11-17,46
ur34760451,rws_20,rws203476045190@imdbuser.net,1980-04-25,76
ur0744115,ofumalow,ofumalow074411569@mail.com,2009-08-30,16
ur61958809,davebartle,davebartle6195880914@imdbuser.net,2013-01-31,53
ur27680145,japiespoel,japiespoel2768014571@imdbuser.net,2018-04-13,36
ur51857449,jordymadue,jordymadue5185744943@imdbuser.net,2013-08-12,42
ur23009391,EllaMentre,ellamentre2300939167@example.com,2004-01-22,33
ur0421888,chndnnyk,chndnnyk042188820@moviefans.com,2014-08-17,56
ur41277313,tlew0692,tlew06924127731359@imdbuser.net,2019-11-09,19
ur119160698,KKrystoff,kkrystoff11916069849@example.com,2012-05-31,18
ur9112059,CharlesAnc,charlesanc911205933@mail.com,2004-03-02,71
ur77948093,torrascoti,torrascoti7794809368@example.com,2013-01-25,54
ur0579228,sixty_four,sixtyfour057922839@moviefans.com,2021-12-17,35
ur0270745,thefan-2,thefan2027074520@example.com,2000-11-02,71
ur0236205,TerryL,terryl023620533@example.com,2013-04-17,17
ur1785806,Michael195,michael195178580670@example.com,1952-05-17,74
ur4547776,cabasaexpe,cabasaexpe454777644@moviefans.com,2022-06-12,73
ur2223971,gnovik,gnovik222397132@moviefans.com,2015-05-02,42
ur55024411,f-keys,fkeys5502441178@example.com,2020-09-21,16
ur38649580,luisponz,luisponz3864958024@imdbuser.net,2019-06-19,49
ur80322558,farmeglio,farmeglio8032255848@example.com,1973-01-28,71
ur4033155,avtiger,avtiger403315553@example.com,1983-11-28,63
ur110311874,katiee-735,katiee73511031187420@mail.com,2025-09-25,13
ur90649221,drew_hopki,drewhopki9064922126@imdbuser.net,2005-03-03,48
ur107434813,phrasephot,phrasephot10743481357@imdbuser.net,2014-08-04,22
ur2747943,Mengedegna,mengedegna274794383@imdbuser.net,2006-09-04,20
ur54741112,gaby_rivas,gabyrivas5474111239@example.com,1999-04-07,47
ur42117078,jessicamar,jessicamar4211707816@imdbuser.net,1967-01-29,68
ur18012518,kevsilverr,kevsilverr1801251832@moviefans.com,2016-05-24,52
ur67781783,karimgh,karimgh6778178394@example.com,2004-10-04,52
ur23304576,imdb-ikysm,imdbikysm2330457616@mail.com,2004-01-22,50
ur1007516,mkelly54,mkelly54100751668@moviefans.com,2008-04-28,19
ur49961223,ababuso,ababuso4996122370@mail.com,1952-03-09,77
ur21895300,puttputtk,puttputtk2189530025@imdbuser.net,2022-07-29,36
ur1635686,singemfrc,singemfrc163568636@moviefans.com,2003-02-06,37
ur3861415,albert-rol,albertrol386141558@moviefans.com,1993-03-23,35
ur0724166,rak78,rak78072416626@mail.com,2013-09-11,30
ur1456294,JeffTDS,jefftds145629473@example.com,2003-07-10,29
ur0515302,SwingBatta,swingbatta051530233@imdbuser.net,2015-05-30,22
ur58759196,sufyaanras,sufyaanras5875919678@example.com,2016-08-25,22
ur3083033,treesoutsi,treesoutsi308303360@imdbuser.net,1975-08-19,53
ur20384582,minunimion,minunimion2038458229@imdbuser.net,2021-10-27,48
ur67089520,c_bourbeau,cbourbeau6708952077@moviefans.com,2023-02-25,53
ur22559375,cubstml,cubstml2255937537@example.com,1990-12-20,49
ur88718227,Montayj,montayj8871822743@example.com,2023-05-07,33
ur142269343,donjaymor,donjaymor14226934310@example.com,2014-09-14,19
ur33875393,tyson-huns,tysonhuns3387539313@moviefans.com,2011-08-24,71
ur65176833,FallonTimb,fallontimb6517683352@example.com,2015-07-17,30
ur30915026,GODZILLA_A,godzillaa3091502638@mail.com,2010-11-29,34
ur2121650,rubenm,rubenm212165030@moviefans.com,1996-01-10,52
ur90843904,chiaragiac,chiaragiac9084390498@imdbuser.net,2001-06-13,28
ur85501440,JoshuaMoor,joshuamoor8550144047@imdbuser.net,1990-05-14,70
ur27327779,tedd0093,tedd00932732777992@example.com,2018-10-28,70
ur32423217,biswas-arn,biswasarn3242321752@example.com,1976-12-05,49
ur61431381,justinwfir,justinwfir6143138118@example.com,2003-09-13,55
ur0239310,Bing-18,bing18023931011@example.com,2003-10-03,23
ur12906670,statuskuo,statuskuo1290667026@imdbuser.net,2021-03-10,30
ur0744342,Shecky J. ,sheckyj074434232@mail.com,1979-07-18,78
ur0303943,YFL,yfl030394377@example.com,2019-06-23,74
ur0212509,Chris-369,chris369021250943@moviefans.com,2021-05-18,68
ur1153582,jivan17,jivan17115358264@moviefans.com,2018-09-06,22
ur30582715,asktms,asktms3058271529@mail.com,2012-01-14,16
ur21305968,cheersfan2,cheersfan22130596834@moviefans.com,2018-04-04,13
ur116870813,kyay22,kyay2211687081319@imdbuser.net,2003-10-06,23
ur67260729,BlueBoyRev,blueboyrev6726072987@moviefans.com,1990-12-23,64
ur0458886,NoKbot,nokbot045888639@mail.com,1983-10-12,77
ur1343496,Edge49,edge49134349694@example.com,1991-10-12,70
ur43960938,Phrankents,phrankents4396093830@example.com,2020-11-09,67
ur0563688,dwasserm,dwasserm056368853@moviefans.com,1991-07-19,46
ur56429088,Mac_McFly,macmcfly5642908824@mail.com,2018-07-05,33
ur71627682,infinitety,infinitety7162768257@moviefans.com,1993-12-18,50
ur14581244,ge-ranma,geranma1458124443@imdbuser.net,1979-04-20,46
ur24628771,psycho-ada,psychoada2462877126@moviefans.com,1990-03-26,37
ur6172057,MoleMchenr,molemchenr617205713@moviefans.com,2022-02-07,57
ur26547435,juli_mac,julimac2654743557@moviefans.com,1967-08-31,69
ur22298122,maura-mari,mauramari2229812249@imdbuser.net,2006-10-03,53
ur10627156,klinefelte,klinefelte1062715628@imdbuser.net,2005-03-22,41
ur3700683,Sarkamen,sarkamen370068399@example.com,1991-07-26,58
ur2711761,tsmithjr,tsmithjr271176112@mail.com,2024-02-18,14
ur51414717,ric-brasac,ricbrasac5141471777@moviefans.com,1998-08-21,30
ur4912847,ebelin-1,ebelin1491284785@example.com,2006-08-21,67
ur2474714,Neil_MacLe,neilmacle247471495@mail.com,2017-12-30,15
ur1124558,anton-6,anton6112455817@moviefans.com,1964-11-13,78
ur1448174,Danijela-B,danijelab144817415@example.com,1997-03-19,49
ur1516537,joaodelaur,joaodelaur151653766@moviefans.com,1985-03-19,78
ur1793363,Decko_koji,deckokoji179336369@imdbuser.net,2009-05-21,25
ur5666581,levijatana,levijatana566658110@mail.com,2002-06-05,43
ur1034799,atish,atish103479946@imdbuser.net,1961-11-12,80
ur1572414,vincent_br,vincentbr157241499@imdbuser.net,2023-08-04,48
ur3784939,m_poslek,mposlek378493974@imdbuser.net,2004-02-13,30
ur7185851,haridam0,haridam0718585172@moviefans.com,2008-05-14,41
ur26299198,ChrisB13,chrisb132629919880@example.com,2008-09-10,27
ur0859897,Maverick19,maverick19085989795@imdbuser.net,2003-04-08,66
ur9211720,malcotoro,malcotoro921172066@example.com,2010-02-14,28
ur0998250,jmk56,jmk56099825044@example.com,1969-01-18,64
ur126293479,alexb-8788,alexb878812629347999@imdbuser.net,2000-10-17,28
ur0322505,Dusty-28,dusty28032250572@imdbuser.net,2017-06-10,41
ur0861100,bobbie34,bobbie34086110042@example.com,1994-10-14,45
ur10361367,raield,raield1036136710@mail.com,1999-06-21,33
ur65691098,mindijorda,mindijorda6569109890@mail.com,1998-02-08,78
ur3758685,howyoodoon,howyoodoon375868566@example.com,1997-08-22,35
ur46870462,nab-shr,nabshr4687046212@mail.com,2003-08-09,72
ur29693641,cjvollrath,cjvollrath2969364144@moviefans.com,1996-04-15,78
ur23842194,MilkaKuh,milkakuh2384219481@example.com,2024-04-24,49
ur101535126,kindofblue,kindofblue10153512657@example.com,2001-09-11,31
ur0294365,Larry-115,larry115029436523@moviefans.com,2001-03-13,38
ur5166914,waterwalke,waterwalke516691464@imdbuser.net,2012-05-18,25
ur20273553,markquinn1,markquinn12027355389@moviefans.com,2022-09-12,15
ur28263899,Metahelix,metahelix2826389948@moviefans.com,2015-02-09,17
ur7704831,fwomp,fwomp770483193@mail.com,2019-01-20,62
ur1993309,lordjin,lordjin199330932@example.com,2007-05-07,53
ur15857362,bob-rutzel,bobrutzel1585736214@mail.com,2023-09-06,63
ur22518454,mdh310,mdh3102251845421@example.com,2009-06-09,20
ur6096355,mrsastor,mrsastor609635563@mail.com,2014-05-27,46
ur6270259,goodwynn19,goodwynn19627025926@example.com,1989-08-13,71
ur4266210,the-jerk,thejerk426621030@moviefans.com,2019-02-13,50
ur2618393,Snoopymich,snoopymich261839377@imdbuser.net,2025-03-10,26
ur122450446,EinPawsehR,einpawsehr12245044676@imdbuser.net,2022-09-07,51
ur89750557,tillysivan,tillysivan8975055773@mail.com,1993-05-10,44
ur23857657,barrwell,barrwell2385765743@moviefans.com,2009-01-12,53
ur56946300,TheAll-See,theallsee5694630060@mail.com,2007-10-14,24
ur77526404,mikeww1962,mikeww19627752640470@example.com,1979-05-08,49
ur107731186,psgorio,psgorio10773118680@moviefans.com,2018-01-19,74
ur13307098,itsparsley,itsparsley1330709836@mail.com,2018-10-23,24
ur89580407,aziba-7798,aziba77988958040740@imdbuser.net,1973-02-18,78
ur12211795,charlie_22,charlie221221179579@example.com,1979-08-12,55
ur97700403,nyancatcan,nyancatcan9770040372@example.com,2022-02-20,73
ur97059556,kelleyjohn,kelleyjohn9705955663@example.com,2023-01-28,53
ur56254685,chaitanyam,chaitanyam5625468570@moviefans.com,1954-10-12,76
ur68438922,ilvlftuup,ilvlftuup6843892291@mail.com,1971-07-30,61
ur43053352,jrneptune,jrneptune4305335296@moviefans.com,1997-09-01,45
ur72311721,nicktatta,nicktatta7231172187@moviefans.com,1989-08-15,80
ur88373850,natcalgary,natcalgary8837385014@imdbuser.net,2001-12-28,46
ur95023970,big007,big0079502397080@moviefans.com,2007-10-18,49
ur25845137,grella713,grella7132584513755@imdbuser.net,2012-11-28,33
ur101506291,lukhelethe,lukhelethe10150629139@mail.com,1975-07-13,65
ur81206279,ramesesbra,ramesesbra8120627997@mail.com,2010-06-10,58
ur90346154,kingrl-715,kingrl7159034615424@moviefans.com,2022-08-08,32
ur65607549,bcfandm,bcfandm6560754935@mail.com,2008-08-29,20
ur83868214,methmaga,methmaga8386821462@mail.com,1967-03-22,80
ur63002793,waleed-531,waleed5316300279359@moviefans.com,2011-02-11,19
ur81609154,hodgedeh,hodgedeh8160915423@moviefans.com,2006-11-07,32
ur37043876,Tsull73-50,tsull73503704387669@example.com,2025-08-09,27
ur1557753,bdjones,bdjones155775379@moviefans.com,1987-02-05,41
ur0971272,tony95,tony95097127265@imdbuser.net,1977-01-04,52
ur1807591,patrickjm,patrickjm180759132@mail.com,1956-01-09,74
ur0234801,amber16,amber16023480113@imdbuser.net,2017-04-11,30
ur1555452,ethylester,ethylester155545284@example.com,2025-08-10,38
ur61111566,brandenbur,brandenbur6111156662@mail.com,2005-01-31,22
ur31021261,gohogsgocu,gohogsgocu3102126151@moviefans.com,2023-01-25,41
ur58137713,osj2507,osj25075813771342@moviefans.com,2000-12-05,65
ur1369486,Vincent_B,vincentb136948620@example.com,1998-02-01,40
ur7034165,chrismacke,chrismacke703416597@imdbuser.net,2017-03-29,21
ur89207934,thfc-01100,thfc011008920793487@imdbuser.net,2022-10-04,18
ur23281514,fluffchop,fluffchop2328151485@imdbuser.net,2017-10-19,26
ur6052448,dauthier,dauthier605244874@moviefans.com,2021-02-26,27
ur135427031,Velja37,velja3713542703173@example.com,2005-03-12,21
ur22656645,Keeneyedwa,keeneyedwa2265664574@mail.com,1969-11-24,64
ur1741394,Bogey Man,bogeyman174139434@mail.com,2025-03-24,53
ur1716344,irsheyes,irsheyes171634496@imdbuser.net,1971-04-24,76
ur8827852,roon_baboo,roonbaboo882785258@moviefans.com,2012-08-03,32
ur0161889,chas77,chas77016188920@moviefans.com,2004-06-10,61
ur26723964,pugsarecoo,pugsarecoo2672396415@mail.com,2013-06-23,30
ur23615179,RileyOnFil,rileyonfil2361517924@moviefans.com,2010-08-03,50
ur54781437,Majikat76,majikat765478143733@imdbuser.net,2018-10-08,21
ur8546957,Alanjackd,alanjackd854695712@mail.com,2018-09-28,16
ur59312999,racheyb-12,racheyb125931299948@imdbuser.net,1963-05-11,75
ur18108571,Pat100,pat1001810857199@example.com,2023-05-09,16
ur79425646,majeddossa,majeddossa7942564666@imdbuser.net,2004-03-11,23
ur174335100,nwmca,nwmca17433510075@imdbuser.net,1996-05-13,42
ur0470475,dhyan,dhyan047047573@mail.com,2014-04-23,33
ur2398745,2cents,2cents239874542@moviefans.com,1988-08-24,65
ur0584834,billybrown,billybrown058483465@moviefans.com,2014-01-19,18
ur3569066,Bifrostedf,bifrostedf356906650@imdbuser.net,2012-10-12,20
ur2812446,saarvardi,saarvardi281244645@imdbuser.net,1987-04-28,69
ur0378997,Dr.Jolly,drjolly037899773@moviefans.com,1977-09-25,55
ur0206047,MEHHS,mehhs020604720@imdbuser.net,2009-09-15,78
ur0508409,bhicks56,bhicks56050840922@moviefans.com,1980-05-31,78
ur1857815,FilmLabRat,filmlabrat185781541@example.com,2012-01-14,57
ur0275445,jaws!,jaws027544552@example.com,1982-09-02,47
ur16881157,remedy305,remedy3051688115776@imdbuser.net,2022-05-17,54
ur22836725,aaronjbong,aaronjbong2283672568@moviefans.com,2017-01-23,47
ur11840329,dottyjyoun,dottyjyoun1184032990@example.com,1991-03-20,67
ur27348474,picklechan,picklechan2734847423@mail.com,2024-02-26,43
ur8135191,aakinz,aakinz813519135@example.com,2000-12-24,37
ur44914373,lpklump,lpklump4491437370@mail.com,2010-03-06,21
ur22255390,veronicamm,veronicamm2225539012@imdbuser.net,2015-12-02,16
ur24901940,maryan_mad,maryanmad2490194028@example.com,2012-08-12,46
ur85976313,mitsubishi,mitsubishi8597631334@imdbuser.net,1983-09-10,79
ur0396398,dimone,dimone039639850@mail.com,2017-01-11,17
ur10334028,ackstasis,ackstasis1033402840@moviefans.com,2023-09-30,44
ur0950119,adamp-6,adamp6095011949@example.com,2025-10-24,70
ur5131944,themeehans,themeehans513194435@imdbuser.net,2019-01-22,23
ur16908680,melissa-mk,melissamk1690868037@moviefans.com,2001-12-16,45
ur0534856,lgetzler,lgetzler053485654@example.com,2014-08-27,22
ur0158185,AMintzer,amintzer015818567@mail.com,1997-11-27,63
ur12696106,zkps01,zkps011269610631@example.com,1998-05-01,69
ur160386988,nolanbenes,nolanbenes16038698852@mail.com,2006-09-30,51
ur6231234,chaoticmum,chaoticmum623123442@example.com,1974-09-06,79
ur7471290,manicgecko,manicgecko747129050@mail.com,1998-01-26,35
ur1227676,EpeeBill,epeebill122767666@example.com,2005-07-07,35
ur20204809,djansen24,djansen242020480956@mail.com,2004-11-11,27
ur0357884,mdabney-2,mdabney2035788430@moviefans.com,1970-05-25,61
ur4560392,kathryn-be,kathrynbe456039244@moviefans.com,1982-04-16,44
ur6703990,tomtheveno,tomtheveno670399066@example.com,2017-12-10,22
ur0457152,meccano,meccano045715220@imdbuser.net,2012-04-28,23
ur2566370,mvlak1,mvlak1256637070@example.com,1988-03-12,48
ur5324717,alane8500,alane8500532471722@moviefans.com,2014-04-22,78
ur8319191,S-Reisner,sreisner831919154@example.com,2015-12-06,39
ur10996913,yvonnekenn,yvonnekenn1099691356@imdbuser.net,2001-10-25,26
ur79273111,golgo-7170,golgo71707927311170@example.com,2012-07-15,60
ur11472503,ricderob,ricderob1147250381@imdbuser.net,2013-01-10,19
ur40947195,Reverie5,reverie54094719529@mail.com,2017-08-23,63
ur2236856,ornshaw,ornshaw223685650@imdbuser.net,1998-09-12,73
ur1987763,natport19,natport19198776323@moviefans.com,2015-10-05,19
ur39274054,Sovran_H,sovranh3927405438@moviefans.com,1980-09-24,69
ur132201038,gd-45919,gd4591913220103820@moviefans.com,1978-04-29,51
ur87081876,sanadalsal,sanadalsal8708187665@imdbuser.net,2014-02-11,37
ur0638297,tomrito,tomrito063829734@moviefans.com,2004-10-24,31
ur80388571,baumhenrik,baumhenrik8038857154@moviefans.com,1947-01-31,79
ur8167945,xredgarnet,xredgarnet816794544@example.com,2022-01-13,63
ur75105767,iamjacksmo,iamjacksmo7510576728@moviefans.com,2018-07-03,22
ur98086202,athaggard,athaggard9808620236@moviefans.com,2005-02-07,42
ur102887376,breezyligh,breezyligh10288737674@example.com,1994-06-10,36
ur14823376,Silfiriel,silfiriel1482337618@imdbuser.net,2017-12-12,18
ur75006091,pivguy,pivguy7500609154@moviefans.com,1993-03-24,50
ur83373351,123dontgo,123dontgo8337335174@moviefans.com,2014-11-12,23
ur88202818,sedlakandr,sedlakandr8820281814@imdbuser.net,2014-08-19,70
ur88577980,theisland2,theisland28857798069@mail.com,2007-10-30,29
ur105164060,bfggggggg,bfggggggg10516406093@mail.com,2012-07-28,15
ur16264980,antony-69,antony691626498095@moviefans.com,2018-04-11,46
ur8191343,karatas78,karatas78819134337@moviefans.com,1986-04-01,64
ur52609249,johnneypic,johnneypic5260924913@example.com,1982-11-04,48
ur12630437,lmcressia,lmcressia1263043747@moviefans.com,2001-03-06,77
ur113960705,g34567,g3456711396070579@example.com,1979-09-09,62
ur64317510,dwgmartin-,dwgmartin6431751012@example.com,2004-10-07,30
ur8554198,chunkylefu,chunkylefu855419873@mail.com,1983-09-14,52
ur29002389,danielcere,danielcere2900238924@mail.com,1978-01-14,78
ur97200830,cyndriana,cyndriana9720083074@mail.com,2013-01-22,18
ur90286961,malpasdani,malpasdani9028696132@imdbuser.net,1973-02-01,54
ur10294945,mickman91-,mickman911029494588@example.com,2018-09-02,78
ur133290271,lareval,lareval13329027126@moviefans.com,1958-09-19,71
ur58898824,mgumsley,mgumsley5889882471@mail.com,1983-06-25,43
ur44255242,lucyannash,lucyannash4425524239@imdbuser.net,1968-02-28,58
ur124650102,adrianmora,adrianmora12465010223@mail.com,2000-06-10,43
ur96882753,cathyannem,cathyannem9688275329@moviefans.com,2012-04-17,63
ur9533068,wbafanclub,wbafanclub953306881@moviefans.com,1983-05-13,44
ur81382508,karenblade,karenblade8138250878@moviefans.com,2008-10-11,74
ur78124884,jaimemedin,jaimemedin7812488462@imdbuser.net,2002-03-18,53
ur20526024,mugsyagain,mugsyagain2052602463@imdbuser.net,2015-09-20,18
ur147879251,mavis_gary,mavisgary14787925173@mail.com,2013-10-30,57
ur86758731,isaacmccar,isaacmccar8675873183@mail.com,2014-02-15,44
ur76733536,broman-294,broman2947673353610@mail.com,1980-11-27,72
ur2430753,terryffoul,terryffoul243075345@mail.com,2010-07-04,44
ur3382782,sickofenjo,sickofenjo338278218@mail.com,1975-11-22,59
ur0581584,shempzine,shempzine058158460@moviefans.com,2016-07-10,28
ur6631426,aja2002-1,aja20021663142641@mail.com,2016-02-20,23
ur0264325,PIST-OFF,pistoff026432579@mail.com,2011-04-10,21
ur0763923,Sonatine97,sonatine97076392373@example.com,1996-11-05,73
ur20263141,jdring2007,jdring20072026314186@example.com,2010-11-01,61
ur1916171,duke1907,duke1907191617122@imdbuser.net,1985-10-27,49
ur63558972,levybob,levybob6355897239@moviefans.com,2024-11-04,14
ur1350369,tybran97,tybran97135036938@imdbuser.net,2004-06-24,29
ur2003523,ruffrider,ruffrider200352317@moviefans.com,2011-07-09,46
ur134373711,momjessica,momjessica13437371169@imdbuser.net,1990-12-09,65
ur0712839,pwmoses,pwmoses071283982@mail.com,2018-08-14,19
ur0152901,Ceelo,ceelo015290160@imdbuser.net,1981-12-14,56
ur0948787,nesevcobbs,nesevcobbs094878728@mail.com,2019-07-17,13
ur97992732,alexisroze,alexisroze9799273272@imdbuser.net,1998-05-03,53
ur1194264,schnikoly,schnikoly119426474@imdbuser.net,1967-10-07,61
ur12788655,piXelpiXel,pixelpixel1278865545@imdbuser.net,2001-03-28,29
ur28700692,ja-191-280,ja1912802870069224@mail.com,1997-04-20,63
ur6824592,navrax,navrax682459299@example.com,2008-04-23,20
ur116654618,ustickemil,ustickemil11665461812@moviefans.com,2019-08-25,75
ur1118489,bhfrisch,bhfrisch111848989@mail.com,1990-04-01,40
ur12420323,pat-pat,patpat1242032358@mail.com,1997-05-29,56
ur161517248,hitchcockk,hitchcockk16151724874@imdbuser.net,2024-05-30,27
ur14271931,moinsyyed,moinsyyed1427193133@moviefans.com,1977-08-20,60
ur15014150,mistaphill,mistaphill1501415044@mail.com,2010-09-14,56
ur16091303,piksplanet,piksplanet1609130361@moviefans.com,1998-09-09,43
ur19362022,brendon-ke,brendonke1936202237@example.com,1987-08-27,49
ur9413052,nicib32,nicib32941305274@example.com,2014-03-20,46
ur7905326,Nicol_Bola,nicolbola790532613@mail.com,2005-07-07,69
ur16148638,inglorious,inglorious1614863891@mail.com,1964-08-02,64
ur19401045,duane-93,duane931940104587@mail.com,2016-03-21,23
ur46308849,Mattiamarc,mattiamarc4630884936@example.com,2022-09-05,34
ur133600088,thatonlyfa,thatonlyfa13360008836@example.com,2011-09-10,32
ur37858357,brent1984,brent19843785835762@mail.com,2020-03-22,27
ur114649247,Ender_News,endernews11464924735@moviefans.com,1995-07-27,61
ur96637088,DJesusUncr,djesusuncr9663708846@mail.com,2018-05-05,33
ur15359272,nkgenovese,nkgenovese1535927233@mail.com,2005-10-05,23
ur31094083,danielostr,danielostr3109408332@moviefans.com,2024-03-07,17
ur42071198,ThePlagueL,theplaguel4207119866@example.com,2004-03-23,39
ur15932214,TakeUpReel,takeupreel1593221457@example.com,1967-01-21,71
ur159996728,wolffmarce,wolffmarce15999672816@example.com,2007-05-27,47
ur62292534,josephdrew,josephdrew6229253431@moviefans.com,2014-08-14,74
ur120846589,Kausan1,kausan112084658937@moviefans.com,1994-10-28,36
ur99103733,oldchunkof,oldchunkof9910373325@example.com,2023-06-22,34
ur8202890,compuro,compuro820289062@mail.com,1967-05-05,76
ur68482627,frenchlern,frenchlern6848262731@example.com,1998-12-04,31
ur50739773,cayers4042,cayers40425073977364@moviefans.com,2009-10-10,22
ur181046937,seiftiam,seiftiam18104693731@example.com,2015-01-30,62
ur23582121,Loving_Sil,lovingsil2358212160@imdbuser.net,2010-07-25,66
ur26580940,markdrouls,markdrouls2658094022@example.com,1987-08-30,42
ur3192544,atrpunk,atrpunk319254418@example.com,2016-08-08,17
ur8588208,ARTaylor,artaylor858820877@example.com,1968-12-02,58
ur151699756,dumitrunor,dumitrunor15169975612@moviefans.com,1961-03-22,67
ur14210220,thomsedavi,thomsedavi1421022036@imdbuser.net,2006-09-25,69
ur26752735,tomduerr58,tomduerr582675273583@moviefans.com,2004-03-06,70
ur26718934,hobokencom,hobokencom2671893440@example.com,2013-04-23,23
ur91998694,moviematth,moviematth9199869479@mail.com,2014-01-24,24
ur24047589,gedard1,gedard12404758940@imdbuser.net,2009-04-07,16
ur0379447,bopdog,bopdog037944729@imdbuser.net,2019-10-04,68
ur98886498,Nathan_Nee,nathannee9888649845@example.com,2007-04-16,27
ur86924865,cstover-28,cstover288692486596@mail.com,1996-03-30,56
ur64450589,Lyn_K,lynk6445058919@imdbuser.net,2025-02-09,13
ur78763664,pstevens-1,pstevens17876366431@example.com,2024-11-16,23
ur35992691,joanacatba,joanacatba3599269116@mail.com,1973-06-23,73
ur2390928,TheTruthDo,thetruthdo239092830@example.com,2022-04-20,18
ur24676872,deonast,deonast2467687248@mail.com,2002-01-03,33
ur18859607,pappysprit,pappysprit1885960717@moviefans.com,1997-06-12,48
ur70362859,torgersonj,torgersonj7036285994@example.com,1982-06-14,71
ur99197186,netflixori,netflixori9919718644@imdbuser.net,1986-03-29,79
ur70210374,HorrorFana,horrorfana7021037467@mail.com,1995-07-14,50
ur64757517,bigbadbass,bigbadbass6475751745@mail.com,2004-10-01,55
ur28095258,SilverOrlo,silverorlo2809525830@imdbuser.net,2007-09-17,34
ur53660798,Jared_Andr,jaredandr5366079847@example.com,1977-09-14,65
ur58985099,themoviepa,themoviepa5898509927@imdbuser.net,2012-12-03,45
ur51968510,dano1330-9,dano133095196851099@moviefans.com,2021-08-13,49
ur7664294,ozthegreat,ozthegreat766429431@imdbuser.net,1958-05-29,74
ur0715971,southdavid,southdavid071597131@imdbuser.net,1986-08-04,61
ur5261700,PyroSikTh,pyrosikth526170032@moviefans.com,2023-08-24,45
ur88687336,votedavepu,votedavepu8868733691@example.com,2003-10-12,26
ur0498638,Billy-116,billy116049863853@imdbuser.net,1976-12-28,66
ur17108559,K3nzit,k3nzit1710855984@moviefans.com,2017-03-29,25
ur0439793,YouRebelSc,yourebelsc043979330@example.com,1989-07-08,76
ur28522929,chosenjust,chosenjust2852292929@example.com,2017-09-14,25
ur109682100,david-3953,david395310968210067@moviefans.com,1996-04-29,68
ur29185200,ahoffstein,ahoffstein2918520071@mail.com,1997-12-12,80
ur17671789,enkelien-1,enkelien11767178919@moviefans.com,2013-10-28,41
ur1274669,tripper0,tripper0127466937@mail.com,2007-11-29,56
ur0499909,srepka,srepka049990989@example.com,1958-06-06,75
ur1354368,fraserdevi,fraserdevi135436866@imdbuser.net,2005-02-16,65
ur7464547,shanfrina,shanfrina746454711@moviefans.com,2000-05-05,54
ur0554761,djradcliff,djradcliff055476142@moviefans.com,2004-02-04,25
ur95879023,hennystrui,hennystrui9587902352@example.com,2016-09-15,34
ur4314460,brefane,brefane431446057@mail.com,2005-06-02,48
ur1857029,viridianst,viridianst185702964@example.com,2025-11-01,73
ur60390608,claremhorv,claremhorv6039060890@example.com,1950-05-17,76
ur80574509,susanmalen,susanmalen8057450925@moviefans.com,2014-01-28,79
ur0056187,jem-7,jem7005618711@moviefans.com,2010-04-07,30
ur3329978,happipuppi,happipuppi332997852@example.com,1982-02-18,44
ur0939196,LeroyBrown,leroybrown093919636@example.com,1992-06-23,48
ur0634030,zazoo-2,zazoo2063403017@moviefans.com,2022-08-01,21
ur1522552,backstreet,backstreet152255277@moviefans.com,2024-03-01,16
ur5150486,damiano54,damiano54515048672@moviefans.com,2012-10-22,65
ur27278544,brucebrod,brucebrod2727854442@mail.com,2023-10-01,60
ur5236944,BXTNY,bxtny523694498@imdbuser.net,1981-03-21,68
ur0358770,Crowbot-2,crowbot2035877018@moviefans.com,2019-08-15,75
ur1512048,Jorick,jorick151204859@mail.com,1982-12-19,54
ur5288843,expatinasi,expatinasi528884320@imdbuser.net,2018-11-25,59
ur114941077,WoodsD3,woodsd311494107724@imdbuser.net,2018-06-09,20
ur5277332,bartap74ma,bartap74ma527733223@mail.com,1966-12-11,68
ur2182824,hoff31,hoff31218282429@example.com,2025-08-08,21
ur2481737,polorl,polorl248173739@imdbuser.net,2021-07-25,48
ur3373759,kari_d,karid337375945@example.com,2001-01-23,41
ur104560002,AlexanderJ,alexanderj10456000265@example.com,2020-09-11,14
ur85869484,GreenmanRe,greenmanre8586948490@moviefans.com,2012-11-10,22
ur1260143,vfrickey,vfrickey126014348@imdbuser.net,1975-04-13,74
ur6720332,manosdvd,manosdvd672033295@mail.com,2017-07-17,20
ur2173552,jmoffitt,jmoffitt217355253@mail.com,2013-06-30,23
ur6824904,jmkelly03,jmkelly03682490477@moviefans.com,2009-08-18,64
ur76852524,abcizdaman,abcizdaman7685252465@imdbuser.net,1996-01-01,42
ur4477751,GVH0,gvh0447775112@mail.com,1997-11-18,32
ur6656221,ccoshow-1,ccoshow1665622155@mail.com,2022-02-23,28
ur0789739,DVD_Connoi,dvdconnoi078973925@example.com,1967-08-22,80
ur95086107,karad-7567,karad75679508610755@moviefans.com,2015-10-07,30
ur0312098,chickenbir,chickenbir031209850@mail.com,1959-11-23,72
ur7217677,karlcarp,karlcarp721767784@imdbuser.net,2001-12-26,25
ur11187337,facederagg,facederagg1118733780@mail.com,2010-07-02,55
ur1758675,gregrobins,gregrobins175867530@example.com,1990-12-30,35
ur0686083,Classybird,classybird068608389@imdbuser.net,1980-12-23,68
ur0550763,davek28,davek28055076394@example.com,2018-09-23,19
ur0656755,azeemak,azeemak065675513@moviefans.com,2008-09-19,17
ur2172900,BTW23,btw23217290022@moviefans.com,2024-04-27,22
ur0917307,themiddlet,themiddlet091730713@moviefans.com,2024-06-16,36
ur2948497,flickersho,flickersho294849799@imdbuser.net,2020-06-26,13
ur2167654,b9AcE,b9ace216765493@example.com,2021-12-21,28
ur2708165,Jim-Eadon,jimeadon270816527@moviefans.com,2025-03-24,19
ur6112346,mto123,mto123611234615@mail.com,2023-09-19,74
ur2993347,likebike85,likebike85299334718@mail.com,2024-12-30,16
ur2018152,FilthyMind,filthymind201815293@moviefans.com,1972-07-02,78
ur2193077,shakey_jak,shakeyjak219307789@example.com,2022-09-26,14
ur68146349,thebushwac,thebushwac6814634948@imdbuser.net,2011-09-24,66
ur1004378,guisreis,guisreis100437875@imdbuser.net,2000-09-07,62
ur0078703,Rumples,rumples007870382@moviefans.com,2013-02-02,16
ur8877465,pavel-sm,pavelsm887746587@mail.com,1984-04-15,72
ur28640599,Stanjaudit,stanjaudit2864059969@imdbuser.net,2008-10-31,18
ur50739012,fjlagher,fjlagher5073901214@mail.com,1989-01-31,45
ur58977768,AgentSauva,agentsauva5897776828@imdbuser.net,1999-02-18,55
ur11189321,sheepy0126,sheepy01261118932165@imdbuser.net,2023-04-14,74
ur10793505,hazardus_9,hazardus91079350571@example.com,1965-04-23,65
ur6585462,YahYah24,yahyah24658546230@mail.com,2014-12-10,16
ur5943871,johnfuen,johnfuen594387158@moviefans.com,2019-09-29,46
ur17511731,chosenbygo,chosenbygo1751173138@imdbuser.net,1961-01-12,74
ur0516987,McCormack7,mccormack7051698756@example.com,1988-09-09,70
ur0796407,ukrainetra,ukrainetra079640780@moviefans.com,2013-05-06,18
ur127350963,mycruk,mycruk12735096353@example.com,1969-08-15,70
ur118451789,ricgarali,ricgarali11845178990@moviefans.com,2011-09-04,26
ur87068272,jeremycrim,jeremycrim8706827256@moviefans.com,2004-05-05,33
ur20442296,JLRFilmRev,jlrfilmrev2044229619@example.com,1970-10-19,73
ur52602043,mstanya-mc,mstanyamc5260204360@imdbuser.net,2012-12-22,18
ur52035000,jejcruzn,jejcruzn5203500077@example.com,2021-03-27,21
ur3982789,brlancer,brlancer398278967@example.com,1994-01-13,49
ur0921823,Funky_Casa,funkycasa092182394@mail.com,2002-06-11,65
ur1299903,MadB1505,madb1505129990323@mail.com,1972-08-21,60
ur0865096,HulkVader,hulkvader086509676@moviefans.com,2013-03-27,63
ur0058368,Charmles,charmles005836895@example.com,2010-11-14,32
ur0299744,po5mrk,po5mrk029974463@imdbuser.net,1971-12-04,76
ur4715622,drealynnb,drealynnb471562238@moviefans.com,2004-11-24,50
ur1567958,DoctorPepp,doctorpepp156795893@example.com,1978-04-19,58
ur0666366,polochick4,polochick4066636653@example.com,1983-02-17,56
ur1537768,dvanliende,dvanliende153776849@moviefans.com,2023-09-21,18
ur0633612,kathleen_p,kathleenp063361247@mail.com,2009-12-07,38
ur1694613,DaFurnace7,dafurnace7169461364@imdbuser.net,2015-04-18,77
ur0238710,Mike-575,mike575023871097@moviefans.com,1998-04-22,72
ur1019294,bsmith5552,bsmith5552101929424@imdbuser.net,2011-07-04,47
ur1880259,lgilbertom,lgilbertom188025988@mail.com,2012-07-31,28
ur2156865,writerasfi,writerasfi215686596@imdbuser.net,1986-12-29,64
ur4246751,chuffycust,chuffycust424675127@example.com,2014-08-14,17
ur0876089,pc_dean,pcdean087608944@example.com,2024-08-27,35
ur1905375,barbkopiet,barbkopiet190537585@example.com,2016-09-09,29
ur3548130,ColonelFau,colonelfau354813069@imdbuser.net,2014-06-08,30
ur2814096,HeatherBre,heatherbre281409688@imdbuser.net,2006-05-24,35
ur0398566,striker-8,striker8039856617@mail.com,2021-09-20,31
ur1344152,grafspee2,grafspee2134415296@moviefans.com,1995-12-29,62
ur4620177,otter68,otter68462017717@imdbuser.net,2014-06-22,16
ur1102143,whistlesto,whistlesto110214343@example.com,2016-07-27,59
ur9444354,idleprimat,idleprimat944435478@moviefans.com,1970-04-23,74
ur23079969,StuffedCup,stuffedcup2307996983@mail.com,2013-07-10,13
ur1632568,llamswerdn,llamswerdn163256876@moviefans.com,2013-05-24,47
ur90308584,gilleliath,gilleliath9030858455@imdbuser.net,1954-11-08,74
ur58170589,alixj248,alixj2485817058912@mail.com,2024-12-11,63
ur22509756,jkbolio,jkbolio2250975644@imdbuser.net,2011-08-26,16
ur6078355,moviemanMA,moviemanma607835560@example.com,2019-04-13,21
ur56238773,bobbykm65,bobbykm655623877353@imdbuser.net,2021-04-08,18
ur1193828,Keetoo,keetoo119382879@example.com,1965-11-27,69
ur4244482,jrails,jrails424448284@moviefans.com,2013-01-08,59
ur10544024,alanstigal,alanstigal1054402411@example.com,1988-04-09,75
ur3492661,itaught34,itaught34349266150@mail.com,1993-10-30,36
ur0173988,nfmp,nfmp017398840@imdbuser.net,1997-01-10,46
ur2158688,ikari1,ikari1215868852@example.com,2019-05-05,13
ur64744013,joelmulder,joelmulder6474401318@mail.com,2011-04-05,69
ur39598479,satanclaw,satanclaw3959847925@moviefans.com,1995-05-13,47
ur24623283,Screen_Bli,screenbli2462328386@imdbuser.net,2015-06-08,24
ur33196427,jordanthom,jordanthom3319642792@mail.com,2003-10-17,73
ur27489718,tinovalkki,tinovalkki2748971810@imdbuser.net,2021-10-13,25
ur30428747,antoniorfl,antoniorfl3042874727@mail.com,1982-01-06,75
ur2671504,Pannozzi,pannozzi267150475@moviefans.com,1989-05-25,46
ur31794775,alexconsal,alexconsal3179477567@moviefans.com,1993-01-16,35
ur17601052,AmandaMich,amandamich1760105292@moviefans.com,2011-02-05,23
ur28473526,coex23,coex232847352699@imdbuser.net,2007-01-10,18
ur0028288,merrywood,merrywood002828857@imdbuser.net,1987-02-18,74
ur0654641,the amorph,theamorph065464142@moviefans.com,2019-09-14,19
ur0021712,mrsatan,mrsatan002171295@moviefans.com,2020-12-06,32
ur26466176,swatter,swatter2646617698@moviefans.com,2010-11-23,21
ur9795431,jeremiah-3,jeremiah3979543112@example.com,1986-02-22,48
ur21280376,aliciamcmu,aliciamcmu2128037654@example.com,2008-10-18,23
ur12750987,jrdepriest,jrdepriest1275098741@example.com,2015-03-31,48
ur105067504,bluesavage,bluesavage10506750487@moviefans.com,1985-12-28,73
ur104138873,RaymanHort,raymanhort10413887355@mail.com,2015-04-26,35
ur24865064,Criticman1,criticman12486506456@mail.com,1980-10-12,58
ur6499406,PipAndSque,pipandsque649940656@imdbuser.net,2017-09-11,24
ur4653067,thorr97,thorr97465306773@mail.com,2004-07-02,71
ur47814493,GoRangers7,gorangers74781449390@example.com,2023-03-28,62
ur70054285,kaptenvide,kaptenvide7005428570@mail.com,2019-10-09,17
ur82492691,mrcrisppac,mrcrisppac8249269144@example.com,1991-05-26,73
ur45712603,nphilip21,nphilip214571260319@example.com,2004-11-18,27
ur119265515,Doublej200,doublej20011926551525@example.com,2023-07-31,36
ur74741812,camarshall,camarshall7474181245@moviefans.com,1976-05-22,77
ur46792522,nytol1-798,nytol17984679252272@imdbuser.net,2019-11-03,36
ur0333947,anonreview,anonreview033394784@example.com,1988-03-12,63
ur2022254,timhayes-1,timhayes1202225420@mail.com,2024-05-28,73
ur78754280,erikvanseg,erikvanseg7875428098@imdbuser.net,2025-01-27,42
ur23653495,timleesong,timleesong2365349517@mail.com,2006-05-15,20
ur188419306,jemajor-11,jemajor1118841930629@mail.com,2003-03-05,34
ur0791177,Ianmcane,ianmcane079117752@example.com,2013-08-01,57
ur173262409,thekageryu,thekageryu17326240977@imdbuser.net,1990-04-08,45
ur81548122,lord_orsum,lordorsum8154812280@mail.com,2024-07-08,36
ur2738285,Miss_MiChi,missmichi273828563@imdbuser.net,2022-04-23,46
ur10385900,Manny_Fatb,mannyfatb1038590024@example.com,2002-12-16,79
ur110016517,trevorcham,trevorcham11001651744@imdbuser.net,1965-08-31,72
ur0366911,JawsOfJosh,jawsofjosh036691176@imdbuser.net,2006-04-17,52
ur2226842,JZvezda,jzvezda222684276@example.com,1993-12-09,40
ur1122302,arnis12,arnis12112230271@moviefans.com,1976-08-23,71
ur1357690,dgordon-1,dgordon1135769049@mail.com,2003-12-22,33
ur4085917,post-103,post103408591798@imdbuser.net,2008-05-25,35
ur59903387,xnicofinge,xnicofinge5990338758@mail.com,1964-07-09,64
ur1397448,symixosis,symixosis139744856@mail.com,2025-02-09,20
ur3575630,jack31961,jack31961357563048@example.com,2000-07-09,25
ur1387075,They-Call-,theycall138707552@example.com,1981-09-05,51
ur34893557,LeonardKni,leonardkni3489355770@example.com,2008-03-12,22
ur14928799,ZoeScrace,zoescrace1492879932@moviefans.com,1977-09-20,51
ur10958001,lopcar1993,lopcar19931095800129@example.com,2022-10-08,72
ur34066006,Restharrow,restharrow3406600651@example.com,2009-08-13,59
ur10568754,mk-2222,mk22221056875490@imdbuser.net,1976-02-16,73
ur16062751,penncare,penncare1606275162@example.com,2004-03-26,40
ur3301740,matlenin,matlenin330174028@mail.com,1991-02-09,47
ur1830581,franceseca,franceseca183058164@example.com,2017-01-02,24
ur0008691,Megabuck,megabuck000869158@mail.com,1999-06-13,50
ur53192390,nirvan-psy,nirvanpsy5319239016@imdbuser.net,2010-03-30,55
ur36448190,Breumaster,breumaster3644819043@mail.com,2019-07-20,16
ur0215119,Pelrad,pelrad021511985@example.com,2007-04-06,19
ur1350281,siglo_xx,sigloxx135028199@example.com,1977-04-30,58
ur1062346,aramo1,aramo1106234677@example.com,2025-05-01,73
ur3782170,jkenny-2,jkenny2378217019@mail.com,1966-10-04,62
ur57867801,kelly-gaud,kellygaud5786780146@mail.com,2004-09-17,53
ur1195884,The_Wood,thewood119588495@moviefans.com,2018-10-20,45
ur0390031,dniq,dniq039003164@imdbuser.net,2015-01-10,50
ur44154218,squeerelis,squeerelis4415421858@moviefans.com,2019-06-11,32
ur4145056,Nightman85,nightman85414505647@example.com,2012-06-22,38
ur0090373,Gislef,gislef009037372@imdbuser.net,2020-02-13,69
ur25192034,skybrick73,skybrick732519203439@example.com,2018-01-07,80
ur0534148,psycho_153,psycho153053414814@moviefans.com,2024-12-18,29
ur21215718,coltras35,coltras352121571844@imdbuser.net,1955-11-08,73
ur5625948,dave13-1,dave131562594841@example.com,1998-04-21,29
ur5153691,p-stepien,pstepien515369144@imdbuser.net,2022-05-13,19
ur67311026,petersjoel,petersjoel6731102619@mail.com,2010-10-04,28
ur65328225,natethegre,natethegre6532822517@example.com,1963-03-30,76
ur8718686,His_Dudene,hisdudene871868613@example.com,1961-03-22,79
ur3757055,Kshalene,kshalene375705580@imdbuser.net,1997-05-15,56
ur4431272,seamus-37,seamus37443127253@example.com,2011-06-26,17
ur0132721,noahk,noahk013272193@imdbuser.net,2008-08-04,26
ur2952025,LennyB,lennyb295202557@moviefans.com,2025-01-28,31
ur3325193,cobrja,cobrja332519339@moviefans.com,2017-03-30,17
ur9563772,sweetpea19,sweetpea19956377291@moviefans.com,2013-08-28,17
ur6004971,james_coco,jamescoco600497168@mail.com,2019-01-19,34
ur0294361,bohab,bohab029436185@moviefans.com,1992-11-06,63
ur4477096,DBigOLY,dbigoly447709663@example.com,1992-12-18,52
ur62363927,bettinagh-,bettinagh6236392713@example.com,2012-11-15,14
ur0119489,pied,pied011948959@example.com,2004-12-31,46
ur0247809,skiop,skiop024780934@example.com,2005-04-10,27
ur14548484,PeaceAndLo,peaceandlo1454848415@mail.com,2025-10-30,26
ur6815878,ijonesiii,ijonesiii681587819@mail.com,2021-12-03,23
ur17880240,AllTheMoun,allthemoun1788024031@mail.com,2018-04-10,45
ur13285062,good_dn,gooddn1328506276@imdbuser.net,2024-11-10,75
ur8179131,violentsoc,violentsoc817913166@imdbuser.net,2024-08-30,33
ur14813395,grandslam4,grandslam41481339572@moviefans.com,2014-03-06,65
ur12671247,charlesdia,charlesdia1267124759@example.com,1998-06-12,63
ur150346067,enelson-07,enelson0715034606782@mail.com,2011-10-12,64
ur5875196,fatemaster,fatemaster587519687@moviefans.com,2005-09-13,48
ur7934734,beyonder-3,beyonder3793473430@mail.com,2021-12-18,57
ur42020269,swp_1988,swp19884202026914@example.com,1972-11-21,70
ur37763453,AvidClimbe,avidclimbe3776345343@example.com,2016-09-20,14
ur20300814,gabrielren,gabrielren2030081441@mail.com,1989-05-16,50
ur20473546,JustinBell,justinbell2047354694@imdbuser.net,2005-11-24,80
ur26706006,kriddirk,kriddirk2670600655@imdbuser.net,2000-11-06,34
ur24987964,Emma_Stewa,emmastewa2498796464@mail.com,2008-05-29,28
ur45042722,johanrattu,johanrattu4504272233@moviefans.com,1968-04-25,79
ur46810425,shellycald,shellycald4681042572@mail.com,2013-05-01,20
ur44591831,thefadingc,thefadingc4459183149@example.com,1970-02-14,66
ur3053497,tommybass,tommybass305349733@example.com,2008-06-01,33
ur12973214,zken-1,zken11297321466@moviefans.com,2022-03-03,49
ur48711080,MackenzieC,mackenziec4871108079@example.com,2010-01-06,27
ur27543340,rutlandoak,rutlandoak2754334094@imdbuser.net,2008-01-27,58
ur131507785,marneypara,marneypara13150778549@mail.com,2025-01-30,28
ur46911997,jburtonpro,jburtonpro4691199735@mail.com,2003-10-27,24
ur103270048,emmett_mcg,emmettmcg10327004834@moviefans.com,2013-06-15,52
ur0301743,Shuggy,shuggy030174380@imdbuser.net,1985-04-05,54
ur98380522,rw-15604,rw156049838052238@moviefans.com,2021-10-01,56
ur35788196,lamieur,lamieur3578819645@imdbuser.net,1978-09-02,54
ur53034975,SpelingErr,spelingerr5303497584@moviefans.com,1963-05-12,72
ur34740948,asandor,asandor3474094861@moviefans.com,1978-05-15,76
ur27597693,p0t80,p0t802759769353@mail.com,2006-11-23,59
ur54207336,Blue-Grott,bluegrott5420733610@example.com,1975-05-21,67
ur165210645,superkodu9,superkodu916521064557@moviefans.com,2009-09-18,57
ur2174478,mosquito19,mosquito19217447880@mail.com,1996-11-01,61
ur201939871,XiaoProxie,xiaoproxie20193987169@mail.com,1993-02-04,56
ur62951383,fridaynigh,fridaynigh6295138333@imdbuser.net,2008-06-07,30
ur4733983,aerosparke,aerosparke473398312@example.com,2024-06-26,47
ur10355638,NoName1989,noname19891035563827@imdbuser.net,2015-01-01,39
ur0366522,osric4,osric4036652273@moviefans.com,2018-12-26,33
ur4899476,forwardand,forwardand489947668@example.com,1968-08-07,66
ur2455768,midnightth,midnightth245576836@imdbuser.net,1990-02-18,46
ur22031343,manuel-nev,manuelnev2203134349@example.com,2018-05-28,34
ur12106735,incitatus-,incitatus1210673571@mail.com,2012-10-14,39
ur20315186,Radu_A,radua2031518617@example.com,2008-12-24,24
ur22527958,waelbendhi,waelbendhi2252795856@mail.com,2011-09-12,58
ur15586087,bsnellgrov,bsnellgrov1558608742@example.com,1987-11-15,70
ur16521924,robonorway,robonorway1652192469@imdbuser.net,2020-06-15,78
ur20516976,markedasre,markedasre2051697651@mail.com,2021-02-11,43
ur18181424,imagiking,imagiking1818142494@moviefans.com,2000-01-05,49
ur12982488,Jona1988,jona19881298248893@moviefans.com,1946-11-20,79
ur10346002,WydeOpen,wydeopen1034600226@imdbuser.net,1967-05-22,67
ur10028412,TamPalm,tampalm1002841227@example.com,1980-07-23,72
ur0671533,QStrum,qstrum067153399@moviefans.com,2017-11-11,19
ur36335045,sha9497,sha94973633504517@example.com,2006-09-04,26
ur47190847,nicorip22,nicorip224719084754@mail.com,1997-09-22,69
ur34881717,gregarious,gregarious3488171726@moviefans.com,2008-12-17,20
ur33554923,mohammed-h,mohammedh3355492311@imdbuser.net,1983-05-26,63
ur22131361,khanbaliq2,khanbaliq22213136188@moviefans.com,2013-07-13,14
ur55389482,xsophietay,xsophietay5538948232@imdbuser.net,1997-12-22,58
ur11140915,bynari-1,bynari11114091547@moviefans.com,1987-02-10,78
ur5648923,cultjones,cultjones564892329@mail.com,1992-07-30,47
ur92235136,smbpaulsp,smbpaulsp9223513669@example.com,1981-03-03,78
ur97849810,coombsstep,coombsstep9784981061@example.com,2022-04-27,26
ur53318196,MovieJunki,moviejunki5331819615@example.com,2021-06-10,16
ur102556766,at_RivyuwM,atrivyuwm10255676697@moviefans.com,2020-11-22,74
ur84109901,heffa61209,heffa612098410990142@mail.com,2009-09-28,17
ur104156616,gayle-5515,gayle551510415661696@example.com,2023-03-04,35
ur48275778,treborques,treborques4827577816@example.com,2021-08-09,15
ur91977101,nowaisa,nowaisa9197710167@example.com,1996-04-08,43
ur3805352,AdrenalinD,adrenalind380535298@mail.com,2012-10-13,22
ur20256872,GlitterNem,glitternem2025687229@moviefans.com,2002-02-26,33
ur103895711,devpatters,devpatters10389571111@moviefans.com,2000-09-10,57
ur68925761,Clank_Zoka,clankzoka6892576148@moviefans.com,2022-01-19,57
ur22605045,stronglook,stronglook2260504534@example.com,2020-09-28,66
ur63112528,lordkrythi,lordkrythi6311252821@mail.com,1975-11-13,74
ur102384153,elin-95794,elin9579410238415315@imdbuser.net,2012-03-28,48
ur62684950,charaferna,charaferna6268495017@moviefans.com,2009-02-19,35
ur21068873,gillian-fe,gillianfe2106887372@moviefans.com,2015-07-01,25
ur23862217,SpankyWard,spankyward2386221736@example.com,1998-05-26,34
ur42723874,janmanuel2,janmanuel24272387491@example.com,2010-12-02,15
ur154909566,wackorevie,wackorevie15490956616@mail.com,2006-10-22,21
ur60355285,Evan_Wheat,evanwheat6035528523@example.com,1966-11-26,75
ur61186126,glassperse,glassperse6118612654@example.com,2006-03-30,21
ur44289859,bardia-moo,bardiamoo4428985979@moviefans.com,2023-08-22,21
ur13490885,grnwoman,grnwoman1349088588@imdbuser.net,1998-07-09,34
ur84360936,lbournelos,lbournelos8436093616@moviefans.com,2004-09-12,52
ur1161657,utzutzutz,utzutzutz116165730@moviefans.com,2007-07-25,29
ur1382859,photograph,photograph138285913@mail.com,2020-08-15,63
ur4244244,jpblondeau,jpblondeau424424443@example.com,1992-07-07,49
ur9267443,ptylko,ptylko926744319@example.com,2010-11-06,70
ur1099027,Diand,diand109902768@moviefans.com,2006-02-15,45
ur0869921,danisa2,danisa2086992117@example.com,2012-01-17,53
ur1111491,Chinese Bo,chinesebo111149152@mail.com,1985-07-27,47
ur2610166,iradao,iradao261016661@imdbuser.net,1971-08-10,71
ur19165904,jamila-14,jamila141916590453@moviefans.com,2016-09-19,14
ur2642959,kyle_is_aw,kyleisaw264295923@mail.com,2005-04-24,22
ur1575693,bix171,bix171157569382@imdbuser.net,2002-06-04,44
ur51204762,christa-pe,christape5120476271@moviefans.com,2014-08-07,25
ur2552983,squall2128,squall2128255298395@imdbuser.net,1996-06-04,48
ur0845855,lektroluv,lektroluv084585538@example.com,2007-08-11,19
ur2829795,jhenson6,jhenson6282979534@mail.com,2010-04-08,18
ur0483657,Sinnerman,sinnerman048365732@mail.com,2009-10-16,72
ur2335574,priscilla-,priscilla233557478@mail.com,1995-05-18,33
ur0370943,sbdts,sbdts037094378@imdbuser.net,1988-03-25,59
ur20104934,Aegelis,aegelis2010493456@moviefans.com,1968-10-09,66
ur22876146,Millennial,millennial2287614639@imdbuser.net,1993-04-15,35
ur2649536,asphyxion_,asphyxion264953680@mail.com,2025-10-16,49
ur2244396,stahwang,stahwang224439656@example.com,2023-05-12,34
ur4331173,rnesto_87,rnesto87433117374@mail.com,2017-01-28,32
ur67884012,tiago_fern,tiagofern6788401215@moviefans.com,2007-11-01,29
ur0986104,waterloo-5,waterloo5098610480@example.com,2023-10-12,16
ur21908153,soupster1,soupster12190815362@example.com,2021-06-28,13
ur9583129,rozette,rozette958312952@imdbuser.net,1998-02-10,47
ur1517556,rzajac,rzajac151755644@example.com,2021-04-24,46
ur3467768,cuiml8,cuiml8346776848@mail.com,2007-05-15,41
ur79637929,lindasue-5,lindasue57963792936@example.com,2015-10-11,22
ur34007360,MaryKathle,marykathle3400736090@mail.com,2020-11-11,24
ur47333589,edm-the_re,edmthere4733358928@imdbuser.net,1982-06-28,52
ur1346239,keenan-1,keenan1134623943@mail.com,2017-05-07,72
ur2046331,phil0011,phil0011204633127@example.com,2007-06-30,57
ur2666641,rp-j,rpj266664176@mail.com,1992-05-17,47
ur1527769,kevin_blaz,kevinblaz152776975@example.com,1989-10-22,68
ur1747396,LG72387,lg72387174739643@moviefans.com,2023-04-28,51
ur0078339,kmberger,kmberger007833923@moviefans.com,1963-10-08,73
ur1665243,b018675,b018675166524333@imdbuser.net,2005-11-06,47
ur0160806,Alan-40,alan40016080653@mail.com,1999-07-14,55
ur3435249,Vampenguin,vampenguin343524989@moviefans.com,2017-08-24,20
ur1454837,adspink,adspink145483742@moviefans.com,2013-07-20,23
ur2812098,CelluloidR,celluloidr281209824@example.com,1973-05-18,77
ur1377745,SteveMadco,stevemadco137774590@moviefans.com,2019-12-23,32
ur0726634,drewdummer,drewdummer072663493@imdbuser.net,2020-02-26,16
ur1618209,Khwaj,khwaj161820915@moviefans.com,1955-06-05,71
ur0422292,shamsee,shamsee042229248@moviefans.com,1999-09-25,33
ur1735847,CoffeeGodd,coffeegodd173584765@example.com,2018-08-31,71
ur103170485,winslowmus,winslowmus10317048587@moviefans.com,2005-03-09,27
ur1545699,mrmultimed,mrmultimed154569912@imdbuser.net,2021-12-01,45
ur0175531,Contra-2,contra2017553182@example.com,2004-08-08,62
ur0105327,Bronco46,bronco46010532726@moviefans.com,1991-08-26,51
ur10957760,wildferalf,wildferalf1095776098@imdbuser.net,2017-04-12,25
ur0882049,GoldenOldi,goldenoldi088204937@mail.com,2001-01-28,79
ur56064216,imdbtruth,imdbtruth5606421630@moviefans.com,2003-05-22,65
ur18982891,johngiovan,johngiovan1898289170@imdbuser.net,2024-03-04,24
ur87032717,eroviraval,eroviraval8703271750@imdbuser.net,2012-06-14,29
ur41019366,taylork177,taylork1774101936698@imdbuser.net,2003-02-12,38
ur1224804,Bgb217,bgb217122480446@moviefans.com,2021-01-21,21
ur4851377,aldonna4,aldonna4485137786@moviefans.com,1982-10-04,47
ur56604580,bsbulldogs,bsbulldogs5660458021@mail.com,1995-05-11,40
ur87114976,kellielulu,kellielulu8711497669@example.com,2013-08-31,37
ur22784486,athanasios,athanasios2278448622@mail.com,2001-08-01,28
ur5645217,nfischetti,nfischetti564521783@example.com,2001-09-04,31
ur4238637,loccomotiv,loccomotiv423863727@mail.com,2025-05-16,22
ur12730798,chinahengs,chinahengs1273079830@mail.com,1982-10-25,58
ur0388612,Akira-36,akira36038861242@imdbuser.net,2024-09-10,20
ur21285877,dusan-22,dusan222128587789@moviefans.com,1967-01-19,66
ur5222538,l-livesey,llivesey522253853@moviefans.com,2010-05-06,65
ur106964964,LansTaylor,lanstaylor10696496479@imdbuser.net,2007-10-16,37
ur133716455,inkshi,inkshi13371645525@moviefans.com,1998-05-22,68
ur165120589,krisssannn,krisssannn16512058951@example.com,1963-06-04,70
ur27470816,rupert-ian,rupertian2747081685@mail.com,2002-01-03,34
ur88182480,nickryan99,nickryan998818248043@mail.com,2008-06-17,22
ur66220038,Pom_Flavor,pomflavor6622003861@example.com,1992-07-09,52
ur1231470,bastos,bastos123147032@moviefans.com,2005-02-26,71
ur30238244,sarahjane3,sarahjane33023824479@example.com,2012-10-20,15
ur147326874,Ajaquai,ajaquai14732687476@mail.com,2019-02-01,16
ur41168327,cminn66,cminn664116832784@moviefans.com,2017-03-09,17
ur122459646,rexmatthew,rexmatthew12245964681@moviefans.com,1987-02-28,56
ur164385032,chaychay-0,chaychay016438503250@example.com,2014-09-06,14
ur153976069,emilyloves,emilyloves15397606938@example.com,2017-11-04,60
ur21129416,kniqht,kniqht2112941647@mail.com,2015-12-22,26
ur94278653,tuckhead,tuckhead9427865385@mail.com,2014-07-04,33
ur16432189,Couchkik20,couchkik201643218948@imdbuser.net,2018-08-13,14
ur22852340,musiqlible,musiqlible2285234018@mail.com,1996-12-10,50
ur160905562,jerryandlo,jerryandlo16090556225@mail.com,2007-06-18,32
ur123933495,rfhbywfvza,rfhbywfvza12393349524@mail.com,2016-01-22,38
ur3085169,Poldi_Berl,poldiberl308516976@example.com,2012-01-15,31
ur200486584,Hena-45,hena4520048658423@imdbuser.net,2015-11-13,42
ur154301717,anidamumic,anidamumic15430171719@imdbuser.net,2014-08-08,63
ur45908682,vera-dov,veradov4590868276@example.com,2011-06-13,38
ur144853770,oNerdcall,onerdcall14485377054@example.com,2013-06-19,21
ur123389631,peter0969,peter096912338963169@moviefans.com,2002-05-04,49
ur153480845,grollerdel,grollerdel15348084541@moviefans.com,2020-06-15,22
ur44781384,Archbishop,archbishop4478138435@example.com,2014-11-08,39
ur0394322,Enrique-Sa,enriquesa039432223@example.com,1998-11-20,73
ur4453277,ed56,ed56445327727@mail.com,1985-02-05,78
ur2298626,vernoncoff,vernoncoff229862636@mail.com,2025-11-12,28
ur0168343,Mr.Caca,mrcaca016834392@mail.com,2002-03-06,50
ur61354289,andy-66447,andy664476135428947@moviefans.com,2019-09-18,28
ur2084074,keithhooke,keithhooke208407458@mail.com,1967-10-08,58
ur0052471,Nihilon,nihilon005247123@mail.com,2004-01-02,50
ur168983302,Orange_Cru,orangecru16898330238@imdbuser.net,2024-02-11,17
ur104889023,pritol,pritol10488902350@mail.com,2017-06-12,43
ur0112249,Norway1,norway1011224936@moviefans.com,2001-12-19,72
ur3769621,Awakening1,awakening1376962193@mail.com,2016-12-13,26
ur5780597,irishgrl-1,irishgrl1578059753@imdbuser.net,2017-11-16,42
ur106279729,Abdulxoxo,abdulxoxo10627972954@mail.com,2014-07-22,51
ur5088814,c-corleis,ccorleis508881498@imdbuser.net,2019-08-02,21
ur3565400,ghostofdan,ghostofdan356540010@example.com,2010-07-25,26
ur2381592,mid-levels,midlevels238159270@imdbuser.net,2005-05-15,27
ur13362371,luizpaulon,luizpaulon1336237112@moviefans.com,2009-01-03,53
ur1098028,DOGMANDADD,dogmandadd109802843@imdbuser.net,1962-10-27,67
ur0520273,DoobieKeeb,doobiekeeb052027360@imdbuser.net,1963-09-11,73
ur0057085,Leefer,leefer005708512@example.com,2017-07-28,19
ur10426924,palebeachb,palebeachb1042692425@example.com,2014-01-16,22
ur9525789,nikemike44,nikemike44952578935@moviefans.com,2021-09-30,67
ur2068537,joylily514,joylily514206853747@mail.com,2003-03-22,70
ur0329739,Petunia-2,petunia2032973911@example.com,2025-10-25,62
ur1178055,MrGenre,mrgenre117805590@mail.com,1973-08-28,57
ur36069561,thebasedup,thebasedup3606956198@example.com,2002-08-10,37
ur44397388,ModishMovi,modishmovi4439738837@moviefans.com,2005-11-13,36
ur66176521,kirstienne,kirstienne6617652188@example.com,1998-06-28,51
ur45086178,farrinda,farrinda4508617821@example.com,2025-12-06,29
ur33325848,laurenmind,laurenmind3332584896@moviefans.com,2006-11-07,56
ur111354038,courtney_h,courtneyh11135403831@imdbuser.net,1998-07-23,64
ur100317840,huzaifazah,huzaifazah10031784074@example.com,2007-09-22,68
ur66181422,tekintaski,tekintaski6618142287@mail.com,1972-10-10,75
ur8707026,joshm1977,joshm1977870702654@moviefans.com,2022-09-07,36
ur52157185,nick121235,nick1212355215718584@mail.com,2022-09-30,23
ur156015533,schmofldof,schmofldof15601553345@example.com,2018-09-03,23
ur4423006,Horror_Add,horroradd442300677@imdbuser.net,1993-09-12,74
ur1100910,valkyrieh,valkyrieh110091097@imdbuser.net,2009-10-28,29
ur65205095,backup-503,backup5036520509562@imdbuser.net,2009-08-27,34
ur175940945,clarkjackq,clarkjackq17594094587@moviefans.com,1987-07-14,67
ur38191625,mdlwood,mdlwood3819162549@moviefans.com,2015-02-10,17
ur1177659,wpeake,wpeake117765915@imdbuser.net,2014-08-25,15
ur126319704,suxbeinsin,suxbeinsin12631970434@imdbuser.net,1993-03-11,48
ur5369932,tompatseay,tompatseay536993287@moviefans.com,2004-06-30,37
ur92199613,sha-66294,sha662949219961321@moviefans.com,2015-06-29,28
ur94907153,wales-8843,wales88439490715335@moviefans.com,1974-10-18,67
ur3986652,wrcong,wrcong398665227@moviefans.com,1974-03-24,53
ur88936289,alfredoson,alfredoson8893628926@example.com,1989-10-25,68
ur4590703,yodaschoda,yodaschoda459070358@moviefans.com,2018-05-22,50
ur4268743,gmiller8,gmiller8426874344@moviefans.com,1990-04-25,39
ur4304070,ClassicAnd,classicand430407028@example.com,1971-08-08,59
ur96153329,actionhex,actionhex9615332996@mail.com,2016-05-05,76
ur158482950,conrad_wes,conradwes15848295032@mail.com,1981-06-28,58
ur1513328,paulwinnet,paulwinnet151332835@mail.com,2004-10-03,23
ur0756918,supahz-3,supahz3075691817@example.com,2022-11-17,15
ur0800772,sr.durrant,srdurrant080077249@moviefans.com,2009-09-15,20
ur5854360,torquefx,torquefx585436025@imdbuser.net,2010-08-01,37
ur120422330,wonderwoma,wonderwoma12042233073@mail.com,2018-03-16,21
ur26764611,alicias_em,aliciasem2676461181@imdbuser.net,1997-06-18,30
ur174545554,dfssfz,dfssfz17454555449@mail.com,2012-03-25,39
ur22263275,leefraser7,leefraser72226327515@mail.com,1975-03-20,55
ur2224125,ffattahi,ffattahi222412585@imdbuser.net,1997-05-07,58
ur88886235,tkdlifemag,tkdlifemag8888623549@mail.com,1999-10-19,38
ur9082472,pjkdog,pjkdog908247265@mail.com,2002-03-25,66
ur92445891,arvind_mah,arvindmah9244589189@moviefans.com,2021-09-19,22
ur101365546,growingtec,growingtec10136554636@moviefans.com,2014-07-27,19
ur8275461,fronk2964,fronk2964827546160@example.com,2011-09-09,61
ur0825572,btm1,btm1082557292@imdbuser.net,1995-10-21,44
ur30376435,kmich76,kmich763037643554@moviefans.com,2007-04-16,44
ur3180660,devinecomi,devinecomi318066086@mail.com,2008-08-12,53
ur25013943,ursulahema,ursulahema2501394328@example.com,2009-10-03,38
ur0148908,Costu-2,costu2014890846@moviefans.com,1976-08-04,67
ur23494899,susanlesli,susanlesli2349489947@example.com,1988-10-17,79
ur0375186,moo-13,moo13037518620@example.com,2009-09-25,44
ur7685591,mnpdg,mnpdg768559183@moviefans.com,2000-09-07,48
ur1304731,calvertfan,calvertfan130473175@imdbuser.net,2025-10-06,30
ur1884351,MSF1146,msf1146188435144@mail.com,2012-02-07,18
ur4666967,bws042257,bws042257466696765@moviefans.com,1984-10-17,45
ur4609245,chaud_lapi,chaudlapi460924566@moviefans.com,1962-07-21,64
ur5041118,lacarmenci,lacarmenci504111889@imdbuser.net,2016-10-12,79
ur1625671,michaelzst,michaelzst162567174@mail.com,2025-11-22,33
ur0090778,Anth-M,anthm009077872@imdbuser.net,2011-07-28,14
ur37982335,julietgibb,julietgibb3798233525@moviefans.com,2002-11-25,36
ur25911770,Jamin-chap,jaminchap2591177069@mail.com,2018-02-16,55
ur175701590,guilhermes,guilhermes17570159097@imdbuser.net,2022-11-16,54
ur174656161,andnotbefo,andnotbefo17465616133@moviefans.com,2024-08-30,13
ur154633890,travellush,travellush15463389010@mail.com,1985-05-23,40
ur50068723,watchtower,watchtower5006872388@imdbuser.net,1980-04-15,49
ur20656730,dave-3797,dave37972065673051@mail.com,1988-01-23,80
ur2793739,noldcw,noldcw279373999@imdbuser.net,1976-05-16,66
ur57479786,digital_mi,digitalmi5747978655@mail.com,1981-04-19,63
ur1061889,Karl Self,karlself106188940@moviefans.com,2015-06-03,59
ur4564239,xxbogginxx,xxbogginxx456423969@mail.com,2025-03-21,47
ur22526994,valnaut16,valnaut162252699411@imdbuser.net,2023-07-13,30
ur7051754,Simon_Says,simonsays705175439@mail.com,1963-01-02,73
ur15626428,alex-richi,alexrichi1562642882@mail.com,1970-07-10,57
ur1542578,arelx,arelx154257830@mail.com,2021-03-26,28
ur1546574,snazel,snazel154657498@mail.com,2012-11-17,34
ur0865035,tobybarlow,tobybarlow086503546@mail.com,2016-03-18,65
ur3274701,active18yo,active18yo327470146@moviefans.com,1974-11-05,72
ur0447031,gazzo-2,gazzo2044703136@moviefans.com,2008-10-01,48
ur0515675,darko2525,darko2525051567551@example.com,1999-05-01,35
ur15780544,richard-17,richard171578054446@moviefans.com,1961-03-09,77
ur100383623,Real_Revie,realrevie10038362320@example.com,2018-12-21,44
ur64617870,dan_pap,danpap6461787082@moviefans.com,2024-09-19,41
ur0394025,RNMorton,rnmorton039402586@mail.com,2023-03-22,17
ur65362228,sam_smithr,samsmithr6536222887@example.com,1996-08-28,49
ur11214656,dgraham-12,dgraham121121465611@imdbuser.net,2015-11-10,17
ur1070041,Daniel Kar,danielkar107004196@imdbuser.net,1990-12-06,66
ur1640094,johnnymons,johnnymons164009447@imdbuser.net,2000-08-05,46
ur2864203,volpone13,volpone13286420342@imdbuser.net,1991-08-12,42
ur1828453,Silverzero,silverzero182845332@imdbuser.net,1991-03-31,50
ur0960165,duane-21,duane21096016534@example.com,1989-07-01,74
ur4023862,DavidInAus,davidinaus402386237@example.com,2016-02-22,22
ur26585802,Criticalst,criticalst2658580236@mail.com,2019-08-19,49
ur2785106,mylovelyho,mylovelyho278510631@example.com,1979-09-28,55
ur2807557,farflungfl,farflungfl280755741@moviefans.com,2013-01-25,36
ur7472847,tastyhotdo,tastyhotdo747284717@imdbuser.net,1983-11-26,80
ur19530539,gemizok,gemizok1953053971@mail.com,1999-08-16,35
ur5400353,keiichi73,keiichi73540035383@example.com,1989-03-05,66
ur15327507,cosmorados,cosmorados1532750765@example.com,1990-08-23,74
ur9098772,noalpha,noalpha909877262@mail.com,2015-10-11,80
ur23194643,SOB3000,sob30002319464321@mail.com,1993-10-09,37
ur96986120,katean-417,katean4179698612085@example.com,2018-09-12,30
ur19551212,rossoncall,rossoncall1955121225@example.com,2013-07-07,28
ur17548749,MairegCher,mairegcher1754874928@mail.com,2018-10-10,36
ur22900282,mporter828,mporter8282290028270@moviefans.com,1995-11-16,60
ur19638780,mattramsde,mattramsde1963878022@mail.com,1996-07-21,66
ur24944685,NinetyEigh,ninetyeigh2494468545@example.com,2004-04-02,46
ur5268658,da_lowdown,dalowdown526865872@imdbuser.net,2006-05-14,55
ur1189763,umyde,umyde118976315@example.com,2008-01-07,46
ur0450396,Canhenha,canhenha045039625@moviefans.com,2005-06-11,66
ur1900526,imauter,imauter190052667@moviefans.com,1995-03-10,55
ur1960072,Rufus-T,rufust196007235@moviefans.com,2020-02-23,26
ur3077595,reddeath61,reddeath61307759513@example.com,2014-11-23,19
ur0170749,chrisw-3,chrisw3017074977@mail.com,2011-04-18,78
ur16184504,Fishkinist,fishkinist1618450448@example.com,2011-09-05,32
ur0030805,N.L.,nl003080574@moviefans.com,2020-06-21,30
ur11859145,cfrank-6,cfrank61185914531@moviefans.com,2012-09-17,36
ur17327569,dmy62,dmy621732756971@example.com,2015-11-26,17
ur118397183,661jda,661jda11839718381@moviefans.com,1993-09-16,40
ur3192976,marcosagua,marcosagua319297687@example.com,1972-08-09,62
ur0055543,Curtin-3,curtin3005554393@example.com,2005-09-19,47
ur1142410,Derek237,derek237114241079@moviefans.com,2008-10-02,75
ur1658239,kmogg569,kmogg569165823910@moviefans.com,1984-01-29,43
ur5055825,wrlj2,wrlj2505582588@moviefans.com,2022-09-05,14
ur0927458,nyiballs,nyiballs092745857@imdbuser.net,1963-07-06,75
ur6981752,runamokpro,runamokpro698175286@mail.com,2004-09-29,65
ur36246296,aciessi,aciessi3624629638@example.com,2000-09-27,57
ur1888886,Cineanalys,cineanalys188888621@mail.com,1959-03-03,70
ur23467315,chas437,chas4372346731598@imdbuser.net,2020-11-29,13
ur0003548,voodoo,voodoo000354872@imdbuser.net,1991-12-25,63
ur154060593,petrakthem,petrakthem15406059371@imdbuser.net,1996-06-09,36
ur11875330,jafdip,jafdip1187533045@mail.com,1983-02-24,70
ur59541971,marijabuku,marijabuku5954197150@moviefans.com,1979-02-11,78
ur18374284,MrDHWong,mrdhwong1837428471@imdbuser.net,1985-11-22,80
ur52343944,NDbportman,ndbportman5234394452@mail.com,2014-04-21,53
ur55556669,chickpeabl,chickpeabl5555666913@moviefans.com,2024-11-16,37
ur45918710,vaporsolut,vaporsolut4591871068@example.com,1999-11-09,28
ur20901845,carth2,carth22090184520@moviefans.com,1982-01-14,66
ur156284822,jamessmitt,jamessmitt15628482257@imdbuser.net,1996-05-26,38
ur0243625,lover101,lover101024362528@mail.com,2013-12-03,44
ur1657894,rebeljenn,rebeljenn165789478@example.com,2001-11-29,38
ur61174703,nokkie-681,nokkie6816117470399@moviefans.com,2013-01-15,25
ur3395598,Kenneth_Lo,kennethlo339559846@example.com,2006-03-15,30
ur1512959,pudgefan7,pudgefan7151295922@mail.com,1997-12-10,45
ur0293561,ses-4,ses4029356121@example.com,2024-01-04,16
ur187612216,lucaselvag,lucaselvag18761221659@mail.com,2000-04-28,37
ur143199174,bbdenney,bbdenney14319917432@example.com,1994-05-14,57
ur1162550,movieman_k,moviemank116255079@example.com,1997-08-10,42
ur48921036,geenam,geenam4892103659@mail.com,1998-03-30,35
ur88669644,fastdiablo,fastdiablo8866964420@example.com,1960-03-09,78
ur22805290,leonardcon,leonardcon2280529038@imdbuser.net,2001-12-02,32
ur0358997,Geff,geff035899798@imdbuser.net,2001-02-06,25
ur47371355,aydinberah,aydinberah4737135587@imdbuser.net,2025-08-25,44
ur3446219,dhaufrect-,dhaufrect344621978@mail.com,1984-12-19,58
ur26850725,Johnny_Hin,johnnyhin2685072551@imdbuser.net,2005-12-10,21
ur2387061,wiper04,wiper04238706155@mail.com,1982-03-16,70
ur0554276,madpinto-2,madpinto2055427621@imdbuser.net,1992-01-05,44
ur0292482,dewey22,dewey22029248257@mail.com,2016-11-18,15
ur0264857,JAM-21,jam21026485758@moviefans.com,1967-12-29,66
ur1804579,attorneywm,attorneywm180457990@imdbuser.net,2007-11-10,35
ur38396245,ramsri007,ramsri0073839624519@mail.com,2012-09-24,29
ur0196000,nick944,nick944019600070@moviefans.com,2018-07-04,74
ur1492922,Lozbee2000,lozbee2000149292270@example.com,1982-04-22,46
ur1908551,Space_Mafu,spacemafu190855187@mail.com,2023-01-04,25
ur17438952,dungeonstu,dungeonstu1743895297@mail.com,2022-03-25,51
ur12095293,Fimma,fimma1209529325@example.com,1965-06-25,70
ur1124991,Julian W,julianw112499154@moviefans.com,2014-01-22,19
ur0091816,Curly-10,curly10009181662@example.com,2004-10-14,45
ur2962084,shantaar-1,shantaar1296208461@imdbuser.net,2022-01-08,16
ur0149638,K8-2,k82014963890@example.com,2018-05-12,64
ur0364637,goregirl,goregirl036463713@moviefans.com,2002-11-24,39
ur58852341,zdarov,zdarov5885234132@imdbuser.net,2023-07-31,28
ur5234309,tinyfolk,tinyfolk523430914@imdbuser.net,2014-07-17,66
ur70023809,fstapleton,fstapleton7002380994@mail.com,2023-04-18,38
ur33532272,benimation,benimation3353227250@moviefans.com,1989-02-19,79
ur70080074,mimicho333,mimicho3337008007499@example.com,1970-07-19,73
ur54427144,greenyboy0,greenyboy05442714467@imdbuser.net,1956-06-03,72
ur16620405,scotttilmo,scotttilmo1662040514@moviefans.com,1987-05-29,62
ur24700341,n-kefala,nkefala2470034195@moviefans.com,2004-11-01,25
ur19556601,TheJediWay,thejediway1955660197@mail.com,2008-09-15,23
ur6446190,Monsoon77,monsoon77644619045@mail.com,1985-04-24,49
ur4347760,classiccas,classiccas434776096@imdbuser.net,2020-10-08,71
ur16576889,mikely115,mikely1151657688942@moviefans.com,2005-07-21,27
ur9490226,vas_defere,vasdefere949022647@imdbuser.net,2007-06-04,69
ur90868255,educalleje,educalleje9086825514@imdbuser.net,2005-08-24,40
ur20864078,robin_dhan,robindhan2086407822@moviefans.com,2006-12-13,24
ur20821273,movie-goer,moviegoer2082127330@moviefans.com,2024-10-12,42
ur20841838,scorpionlg,scorpionlg2084183871@moviefans.com,2009-06-02,25
ur20810375,filmmanic9,filmmanic92081037563@imdbuser.net,1980-12-17,76
ur8734084,trevor-joh,trevorjoh873408471@moviefans.com,2017-07-04,54
ur22953649,docThugx,docthugx2295364910@mail.com,2000-02-02,33
ur7382296,xploratio,xploratio738229693@example.com,1988-07-05,52
ur20855540,gbowles76,gbowles762085554017@mail.com,2000-06-26,51
ur176496717,MarkLoting,markloting17649671791@mail.com,2010-11-12,16
ur5907175,cwbellor,cwbellor590717565@moviefans.com,1995-12-17,44
ur0170610,Falkeep,falkeep017061014@example.com,2014-12-21,34
ur88895193,keneda-055,keneda0558889519331@moviefans.com,2011-02-24,76
ur9669609,el_Vasco,elvasco966960912@mail.com,2008-04-22,46
ur0093983,Stealth-5,stealth5009398365@example.com,2018-10-27,74
ur1409915,cliftonofu,cliftonofu140991573@mail.com,2018-07-11,21
ur21915405,Gorillaboi,gorillaboi2191540582@moviefans.com,2004-12-14,29
ur89799951,mardalsfos,mardalsfos8979995128@mail.com,1971-07-03,58
ur45963665,bartonj241,bartonj2414596366553@imdbuser.net,2010-07-19,18
ur19860411,gricey_san,griceysan1986041160@mail.com,2023-02-11,48
ur51696294,Skruffbagg,skruffbagg5169629428@moviefans.com,2021-04-08,17
ur121071625,herlim-528,herlim52812107162592@example.com,2007-12-09,22
ur17951371,p-dinning,pdinning1795137166@moviefans.com,2010-03-25,43
ur64463558,rishis-289,rishis2896446355887@imdbuser.net,2009-04-29,65
ur1296093,mrnews97,mrnews97129609381@moviefans.com,1998-05-11,58
ur157587819,jmclane-57,jmclane5715758781930@example.com,1997-03-28,45
ur0212224,garpo,garpo021222467@mail.com,1995-08-13,33
ur115126741,avinduguna,avinduguna11512674190@imdbuser.net,2024-02-23,59
ur1259455,Mr Nuff,mrnuff125945521@moviefans.com,2008-01-06,58
ur171889536,tracym-339,tracym33917188953631@moviefans.com,2016-09-18,32
ur66108686,ninjawaite,ninjawaite6610868696@imdbuser.net,1975-06-21,71
ur0069772,Paul-65,paul65006977257@moviefans.com,1993-04-02,39
ur0615105,matzucker,matzucker061510514@moviefans.com,1992-08-02,38
ur0166317,len-21,len21016631746@example.com,2025-10-02,15
ur22092805,gstoo513,gstoo5132209280574@mail.com,1978-03-02,53
ur19151711,colinrgeor,colinrgeor1915171169@imdbuser.net,1999-05-17,62
ur2072443,ChungMo,chungmo207244343@mail.com,2007-11-23,61
ur0786645,sitenoise,sitenoise078664525@moviefans.com,2016-05-27,36
ur19778077,stefankore,stefankore1977807717@imdbuser.net,1989-02-21,62
ur7888387,allenroger,allenroger788838713@mail.com,1971-02-13,74
ur8906420,paper-revo,paperrevo890642031@example.com,1967-06-16,77
ur4939383,benjamin_l,benjaminl493938379@moviefans.com,2010-06-11,80
ur118314825,theanomalo,theanomalo11831482588@example.com,2006-10-18,78
ur1332696,TheCrowSpa,thecrowspa133269694@mail.com,2020-05-15,13
ur2603067,xnrat,xnrat260306774@imdbuser.net,2023-09-11,72
ur78625763,honest_rev,honestrev7862576320@moviefans.com,2018-03-29,44
ur4058428,Headdy,headdy405842848@example.com,1993-04-19,58
ur2673522,in_no_big_,innobig267352219@mail.com,2011-04-23,64
ur62864456,oldschoolb,oldschoolb6286445647@imdbuser.net,1998-10-21,28
ur111820304,tcaldwell-,tcaldwell11182030441@example.com,2024-04-01,13
ur11501486,smooth_op_,smoothop1150148682@moviefans.com,2017-08-02,62
ur4431674,richard-73,richard73443167442@example.com,2009-12-23,24
ur8459010,tysonholle,tysonholle845901054@mail.com,2023-03-23,46
ur11358734,gangstahip,gangstahip1135873479@example.com,2015-10-06,20
ur0103667,Cockney-2,cockney2010366793@mail.com,1986-04-26,61
ur4879617,jmcgee321,jmcgee321487961788@example.com,1979-05-15,48
ur25959556,nonmomo44,nonmomo442595955657@moviefans.com,2000-05-10,26
ur140950032,ciegasordo,ciegasordo14095003289@imdbuser.net,2005-07-17,56
ur20578654,allpavel,allpavel2057865451@mail.com,1971-03-23,55
ur4511861,kabee76,kabee76451186166@example.com,1970-04-18,67
ur9685521,tohu,tohu968552142@moviefans.com,1967-11-03,60
ur14394371,colinmetca,colinmetca1439437127@mail.com,1998-08-03,56
ur8875864,slkosior,slkosior887586419@mail.com,2019-04-13,17
ur3824053,a_isabelle,aisabelle382405329@example.com,2025-03-18,13
ur7572651,motormouth,motormouth757265160@moviefans.com,1985-05-19,40
ur27174817,Jesse_Ung,jesseung2717481728@example.com,1987-06-09,47
ur7481993,kyanberu,kyanberu748199363@example.com,2000-01-22,58
ur87446486,seriouscri,seriouscri8744648692@imdbuser.net,2015-06-29,46
ur75993740,sannerborg,sannerborg7599374079@mail.com,2019-04-09,62
ur78809202,Holger-New,holgernew7880920217@imdbuser.net,2005-03-16,46
ur27264869,markfranh,markfranh2726486963@moviefans.com,1988-06-30,48
ur10542030,stephen-62,stephen621054203054@mail.com,2003-12-02,80
ur64186158,dariocrun,dariocrun6418615838@imdbuser.net,2020-05-09,37
ur23533745,dsnider-79,dsnider792353374516@mail.com,1991-08-09,41
ur19212266,briandconn,briandconn1921226621@imdbuser.net,2014-09-09,14
ur19618961,itachi618,itachi6181961896197@imdbuser.net,2001-07-18,29
ur21795952,jamesgill-,jamesgill2179595276@example.com,1990-12-04,70
ur1834062,cpbadgeman,cpbadgeman183406230@example.com,1978-10-26,57
ur26578226,wandernn1-,wandernn12657822665@mail.com,2025-04-08,34
ur5115132,gilligan-1,gilligan1511513244@mail.com,1997-04-28,32
ur19788393,filmmaniac,filmmaniac1978839391@imdbuser.net,2000-02-01,26
ur100772530,kohzad,kohzad10077253017@mail.com,2006-12-19,62
ur4025773,dfle3,dfle3402577330@mail.com,2000-10-24,52
ur64776278,kit_dwyer,kitdwyer6477627854@mail.com,2023-03-12,31
ur0459380,abe-27,abe27045938055@mail.com,2025-11-01,76
ur0286671,Mario64,mario64028667117@example.com,2004-07-16,61
ur8613034,mrs-anne,mrsanne861303484@moviefans.com,1983-02-10,44
ur83663459,tmarshik-4,tmarshik48366345947@mail.com,1992-10-17,79
ur35318898,tensorbund,tensorbund3531889830@mail.com,2024-07-14,15
ur0140203,JerBear-2,jerbear2014020338@imdbuser.net,1999-05-13,51
ur0842118,reismark,reismark084211837@imdbuser.net,1973-05-30,77
ur0366448,rmax_50,rmax50036644834@imdbuser.net,2004-07-16,80
ur18288255,kovacevicm,kovacevicm1828825581@example.com,1966-02-06,76
ur1880681,silverfish,silverfish188068138@example.com,1988-09-29,80
ur79036594,circusinte,circusinte7903659495@moviefans.com,2010-08-10,26
ur2348177,PrincessBo,princessbo234817767@moviefans.com,2003-01-10,47
ur2349663,vlvetmorni,vlvetmorni234966344@mail.com,2024-10-28,13
ur2551789,godspeedyo,godspeedyo255178978@moviefans.com,1993-12-01,66
ur0725100,qrt7,qrt7072510099@moviefans.com,1961-12-04,65
ur4903247,minoulove,minoulove490324745@mail.com,1983-05-03,70
ur10711341,Gershom517,gershom5171071134113@example.com,1983-04-25,64
ur20832780,eddie_7611,eddie76112083278024@example.com,2018-04-15,18
ur5246345,thorntons,thorntons524634542@example.com,2018-01-04,51
ur78937844,gatorgus-8,gatorgus87893784414@moviefans.com,2008-10-27,23
ur22079910,jgroveswar,jgroveswar2207991080@example.com,1999-01-03,36
ur40874933,tmcnurse3-,tmcnurse34087493356@imdbuser.net,2008-06-13,43
ur55160193,vandeman-s,vandemans5516019380@example.com,2006-11-18,20
ur134107995,Zi_Reviews,zireviews13410799583@moviefans.com,2009-05-11,73
ur14870868,reixin,reixin1487086858@example.com,2012-08-02,38
ur62416123,sammyfinla,sammyfinla6241612395@imdbuser.net,1993-06-16,54
ur25443284,Jenpen361,jenpen3612544328417@example.com,2020-05-26,24
ur86949987,jacktrinde,jacktrinde8694998756@example.com,2019-07-19,13
ur69104637,zezma,zezma6910463799@moviefans.com,2003-05-05,36
ur94355855,hisgreeney,hisgreeney9435585588@moviefans.com,2023-02-17,22
ur31209420,pierkarlez,pierkarlez3120942047@imdbuser.net,2022-10-24,19
ur57477967,glori1491,glori14915747796746@mail.com,1996-11-10,70
ur63074232,fsmith-325,fsmith3256307423265@mail.com,1973-07-14,55
ur24421201,asamiblue1,asamiblue12442120195@example.com,2004-11-26,51
ur54287257,johnny-bur,johnnybur5428725755@moviefans.com,2015-10-25,66
ur63857399,CANpatbuck,canpatbuck6385739910@example.com,2004-12-05,68
ur4236962,schubej-1,schubej1423696219@mail.com,2011-09-05,78
ur0153234,Rattrap007,rattrap007015323435@example.com,1972-03-15,56
ur9002335,vogonford,vogonford900233538@moviefans.com,2010-09-09,22
ur0736698,palaste,palaste073669872@moviefans.com,2004-02-11,29
ur0557895,connick-2,connick2055789530@example.com,2017-02-09,33
ur0406773,Asteri-Aty,asteriaty040677362@imdbuser.net,1995-05-18,43
ur20752323,doctortard,doctortard2075232322@moviefans.com,2009-06-11,75
ur1144824,jane-42,jane42114482411@mail.com,2024-02-26,28
ur0538081,tonyhic,tonyhic053808157@imdbuser.net,2001-09-07,31
ur2268806,uruseiranm,uruseiranm226880652@mail.com,2012-02-02,14
ur3573020,whitefalco,whitefalco357302015@mail.com,2013-03-28,62
ur60982640,trishcuffa,trishcuffa6098264056@moviefans.com,2022-05-22,50
ur24085266,Johnny-the,johnnythe2408526679@moviefans.com,1986-07-19,50
ur0359766,servofan,servofan035976616@moviefans.com,2025-08-11,46
ur2070542,polenta3,polenta3207054270@example.com,2008-06-02,42
ur0318486,dgs,dgs031848652@imdbuser.net,2017-01-17,78
ur10124982,lpersons-2,lpersons21012498235@moviefans.com,1989-11-02,50
ur0193190,rbatty,rbatty019319076@moviefans.com,2025-07-30,22
ur1039935,Placemat,placemat103993591@mail.com,1975-07-03,63
ur3811310,cpdickenso,cpdickenso381131094@moviefans.com,1995-11-27,51
ur31376824,bayardhile,bayardhile3137682488@mail.com,2023-01-09,38
ur10776598,squanjaili,squanjaili1077659812@example.com,1989-09-14,79
ur0108562,Morgan-10,morgan10010856297@mail.com,2023-10-18,43
ur0512298,rejoefrank,rejoefrank051229823@moviefans.com,2022-01-04,14
ur0020979,TedA-2,teda2002097963@imdbuser.net,2013-10-02,63
ur30433511,triley603,triley6033043351177@imdbuser.net,1998-08-23,61
ur7343974,newfiesail,newfiesail734397469@mail.com,2007-06-02,73
ur1451711,lghmgrfran,lghmgrfran145171129@moviefans.com,2012-03-02,30
ur30274890,Michael-Ha,michaelha3027489043@mail.com,2009-12-05,27
ur22062182,adam-1894,adam18942206218225@imdbuser.net,1990-12-17,68
ur43907543,lcherresse,lcherresse4390754357@moviefans.com,2022-08-12,52
ur137354986,shaniamazi,shaniamazi13735498687@mail.com,1986-02-24,40
ur0633574,jackmeat,jackmeat063357437@mail.com,2007-05-05,79
ur37068802,alexmarkwh,alexmarkwh3706880251@example.com,2001-02-15,70
ur4142929,bigervin,bigervin414292929@example.com,1973-04-13,58
ur1823313,amykatheri,amykatheri182331383@moviefans.com,2013-04-09,29
ur16594937,dyl_gon,dylgon1659493743@example.com,1985-05-29,45
ur3380255,skidiskadi,skidiskadi338025565@imdbuser.net,1997-06-17,49
ur4097832,DonJohn80,donjohn80409783286@imdbuser.net,2018-01-13,58
ur7289270,starwarsal,starwarsal728927024@mail.com,2008-09-08,24
ur0511409,Sic Coyote,siccoyote051140989@example.com,2020-10-04,61
ur188817382,bmorganrev,bmorganrev18881738275@moviefans.com,2004-04-15,37
ur6994989,haxan-1,haxan1699498989@moviefans.com,2005-11-15,38
ur1289951,NateF88,natef88128995146@imdbuser.net,2023-07-11,49
ur1143305,Nahret,nahret114330549@imdbuser.net,2005-02-16,76
ur72493569,KaiOlaf,kaiolaf7249356950@mail.com,2018-11-17,13
ur105555636,chrisbriel,chrisbriel10555563657@example.com,2005-02-05,70
ur1157937,tramsbotto,tramsbotto115793754@moviefans.com,1996-02-17,30
ur4079402,jamiecoste,jamiecoste407940275@moviefans.com,2008-09-03,23
ur2512513,IMSandman,imsandman251251316@mail.com,2012-04-09,35
ur1115357,experten,experten111535781@example.com,2001-05-27,59
ur0533320,whynotwrit,whynotwrit053332067@mail.com,1982-05-19,46
ur2163357,pgstreby,pgstreby216335773@example.com,1963-05-27,66
ur13161067,chosenone2,chosenone21316106779@example.com,2014-01-28,14
ur19466050,megco-1,megco11946605047@imdbuser.net,1999-02-17,27
ur2500244,kgz00,kgz00250024442@mail.com,2004-10-16,53
ur7136844,deanbean31,deanbean31713684439@moviefans.com,2014-07-12,21
ur15288449,psypeterso,psypeterso1528844999@imdbuser.net,1985-05-19,68
ur19500312,Tralala_Qu,tralalaqu1950031230@imdbuser.net,2023-11-08,19
ur19504783,inyourimag,inyourimag1950478379@example.com,1992-07-26,53
ur17770136,nickf-17,nickf171777013644@moviefans.com,1976-10-28,49
ur15842134,Dshannon-8,dshannon81584213413@example.com,1996-05-17,31
ur173195860,comedyfan7,comedyfan717319586037@example.com,1973-07-16,62
ur5776032,Matttttttt,matttttttt577603232@example.com,1983-10-06,79
ur19605470,djewson,djewson1960547072@mail.com,2001-09-22,41
ur15652788,j-burke-2,jburke21565278885@example.com,1998-01-01,80
ur24616813,GLanoue,glanoue2461681327@moviefans.com,1969-07-01,66
ur61955106,chera_khal,cherakhal6195510642@mail.com,1967-08-09,66
ur67902729,TheMovieDi,themoviedi6790272967@imdbuser.net,2014-06-30,78
ur174172678,jacalpakis,jacalpakis17417267819@moviefans.com,2019-12-20,33
ur155916223,avelise35,avelise3515591622354@mail.com,1997-02-23,42
ur4136571,maricam,maricam413657174@mail.com,2024-01-08,63
ur53563325,josephines,josephines5356332540@example.com,2005-01-30,29
ur26911073,ph-swinnen,phswinnen2691107313@imdbuser.net,1955-07-15,78
ur34677199,ipekevamy,ipekevamy3467719965@example.com,2013-02-11,16
ur30266300,rdg45,rdg453026630033@imdbuser.net,2008-07-29,40
ur5867816,AmbushBug2,ambushbug2586781614@mail.com,2013-01-02,17
ur23578147,ryokan_wc,ryokanwc2357814730@moviefans.com,2023-01-27,65
ur19762555,amalank,amalank1976255546@example.com,2012-12-20,67
ur130735861,kxsinc,kxsinc13073586110@imdbuser.net,2000-02-27,37
ur35642927,TheNorwegi,thenorwegi3564292733@moviefans.com,2024-05-22,39
ur24209688,corneliuss,corneliuss2420968860@example.com,2000-03-15,33
ur33697461,disgruntle,disgruntle3369746127@moviefans.com,2015-02-15,59
ur22233817,Ben_Horror,benhorror2223381798@mail.com,2000-08-29,62
ur10498869,JeffTheBad,jeffthebad1049886972@moviefans.com,2018-12-12,46
ur34510295,projectxcl,projectxcl3451029588@mail.com,1959-09-22,71
ur80290013,ashecatlin,ashecatlin8029001388@example.com,1983-01-17,64
ur34712604,samarth-sr,samarthsr3471260467@imdbuser.net,1996-09-15,78
ur192392549,KhlystoWil,khlystowil19239254968@mail.com,2006-06-13,38
ur34471681,mrooney98,mrooney983447168189@mail.com,2010-03-11,36
ur0107067,Snatchy,snatchy010706717@example.com,2012-09-23,68
ur129463910,elect_mich,electmich12946391036@example.com,2001-01-15,60
ur2144047,umiboozu,umiboozu214404716@moviefans.com,2004-03-17,40
ur1097934,craigbenti,craigbenti109793488@imdbuser.net,1993-07-25,54
ur0851351,spirou666,spirou666085135127@moviefans.com,2020-02-07,16
ur0097928,rex-10,rex10009792868@moviefans.com,2020-04-22,42
ur5281445,agent52,agent52528144541@example.com,2014-02-08,49
ur2669687,wakethenun,wakethenun266968771@moviefans.com,2021-11-21,51
ur0020028,joker-4,joker4002002848@example.com,2003-12-04,49
ur0193278,kiki-13,kiki13019327883@mail.com,1983-11-19,47
ur62023298,Denno1972,denno19726202329899@moviefans.com,2008-03-18,21
ur12080398,quadbastar,quadbastar1208039874@example.com,1994-10-17,76
ur2947213,paullouis,paullouis294721362@moviefans.com,1992-06-07,75
ur0313579,Polymath,polymath031357971@imdbuser.net,1992-12-16,52
ur0129405,Niro,niro012940510@moviefans.com,1960-02-09,66
ur0260921,Paul-209,paul209026092127@moviefans.com,2006-12-08,68
ur60889328,Mechagoji7,mechagoji76088932859@mail.com,1988-09-11,55
ur113688030,adgourley,adgourley11368803047@mail.com,2025-02-12,70
ur164033999,kentchurch,kentchurch16403399955@mail.com,2012-12-29,23
ur6853356,collingonz,collingonz685335620@example.com,2004-08-11,23
ur7970661,inglis-5,inglis5797066170@moviefans.com,2007-11-01,43
ur15422565,monomagazi,monomagazi1542256536@example.com,2017-05-12,21
ur1265906,Rick_Bman,rickbman126590664@example.com,1995-12-21,60
ur12262397,abernant_8,abernant81226239754@imdbuser.net,1989-02-12,60
ur7635660,moimoichan,moimoichan763566040@mail.com,2013-04-24,45
ur4889578,VoiceOfEur,voiceofeur488957852@example.com,2018-12-26,67
ur25979927,FilmFreak9,filmfreak92597992741@mail.com,2018-01-30,20
ur5512905,Seamus2829,seamus2829551290587@imdbuser.net,1975-08-30,62
ur19660539,crey014,crey0141966053926@moviefans.com,2016-01-08,33
ur5913911,Stephen_W,stephenw591391196@imdbuser.net,1997-10-05,35
ur2116666,teh_mode,tehmode211666679@moviefans.com,1990-03-10,61
ur18759647,MacacoBand,macacoband1875964791@imdbuser.net,1991-06-12,49
ur0965527,colettespl,colettespl096552797@mail.com,1996-06-08,69
ur3128889,tinstar_,tinstar312888949@example.com,1994-11-03,49
ur3335137,Damian_Pie,damianpie333513751@example.com,2009-10-16,56
ur161984389,aanikk,aanikk16198438959@mail.com,2014-06-09,18
ur3945876,Grigory_th,grigoryth394587679@mail.com,2025-10-23,24
ur0077881,Gambitt,gambitt007788143@example.com,1999-08-09,37
ur67657862,ritesh2k,ritesh2k6765786255@mail.com,1997-03-14,56
ur2224426,meako1973,meako1973222442676@imdbuser.net,2021-07-03,59
ur107200034,ziancara,ziancara10720003483@moviefans.com,1985-12-30,44
ur130933029,jedove-809,jedove80913093302977@moviefans.com,2017-05-08,70
ur4202527,Kudos_King,kudosking420252797@mail.com,2017-01-24,67
ur118961119,MAYESY-44,mayesy4411896111919@mail.com,1987-02-27,59
ur1124428,tsnow0071,tsnow0071112442866@example.com,2020-02-14,35
ur5858633,Xpect25,xpect25585863394@mail.com,2024-04-29,66
ur40344535,y-bouayad,ybouayad4034453592@moviefans.com,2014-01-10,46
ur0400969,Andy B-8,andyb8040096930@imdbuser.net,1991-08-18,47
ur192465876,ExternalFl,externalfl19246587619@example.com,2012-08-23,40
ur4903328,ingemar-4,ingemar4490332882@moviefans.com,1982-07-27,49
ur2377906,erikd71,erikd71237790682@mail.com,1965-10-05,70
ur10691128,movieed1,movieed11069112860@imdbuser.net,2018-05-05,25
ur2214855,Broadsword,broadsword221485541@mail.com,2014-03-27,41
ur9314016,sharpobjec,sharpobjec931401638@mail.com,1957-05-22,71
ur0716542,tyheyn,tyheyn071654231@moviefans.com,2022-05-01,21
ur0156164,NolanSorre,nolansorre015616492@moviefans.com,2006-10-03,31
ur19234230,b_buddy1,bbuddy11923423089@mail.com,2011-06-14,23
ur2368825,MF210,mf210236882558@imdbuser.net,1969-08-18,59
ur2809796,Manthorpe,manthorpe280979680@imdbuser.net,2005-05-24,53
ur0781142,famsmith,famsmith078114234@imdbuser.net,2004-12-02,58
ur7270245,joediduca,joediduca727024589@example.com,1982-03-11,75
ur17028062,williamala,williamala1702806218@moviefans.com,2017-07-13,64
ur192212332,RaggedEdge,raggededge19221233241@mail.com,2002-09-09,28
ur1511503,dogge84,dogge84151150332@mail.com,2020-05-25,17
ur0206544,MarilynMan,marilynman020654436@moviefans.com,2006-04-08,29
ur66504633,arturmacha,arturmacha6650463323@example.com,1987-10-19,57
ur99432745,rop1,rop19943274558@example.com,2012-10-23,39
ur151795625,tmwdance,tmwdance15179562575@mail.com,2017-01-20,74
ur0194347,jeffy-3,jeffy3019434758@moviefans.com,1963-09-09,66
ur0807367,edinger,edinger080736795@imdbuser.net,2022-12-24,77
ur0276586,rj-27,rj27027658663@example.com,2015-04-09,19
ur187050000,DramaDiva_,dramadiva18705000093@example.com,2008-01-18,79
ur0113964,ChiGrrl,chigrrl011396441@imdbuser.net,2023-07-19,29
ur0129384,Ace-38,ace38012938419@moviefans.com,2021-11-28,56
ur0147408,richie-17,richie17014740830@example.com,2019-05-26,38
ur20268643,vinay_payy,vinaypayy2026864312@example.com,2017-08-23,74
ur24455668,nikhil-dam,nikhildam2445566895@example.com,2005-11-22,48
ur38168268,gauravshar,gauravshar3816826894@moviefans.com,1985-01-26,70
ur26557471,vivek-rama,vivekrama2655747120@mail.com,2019-09-19,18
ur38181015,leonambik,leonambik3818101598@imdbuser.net,2001-12-27,71
ur40032021,kamalbeeee,kamalbeeee4003202134@example.com,1957-04-02,78
ur38163701,dcoolsam,dcoolsam3816370131@imdbuser.net,1997-05-16,31
ur36352718,siddhantgi,siddhantgi3635271837@moviefans.com,2024-10-11,54
ur27631512,naw_nwa,nawnwa2763151235@mail.com,1999-01-15,62
ur12093936,emailgrant,emailgrant1209393624@mail.com,2003-12-21,22
ur2798372,NewEngland,newengland279837249@mail.com,2018-01-17,30
ur1214854,DJAkin,djakin121485434@imdbuser.net,1975-10-31,55
ur20148724,cfredk,cfredk2014872490@imdbuser.net,1961-09-21,65
ur48337412,compugor,compugor4833741241@mail.com,2009-06-14,75
ur55513445,Easygoer10,easygoer105551344519@example.com,2016-10-08,19
ur0295380,MrPink-11,mrpink11029538048@moviefans.com,2017-08-26,19
ur111740015,jonny_tyke,jonnytyke11174001551@moviefans.com,2022-10-19,19
ur2824004,superbyell,superbyell282400448@imdbuser.net,2022-07-28,17
ur47349517,BobbyT24,bobbyt244734951789@example.com,1976-03-03,74
ur0869640,settember,settember086964062@moviefans.com,1962-01-20,70
ur0661973,Jodelle,jodelle066197388@example.com,2023-06-17,35
ur6438761,awild,awild643876139@moviefans.com,2008-07-27,18
ur2514558,rapt0r_cla,rapt0rcla251455833@mail.com,1994-02-26,37
ur17420086,evan-1031,evan10311742008654@mail.com,1989-10-30,37
ur1500205,Thunderbuc,thunderbuc150020571@imdbuser.net,1995-01-23,66
ur120895496,aberrsary,aberrsary12089549614@imdbuser.net,2001-03-28,37
ur2184184,pgear83,pgear83218418462@example.com,2013-08-11,51
ur6588565,Lisa329,lisa329658856561@imdbuser.net,2024-07-27,58
ur3852093,mfranc-1,mfranc1385209319@moviefans.com,2025-11-14,44
ur2463980,cs100,cs100246398020@imdbuser.net,2017-05-29,18
ur76461215,kellernail,kellernail7646121593@imdbuser.net,2005-06-23,22
ur2402868,iCrazyDave,icrazydave240286817@mail.com,2001-06-15,77
ur39319631,almanjit25,almanjit253931963172@example.com,2023-03-08,62
ur98906416,GiraffeDoo,giraffedoo9890641634@moviefans.com,2021-07-07,39
ur2795874,mambododi,mambododi279587463@moviefans.com,1993-05-06,64
ur1187307,Lupercali,lupercali118730767@example.com,2011-08-27,26
ur16558990,raulfaust,raulfaust1655899098@imdbuser.net,2003-09-11,62
ur13305749,podreader,podreader1330574986@moviefans.com,2005-10-03,76
ur169676095,rogerselli,rogerselli16967609513@moviefans.com,2019-10-27,70
ur183967703,jenniferno,jenniferno18396770391@mail.com,2007-07-30,80
ur0106054,Vampyr-4,vampyr4010605433@example.com,2025-09-08,25
ur185447693,bobshirunc,bobshirunc18544769318@moviefans.com,1984-11-09,42
ur6340449,nickpal198,nickpal198634044923@imdbuser.net,1999-11-12,34
ur60427201,maeshamahm,maeshamahm6042720185@mail.com,1987-12-30,76
ur179821616,djbeardpap,djbeardpap17982161659@imdbuser.net,1998-03-31,34
ur4081963,RequiredFi,requiredfi408196376@moviefans.com,2019-09-23,76
ur11901761,wchngliu,wchngliu1190176197@example.com,2014-05-09,49
ur78566523,jayjaycee,jayjaycee7856652374@example.com,1967-03-20,63
ur0728478,Neo-212,neo212072847854@mail.com,1987-06-13,43
ur177382003,dillahunty,dillahunty17738200371@imdbuser.net,2011-12-05,68
ur3122475,joaquinnq,joaquinnq312247571@example.com,2010-09-11,70
ur155502368,abcxyz-944,abcxyz94415550236881@moviefans.com,1956-02-20,72
ur65848985,melodyjarr,melodyjarr6584898567@mail.com,1993-08-20,60
ur61982614,Vanillaalm,vanillaalm6198261455@imdbuser.net,2006-12-25,21
ur90455008,jleeharris,jleeharris9045500826@example.com,1997-12-03,54
ur22307248,er_ouz,erouz2230724850@imdbuser.net,1989-10-08,79
ur59445224,annettedha,annettedha5944522482@moviefans.com,1979-11-07,66
ur19809159,nesdon-2,nesdon21980915948@imdbuser.net,2022-10-05,29
ur34194450,corpsman12,corpsman123419445036@mail.com,2004-12-26,30
ur127347397,andrewlkoc,andrewlkoc12734739719@example.com,2008-10-26,21
ur68648939,codydennis,codydennis6864893934@imdbuser.net,2024-04-24,77
ur66659361,mehmet-469,mehmet4696665936163@moviefans.com,2011-04-10,56
ur67876523,nate-car,natecar6787652398@mail.com,2015-08-21,33
ur32596803,stefanor99,stefanor993259680356@imdbuser.net,1978-08-28,76
ur60349151,LesbianToL,lesbiantol6034915131@moviefans.com,1967-03-28,80
ur65716852,kevin_newd,kevinnewd6571685269@moviefans.com,1997-03-13,32
ur119255475,dongray-30,dongray3011925547536@moviefans.com,1976-12-26,57
ur16833436,mycannonba,mycannonba1683343670@example.com,2018-10-23,74
ur4359936,DJBlackSwa,djblackswa435993651@moviefans.com,2012-01-16,23
ur0533796,regenerati,regenerati053379659@mail.com,2001-11-13,69
ur0205348,Bill-276,bill276020534852@imdbuser.net,1971-07-06,56
ur4496495,madbandit2,madbandit2449649564@example.com,2012-06-11,17
ur68660855,Somesweetk,somesweetk6866085571@moviefans.com,2017-05-04,25
ur3873998,tonibonner,tonibonner387399851@imdbuser.net,2007-07-10,19
ur5554064,body_elec,bodyelec555406414@mail.com,2006-03-15,46
ur4077770,kdrobin,kdrobin407777033@example.com,1997-05-30,51
ur6684589,ranwulf,ranwulf668458998@mail.com,2004-04-23,67
ur0152481,Duncan-12,duncan12015248127@moviefans.com,2009-03-05,17
ur65603659,fpkovers,fpkovers6560365919@moviefans.com,1978-08-29,71
ur7122911,larry-411,larry411712291158@mail.com,2011-10-27,49
ur12803775,ericjams,ericjams1280377558@example.com,1977-04-06,79
ur4974723,quelindofi,quelindofi497472375@mail.com,2000-06-06,26
ur7773019,InterLNK,interlnk777301919@mail.com,2000-06-13,76
ur22870653,buttercupj,buttercupj2287065332@moviefans.com,2003-12-07,31
ur16164892,PaulyC,paulyc1616489224@mail.com,2005-03-06,66
ur3501350,ivyjoaqer,ivyjoaqer350135035@example.com,1999-09-20,46
ur4807562,DelBongo,delbongo480756253@example.com,2016-05-08,66
ur15250055,stef_nijss,stefnijss1525005559@imdbuser.net,1994-10-09,45
ur84421527,WooderIce6,wooderice68442152786@example.com,1995-07-26,61
ur67545096,chrispule,chrispule6754509657@imdbuser.net,2025-01-31,37
ur7141244,johnandphe,johnandphe714124467@moviefans.com,1975-07-07,67
ur23035446,jpcjcpd,jpcjcpd2303544675@imdbuser.net,1968-03-09,69
ur35133431,bobbywell,bobbywell3513343139@mail.com,1964-09-26,62
ur62314101,tavismelvi,tavismelvi6231410183@mail.com,2018-09-15,60
ur80246391,AnInspirat,aninspirat8024639115@moviefans.com,2024-04-30,49
ur30637326,Finfrosk86,finfrosk863063732684@imdbuser.net,1961-12-09,73
ur86347001,andrewgwil,andrewgwil8634700189@example.com,2004-08-13,77
ur73033350,ygunawan-1,ygunawan17303335084@example.com,2005-09-17,24
ur58883538,JuliandeJo,juliandejo5888353851@mail.com,2016-03-04,36
ur80500138,quiquepere,quiquepere8050013887@imdbuser.net,1988-08-25,68
ur74889225,harisharvi,harisharvi7488922520@example.com,1990-06-23,38
ur58138844,natsuka_ar,natsukaar5813884460@example.com,2016-09-21,21
ur33328758,dzanar-353,dzanar3533332875842@moviefans.com,2003-08-15,23
ur1846795,poopville,poopville184679596@imdbuser.net,2006-07-10,40
ur153555894,deruytterw,deruytterw15355589414@mail.com,1984-07-31,54
ur107515161,waqassalee,waqassalee10751516124@mail.com,1960-08-17,71
ur7152435,airsoftqua,airsoftqua715243548@mail.com,2000-10-01,41
ur87883164,trevir-501,trevir5018788316411@mail.com,2000-03-02,43
ur58333376,lastjosh,lastjosh5833337654@example.com,2014-04-03,34
ur88533011,ryanmillso,ryanmillso8853301195@mail.com,2021-12-28,79
ur110636396,jacobmeyer,jacobmeyer11063639626@example.com,2003-06-25,76
ur18069921,skidrow68,skidrow681806992129@example.com,1999-06-10,54
ur111893749,FlikJedi71,flikjedi7111189374961@moviefans.com,1953-05-13,79
ur44602866,Spooderman,spooderman4460286615@moviefans.com,1970-04-05,56
ur15220815,lehoucq,lehoucq1522081564@moviefans.com,1980-09-26,71
ur71412964,steffanvar,steffanvar7141296451@mail.com,2014-04-08,19
ur89333295,nikcoppin,nikcoppin8933329518@imdbuser.net,1971-11-12,72
ur96207747,dark_parad,darkparad9620774792@imdbuser.net,2023-11-25,29
ur121469905,amclean-03,amclean0312146990528@example.com,1962-12-27,67
ur1654188,km004a5534,km004a5534165418841@moviefans.com,2021-07-06,41
ur32424014,annspad1,annspad13242401483@mail.com,2001-02-14,69
ur23433714,tnt80808,tnt808082343371498@example.com,2011-10-02,25
ur10617075,captelepha,captelepha1061707566@imdbuser.net,2022-09-14,34
ur22523506,juliet-sta,julietsta2252350686@imdbuser.net,2004-02-10,25
ur68121174,captaindoc,captaindoc6812117466@example.com,2009-01-27,39
ur20781972,kirk-246,kirk2462078197286@moviefans.com,2017-07-06,77
ur2693101,jawbreaker,jawbreaker269310161@moviefans.com,2004-03-06,44
ur15067074,SeanDTheFi,seandthefi1506707447@mail.com,1975-07-28,65
ur22102907,anna_desu,annadesu2210290767@imdbuser.net,2018-04-04,31
ur4621292,paulglen,paulglen462129261@imdbuser.net,2011-09-23,16
ur9156968,roffma,roffma915696813@mail.com,2000-06-19,28
ur22159946,colindeane,colindeane2215994613@example.com,1984-01-01,77
ur4231429,asteinfi2,asteinfi2423142991@example.com,2010-04-13,63
ur0331648,goya-4,goya4033164883@example.com,1976-09-13,65
ur23062922,bigverybad,bigverybad2306292247@example.com,2006-04-17,31
ur2608802,KUAlum26,kualum26260880263@example.com,2014-09-28,21
ur6427171,SusanAdebi,susanadebi642717162@mail.com,2016-08-26,66
ur4949547,Merklin,merklin494954722@mail.com,2003-09-12,38
ur50889252,gwaterloo,gwaterloo5088925264@imdbuser.net,2002-01-14,54
ur6044957,elprofessi,elprofessi604495760@imdbuser.net,1984-04-03,42
ur4217643,Blackout2K,blackout2k421764357@imdbuser.net,2005-12-04,47
ur9987791,vivianlabe,vivianlabe998779196@example.com,2023-06-05,20
ur5946089,mystywolf,mystywolf594608954@example.com,2008-09-14,20
ur6402677,nived84,nived84640267781@moviefans.com,2023-06-07,56
ur14578106,hsirrapyes,hsirrapyes1457810682@moviefans.com,1959-04-02,74
ur19956219,tburke85,tburke851995621969@imdbuser.net,2017-12-01,19
ur0908789,w00f,w00f090878919@imdbuser.net,2015-07-11,40
ur4908703,friedem0n2,friedem0n2490870335@mail.com,2023-09-19,26
ur5424488,technut,technut542448855@mail.com,2013-07-16,25
ur1834355,juanram67,juanram67183435571@mail.com,2014-02-03,18
ur40236642,Sy1975,sy19754023664253@moviefans.com,2004-05-09,43
ur32916489,silvana-33,silvana333291648966@example.com,2021-01-18,46
ur9552132,SpidermanP,spidermanp955213219@moviefans.com,2023-04-10,79
ur10947896,dltabor,dltabor1094789676@imdbuser.net,1993-07-29,41
ur6964517,noodleboy1,noodleboy1696451738@example.com,2019-12-12,74
ur71629917,brett-7626,brett76267162991719@example.com,2020-06-26,47
ur17139955,Breaking_E,breakinge1713995529@imdbuser.net,2004-04-04,39
ur12536000,amy-parker,amyparker1253600048@example.com,2024-06-29,21
ur53178700,fionduffie,fionduffie5317870098@moviefans.com,1965-09-15,65
ur11914729,boboscoote,boboscoote1191472925@imdbuser.net,2009-05-31,45
ur9702542,shibbs1,shibbs1970254273@imdbuser.net,2000-03-11,71
ur6648711,carthik_s,carthiks664871151@imdbuser.net,1988-12-13,40
ur11716661,AlyssaMC05,alyssamc051171666158@moviefans.com,2022-10-05,17
ur1731605,aalexakisf,aalexakisf173160585@example.com,2000-10-31,46
ur13842876,presbyr,presbyr1384287619@mail.com,2010-11-18,42
ur11047094,fishbasket,fishbasket1104709425@example.com,2003-01-15,40
ur3469144,radonner,radonner346914448@mail.com,2012-05-07,38
ur1781873,Patrick_Al,patrickal178187367@example.com,1993-07-26,39
ur2085823,Mulholland,mulholland208582398@example.com,1982-10-08,43
ur1858652,burgovisio,burgovisio185865249@imdbuser.net,1956-05-27,76
ur3424686,lonepal,lonepal342468646@mail.com,2024-03-07,37
ur0728175,auberus,auberus072817561@moviefans.com,1963-01-12,63
ur4120034,peapulatio,peapulatio412003478@imdbuser.net,1986-08-21,64
ur0482520,andrew7,andrew7048252045@imdbuser.net,1994-02-13,47
ur4133779,loenk,loenk413377944@example.com,2008-11-20,39
ur0020332,kayester,kayester002033215@mail.com,1990-05-01,36
ur26779655,werefox08,werefox082677965560@moviefans.com,2016-12-12,17
ur0507542,Bevan - #4,bevan4050754218@imdbuser.net,1973-11-18,62
ur17822437,sme_no_den,smenoden1782243766@imdbuser.net,2014-04-06,38
ur5440386,Incalculac,incalculac544038635@imdbuser.net,2024-08-20,62
ur20431315,thefilmguy,thefilmguy2043131539@example.com,1984-08-01,62
ur29451454,jeenius711,jeenius7112945145477@moviefans.com,2009-04-13,40
ur25271929,quickstick,quickstick2527192951@moviefans.com,2008-04-16,60
ur52478674,keatongroo,keatongroo5247867493@mail.com,2022-05-03,67
ur1158617,kgprophet,kgprophet115861762@mail.com,2009-07-08,22
ur51757949,Antoneo-Jo,antoneojo5175794911@imdbuser.net,1999-02-06,43
ur0385918,mcfly-31,mcfly31038591835@mail.com,2020-12-10,30
ur5393846,socchiato,socchiato539384673@imdbuser.net,2024-01-19,15
ur9096041,grizzledge,grizzledge909604188@imdbuser.net,2012-05-15,16
ur0646050,znowhite01,znowhite01064605062@moviefans.com,2000-08-10,59
ur0549076,whitesheik,whitesheik054907692@imdbuser.net,1997-01-27,64
ur0181268,Cletus-3,cletus3018126830@moviefans.com,2016-01-31,25
ur111941233,yormajesty,yormajesty11194123370@imdbuser.net,2008-10-01,51
ur42335644,dillymac25,dillymac254233564430@moviefans.com,2001-02-28,57
ur125171281,GOWBTW-5ST,gowbtw5st12517128151@example.com,1983-10-20,66
ur8676805,trevormerr,trevormerr867680516@mail.com,2012-01-31,70
ur8898313,lauriemar,lauriemar889831374@mail.com,1985-07-16,69
ur1069062,WriterDave,writerdave106906267@imdbuser.net,1967-09-29,72
ur4987743,evo8mr,evo8mr498774344@moviefans.com,1988-12-17,77
ur4389152,february2n,february2n438915269@example.com,2005-07-11,51
ur7214872,newjerseym,newjerseym721487228@example.com,2006-03-25,68
ur2305768,gpmovie,gpmovie230576846@example.com,2006-12-06,19
ur22818951,kindredpar,kindredpar2281895124@moviefans.com,2019-10-12,13
ur0017446,MSpikes82,mspikes82001744637@example.com,1993-10-25,57
ur66608471,weinstockd,weinstockd6660847172@imdbuser.net,1996-06-09,59
ur109186594,keikoyoshi,keikoyoshi10918659498@moviefans.com,2010-06-12,26
ur94005246,JoshuaMerc,joshuamerc9400524613@example.com,1976-09-09,73
ur112851243,nicolelgra,nicolelgra11285124354@example.com,1979-03-11,69
ur43741171,augustinas,augustinas4374117145@mail.com,2022-06-23,16
ur0715302,filmtravel,filmtravel071530296@imdbuser.net,2008-01-18,27
ur22066568,Avwillfan8,avwillfan82206656818@example.com,2021-07-14,31
ur196629847,MicheleAng,micheleang19662984748@imdbuser.net,1998-01-19,44
ur0131901,Sees All,seesall013190182@mail.com,2025-02-03,50
ur71206074,heavenreed,heavenreed7120607497@imdbuser.net,2020-05-30,80
ur151892703,a-43373,a4337315189270371@imdbuser.net,1987-10-16,75
ur194477554,momiroljac,momiroljac19447755470@example.com,1983-11-25,44
ur161865050,tartare,tartare16186505044@imdbuser.net,1979-12-08,48
ur194322925,epapageorg,epapageorg19432292561@mail.com,2025-11-25,33
ur23884917,anton-nesc,antonnesc2388491754@moviefans.com,2015-05-16,22
ur5408756,urthpainte,urthpainte540875626@imdbuser.net,1997-01-11,74
ur24013354,thinkMovie,thinkmovie2401335491@mail.com,2020-10-03,21
ur26741316,isaac-razo,isaacrazo2674131634@example.com,2013-12-23,28
ur72182117,tammytimta,tammytimta7218211785@imdbuser.net,2019-04-01,59
ur68179599,omar-gener,omargener6817959948@imdbuser.net,1991-08-30,43
ur105099700,timjanosko,timjanosko10509970013@mail.com,2011-06-08,64
ur21023630,kiahrex,kiahrex2102363019@moviefans.com,2002-04-15,31
ur101706157,gino-69858,gino6985810170615761@mail.com,1996-04-29,51
ur56686269,lovethesun,lovethesun5668626918@example.com,1998-03-08,28
ur46037360,pmousarris,pmousarris4603736023@mail.com,2017-12-08,44
ur19676866,tgchan,tgchan1967686658@example.com,2012-07-06,77
ur23391960,pensacolac,pensacolac2339196056@example.com,2018-05-16,24
ur20297885,in-imdb-1,inimdb12029788556@imdbuser.net,2013-08-10,27
ur109818812,gunzerandr,gunzerandr10981881267@mail.com,2022-05-25,35
ur125855938,Furious4ng,furious4ng12585593877@mail.com,1988-04-22,70
ur56093348,derbigpr,derbigpr5609334829@mail.com,1976-03-10,61
ur5371457,reginac23,reginac23537145717@mail.com,2019-12-10,26
ur4191552,Cunnilingi,cunnilingi419155223@example.com,2019-04-13,41
ur38687981,damn-eth,damneth3868798194@moviefans.com,2024-03-14,21
ur28152442,xfirerushx,xfirerushx2815244279@mail.com,1971-05-20,69
ur118449960,willwatch,willwatch11844996017@mail.com,2018-06-07,42
ur0007613,somf,somf000761350@example.com,2020-08-17,54
ur125188068,siris-9687,siris968712518806829@example.com,2005-05-10,27
ur100184345,weition,weition10018434578@example.com,2012-10-01,30
ur37892465,raphaklopp,raphaklopp3789246514@example.com,1989-02-16,44
ur4841445,keevanmacl,keevanmacl484144573@moviefans.com,1998-07-26,44
ur1464230,spynine,spynine146423054@mail.com,2011-08-17,71
ur11977758,themadmull,themadmull1197775852@imdbuser.net,1967-12-20,60
ur102976668,arraychann,arraychann10297666890@mail.com,1973-02-22,70
ur0783448,omega317,omega317078344847@imdbuser.net,2011-11-28,35
ur2662948,docchainsa,docchainsa266294890@imdbuser.net,2002-11-13,28
ur68013213,corychiare,corychiare6801321313@imdbuser.net,2020-11-27,64
ur1027502,PayOrPlay,payorplay102750286@imdbuser.net,2018-09-29,27
ur0022136,Deacon,deacon002213662@example.com,1997-03-24,73
ur2427256,Dragonlew,dragonlew242725650@imdbuser.net,2020-05-15,27
ur0571894,chronwood,chronwood057189476@mail.com,1999-12-30,34
ur2430391,mycroft717,mycroft717243039194@example.com,1983-12-01,64
ur8864154,MetalGeek,metalgeek886415484@moviefans.com,1966-02-16,67
ur1536039,Matador07,matador07153603932@mail.com,1983-07-14,43
ur2559933,tenohtwo,tenohtwo255993326@imdbuser.net,2022-10-19,60
ur0778794,kenandraf,kenandraf077879446@example.com,1974-02-11,68
ur1208844,trappjl,trappjl120884455@example.com,1986-10-29,44
ur9525534,nursenicki,nursenicki952553442@moviefans.com,1990-10-27,61
ur24560917,MarcoLara,marcolara2456091728@example.com,2021-04-21,13
ur0461223,CptPtnia,cptptnia046122345@mail.com,2021-10-09,43
ur29707948,WalterSopr,waltersopr2970794828@moviefans.com,1984-08-08,63
ur31464766,TheFilmGuy,thefilmguy3146476648@imdbuser.net,2021-03-04,59
ur8572037,totalwonde,totalwonde857203743@mail.com,2017-01-01,51
ur50336805,i-accept-m,iacceptm5033680528@example.com,1983-11-19,67
ur39229604,LiamCullen,liamcullen3922960425@example.com,2009-09-29,38
ur50671534,haveyousee,haveyousee5067153438@mail.com,2019-11-25,18
ur35513146,bigmystery,bigmystery3551314677@example.com,1997-07-26,36
ur21332861,ziyaaliyev,ziyaaliyev2133286170@moviefans.com,2012-01-14,43
ur36527471,tyse1,tyse13652747154@imdbuser.net,2023-06-06,45
ur3770129,Carlmmm,carlmmm377012916@imdbuser.net,1979-03-14,74
ur50122213,v-paige-sm,vpaigesm5012221322@imdbuser.net,2003-01-24,43
ur23909420,Joe_Chadow,joechadow2390942033@imdbuser.net,2013-09-10,26
ur11103562,youngman44,youngman441110356240@moviefans.com,2019-07-08,80
ur170545466,steveinrow,steveinrow17054546641@mail.com,2012-12-24,19
ur22459928,irelands-t,irelandst2245992825@moviefans.com,2007-08-26,29
ur22301934,GirishGowd,girishgowd2230193443@mail.com,1992-04-02,48
ur3415866,TheotherSa,theothersa341586665@example.com,1999-09-25,35
ur17593096,bluestrat7,bluestrat71759309615@example.com,1996-09-22,45
ur16376845,fred-m-sta,fredmsta1637684563@mail.com,1994-11-17,32
ur6200564,garfield27,garfield27620056444@imdbuser.net,1991-08-08,58
ur19494088,nk8350,nk83501949408824@mail.com,2014-11-22,42
ur1471802,risen_feen,risenfeen147180231@moviefans.com,2011-12-06,24
ur22402411,criscbs,criscbs2240241139@mail.com,1968-08-01,71
ur5358902,itamarscom,itamarscom535890250@moviefans.com,1959-07-11,67
ur19788272,Critics-R-,criticsr1978827286@example.com,2022-03-21,75
ur1133600,angeliki_s,angelikis113360047@mail.com,1988-08-08,44
ur0200644,DanB-4,danb4020064436@imdbuser.net,1956-01-22,79
ur103302922,v-56289,v5628910330292291@imdbuser.net,1998-06-02,55
ur84933366,TimelessFl,timelessfl8493336621@imdbuser.net,1977-02-15,79
ur0655549,Aw-komon,awkomon065554958@moviefans.com,2002-09-30,30
ur2163707,gelobter,gelobter216370732@imdbuser.net,2012-02-15,62
ur8406248,dcldan,dcldan840624873@example.com,2012-11-04,28
ur0991437,allan-57,allan57099143761@example.com,2004-07-11,49
ur0215306,Anthony-23,anthony23021530621@imdbuser.net,2023-08-22,14
ur0262224,Apollo-14,apollo14026222461@moviefans.com,2015-12-12,30
ur23248110,chrisl22-7,chrisl2272324811039@imdbuser.net,2019-02-09,71
ur17536277,foxtografo,foxtografo1753627738@moviefans.com,1993-08-06,63
ur0920063,derekranki,derekranki092006332@imdbuser.net,2023-04-04,36
ur3525420,alnora1227,alnora1227352542071@example.com,1967-03-16,62
ur22165212,billie_won,billiewon2216521280@example.com,2025-05-25,67
ur25847908,dogancanya,dogancanya2584790896@example.com,2008-02-04,25
ur60979124,kimiemegan,kimiemegan6097912448@imdbuser.net,1983-11-17,58
ur75904101,Nnk26991,nnk269917590410157@moviefans.com,2017-04-24,36
ur91524167,ludgateman,ludgateman9152416738@mail.com,2021-02-01,36
ur30222621,ijacobs3,ijacobs33022262172@imdbuser.net,2011-08-22,48
ur83940145,mblakey33,mblakey338394014529@moviefans.com,2010-12-29,56
ur21048613,H_Petterss,hpetterss2104861399@moviefans.com,1987-11-25,52
ur33037410,atprick,atprick3303741084@moviefans.com,1977-01-29,53
ur51491426,harry-hart,harryhart5149142663@mail.com,2025-02-05,14
ur29016269,liz-amin,lizamin2901626994@example.com,1957-07-13,76
ur2150438,jhechotek,jhechotek215043861@example.com,2010-11-26,48
ur87541665,ellieonlif,ellieonlif8754166590@example.com,2014-07-09,62
ur89270360,MekkaMax,mekkamax8927036034@example.com,2017-02-05,24
ur42429605,eefseaff,eefseaff4242960581@mail.com,1996-05-18,39
ur64579839,thepriceof,thepriceof6457983910@mail.com,1986-06-10,41
ur48834556,ryanbartle,ryanbartle4883455670@moviefans.com,1993-08-20,43
ur2834358,NxNWRocks,nxnwrocks283435875@mail.com,2018-08-14,49
ur17934803,gcats-1,gcats11793480353@mail.com,2008-12-21,23
ur20529796,jjnxn-1,jjnxn12052979641@mail.com,2007-09-13,74
ur3483544,pmcguireum,pmcguireum348354419@imdbuser.net,2017-01-30,64
ur0234891,Angeneer,angeneer023489141@example.com,1987-06-01,47
ur130122628,Luv2Spooge,luv2spooge13012262826@mail.com,2016-03-31,15
ur157972240,HorrorDisa,horrordisa15797224074@moviefans.com,1958-01-07,71
ur1951049,m0rg16,m0rg16195104967@example.com,1985-07-30,67
ur1235781,mahlbowski,mahlbowski123578116@moviefans.com,1983-01-21,70
ur134967931,jeremyrhes,jeremyrhes13496793194@imdbuser.net,1989-05-17,38
ur2438754,lenkam99,lenkam99243875482@moviefans.com,2019-07-18,30
ur55098716,badfeeling,badfeeling5509871644@moviefans.com,1982-08-13,72
ur44965663,Movie_Rati,movierati4496566373@mail.com,1983-11-14,78
ur1933844,SILV3R,silv3r193384497@moviefans.com,1994-02-15,35
ur3224260,HawkHerald,hawkherald322426086@example.com,2022-12-20,52
ur1217890,basrutten,basrutten121789050@example.com,1998-05-14,35
ur1801826,shu-fen,shufen180182666@example.com,2016-11-13,49
ur0311501,gonz30,gonz30031150152@mail.com,1989-06-11,57
ur2937243,hms66,hms66293724318@mail.com,2015-11-30,15
ur0843947,emurray-2,emurray2084394735@imdbuser.net,1965-09-15,78
ur61538123,charlywile,charlywile6153812378@mail.com,2016-01-10,15
ur6385373,mart-45,mart45638537390@moviefans.com,2025-06-25,65
ur37212373,AtosaR,atosar3721237337@imdbuser.net,2004-12-13,63
ur3727426,selffamily,selffamily372742646@mail.com,2018-01-14,13
ur0519873,Honkon,honkon051987329@imdbuser.net,2020-09-15,63
ur100890406,tatumjaati,tatumjaati10089040680@imdbuser.net,2008-02-06,28
ur8775445,paulharhen,paulharhen877544573@mail.com,1983-06-18,46
ur154712350,profkrings,profkrings15471235053@example.com,2012-02-28,40
ur13996020,dbowkerD,dbowkerd1399602060@imdbuser.net,2020-02-25,20
ur133003750,alexscott-,alexscott13300375083@moviefans.com,1997-03-09,60
ur105136670,becky-9234,becky923410513667091@example.com,1992-05-19,59
ur1209937,tombell,tombell120993779@example.com,1958-04-13,69
ur0950583,Phoenix-10,phoenix10095058341@imdbuser.net,2014-04-11,37
ur1044488,stev7708,stev7708104448861@mail.com,1995-09-22,75
ur67380232,stevencase,stevencase6738023256@example.com,2002-09-20,38
ur81972572,rradosti,rradosti8197257260@example.com,2001-12-21,28
ur3720069,dasa108,dasa108372006993@imdbuser.net,1974-04-29,74
ur0352972,Notraxxs,notraxxs035297234@example.com,2000-07-10,79
ur3829306,M0KUJIN,m0kujin382930686@moviefans.com,1968-01-13,59
ur1431492,siperry,siperry143149220@example.com,1996-04-16,41
ur1281264,JokerSwan,jokerswan128126441@example.com,1991-11-03,50
ur14519807,moviemania,moviemania1451980748@moviefans.com,2000-07-31,44
ur9399445,watbarr,watbarr939944534@example.com,1955-10-20,78
ur9204229,moviefan81,moviefan81920422928@mail.com,2016-02-18,66
ur3308239,shnizzedy,shnizzedy330823932@imdbuser.net,2019-08-14,15
ur21962932,vampiremeg,vampiremeg2196293236@imdbuser.net,1957-03-22,78
ur18357245,eli_down,elidown1835724588@imdbuser.net,1996-02-09,64
ur23566679,niamh-94,niamh942356667963@moviefans.com,2021-01-02,79
ur6628705,stuart_a_m,stuartam662870532@moviefans.com,2002-07-03,23
ur8897760,vampirbg,vampirbg889776086@imdbuser.net,2012-07-11,41
ur20608959,randy31-2,randy3122060895913@imdbuser.net,1994-07-22,37
ur22206875,hazy_cosmo,hazycosmo2220687550@imdbuser.net,1989-09-10,63
ur3407758,RoamingTig,roamingtig340775875@mail.com,2000-04-10,39
ur0917116,Hotoil,hotoil091711616@imdbuser.net,2009-04-12,23
ur1809182,m3boo,m3boo180918231@mail.com,2020-10-23,58
ur4458751,catman2u,catman2u445875175@imdbuser.net,1972-04-10,80
ur1079979,jbaker-1,jbaker1107997976@imdbuser.net,1974-01-31,70
ur41724333,bazmitch23,bazmitch234172433339@imdbuser.net,2002-06-29,59
ur1644551,hollywood_,hollywood164455176@moviefans.com,1973-05-24,64
ur1105218,the_ox_67,theox67110521842@imdbuser.net,2001-04-28,77
ur0212795,dkare,dkare021279536@mail.com,1991-03-14,58
ur0922427,pkjohna,pkjohna092242751@example.com,1971-11-24,65
ur4632904,JAzar1015,jazar1015463290446@example.com,2014-04-27,17
ur94867333,actionstar,actionstar9486733384@moviefans.com,1988-07-12,54
ur2624573,Charleston,charleston262457389@mail.com,1962-08-27,71
ur0098574,DrLoomis-2,drloomis2009857433@mail.com,2014-11-10,35
ur0545502,manipool,manipool054550286@imdbuser.net,1997-10-28,32
ur1077822,stevetseit,stevetseit107782227@example.com,1991-04-17,44
ur1050917,Igraine99,igraine99105091749@mail.com,1996-03-19,56
ur1648028,maury_mark,maurymark164802816@imdbuser.net,2008-09-22,51
ur1060998,pattersons,pattersons106099846@imdbuser.net,2020-02-18,21
ur52600820,TheOneThat,theonethat5260082066@imdbuser.net,1991-11-15,69
ur67536224,nvrevnwith,nvrevnwith6753622473@mail.com,2013-01-02,36
ur22602358,jcmcclurg,jcmcclurg2260235849@moviefans.com,2018-11-21,19
ur0586914,mercury-26,mercury26058691427@mail.com,1994-09-07,54
ur118990491,davegir-45,davegir4511899049167@example.com,2021-11-16,74
ur7462253,irish23,irish23746225343@moviefans.com,2017-03-20,37
ur24012125,russd-863-,russd8632401212584@mail.com,2011-08-23,23
ur7639116,MadamTampi,madamtampi763911689@mail.com,2016-09-20,35
ur1131936,naequeenbe,naequeenbe113193642@moviefans.com,2011-11-11,14
ur26531473,reguizar,reguizar2653147389@mail.com,2009-08-17,18
ur25427036,michaelber,michaelber2542703690@moviefans.com,1996-01-18,38
ur0608898,barberoux,barberoux060889874@moviefans.com,1966-07-17,78
ur7581746,cnlawson20,cnlawson20758174670@moviefans.com,1997-12-21,45
ur77366818,v_danilovi,vdanilovi7736681824@example.com,1968-10-11,77
ur65630430,AhmedSpiel,ahmedspiel6563043083@example.com,2022-08-25,31
ur3274830,timdalton0,timdalton0327483047@moviefans.com,2025-09-24,36
ur155920847,andromaro,andromaro15592084746@imdbuser.net,1975-06-26,64
ur35638721,Seth_Rogue,sethrogue3563872195@mail.com,2009-10-15,31
ur4135196,benjamin1w,benjamin1w413519610@moviefans.com,2010-05-17,47
ur0895095,Clarice-5,clarice5089509519@example.com,1962-05-06,75
ur0988531,louise2104,louise2104098853177@mail.com,1987-03-04,43
ur0769291,mlturner,mlturner076929161@example.com,2002-02-14,38
ur2802544,jeeper_whi,jeeperwhi280254456@imdbuser.net,1985-01-20,54
ur3478705,cafm,cafm347870536@example.com,2002-05-19,28
ur67711563,stugood-07,stugood076771156381@imdbuser.net,2007-10-26,39
ur0643791,kay.franey,kayfraney064379154@imdbuser.net,2003-07-01,45
ur0600431,kline-2,kline2060043135@example.com,2014-12-11,20
ur14179339,miknerak,miknerak1417933992@example.com,1955-01-19,79
ur23829088,johnny-301,johnny3012382908811@mail.com,2002-09-07,77
ur10678667,DriftedSno,driftedsno1067866761@imdbuser.net,2007-05-12,41
ur3481388,astrautz,astrautz348138880@example.com,2015-06-24,16
ur2244141,daveym4964,daveym4964224414156@moviefans.com,2025-11-25,20
ur1699674,agirlwhore,agirlwhore169967498@example.com,1993-05-20,47
ur0676148,hornypimp7,hornypimp7067614846@moviefans.com,1999-10-23,67
ur178504667,kdcapel,kdcapel17850466731@mail.com,1963-05-21,65
ur106893032,amytudorin,amytudorin10689303240@example.com,1999-12-06,53
ur3313572,hokeybutt,hokeybutt331357218@example.com,1985-10-31,53
ur4643304,aaroncleme,aaroncleme464330490@mail.com,2007-02-28,22
ur166126317,hamzaarifs,hamzaarifs16612631772@example.com,2009-06-02,53
ur18622219,aheaven200,aheaven2001862221965@moviefans.com,2016-11-17,26
ur59283656,kareemamga,kareemamga5928365676@mail.com,2019-08-14,48
ur1500468,undsosache,undsosache150046884@mail.com,2009-12-20,42
ur4328588,travisyoun,travisyoun432858821@imdbuser.net,2009-02-03,42
ur88297882,elizabethd,elizabethd8829788237@mail.com,2024-07-15,18
ur0065475,lbk,lbk006547525@moviefans.com,1979-08-24,50
ur1546343,VisionThin,visionthin154634322@mail.com,2019-08-05,49
ur0594166,eraceheadd,eraceheadd059416668@example.com,2025-02-23,29
ur56417966,lucas_mrz,lucasmrz5641796664@imdbuser.net,2000-04-26,51
ur8816732,unge_werth,ungewerth881673269@moviefans.com,2000-11-21,75
ur15779613,mahatmakan,mahatmakan1577961378@example.com,2004-01-13,22
ur0312166,fink-6,fink6031216666@example.com,2013-05-10,69
ur4555408,p_radulesc,pradulesc455540859@moviefans.com,1991-07-31,40
ur0441080,lexm4,lexm4044108075@moviefans.com,1963-10-13,65
ur198023868,FaberFilmF,faberfilmf19802386860@mail.com,1986-09-12,66
ur97425274,hoangtranc,hoangtranc9742527438@imdbuser.net,1997-10-02,33
ur20856013,scottfmail,scottfmail2085601392@imdbuser.net,2016-05-14,21
ur100147162,Darkside-R,darksider10014716290@mail.com,2009-10-10,60
ur124070089,aidenpeder,aidenpeder12407008959@mail.com,1989-12-31,43
ur0216394,Terr32,terr32021639493@mail.com,1995-06-19,49
ur0614266,greg-253,greg253061426621@example.com,1992-01-02,48
ur66469369,varminttan,varminttan6646936953@imdbuser.net,1992-07-02,56
ur84233405,inclusussc,inclusussc8423340515@mail.com,2018-07-30,15
ur2359373,DeadpoolX,deadpoolx235937397@mail.com,2019-07-11,22
ur0460699,Alan One,alanone046069982@example.com,1986-04-08,72
ur35965350,coasterdud,coasterdud3596535019@mail.com,2001-10-19,71
ur10268063,dan-j-rook,danjrook1026806345@moviefans.com,1986-07-16,42
ur1110533,samba4,samba4111053329@mail.com,2014-02-15,16
ur112951188,charlesrab,charlesrab11295118872@moviefans.com,1990-12-14,38
ur2388003,FlorisV,florisv238800323@moviefans.com,2007-07-03,61
ur0896077,PaulLondon,paullondon089607747@moviefans.com,2020-11-11,38
ur0148410,UprTupr,uprtupr014841056@imdbuser.net,2011-05-26,31
ur1255465,simondavie,simondavie125546581@moviefans.com,2008-09-04,57
ur108150403,RalphRahal,ralphrahal10815040339@imdbuser.net,2015-11-19,21
ur4555708,Patuquitos,patuquitos455570895@mail.com,1980-05-01,70
ur0110683,jeff-90,jeff90011068389@imdbuser.net,1998-05-03,41
ur12384161,joellen835,joellen8351238416143@imdbuser.net,1986-11-22,75
ur2519211,spamred,spamred251921120@example.com,1985-08-11,50
ur1950217,TimeForChi,timeforchi195021732@imdbuser.net,2002-05-12,39
ur1242365,jcradio,jcradio124236511@example.com,2021-07-26,25
ur29068845,littleted,littleted2906884515@moviefans.com,1963-03-12,76
ur19557729,suebiscuit,suebiscuit1955772989@mail.com,2008-05-29,39
ur147145674,reeceicy,reeceicy14714567441@mail.com,2022-01-12,43
ur6945795,mjscarface,mjscarface694579513@mail.com,1997-09-10,78
ur0553590,stefanerik,stefanerik055359044@example.com,2005-07-28,60
ur1125206,MadReviewe,madreviewe112520611@example.com,2022-02-22,66
ur0946536,adam_ahmad,adamahmad094653679@imdbuser.net,1959-02-22,77
ur21889438,sanscraint,sanscraint2188943832@imdbuser.net,2022-03-26,47
ur13158239,MacKrazy,mackrazy1315823976@mail.com,2002-09-19,80
ur42778699,thomasalex,thomasalex4277869986@mail.com,1970-04-23,72
ur104617522,erentuna-9,erentuna910461752221@mail.com,2023-12-13,25
ur194632263,EmmaTaylor,emmataylor19463226337@moviefans.com,1980-05-06,72
ur0946581,sundance14,sundance14094658195@imdbuser.net,2025-04-17,69
ur1879678,CelluloidW,celluloidw187967871@mail.com,2018-05-11,18
ur0397314,gein,gein039731413@example.com,1981-09-21,50
ur1031596,kkcoold,kkcoold103159617@mail.com,2013-04-16,38
ur1551510,deenfoxx,deenfoxx155151030@moviefans.com,2012-10-21,17
ur51294955,RavenGlamD,ravenglamd5129495581@imdbuser.net,2010-05-15,58
ur0846645,soulglo,soulglo084664572@example.com,1975-06-19,51
ur1111735,CHendri887,chendri887111173574@imdbuser.net,2001-04-01,78
ur0214587,slats-3,slats3021458759@moviefans.com,2002-12-29,66
ur0228352,fooms,fooms022835263@example.com,1996-01-15,63
ur0233963,Pursewarde,pursewarde023396354@imdbuser.net,2001-05-20,26
ur1096449,acurrie2,acurrie2109644997@moviefans.com,1996-11-29,72
ur84439928,sugardaddy,sugardaddy8443992835@imdbuser.net,2003-11-18,36
ur53622332,zalouteach,zalouteach5362233243@moviefans.com,2019-12-28,34
ur67730785,Abdo0079,abdo00796773078519@moviefans.com,2025-10-08,64
ur173111290,vishnumeed,vishnumeed17311129030@moviefans.com,1988-10-31,54
ur69399658,mysurveysa,mysurveysa6939965820@moviefans.com,2008-12-05,78
ur18225521,RKeenan200,rkeenan2001822552116@example.com,2019-03-26,19
ur69575529,mikkiparke,mikkiparke6957552937@mail.com,2013-05-01,46
ur2978599,HEFILM,hefilm297859997@moviefans.com,2008-05-29,43
ur76087094,kittypryde,kittypryde7608709481@moviefans.com,2024-07-28,13
ur40597227,spiky81,spiky814059722784@mail.com,2004-12-30,24
ur92139946,ymyuseda,ymyuseda9213994628@moviefans.com,1987-05-21,45
ur45985476,marykfinn,marykfinn4598547682@imdbuser.net,1988-06-29,44
ur69096456,SarcasticB,sarcasticb6909645613@mail.com,2018-11-17,49
ur67539890,muhammadal,muhammadal6753989043@example.com,2000-01-13,67
ur85994438,walooaabuh,walooaabuh8599443896@moviefans.com,2025-01-27,17
ur18930417,Mikeandike,mikeandike1893041727@example.com,1994-10-04,69
ur166992030,michellela,michellela16699203062@example.com,1976-12-31,51
ur98047476,luleini,luleini9804747679@moviefans.com,2008-11-05,61
ur51347966,bahrudinov,bahrudinov5134796614@imdbuser.net,2012-01-07,33
ur20598896,roger_and_,rogerand2059889638@moviefans.com,2017-10-01,33
ur72227961,rjb-51149,rjb511497222796188@mail.com,2003-09-01,43
ur103407731,kenzibit,kenzibit10340773125@mail.com,2000-10-03,26
ur3321493,DVK1234,dvk1234332149386@example.com,2000-01-03,42
ur68722929,MichaelNon,michaelnon6872292995@imdbuser.net,2015-07-13,27
ur72497892,jasonshard,jasonshard7249789291@imdbuser.net,1986-07-13,75
ur77565344,khalidpsn,khalidpsn7756534497@mail.com,1996-03-02,57
ur116668769,Katherine1,katherine111666876980@moviefans.com,2021-07-28,41
ur6879155,petarmatic,petarmatic687915523@example.com,2007-06-20,28
ur65818489,Adam-09265,adam092656581848966@imdbuser.net,1973-11-12,57
ur80251972,kuroahhuhh,kuroahhuhh8025197217@imdbuser.net,2000-10-24,29
ur49164147,hacantyapr,hacantyapr4916414723@mail.com,2004-03-02,46
ur47813738,ilovechuck,ilovechuck4781373879@moviefans.com,1990-05-02,47
ur53649864,will-40-62,will40625364986497@imdbuser.net,2012-03-27,21
ur30872044,arungeorge,arungeorge3087204473@mail.com,2018-01-02,26
ur78744273,utopiara,utopiara7874427313@mail.com,2019-10-13,17
ur50872159,Debbie-Arr,debbiearr5087215910@mail.com,2014-09-08,13
ur79190944,4170123W,4170123w7919094466@moviefans.com,1974-10-24,55
ur5631526,Mike_Devin,mikedevin563152624@example.com,1979-09-15,59
ur56030095,tolunayd22,tolunayd225603009598@mail.com,2008-07-17,19
ur24756236,MK_Ultra_,mkultra2475623661@moviefans.com,2003-04-19,28
ur65229378,HeroMgmt,heromgmt6522937816@mail.com,1982-03-24,60
ur78219998,Warren_Sco,warrensco7821999895@moviefans.com,1964-11-02,79
ur22875108,v-ley,vley2287510863@moviefans.com,1988-06-30,38
ur0832548,erosen,erosen083254896@imdbuser.net,2007-06-19,56
ur69498529,Coffee_in_,coffeein6949852919@imdbuser.net,2005-12-13,40
ur1903440,penelopeda,penelopeda190344066@mail.com,1975-02-13,60
ur3808706,cartattack,cartattack380870647@moviefans.com,2014-04-10,41
ur0152168,critic2-2,critic22015216893@imdbuser.net,2016-03-10,38
ur0944228,morgan1976,morgan1976094422836@moviefans.com,1968-01-05,62
ur97507145,ccunning-7,ccunning79750714556@imdbuser.net,2007-12-08,33
ur2286500,clydestuff,clydestuff228650089@mail.com,1988-03-01,56
ur1315132,herbqedi,herbqedi131513216@example.com,1994-07-24,42
ur15649755,yajji,yajji1564975553@mail.com,1981-11-21,72
ur28188278,knowyourmo,knowyourmo2818827833@imdbuser.net,1980-03-11,67
ur3184529,grumpy_ott,grumpyott318452959@mail.com,2023-02-14,21
ur0057808,e-jane,ejane005780858@moviefans.com,2010-04-02,23
ur22128473,izbiz24,izbiz242212847384@moviefans.com,2002-11-20,74
ur126828028,isaalvarez,isaalvarez12682802858@mail.com,2002-01-01,31
ur69216875,hungryfatb,hungryfatb6921687549@moviefans.com,2024-09-17,51
ur86282202,brammerham,brammerham8628220276@mail.com,2023-04-18,61
ur143404123,austinonif,austinonif14340412397@imdbuser.net,1963-01-09,72
ur91715052,tabobeeran,tabobeeran9171505278@moviefans.com,2011-06-05,16
ur88532889,jmoqoj,jmoqoj8853288980@moviefans.com,1974-01-15,61
ur36910776,robrhlphot,robrhlphot3691077661@mail.com,2010-07-05,51
ur79854698,spencermou,spencermou7985469845@mail.com,2001-07-28,34
ur157650561,themoviera,themoviera15765056167@example.com,1991-03-23,48
ur96222659,griffithxj,griffithxj9622265964@moviefans.com,1991-05-07,64
ur1463165,ksaelagnul,ksaelagnul146316540@mail.com,2005-06-04,25
ur4234648,meddlecore,meddlecore423464869@moviefans.com,2006-08-09,55
ur102932689,108YearsOl,108yearsol10293268967@example.com,2022-02-12,14
ur6625163,darnmay,darnmay662516325@example.com,2007-06-03,23
ur2058132,HuggyBear1,huggybear1205813294@moviefans.com,2015-04-20,38
ur0422284,A Detect-2,adetect2042228410@example.com,2000-12-17,34
ur4051023,budgiefish,budgiefish405102347@imdbuser.net,2001-01-21,48
ur1198227,cubinator,cubinator119822710@imdbuser.net,2020-01-13,29
ur0195149,Maryte,maryte019514959@mail.com,2016-06-02,26
ur0579519,fdtate,fdtate057951960@moviefans.com,1989-07-08,45
ur0173279,Paul-153,paul153017327951@moviefans.com,2022-05-14,62
ur0243507,kingbad,kingbad024350778@example.com,2024-05-22,14
ur1152748,finnigan2,finnigan2115274839@moviefans.com,1992-07-26,57
ur20876542,steventhom,steventhom2087654212@mail.com,1988-11-10,42
ur1109591,DD-931,dd931110959145@moviefans.com,2002-06-24,25
ur0757944,negevoli-4,negevoli4075794452@imdbuser.net,2008-01-26,20
ur20684087,vikascoder,vikascoder2068408730@example.com,2008-04-13,30
ur8606654,msanjelpie,msanjelpie860665450@mail.com,2014-05-18,27
ur20897630,jimlivings,jimlivings2089763013@mail.com,1962-05-02,65
ur107793240,ropelawshi,ropelawshi10779324080@imdbuser.net,2010-07-27,16
ur22956348,kluseba,kluseba2295634894@example.com,2016-07-11,73
ur0459199,Daleylife,daleylife045919999@mail.com,1993-04-09,32
ur112397613,MovieLover,movielover11239761361@moviefans.com,2025-01-25,25
ur12087756,beatleblac,beatleblac1208775676@mail.com,2019-12-04,22
ur0099933,Primtime,primtime009993344@mail.com,1994-12-18,41
ur24499482,jimbo06-92,jimbo06922449948227@imdbuser.net,2024-07-30,37
ur1412148,hyena-1,hyena1141214851@example.com,1974-06-15,61
ur2601997,terrapins2,terrapins2260199756@moviefans.com,2005-11-26,30
ur3592479,TobseTobse,tobsetobse359247930@example.com,1993-09-28,32
ur0787513,Snapesnape,snapesnape078751369@example.com,1973-02-22,66
ur0306497,psyctc,psyctc030649796@example.com,2023-09-28,58
ur0381471,Tiger-71,tiger71038147128@mail.com,2015-12-10,35
ur1465165,ElleClaraZ,elleclaraz146516594@moviefans.com,2016-06-19,19
ur0186711,smoak,smoak018671166@example.com,1996-09-13,41
ur13954870,blackmanma,blackmanma1395487081@mail.com,1998-03-29,38
ur0857484,arenn,arenn085748470@example.com,1959-12-25,72
ur0115186,keith_b,keithb011518623@example.com,2021-09-13,63
ur0235680,jediharr,jediharr023568025@moviefans.com,2012-06-23,58
ur59153033,Nammm3,nammm35915303383@example.com,1996-07-14,31
ur1825926,bud1,bud1182592652@imdbuser.net,2012-01-23,77
ur1977423,smiths-4,smiths4197742373@mail.com,1988-04-11,54
ur4536312,Cynicalik,cynicalik453631267@imdbuser.net,1980-03-11,64
ur1241059,filmbuff69,filmbuff69124105941@example.com,2024-09-02,73
ur5818573,solar12,solar12581857383@moviefans.com,2021-01-02,72
ur29357581,lbowdls,lbowdls2935758188@imdbuser.net,2011-01-03,36
ur0169290,Rrrobert,rrrobert016929094@mail.com,2002-11-25,30
ur11050066,aussiebris,aussiebris1105006611@imdbuser.net,2021-02-16,15
ur4316081,Albert_Orr,albertorr431608152@example.com,1993-12-08,79
ur27345788,treywillwe,treywillwe2734578883@imdbuser.net,2017-09-13,40
ur25110628,terrymcgra,terrymcgra2511062848@mail.com,2008-04-26,21
ur4747131,M0n0_bogda,m0n0bogda474713177@moviefans.com,1986-02-15,56
ur47754356,radonja199,radonja1994775435683@imdbuser.net,2016-02-26,43
ur44330613,Gelatinous,gelatinous4433061347@moviefans.com,1983-05-09,66
ur85893357,Koby9,koby98589335719@imdbuser.net,2011-08-16,49
ur38422943,indanoise,indanoise3842294340@imdbuser.net,2024-01-22,24
ur107114342,mariamalja,mariamalja10711434298@moviefans.com,1995-10-23,32
ur93503453,filippocar,filippocar9350345376@mail.com,2018-07-21,14
ur1749934,arctic_loo,arcticloo174993448@example.com,1994-02-21,65
ur13883071,drkallianc,drkallianc1388307124@mail.com,1952-07-27,80
ur12415200,richard_sl,richardsl1241520051@moviefans.com,2018-05-26,60
ur30653305,fredericks,fredericks3065330585@imdbuser.net,2004-03-11,25
ur4661117,zerogirl42,zerogirl42466111743@example.com,2010-10-15,26
ur8848068,desertsuns,desertsuns884806822@imdbuser.net,2010-09-14,42
ur123425564,ridley-the,ridleythe12342556443@moviefans.com,1992-08-02,48
ur11577488,spiderman1,spiderman11157748858@moviefans.com,2019-01-09,28
ur0597616,eddax,eddax059761681@moviefans.com,1974-07-18,79
ur19849885,borchardt_,borchardt1984988589@moviefans.com,2025-10-21,45
ur12668058,happyvibes,happyvibes1266805840@example.com,1984-12-27,78
ur75209407,paligladay,paligladay7520940740@imdbuser.net,2011-10-14,24
ur67901685,alexmaiste,alexmaiste6790168558@imdbuser.net,2017-11-29,27
ur53234377,luciabcn86,luciabcn865323437738@example.com,2008-06-30,77
ur69048448,rutzelb,rutzelb6904844889@moviefans.com,1978-07-01,80
ur82524204,stangpt-72,stangpt728252420443@example.com,2024-09-11,70
ur91555233,sreeragmep,sreeragmep9155523367@moviefans.com,2007-11-03,37
ur89500033,kelseydani,kelseydani8950003348@example.com,1997-11-26,33
ur39077428,msqua02,msqua023907742876@example.com,1992-10-01,79
ur54724846,mihai_chin,mihaichin5472484647@example.com,2005-10-13,36
ur123238647,ushasiesme,ushasiesme12323864710@moviefans.com,1988-12-02,37
ur39680619,andreahelt,andreahelt3968061913@imdbuser.net,1976-03-07,62
ur87986744,paulsamuel,paulsamuel8798674446@mail.com,2010-09-16,17
ur37618862,xox_jessje,xoxjessje3761886244@moviefans.com,2018-02-11,45
ur54314810,Jackbv123,jackbv1235431481035@example.com,2010-01-08,29
ur54572748,asgarhaide,asgarhaide5457274886@imdbuser.net,2010-06-24,17
ur75674953,jsegoings,jsegoings7567495358@example.com,1965-12-28,65
ur39232633,sarahbates,sarahbates3923263385@moviefans.com,2007-01-10,30
ur2002439,Chandler81,chandler81200243952@imdbuser.net,1961-08-02,71
ur155643091,chiragrath,chiragrath15564309141@imdbuser.net,2015-05-07,79
ur8622496,freddyjoyc,freddyjoyc862249674@imdbuser.net,1970-09-03,55
ur4669024,TedStixonA,tedstixona466902468@moviefans.com,1987-06-17,40
ur1617182,filmbuff19,filmbuff19161718232@mail.com,2017-03-30,32
ur1462486,Shadow007,shadow007146248616@moviefans.com,1990-09-29,59
ur120201797,DaGhoulJon,daghouljon12020179715@moviefans.com,2014-04-10,43
ur112093012,noahgibbob,noahgibbob11209301286@mail.com,1990-11-14,60
ur2344271,soymilk,soymilk234427149@mail.com,2019-01-30,36
ur0063560,DaveZ,davez006356031@mail.com,2011-06-10,27
ur0264741,JohnnyCNot,johnnycnot026474177@moviefans.com,2007-03-17,79
ur1312221,cobram-1,cobram1131222171@imdbuser.net,2020-01-10,69
ur5679442,kyrill_87,kyrill87567944256@mail.com,2012-04-17,47
ur0635114,AlanJ2,alanj2063511486@imdbuser.net,1971-11-17,76
ur0457318,RNQ,rnq045731852@moviefans.com,2025-01-31,48
ur0995909,michaelplo,michaelplo099590944@moviefans.com,1988-11-22,52
ur4681328,bill-987,bill987468132876@mail.com,2013-07-03,14
ur120431365,RonellSowe,ronellsowe12043136573@imdbuser.net,1970-08-21,76
ur45150762,ronnybee21,ronnybee214515076299@mail.com,2025-07-04,54
ur2086782,litti,litti208678297@moviefans.com,2010-08-28,29
ur19642256,asfhgwt-1,asfhgwt11964225627@mail.com,2015-08-07,29
ur3364165,gkmcc,gkmcc336416557@imdbuser.net,2006-04-15,36
ur14095545,sandcrab27,sandcrab271409554541@mail.com,2011-07-29,16
ur0413498,Rslevine,rslevine041349892@imdbuser.net,2003-01-22,53
ur1681420,Blooeyz200,blooeyz200168142096@mail.com,2021-12-18,72
ur3658214,sjsmith48,sjsmith48365821425@imdbuser.net,2019-03-25,34
ur8506956,mk_c2002,mkc2002850695644@imdbuser.net,1997-03-26,56
ur0873261,porterkell,porterkell087326183@mail.com,2018-07-29,22
ur0883538,domenico.d,domenicod088353849@example.com,2023-08-24,24
ur0819888,ladylynch,ladylynch081988813@mail.com,1986-04-27,46
ur4338999,rickiow,rickiow433899960@mail.com,2025-07-05,58
ur0856095,Mort-31,mort31085609534@moviefans.com,2002-01-12,37
ur5096640,d_ohnuts,dohnuts509664053@mail.com,1992-10-10,34
ur0508052,Tbirdy,tbirdy050805228@moviefans.com,1991-11-15,50
ur0070469,pebsdad,pebsdad007046960@example.com,1957-12-31,79
ur0870959,Tweetypez,tweetypez087095959@example.com,1995-12-04,55
ur0217391,Yasmin-3,yasmin3021739155@mail.com,2013-04-10,47
ur34749634,doug_park2,dougpark23474963461@example.com,1980-07-25,61
ur22295138,revolucion,revolucion2229513813@mail.com,1976-02-25,65
ur0265039,SP-10,sp10026503930@mail.com,2018-09-14,23
ur1755933,keys72,keys72175593326@imdbuser.net,1994-07-16,55
ur1110491,imdb-45,imdb45111049170@moviefans.com,1996-05-11,32
ur0182305,ScottyB,scottyb018230542@mail.com,1998-02-24,40
ur0078257,pritch,pritch007825726@moviefans.com,1993-04-19,72
ur0165660,aro-2,aro2016566097@mail.com,2020-01-19,22
ur13142207,zeki-4,zeki41314220716@mail.com,2018-11-16,40
ur0863501,Chuckles11,chuckles11086350153@mail.com,2006-11-18,31
ur2405402,GrandMaste,grandmaste240540282@imdbuser.net,2021-02-25,23
ur1281382,Mercury78,mercury78128138223@moviefans.com,2024-11-15,71
ur0404622,Old Crow-2,oldcrow2040462214@moviefans.com,2008-08-07,50
ur1259728,samilan,samilan125972857@mail.com,2002-09-21,70
ur4595290,contact-28,contact28459529029@mail.com,2005-10-18,25
ur0402074,JRGBUCS,jrgbucs040207414@mail.com,1987-11-17,80
ur38621382,rohanm546,rohanm5463862138266@moviefans.com,2024-01-30,66
ur0128888,alistair-3,alistair3012888862@example.com,2019-03-21,14
ur7813506,setnicgabr,setnicgabr781350685@mail.com,2000-04-11,41
ur0460678,MundaneNoo,mundanenoo046067830@mail.com,2012-12-14,26
ur60876706,seveb-2517,seveb25176087670611@mail.com,2016-03-21,78
ur1052670,matija-tro,matijatro105267093@example.com,2000-10-06,29
ur15651776,elshikh4,elshikh41565177672@moviefans.com,2012-07-08,34
ur6093785,sclaybou,sclaybou609378557@mail.com,2023-03-07,16
ur2193991,o_cedar,ocedar219399141@imdbuser.net,2015-05-08,18
ur4417950,peddlerwho,peddlerwho441795032@example.com,1988-08-26,47
ur6758559,Gormley00,gormley00675855936@moviefans.com,1991-10-15,57
ur2458792,tmk1,tmk1245879226@imdbuser.net,2012-07-26,55
ur3983467,Adrian_Atk,adrianatk398346717@example.com,2012-09-03,19
ur17300413,framesasec,framesasec1730041341@mail.com,2000-10-13,26
ur36281869,artisdeadp,artisdeadp3628186930@mail.com,2016-04-07,45
ur1197710,khan0890,khan0890119771061@moviefans.com,2012-01-10,28
ur5936606,garvneil,garvneil593660642@moviefans.com,2023-08-31,19
ur12804226,i-burgess1,iburgess11280422670@mail.com,2014-01-22,28
ur12032779,jamesj06,jamesj061203277942@mail.com,1992-02-09,79
ur5295651,gushjones,gushjones529565172@imdbuser.net,2001-08-07,67
ur86182727,andrewburg,andrewburg8618272785@moviefans.com,2008-11-15,23
ur83346902,ragism,ragism8334690227@example.com,2016-05-22,21
ur6196886,gsmishka,gsmishka619688625@mail.com,2009-06-30,49
ur0657852,keithfox,keithfox065785287@example.com,1974-02-13,64
ur0918071,jenjinn,jenjinn091807158@imdbuser.net,1978-10-04,73
ur9139154,Falconeer,falconeer913915424@moviefans.com,2022-07-21,13
ur34176758,lilchristi,lilchristi3417675859@imdbuser.net,2004-09-19,41
ur3882373,si4abetter,si4abetter388237342@example.com,2022-05-26,25
ur13888529,ztigr,ztigr1388852936@moviefans.com,2008-05-29,72
ur110993966,staedleres,staedleres11099396632@example.com,2001-09-22,26
ur14192534,phantombat,phantombat1419253426@imdbuser.net,1973-05-18,62
ur1570117,bsamdahl,bsamdahl157011743@moviefans.com,1995-04-04,32
ur0398570,jagfx,jagfx039857013@moviefans.com,2019-05-12,63
ur51320622,tiggerg196,tiggerg1965132062253@imdbuser.net,1978-04-01,78
ur99427021,ammodias,ammodias9942702121@imdbuser.net,2009-07-25,23
ur30343232,robert-259,robert2593034323231@example.com,2003-01-12,23
ur0584409,Sam_Gray,samgray058440951@example.com,2014-05-11,20
ur5532001,chriscavan,chriscavan553200149@mail.com,2018-04-23,15
ur1899681,Proud_Cana,proudcana189968134@imdbuser.net,2011-12-16,25
ur5164086,gershuny,gershuny516408690@mail.com,2011-07-23,37
ur2171395,dennisjlee,dennisjlee217139595@mail.com,1973-07-29,63
ur5438689,Purplepers,purplepers543868944@moviefans.com,1984-12-05,42
ur5299051,yogasong44,yogasong44529905120@imdbuser.net,2020-10-25,62
ur5496729,maudebasse,maudebasse549672967@mail.com,2025-06-18,75
ur13409681,zz2006,zz20061340968127@imdbuser.net,2009-02-27,20
ur5503594,nomisage,nomisage550359457@imdbuser.net,2000-01-04,34
ur5520595,deviousc1,deviousc1552059522@mail.com,2021-02-14,38
ur5096066,blahdeblah,blahdeblah509606690@imdbuser.net,2015-07-23,18
ur5199253,majikstran,majikstran519925355@mail.com,1972-12-29,80
ur4010744,dsa-12,dsa12401074491@mail.com,1996-03-29,53
ur9293922,osuhaha,osuhaha929392296@mail.com,2018-12-02,77
ur8122108,still_savi,stillsavi812210818@mail.com,1998-05-20,35
ur33659536,darkreignn,darkreignn3365953682@mail.com,2024-11-27,50
ur62487338,mmendez-22,mmendez226248733811@example.com,1997-09-19,29
ur67709627,werdnaosle,werdnaosle6770962777@moviefans.com,2020-07-22,16
ur181325067,realtrashp,realtrashp18132506723@imdbuser.net,2024-07-06,35
ur110419295,bstack-109,bstack10911041929555@imdbuser.net,1962-01-21,74
ur27983903,darren-153,darren1532798390345@example.com,1988-01-03,41
ur20383109,KateC49,katec492038310973@imdbuser.net,2020-01-06,26
ur28531425,askJarv,askjarv2853142515@mail.com,2012-10-05,18
ur18044142,westsidesc,westsidesc1804414297@imdbuser.net,1976-01-08,50
ur35247235,troyputlan,troyputlan3524723566@example.com,1976-06-24,54
ur4161069,markgorman,markgorman416106999@example.com,1988-08-18,59
ur10604723,GFDTommasi,gfdtommasi1060472351@moviefans.com,2000-05-31,70
ur88699271,aylwardpau,aylwardpau8869927168@imdbuser.net,2009-12-13,19
ur14468505,silverduck,silverduck1446850544@mail.com,1984-07-12,80
ur2018800,StarDragyn,stardragyn201880087@mail.com,2012-05-20,27
ur5892641,fly-superg,flysuperg589264121@example.com,2024-05-03,22
ur5306598,joejdaniel,joejdaniel530659840@mail.com,2019-10-21,61
ur1542072,barbarella,barbarella154207215@example.com,2016-04-16,80
ur0705409,n_r_koch,nrkoch070540921@example.com,2001-10-05,73
ur20047343,RedRoadste,redroadste2004734351@mail.com,2025-05-18,69
ur62376077,josege,josege6237607790@example.com,2011-07-01,19
ur22984351,Bgappl07,bgappl072298435112@mail.com,2017-03-03,73
ur2769635,mmitsos-1,mmitsos1276963593@mail.com,2005-05-27,21
ur22622602,prgolburgh,prgolburgh2262260261@mail.com,2012-08-14,77
ur68359013,zornicajoh,zornicajoh6835901387@example.com,1980-12-29,54
ur146472899,Sleeplessi,sleeplessi14647289921@mail.com,1997-04-07,41
ur0292119,Garry-10,garry10029211948@moviefans.com,2024-03-04,21
ur1771618,TigerlilyB,tigerlilyb177161856@example.com,2021-11-16,23
ur8010389,csagne,csagne801038944@imdbuser.net,2016-09-11,33
ur34602702,dragomir_g,dragomirg3460270217@example.com,1996-09-25,35
ur11564855,jwells97,jwells971156485551@moviefans.com,1989-10-06,76
ur4640865,jessegehri,jessegehri464086532@example.com,1994-09-18,34
ur5267317,dansview,dansview526731756@moviefans.com,2012-02-15,60
ur6460711,jamdavis-1,jamdavis1646071184@example.com,2016-02-01,46
ur0311227,speechdr,speechdr031122712@imdbuser.net,1994-03-26,71
ur0419349,Adam Tan,adamtan041934931@mail.com,1973-02-18,79
ur0331876,wperkins,wperkins033187682@example.com,2003-07-05,73
ur17121026,fitzerica,fitzerica1712102659@mail.com,2007-05-11,47
ur1195207,raiden1969,raiden1969119520713@imdbuser.net,1988-11-09,74
ur11472869,unicornsfa,unicornsfa1147286960@example.com,2023-02-11,19
ur0599642,shane250,shane250059964298@moviefans.com,2017-11-25,39
ur0370119,Normy18,normy18037011983@moviefans.com,2004-05-08,74
ur1360172,turf,turf136017225@mail.com,2006-03-22,54
ur10487696,shepo-1,shepo11048769664@mail.com,2007-09-04,20
ur1877867,delzog,delzog187786755@imdbuser.net,1954-05-28,73
ur14420397,terrywatt3,terrywatt31442039727@example.com,1973-02-09,69
ur130024465,wolcottale,wolcottale13002446524@imdbuser.net,2004-02-14,53
ur97514292,dasdemirov,dasdemirov9751429210@imdbuser.net,1999-05-25,66
ur43551351,gburrows71,gburrows714355135110@imdbuser.net,1993-05-04,33
ur0121776,Serge_Zehn,sergezehn012177630@moviefans.com,2000-05-25,33
ur0738625,dglink,dglink073862529@imdbuser.net,2013-11-18,23
ur128962936,joshuami,joshuami12896293679@mail.com,2014-02-10,18
ur75850971,wouterdrum,wouterdrum7585097179@moviefans.com,1971-02-20,56
ur127868975,cezariovdi,cezariovdi12786897563@imdbuser.net,2015-08-09,22
ur24730161,peterfaure,peterfaure2473016141@imdbuser.net,2010-05-27,75
ur52421236,gmoutsgr,gmoutsgr5242123689@imdbuser.net,2006-02-09,23
ur48923163,RetroRage,retrorage4892316362@mail.com,2014-04-16,39
ur2107727,scottrob36,scottrob36210772770@moviefans.com,2022-02-21,55
ur1894409,The_Rook,therook189440956@moviefans.com,1994-09-03,43
ur50646435,JoelChamp8,joelchamp85064643560@imdbuser.net,1996-01-31,54
ur35177660,Abyss47,abyss473517766069@example.com,2001-11-15,41
ur10788326,moewadle,moewadle1078832642@mail.com,2016-06-18,23
ur64511969,brownjay19,brownjay196451196928@moviefans.com,2004-06-25,55
ur2312370,Jatoy,jatoy231237022@mail.com,2023-03-18,22
ur108670291,mollytinke,mollytinke10867029150@example.com,1977-07-25,76
ur17134433,Siamois,siamois1713443368@mail.com,2002-01-26,50
ur69858713,aarongnr,aarongnr6985871362@imdbuser.net,2004-07-11,34
ur7017171,stephs_san,stephssan701717181@imdbuser.net,1993-04-03,70
ur65745671,bosporan,bosporan6574567197@mail.com,2005-02-26,51
ur1025516,sebbytong,sebbytong102551679@moviefans.com,1994-03-11,36
ur80691527,drpainters,drpainters8069152745@moviefans.com,2024-05-24,23
ur0858581,noress,noress085858160@imdbuser.net,1968-01-03,64
ur4336113,philblyght,philblyght433611334@imdbuser.net,2006-01-24,26
ur1466620,sweetakatu,sweetakatu146662061@example.com,1962-08-31,64
ur5135577,kingrexxx,kingrexxx513557774@imdbuser.net,2015-06-19,37
ur1697212,Robert_dud,robertdud169721233@mail.com,1970-01-13,75
ur0901029,arelia,arelia090102995@mail.com,2002-11-17,44
ur30756473,crosenblum,crosenblum3075647342@imdbuser.net,2023-10-20,42
ur0105284,alkiss,alkiss010528440@moviefans.com,1997-04-17,64
ur0197107,Pates,pates019710747@moviefans.com,1997-05-25,58
ur0011247,JJN,jjn001124712@mail.com,2002-11-23,51
ur2525082,toreadore,toreadore252508218@example.com,1988-10-07,45
ur4512996,Space_Bitc,spacebitc451299676@example.com,2008-08-31,19
ur0153920,SMGLover,smglover015392020@imdbuser.net,2019-04-24,29
ur0038361,Jimmy-42,jimmy42003836149@example.com,1983-05-17,63
ur0149238,Caine-2,caine2014923862@imdbuser.net,1996-11-26,79
ur4826985,CSM126-1,csm1261482698579@example.com,1982-04-11,63
ur54036437,joseph_fla,josephfla5403643790@example.com,2024-09-21,25
ur0359879,abooboo-2,abooboo2035987942@example.com,2013-07-20,61
ur0137035,pcgcol,pcgcol013703533@example.com,2007-05-21,43
ur4710095,gta3expert,gta3expert471009574@imdbuser.net,2012-06-15,43
ur0121622,MattSell,mattsell012162289@imdbuser.net,2009-04-28,23
ur64742665,billybdarg,billybdarg6474266581@moviefans.com,1998-07-14,65
ur47067919,tbaggaley-,tbaggaley4706791959@moviefans.com,2024-01-12,16
ur50035784,imwalt,imwalt5003578464@example.com,2008-12-22,44
ur50783958,mbabaev,mbabaev5078395887@example.com,1971-11-20,77
ur23443280,g_caletti,gcaletti2344328051@example.com,2024-06-05,53
ur38571461,davidagnin,davidagnin3857146121@imdbuser.net,1961-11-18,69
ur2295338,cinematic_,cinematic229533869@example.com,2011-09-03,22
ur103839209,alyons-823,alyons82310383920917@mail.com,2010-12-22,45
ur63658879,fayaz-1914,fayaz19146365887962@mail.com,2025-01-28,16
ur18901475,sildarmill,sildarmill1890147513@imdbuser.net,2012-06-16,69
ur50642114,facebook-9,facebook95064211496@mail.com,1973-07-03,64
ur4413144,OneAnjel,oneanjel441314467@moviefans.com,1972-05-17,57
ur87799868,NotoriousM,notoriousm8779986854@moviefans.com,2012-09-01,44
ur4062408,Darth_Osmo,darthosmo406240861@mail.com,2001-04-26,76
ur154289745,Falko_h1,falkoh115428974581@example.com,2019-02-19,27
ur68248565,redspa,redspa6824856542@imdbuser.net,2003-09-13,28
ur18731341,jamdon9,jamdon91873134173@moviefans.com,2012-06-07,18
ur3332368,theromanem,theromanem333236856@moviefans.com,2021-07-16,16
ur86874490,mrifqi-485,mrifqi4858687449082@mail.com,2016-08-05,22
ur64578424,TheStigh,thestigh6457842445@moviefans.com,2023-05-26,63
ur79431623,markthomas,markthomas7943162314@moviefans.com,2018-09-06,23
ur65928506,tan-47026,tan470266592850696@example.com,1998-09-23,33
ur1879652,ToTo2025,toto2025187965220@moviefans.com,1996-08-17,30
ur64215680,DrPhibes19,drphibes196421568098@imdbuser.net,2020-05-04,49
ur1401499,dizzyizzy,dizzyizzy140149994@example.com,1998-06-09,56
ur0741914,Kakeru-2,kakeru2074191488@moviefans.com,1976-09-10,50
ur0101706,Wizard-8,wizard8010170668@mail.com,2012-01-27,21
ur89193762,erl-79626,erl796268919376240@moviefans.com,2001-06-21,25
ur17276360,Hollywoodw,hollywoodw1727636027@imdbuser.net,2020-08-12,22
ur35725947,peterp-450,peterp4503572594786@imdbuser.net,1989-12-29,60
ur125176601,lostontheh,lostontheh12517660181@imdbuser.net,1995-01-07,68
ur1026369,ilithmar,ilithmar102636946@imdbuser.net,2015-09-13,15
ur2359503,Ryno_II,rynoii235950328@mail.com,2022-06-09,67
ur4753713,acromegali,acromegali475371394@moviefans.com,1952-06-02,79
ur65111146,alexarag,alexarag6511114651@mail.com,1990-10-29,59
ur26459473,savage1250,savage12502645947339@mail.com,1975-10-21,78
ur0629528,room102,room102062952869@imdbuser.net,2005-12-16,72
ur105506099,HabibieHak,habibiehak10550609981@mail.com,1994-08-04,34
ur68244150,cyrilthemu,cyrilthemu6824415044@mail.com,1987-02-18,47
ur63287461,Jazzy31133,jazzy311336328746183@imdbuser.net,2006-05-23,37
ur42599796,fred-verde,fredverde4259979692@mail.com,1976-02-28,61
ur16320420,ayoreinf,ayoreinf1632042031@moviefans.com,1968-07-28,64
ur68242150,ethanros,ethanros6824215033@example.com,2006-12-23,23
ur27149039,Crizmkodo,crizmkodo2714903919@example.com,1958-09-16,70
ur2770677,write_mich,writemich277067749@mail.com,2012-09-06,36
ur114026501,spiderdib,spiderdib11402650129@imdbuser.net,2022-05-18,70
ur1154349,ticdoulour,ticdoulour115434910@imdbuser.net,2006-06-28,27
ur24399802,davidl-913,davidl9132439980268@moviefans.com,1989-04-19,47
ur2627550,batti,batti262755052@example.com,2013-04-30,20
ur73643551,benjaminbu,benjaminbu7364355170@imdbuser.net,2014-11-07,16
ur4617731,kevin_park,kevinpark461773165@example.com,2015-10-27,14
ur1100924,ill_behavi,illbehavi110092425@moviefans.com,2016-11-17,22
ur5050572,edwinalarr,edwinalarr505057253@example.com,1994-06-15,60
ur2785859,coffeyaddi,coffeyaddi278585991@example.com,2022-01-13,47
ur0566633,DeadlyWit-,deadlywit056663384@moviefans.com,1985-02-04,51
ur6428738,p1tom,p1tom642873811@imdbuser.net,2015-11-23,32
ur3478195,daviddougl,daviddougl347819524@mail.com,2017-05-11,63
ur0135826,Philaura,philaura013582628@mail.com,2016-05-03,50
ur59617426,pulpficat,pulpficat5961742616@example.com,2004-12-02,24
ur0369218,Tim-230,tim230036921817@example.com,1956-11-29,79
ur0450786,neelvk,neelvk045078685@imdbuser.net,2005-03-01,63
ur1795059,saucyjack1,saucyjack1179505999@imdbuser.net,2017-10-30,23
ur1490869,Banquo13,banquo13149086986@mail.com,2000-01-17,40
ur6385298,w-koenigsm,wkoenigsm638529880@moviefans.com,2025-01-16,21
ur0380617,ULVAEUS,ulvaeus038061774@mail.com,2025-06-03,42
ur36987079,nikromceli,nikromceli3698707958@moviefans.com,1981-01-16,60
ur2735453,ferdinand1,ferdinand1273545324@example.com,2003-02-13,30
ur0994482,hspm,hspm099448287@imdbuser.net,2008-04-03,37
ur0883905,peedur,peedur088390543@example.com,1984-01-07,66
ur60154425,tonkabean-,tonkabean6015442533@example.com,2001-09-06,63
ur30431619,DVR_Brale,dvrbrale3043161933@moviefans.com,2001-08-29,40
ur3615454,snoozer1,snoozer1361545437@moviefans.com,2015-07-12,35
ur63572901,shawnmiked,shawnmiked6357290178@example.com,2006-08-08,46
ur0130200,withnail-4,withnail4013020096@imdbuser.net,2022-05-27,75
ur1623980,tink-1,tink1162398092@example.com,2013-08-21,42
ur69471198,abiecamach,abiecamach6947119833@mail.com,1992-02-15,41
ur1132394,Therod,therod113239457@mail.com,2002-11-09,53
ur98240498,NightmareO,nightmareo9824049897@example.com,1986-04-17,49
ur13674288,andy-oh-ef,andyohef1367428855@moviefans.com,1994-11-02,35
ur3287233,wdmickel,wdmickel328723345@imdbuser.net,1971-10-26,74
ur1803069,theENK,theenk180306949@mail.com,2005-09-16,24
ur74184119,suzannspan,suzannspan7418411962@mail.com,2004-07-01,41
ur0178741,funkyfry,funkyfry017874177@mail.com,2023-07-14,14
ur4385603,mrush,mrush438560381@mail.com,2001-12-29,77
ur0563816,dgraybill,dgraybill056381641@imdbuser.net,1991-10-01,53
ur1260121,Felix-28,felix28126012154@imdbuser.net,2016-02-12,37
ur39829877,aequus314,aequus3143982987792@mail.com,1971-04-15,79
ur0208669,Bob A-2,boba2020866964@mail.com,1968-06-30,67
ur57283446,paulsmiths,paulsmiths5728344669@imdbuser.net,2022-08-23,19
ur41757726,mr-632-599,mr6325994175772615@imdbuser.net,2007-11-18,30
ur100698011,dy38493,dy3849310069801135@example.com,1988-02-03,48
ur34146727,jpm-387-61,jpm387613414672737@imdbuser.net,2024-03-11,15
ur38587353,briefexist,briefexist3858735348@imdbuser.net,1991-09-22,46
ur26857861,michaeljhu,michaeljhu2685786117@imdbuser.net,1990-05-17,79
ur5938528,jgadj,jgadj593852898@moviefans.com,1995-08-02,31
ur0423248,NASCARaddi,nascaraddi042324876@moviefans.com,1990-03-31,56
ur0217885,chez-3,chez3021788566@imdbuser.net,2020-03-28,77
ur74931296,alexanderd,alexanderd7493129681@example.com,1995-04-19,55
ur64942400,xconever,xconever6494240070@moviefans.com,2002-06-08,23
ur0103793,SMK-4,smk4010379314@mail.com,1974-03-21,79
ur0430319,suessis,suessis043031966@example.com,1995-09-08,38
ur3914914,gosh717,gosh717391491440@moviefans.com,2009-02-14,20
ur5343767,dana-green,danagreen534376776@imdbuser.net,1995-12-06,34
ur166793220,fritzlangv,fritzlangv16679322093@mail.com,2013-12-15,15
ur96530467,friedlande,friedlande9653046723@moviefans.com,2023-11-29,21
ur38142606,katveze1,katveze13814260672@mail.com,2008-09-07,39
ur83532367,dfloro,dfloro8353236772@imdbuser.net,2024-11-09,16
ur2157806,alphaleoni,alphaleoni215780669@imdbuser.net,1998-02-23,48
ur16422607,touser2004,touser20041642260740@imdbuser.net,1978-01-19,67
ur58781741,jamesruper,jamesruper5878174172@mail.com,1981-05-28,70
ur0854080,sharah_tho,sharahtho085408052@example.com,1984-10-06,48
ur115062487,biaginomar,biaginomar11506248722@mail.com,2020-03-01,56
ur27583241,faroutsea,faroutsea2758324157@example.com,1997-02-19,36
ur14918303,MacgyverCo,macgyverco1491830344@mail.com,2021-12-25,55
ur2459806,TheHig,thehig245980668@imdbuser.net,1986-06-06,47
ur25159468,asd29,asd292515946867@moviefans.com,2012-03-30,60
ur22919981,rachel-673,rachel6732291998141@example.com,1997-11-25,46
ur4038332,the_rattle,therattle403833218@example.com,2007-10-11,30
ur4803781,RikerDoneg,rikerdoneg480378117@moviefans.com,2011-11-01,56
ur23354554,wafeys,wafeys2335455470@mail.com,2002-01-14,68
ur5750535,Med-Jasta,medjasta575053580@moviefans.com,2006-10-09,34
ur21987098,jacobmount,jacobmount2198709846@mail.com,1997-01-26,65
ur17479772,BenceHartl,bencehartl1747977233@moviefans.com,2017-11-19,31
ur26359346,ongyekchen,ongyekchen2635934631@mail.com,1993-08-01,51
ur81897723,ladyliliro,ladyliliro8189772399@mail.com,2013-09-10,20
ur1574826,dalimpala,dalimpala157482688@mail.com,2024-08-27,33
ur9320480,roy3837,roy3837932048028@mail.com,1961-10-21,66
ur25556917,magnedgr,magnedgr2555691779@moviefans.com,2008-04-24,41
ur0482778,steve.scho,stevescho048277849@imdbuser.net,1978-03-14,63
ur1428799,THETAFAIR,thetafair142879978@moviefans.com,2013-03-10,31
ur1804026,kylefmoore,kylefmoore180402660@moviefans.com,2009-10-12,26
ur14119753,k_wyskers_,kwyskers1411975371@example.com,1995-07-17,49
ur2100829,Guillaume_,guillaume210082993@imdbuser.net,1985-06-12,51
ur0197332,00Mike26,00mike26019733251@imdbuser.net,2015-03-25,16
ur20004123,msb-utils,msbutils2000412384@example.com,2018-05-27,22
ur10442339,cycoone,cycoone1044233968@moviefans.com,1968-04-15,71
ur10583368,springsunn,springsunn1058336832@moviefans.com,2020-09-08,68
ur18158158,evilreside,evilreside1815815826@imdbuser.net,2011-06-26,30
ur145196473,ashfordoff,ashfordoff14519647356@example.com,1952-07-28,74
ur19404364,drakula200,drakula2001940436420@example.com,2025-08-05,15
ur2484999,sveknu,sveknu248499987@mail.com,1980-06-28,69
ur46941025,thepolyblo,thepolyblo4694102546@example.com,1979-10-30,67
ur1497489,kradar,kradar149748957@mail.com,2015-06-12,37
ur6335011,cannibalel,cannibalel633501190@imdbuser.net,1979-06-01,55
ur105215037,sparerooms,sparerooms10521503792@imdbuser.net,2022-05-06,50
ur15959277,IrisGoeth,irisgoeth1595927750@example.com,2012-09-06,28
ur2083680,straightar,straightar208368054@mail.com,2007-04-13,46
ur0175080,Mylene-2,mylene2017508069@example.com,2018-11-07,24
ur4141955,kogomethes,kogomethes414195526@moviefans.com,1979-12-13,64
ur56820537,harrylosbo,harrylosbo5682053785@mail.com,2003-06-09,26
ur130381478,jimwaldoth,jimwaldoth13038147823@example.com,1964-05-07,75
ur108547656,sorinvlasi,sorinvlasi10854765673@example.com,2017-01-26,39
ur0833616,thomasbust,thomasbust083361684@example.com,2020-06-22,45
ur4832546,boru33,boru33483254647@mail.com,2014-07-12,67
ur2991055,aveilbrief,aveilbrief299105535@example.com,2016-05-24,66
ur9684484,skyscraper,skyscraper968448498@moviefans.com,2021-06-08,34
ur1221311,saint999,saint999122131124@imdbuser.net,2010-04-21,41
ur0700625,bama1111,bama1111070062545@example.com,2021-02-23,22
ur19581238,mark-4469,mark44691958123844@moviefans.com,1988-04-04,45
ur0723514,gianniz,gianniz072351422@imdbuser.net,1986-12-26,59
ur1318601,Milian,milian131860182@example.com,2003-02-20,25
ur12155775,damir-zupa,damirzupa1215577515@imdbuser.net,1970-08-15,69
ur5084237,Birstyjr,birstyjr508423768@imdbuser.net,2006-04-01,20
ur7234718,demonite04,demonite04723471888@mail.com,1998-06-29,41
ur0544291,anon1mat0,anon1mat0054429149@mail.com,2015-09-09,68
ur13454628,MKeller14-,mkeller141345462867@example.com,2020-01-17,23
ur4862209,goldenduc,goldenduc486220988@imdbuser.net,1992-09-11,35
ur2831771,normandbut,normandbut283177176@mail.com,1975-10-12,64
ur3098493,billkubert,billkubert309849388@imdbuser.net,2018-09-26,80
ur5710231,margrettgr,margrettgr571023182@mail.com,1995-12-04,31
ur10135823,agigaride,agigaride1013582355@example.com,1996-07-29,62
ur88656998,CristianFi,cristianfi8865699878@mail.com,2009-06-19,55
ur2543220,KrIaXPaTaL,kriaxpatal254322044@example.com,1982-08-11,71
ur0584601,fisherd,fisherd058460120@imdbuser.net,1981-01-24,73
ur53626653,jnwseatige,jnwseatige5362665391@mail.com,1997-12-17,60
ur69642925,Nahid_15,nahid156964292580@imdbuser.net,2015-10-23,33
ur108521836,dillylamar,dillylamar10852183679@mail.com,1998-08-25,55
ur5475503,coolnazgul,coolnazgul547550310@moviefans.com,2020-12-09,24
ur28947016,alangsco,alangsco2894701620@example.com,2022-05-16,15
ur5066804,Edd-N-Furt,eddnfurt506680418@example.com,1974-06-06,60
ur58742264,chrnotbigt,chrnotbigt5874226496@example.com,1957-04-13,80
ur61891359,stevelomas,stevelomas6189135956@example.com,2024-01-13,22
ur13158626,truce1000,truce10001315862647@example.com,1972-05-13,68
ur20965092,Copyright1,copyright12096509297@moviefans.com,2022-05-05,54
ur29979096,beatlefan8,beatlefan82997909646@mail.com,1994-10-21,54
ur19697518,intern-88,intern881969751835@mail.com,1988-05-12,72
ur6537623,einezcresp,einezcresp653762389@example.com,1997-05-29,63
ur82312091,info-73150,info731508231209182@moviefans.com,2017-04-04,63
ur56124288,westwall-1,westwall15612428829@moviefans.com,1979-07-29,46
ur4508898,EchoBunny,echobunny450889840@moviefans.com,2009-12-11,33
ur10782935,jmb360,jmb3601078293577@imdbuser.net,2017-07-20,13
ur46918344,bm230199,bm2301994691834491@example.com,2012-08-15,62
ur0218228,binaryg,binaryg021822836@example.com,1972-11-01,56
ur102664610,tobyrob,tobyrob10266461027@example.com,1983-02-17,50
ur10580134,matt_coody,mattcoody1058013437@moviefans.com,1999-10-27,56
ur2894951,consuelo-h,consueloh289495146@moviefans.com,1981-06-24,51
ur134993377,andestrega,andestrega13499337799@imdbuser.net,2020-05-27,49
ur0963464,gabridl,gabridl096346494@mail.com,1985-02-22,50
ur8274774,psycho_ran,psychoran827477497@mail.com,1994-09-21,31
ur16954580,fansofmlc,fansofmlc1695458066@moviefans.com,1986-06-24,57
ur0976493,se7en187,se7en187097649374@moviefans.com,2020-11-22,15
ur8456780,Absyrd,absyrd845678083@imdbuser.net,2020-01-21,24
ur13971178,noision1,noision11397117883@imdbuser.net,2012-05-30,25
ur1748122,LilithOfSh,lilithofsh174812219@mail.com,2018-01-24,31
ur17321271,patrickgmt,patrickgmt1732127111@mail.com,2020-12-07,16
ur6662161,bifties,bifties666216177@example.com,2020-09-20,58
ur4278199,MassDistra,massdistra427819980@example.com,1948-09-11,80
ur35928810,mikerapuan,mikerapuan3592881011@moviefans.com,2006-06-05,30
ur22568139,eric_leidn,ericleidn2256813973@imdbuser.net,2021-05-16,40
ur126457071,NS-reviews,nsreviews12645707164@example.com,2013-06-06,17
ur23725109,johnclifto,johnclifto2372510949@mail.com,2009-06-23,76
ur20548186,Trombonehe,trombonehe2054818662@example.com,2003-02-06,31
ur49825993,mukul-led,mukulled4982599330@example.com,1976-01-13,59
ur8356803,churchofsu,churchofsu835680316@mail.com,2013-01-09,51
ur50682520,homebob,homebob5068252051@moviefans.com,2013-10-12,37
ur47831382,wikk-835-2,wikk83524783138297@mail.com,1988-07-22,71
ur46442870,nik-kirilo,nikkirilo4644287075@mail.com,2023-07-03,28
ur107329935,ejmalek,ejmalek10732993564@imdbuser.net,2022-02-24,13
ur6544645,Graggoz,graggoz654464577@mail.com,1973-04-15,67
ur4867038,francisco8,francisco8486703894@mail.com,1980-05-23,79
ur1622142,asmith1313,asmith1313162214220@moviefans.com,2022-07-06,18
ur43303123,ArminCallo,armincallo4330312330@example.com,1956-05-24,77
ur0203529,sid1996,sid1996020352927@mail.com,1990-07-16,64
ur16587382,osonder,osonder1658738255@example.com,2019-11-18,27
ur65090546,nneveregre,nneveregre6509054690@example.com,1987-12-15,59
ur102301134,mldotymn,mldotymn10230113494@example.com,1991-03-11,35
ur43568759,n-middleto,nmiddleto4356875967@mail.com,2004-04-12,24
ur27105622,psoilander,psoilander2710562262@moviefans.com,1972-03-19,56
ur57263170,Vikingbyhe,vikingbyhe5726317099@mail.com,1973-04-25,60
ur125366793,manineyriz,manineyriz12536679368@mail.com,2019-09-30,50
ur2573015,Scouserboy,scouserboy257301544@example.com,2003-12-05,27
ur18723110,justin-fen,justinfen1872311080@moviefans.com,1986-09-02,57
ur62756231,iosophine,iosophine6275623191@example.com,2022-06-23,15
ur6093052,tom_dimagg,tomdimagg609305295@imdbuser.net,1946-09-21,80
ur3716508,poljanfine,poljanfine371650865@imdbuser.net,2021-12-01,29
ur188741209,better-cle,bettercle18874120969@moviefans.com,1994-12-03,47
ur4825532,dkennert,dkennert482553228@imdbuser.net,1990-04-13,37
ur39545824,UsernameHy,usernamehy3954582482@example.com,1996-08-11,37
ur1255571,pinokiyo,pinokiyo125557178@mail.com,2017-01-04,15
ur117354284,wackywooki,wackywooki11735428498@example.com,1989-06-16,44
ur26167500,bryllefaja,bryllefaja2616750089@moviefans.com,2007-04-18,54
ur62144097,fiverrmone,fiverrmone6214409775@mail.com,1976-06-05,64
ur52769928,turdbadge,turdbadge5276992831@example.com,2024-12-27,60
ur31240614,champjohns,champjohns3124061417@example.com,1992-08-03,57
ur60662200,randymcbea,randymcbea6066220011@moviefans.com,2011-05-01,49
ur1036150,agblum,agblum103615020@mail.com,2006-10-30,20
ur33076543,EdinBajric,edinbajric3307654378@mail.com,2014-01-17,35
ur59333114,grace-dood,gracedood5933311443@mail.com,1956-08-17,69
ur60476485,michaeldfi,michaeldfi6047648583@mail.com,2015-04-14,13
ur56074633,maddy-143-,maddy1435607463380@example.com,1983-07-16,66
ur43733933,samgreer-6,samgreer64373393353@moviefans.com,1962-02-24,65
ur14760227,tesnitaylo,tesnitaylo1476022799@example.com,2007-02-27,62
ur6535601,cdelacroix,cdelacroix653560191@example.com,2023-02-28,36
ur6751576,charlesaf1,charlesaf1675157650@moviefans.com,1989-11-12,60
ur1205360,caseychief,caseychief120536039@example.com,1995-03-19,32
ur5004432,pippahinch,pippahinch500443262@mail.com,1980-05-22,68
ur11425777,lyndonnobl,lyndonnobl1142577713@example.com,2008-01-15,71
ur93499088,rigovega,rigovega9349908882@example.com,1988-02-12,41
ur41882177,johnral321,johnral3214188217775@moviefans.com,2014-06-14,65
ur3109087,E_Bengtson,ebengtson310908712@example.com,1995-12-03,47
ur12564187,Sam_Youno,samyouno1256418789@example.com,2014-12-01,77
ur19626447,lil_mexx31,lilmexx311962644732@mail.com,2022-02-24,56
ur20904452,raj504,raj5042090445259@imdbuser.net,1972-09-22,69
ur25021253,tomcozumel,tomcozumel2502125329@mail.com,2006-01-10,54
ur24750086,MovieHunte,moviehunte2475008685@example.com,1949-11-30,78
ur1095226,tributarys,tributarys109522692@mail.com,1953-05-12,78
ur6046664,mmthos,mmthos604666451@imdbuser.net,2001-04-08,26
ur161218861,LennyRevie,lennyrevie16121886131@moviefans.com,2002-07-05,34
ur14748136,knower_mob,knowermob1474813699@mail.com,2014-02-28,23
ur16130460,atomicis,atomicis1613046085@imdbuser.net,1990-04-06,37
ur0081487,ohbother,ohbother008148769@example.com,1994-05-20,64
ur1103928,SlayerKat,slayerkat110392835@mail.com,2020-04-15,21
ur0224914,poem,poem022491482@example.com,2010-05-24,54
ur0912838,denisejhal,denisejhal091283886@moviefans.com,2008-08-29,70
ur0948449,scl-6,scl6094844976@imdbuser.net,2022-03-12,13
ur0533968,satterwh,satterwh053396849@moviefans.com,2007-09-16,20
ur35412772,galaxychoc,galaxychoc3541277287@moviefans.com,2010-07-09,39
ur89131882,elainehowi,elainehowi8913188272@moviefans.com,2013-03-26,18
ur99053606,jordandean,jordandean9905360626@moviefans.com,2014-01-18,27
ur1879490,Boombooms2,boombooms2187949083@example.com,1951-08-12,79
ur0611748,vampire-25,vampire25061174867@mail.com,2020-09-29,45
ur0037262,dig,dig003726246@mail.com,2007-11-26,62
ur14218940,ris916,ris9161421894018@mail.com,2011-06-17,73
ur0499013,Jame Timms,jametimms049901384@imdbuser.net,2020-05-18,27
ur34140668,Disturbing,disturbing3414066866@moviefans.com,2005-09-05,54
ur29671092,songbirdn,songbirdn2967109288@imdbuser.net,2015-05-18,59
ur41020131,wolfsinger,wolfsinger4102013135@imdbuser.net,1962-01-20,66
ur4209530,kjetil1979,kjetil1979420953085@example.com,2014-12-10,18
ur24916405,animalmad1,animalmad12491640545@moviefans.com,2016-02-09,26
ur44880312,kryrain,kryrain4488031295@moviefans.com,1996-11-14,35
ur26083589,gavin-thel,gavinthel2608358983@mail.com,2016-05-31,26
ur2550887,thrashingm,thrashingm255088711@example.com,1952-06-07,79
ur8491284,saltandpep,saltandpep849128486@moviefans.com,2024-09-15,15
ur3673038,JonDubya20,jondubya20367303878@imdbuser.net,2011-10-10,40
ur9704632,bienkow78,bienkow78970463212@mail.com,1977-03-05,55
ur3402979,eddy-49,eddy49340297945@example.com,2002-04-25,69
ur3519967,darthquinc,darthquinc351996750@imdbuser.net,2001-08-25,26
ur4512625,Werewolf_R,werewolfr451262566@example.com,2024-04-13,42
ur3728510,pyrocitor,pyrocitor372851044@moviefans.com,2013-02-09,74
ur0976938,tzmalone,tzmalone097693847@mail.com,2022-03-11,20
ur1497561,ShortCuteB,shortcuteb149756133@mail.com,2020-07-07,23
ur9814911,johnmichae,johnmichae981491185@example.com,2025-10-02,58
ur5046547,Natman86,natman86504654727@moviefans.com,1984-05-15,70
ur2015372,dballred,dballred201537259@example.com,2000-08-26,39
ur14779077,isaacbbabc,isaacbbabc1477907745@mail.com,2006-06-16,75
ur5078653,ericcaneer,ericcaneer507865366@imdbuser.net,1964-01-31,65
ur5063835,deadend-2,deadend2506383596@example.com,2000-05-22,30
ur2288006,femme_fata,femmefata228800636@imdbuser.net,1949-05-07,77
ur0822010,pluto8,pluto8082201018@mail.com,2006-08-25,37
ur38421752,CharlottaG,charlottag3842175282@example.com,2012-09-03,31
ur0020652,Blade-3,blade3002065226@example.com,1969-12-12,75
ur13294629,sachinphan,sachinphan1329462979@moviefans.com,2012-10-25,71
ur5330240,gvit-2,gvit2533024052@example.com,1994-04-02,32
ur41488246,mratynski7,mratynski74148824676@moviefans.com,2005-01-03,22
ur27100985,LordManhat,lordmanhat2710098537@moviefans.com,2022-06-09,71
ur74211272,mwinglunch,mwinglunch7421127218@moviefans.com,2021-01-02,21
ur60519690,madpea,madpea6051969050@example.com,2023-04-26,16
ur17253924,Spinetingl,spinetingl1725392411@moviefans.com,2019-08-16,15
ur108426522,RandomTard,randomtard10842652233@imdbuser.net,2019-04-03,17
ur28039142,alanpgini,alanpgini2803914245@imdbuser.net,2017-05-31,18
ur71547688,mugi-18651,mugi186517154768888@imdbuser.net,1991-08-11,34
ur65307242,ferrigno-9,ferrigno96530724254@moviefans.com,2024-07-23,22
ur3927011,frankwhat,frankwhat392701128@example.com,1980-09-16,65
ur136244711,gtorpey,gtorpey13624471143@moviefans.com,1982-07-26,56
ur0805697,the red du,thereddu080569766@mail.com,1977-02-28,69
ur10364121,neworderrr,neworderrr1036412180@mail.com,2001-04-03,76
ur1014338,Gustavo Ma,gustavoma101433833@mail.com,2013-12-31,33
ur18272304,tazwell,tazwell1827230495@moviefans.com,2006-08-03,25
ur0437521,BrianWilso,brianwilso043752153@mail.com,2003-06-15,38
ur44470512,collierand,collierand4447051263@imdbuser.net,2007-03-29,55
ur23206741,Low_Rent,lowrent2320674181@example.com,2018-06-25,30
ur0473214,Lofwer,lofwer047321496@imdbuser.net,2014-09-03,13
ur0148252,awoolsey,awoolsey014825257@mail.com,1984-03-18,55
ur7285542,zaphodchak,zaphodchak728554212@imdbuser.net,1988-06-17,67
ur4638104,susani8-1,susani81463810470@mail.com,2012-09-10,54
ur6861028,placeboton,placeboton686102820@imdbuser.net,2008-04-27,65
ur4639352,SmartFace,smartface463935286@imdbuser.net,1980-11-04,56
ur5728489,mskatherin,mskatherin572848985@moviefans.com,2023-08-04,26
ur71028976,padawanmov,padawanmov7102897655@mail.com,2009-07-21,38
ur17078884,jrobins2,jrobins21707888447@mail.com,2006-10-20,67
ur1593393,Babybug3,babybug3159339392@example.com,2023-10-04,75
ur16438374,DrewAlexan,drewalexan1643837479@mail.com,2013-03-29,14
ur1309255,smcsween17,smcsween17130925549@mail.com,2006-09-27,27
ur9116022,gemini78,gemini78911602262@mail.com,1988-06-30,77
ur5620433,humm51,humm51562043317@moviefans.com,1987-07-31,43
ur22881987,Bob_the_Ho,bobtheho2288198710@mail.com,2009-02-23,68
ur6251270,SvearthGua,svearthgua625127084@imdbuser.net,2011-10-08,70
ur89952795,itsbobr,itsbobr8995279566@mail.com,1999-01-24,44
ur104970238,branconnot,branconnot10497023889@imdbuser.net,2019-02-26,45
ur68443130,whocares-9,whocares96844313033@imdbuser.net,2021-10-03,64
ur22899338,KarenYVR,karenyvr2289933873@mail.com,2017-02-22,44
ur98145161,juzer03,juzer039814516155@example.com,1973-12-29,53
ur21088257,fivish-1,fivish12108825758@moviefans.com,2019-11-13,17
ur43423400,ashishmano,ashishmano4342340094@example.com,2006-10-02,49
ur19023771,jkt2006,jkt20061902377179@example.com,1963-09-14,74
ur84494044,suripat,suripat8449404456@mail.com,2014-04-25,20
ur9154191,amb992000,amb992000915419167@example.com,2019-06-28,42
ur63157048,catimeup,catimeup6315704894@example.com,1946-12-03,80
ur24453294,PokerStar8,pokerstar82445329474@imdbuser.net,1997-10-27,31
ur4136553,Silvertip_,silvertip413655364@imdbuser.net,1981-08-11,59
ur82572535,rqwq,rqwq8257253573@example.com,1990-09-08,61
ur66043126,ddem2000,ddem20006604312672@mail.com,1972-01-13,67
ur92660648,simonegreg,simonegreg9266064866@example.com,1997-07-07,61
ur84897141,robbiemann,robbiemann8489714183@imdbuser.net,1991-06-20,36
ur50835825,bnemec-929,bnemec9295083582576@moviefans.com,1996-03-20,52
ur105908152,joetulgan,joetulgan10590815213@imdbuser.net,2019-06-26,25
ur88075567,bvisse,bvisse8807556744@mail.com,2021-10-05,17
ur10125497,runescapel,runescapel1012549741@imdbuser.net,2012-05-06,26
ur0085864,wamozart,wamozart008586447@mail.com,2006-11-01,23
ur2407401,TheBob67,thebob67240740182@moviefans.com,2023-06-30,75
ur2286424,bershay,bershay228642437@imdbuser.net,2012-02-02,16
ur0412179,Eric_Rage,ericrage041217994@mail.com,1998-10-17,74
ur0172793,Kelly G.,kellyg017279318@moviefans.com,2018-06-07,37
ur2315149,trevor_k,trevork231514942@example.com,1984-05-14,56
ur2617087,Holczer13,holczer13261708774@mail.com,2012-06-21,78
ur0627724,latherzap,latherzap062772460@moviefans.com,2011-10-13,18
ur56324045,MRAF31,mraf315632404520@imdbuser.net,2003-02-09,57
ur0023870,Tommy N,tommyn002387036@imdbuser.net,2002-12-06,33
ur1128258,AbeStreet,abestreet112825888@imdbuser.net,2011-12-23,20
ur12610840,yod-5,yod51261084076@moviefans.com,2023-06-25,33
ur1919094,Steve_Nyla,stevenyla191909470@imdbuser.net,1987-10-29,71
ur3808947,k_rkeplar,krkeplar380894759@mail.com,2012-06-10,14
ur5003003,sioenroux,sioenroux500300394@mail.com,2025-06-20,18
ur15901794,amalmer,amalmer1590179475@example.com,2023-11-17,55
ur20494321,mhenderson,mhenderson2049432166@imdbuser.net,2002-03-09,50
ur0747117,mstylianou,mstylianou074711782@moviefans.com,2009-10-17,17
ur2380039,bloodymond,bloodymond238003972@example.com,2019-12-20,34
ur0025944,Fredda,fredda002594444@moviefans.com,2022-11-29,17
ur2061930,EXodus25X,exodus25x206193066@imdbuser.net,1990-11-22,40
ur87278803,nadiatowns,nadiatowns8727880342@moviefans.com,1994-06-07,33
ur54757473,adamscastl,adamscastl5475747362@example.com,1997-04-11,65
ur3231205,Atavisten,atavisten323120521@mail.com,2010-03-23,39
ur102611284,Hongwaree_,hongwaree10261128431@example.com,2012-10-28,73
ur46626307,katiefanat,katiefanat4662630790@example.com,2025-11-05,71
ur46087760,devin-greg,devingreg4608776081@mail.com,1992-07-26,76
ur67387573,Jessicat66,jessicat666738757376@moviefans.com,2001-07-09,28
ur13992888,burgerman9,burgerman91399288889@imdbuser.net,2016-06-10,17
ur96353761,diegojosme,diegojosme9635376125@imdbuser.net,2011-03-10,68
ur104108207,aherdofbea,aherdofbea10410820776@mail.com,1982-02-02,75
ur85368050,bbekloffya,bbekloffya8536805058@imdbuser.net,2002-09-17,53
ur31949031,vtoivon2,vtoivon23194903154@moviefans.com,2010-09-18,61
ur0503545,JankiSharm,jankisharm050354580@moviefans.com,2009-05-24,53
ur125081478,himanxhu,himanxhu12508147841@mail.com,2023-01-06,57
ur19861628,nikhilmana,nikhilmana1986162878@imdbuser.net,1996-08-13,73
ur10405527,jamesbrand,jamesbrand1040552789@mail.com,2025-02-24,44
ur73972350,jameskidac,jameskidac7397235084@example.com,2001-01-30,26
ur0493442,rlcsljo,rlcsljo049344263@imdbuser.net,2006-08-30,79
ur1679475,krorie,krorie167947536@moviefans.com,2012-07-29,68
ur3002370,abahb1,abahb1300237032@imdbuser.net,2020-02-06,41
ur8552649,hannahmarr,hannahmarr855264924@imdbuser.net,2013-05-27,23
ur107087554,Rayve777,rayve77710708755479@moviefans.com,1982-05-08,53
ur1836127,terrors89,terrors89183612742@mail.com,2013-05-25,14
ur4818513,Whythorne,whythorne481851374@example.com,1968-08-28,72
ur46581731,Sunsphxsun,sunsphxsun4658173110@mail.com,1978-05-11,65
ur111763482,thales-630,thales63011176348266@mail.com,2007-02-10,23
ur2151599,kirklott,kirklott215159969@moviefans.com,2024-01-24,43
ur1584185,guido anse,guidoanse158418589@mail.com,1987-03-06,79
ur2258345,RJGodin2,rjgodin2225834525@mail.com,2015-10-04,20
ur69149242,madahab,madahab6914924285@imdbuser.net,2012-08-18,30
ur0605938,Spamlet,spamlet060593832@example.com,2007-02-01,58
ur4336891,superfragg,superfragg433689130@imdbuser.net,1996-06-24,34
ur1863309,StellaLuna,stellaluna186330983@mail.com,2020-12-13,18
ur0706917,oddi-3,oddi3070691745@mail.com,1991-05-27,62
ur1853431,adamw_13,adamw13185343161@moviefans.com,2023-11-08,32
ur108989962,joshuarob-,joshuarob10898996280@imdbuser.net,2025-03-06,24
ur0256124,Jeff-197,jeff197025612428@imdbuser.net,2012-08-05,13
ur98064456,olcare,olcare9806445684@mail.com,2015-07-04,26
ur40070691,jukangliwa,jukangliwa4007069149@imdbuser.net,1992-07-15,35
ur0415683,bill-461,bill461041568382@moviefans.com,1984-10-27,53
ur5151369,leoni-5,leoni5515136973@example.com,1982-03-14,66
ur105048972,IrateTyran,iratetyran10504897248@example.com,2024-01-30,13
ur1060805,bcfremeau,bcfremeau106080580@imdbuser.net,1976-01-31,69
ur19566417,timster-mc,timstermc1956641722@moviefans.com,1997-07-24,46
ur65837546,barkingura,barkingura6583754668@imdbuser.net,2001-06-28,50
ur26361442,freshclean,freshclean2636144283@example.com,2021-03-20,25
ur134102604,rbsanford,rbsanford13410260488@example.com,1997-11-10,66
ur43314274,otter-stl,otterstl4331427426@imdbuser.net,2003-09-27,74
ur35307871,Giacomo_De,giacomode3530787124@mail.com,2021-05-08,13
ur176559064,thevemir,thevemir17655906446@moviefans.com,1962-12-02,73
ur37599117,prospectus,prospectus3759911787@moviefans.com,2011-07-12,70
ur133128371,rcotton-64,rcotton6413312837153@moviefans.com,2015-02-01,48
ur52376186,georget-98,georget985237618674@mail.com,1959-07-14,66
ur4844673,smspencer6,smspencer6484467371@mail.com,2016-03-27,35
ur1847931,OCSALON,ocsalon184793196@imdbuser.net,2004-03-13,22
ur1606533,jrig24,jrig24160653327@imdbuser.net,2003-02-16,75
ur1292935,cjwynes,cjwynes129293524@imdbuser.net,2003-04-16,53
ur1215511,Psycho Man,psychoman121551135@moviefans.com,1969-11-24,71
ur0203784,PhilipV,philipv020378449@imdbuser.net,1961-05-28,67
ur0465946,jrs-8,jrs8046594623@imdbuser.net,2017-07-05,19
ur3223758,doyce4sub,doyce4sub322375862@mail.com,2010-12-30,25
ur97389251,Pnkprinses,pnkprinses9738925116@mail.com,2018-09-09,50
ur1148633,hetstadium,hetstadium114863311@mail.com,2020-11-08,74
ur1288611,rlaine,rlaine128861149@example.com,2008-02-14,54
ur62144379,wolfieja,wolfieja6214437988@mail.com,1998-01-30,70
ur68266853,anthonysan,anthonysan6826685350@example.com,2025-11-27,71
ur9864385,Lil_miss_t,lilmisst986438587@imdbuser.net,1971-10-27,66
ur12904428,KnowOne198,knowone1981290442825@moviefans.com,2018-03-15,28
ur83588937,BruceWayne,brucewayne8358893788@imdbuser.net,1975-04-19,56
ur18942329,mcr_87,mcr871894232931@moviefans.com,1995-09-26,42
ur34196046,mcvallin-3,mcvallin33419604620@example.com,1985-12-12,54
ur18033137,thetruthwi,thetruthwi1803313767@imdbuser.net,1976-08-03,51
ur0712153,heffay111,heffay111071215399@moviefans.com,1996-12-25,32
ur17465125,polarimetr,polarimetr1746512537@moviefans.com,1997-10-31,39
ur19163899,cdcole_27,cdcole271916389995@example.com,2021-04-25,55
ur1882489,nicolopolo,nicolopolo188248987@mail.com,2017-02-15,40
ur1212737,greguva,greguva121273760@imdbuser.net,2011-07-24,36
ur3483180,Keno27,keno27348318086@imdbuser.net,1962-02-03,66
ur0090268,ahaney,ahaney009026863@mail.com,2021-02-13,49
ur2535411,otto4,otto4253541160@example.com,2022-11-08,29
ur1670619,Teowulff,teowulff167061934@imdbuser.net,1998-10-12,34
ur38614372,tomsview,tomsview3861437266@imdbuser.net,2022-05-20,38
ur78255732,criticadel,criticadel7825573222@imdbuser.net,2018-09-13,34
ur62489572,nimdude,nimdude6248957242@imdbuser.net,1997-07-25,50
ur9944258,therevolvi,therevolvi994425878@imdbuser.net,2023-12-25,14
ur83431045,georgebwof,georgebwof8343104586@imdbuser.net,1993-02-19,68
ur78563449,liam_rober,liamrober7856344972@moviefans.com,2000-12-31,29
ur0136488,mraos,mraos013648830@example.com,2009-03-12,21
ur58343189,Danielpota,danielpota5834318988@moviefans.com,1997-05-20,50
ur70343258,robynsongs,robynsongs7034325876@moviefans.com,2014-05-11,31
ur14048014,reisen55,reisen551404801440@mail.com,2008-05-05,22
ur153430170,Billy_Boy_,billyboy15343017062@moviefans.com,2006-10-18,53
ur78411148,ceuotce,ceuotce7841114867@mail.com,2004-01-30,42
ur22220746,texasrange,texasrange2222074669@imdbuser.net,1968-02-18,63
ur0534135,Hunky Stud,hunkystud053413553@moviefans.com,1975-04-05,75
ur1850634,overcaffei,overcaffei185063440@imdbuser.net,2002-07-23,62
ur0325908,MikeK-7,mikek7032590848@moviefans.com,1963-09-09,78
ur156087945,ykjdh,ykjdh15608794518@imdbuser.net,2013-02-04,23
ur0583494,smirre44,smirre44058349446@moviefans.com,1996-10-27,60
ur2586411,ph0hunter,ph0hunter258641110@example.com,1987-08-22,77
ur4397125,InvisibleS,invisibles439712565@mail.com,2020-01-01,18
ur11183398,thomaslsti,thomaslsti1118339860@imdbuser.net,1992-04-02,43
ur3474218,paul51,paul51347421850@mail.com,1971-01-15,57
ur0157999,curtis-8,curtis8015799913@mail.com,2001-12-26,58
ur1967931,trevorwomb,trevorwomb196793113@example.com,2022-07-22,22
ur25079304,mrsmoore18,mrsmoore182507930431@example.com,1988-09-21,40
ur68616283,davyd-0223,davyd02236861628328@imdbuser.net,2017-01-10,13
ur0106641,comquest,comquest010664136@moviefans.com,2016-10-24,14
ur2231293,tone143,tone143223129311@imdbuser.net,1953-06-06,77
ur0053823,Macholic,macholic005382346@example.com,2000-07-11,37
ur20220111,bohicaranc,bohicaranc2022011169@imdbuser.net,2024-07-21,17
ur47819485,facebook-8,facebook84781948571@mail.com,2000-02-09,65
ur1902668,kzm,kzm190266828@moviefans.com,1986-08-05,51
ur38460154,pwadsworth,pwadsworth3846015436@moviefans.com,2012-03-15,16
ur2994563,eamonnwalk,eamonnwalk299456333@mail.com,2008-01-07,61
ur3531290,preppyboy9,preppyboy9353129072@example.com,2010-07-14,37
ur5368428,phenomynou,phenomynou536842815@moviefans.com,2021-11-25,75
ur1093699,MontageRul,montagerul109369913@imdbuser.net,1999-10-02,36
ur2783700,elsterusa,elsterusa278370052@moviefans.com,2008-01-06,33
ur10774103,atlihafste,atlihafste1077410345@example.com,2015-11-19,16
ur1529007,Vipex23,vipex23152900713@imdbuser.net,2024-08-17,37
ur0673772,mk723,mk723067377275@imdbuser.net,1975-03-01,74
ur1964962,ADFman,adfman196496216@mail.com,1980-09-16,72
ur3248407,weprin2,weprin2324840712@imdbuser.net,2014-01-31,46
ur11242058,nerpaakula,nerpaakula1124205889@mail.com,2019-08-21,14
ur41165499,mwcanadian,mwcanadian4116549989@moviefans.com,2011-08-06,37
ur1601512,Jusenkyo_n,jusenkyon160151218@imdbuser.net,2023-10-18,18
ur0101119,spooon,spooon010111928@mail.com,1977-03-26,55
ur0737431,sanddog2,sanddog2073743127@mail.com,2024-03-10,71
ur1357100,tjphi,tjphi135710075@moviefans.com,2001-01-12,28
ur127022313,Pyro_Pizza,pyropizza12702231328@moviefans.com,1986-11-28,47
ur8265729,sandroski6,sandroski6826572960@example.com,1984-09-03,79
ur25612772,frontini-g,frontinig2561277248@imdbuser.net,2017-01-14,30
ur6523444,RogerEbert,rogerebert652344426@example.com,2022-12-27,52
ur0349866,Lens-2,lens2034986658@imdbuser.net,1990-10-01,40
ur24752982,drluigi1,drluigi12475298263@moviefans.com,1986-02-20,52
ur129306191,pedrocasti,pedrocasti12930619180@example.com,1992-02-29,41
ur1721718,nioski,nioski172171878@imdbuser.net,2009-12-10,43
ur0286534,BermudezLi,bermudezli028653422@mail.com,2006-10-22,42
ur3744126,blackpaper,blackpaper374412625@example.com,1999-02-01,48
ur0265830,Walter-11,walter11026583057@imdbuser.net,1984-07-23,43
ur43912170,Mister_Ree,misterree4391217037@imdbuser.net,1975-08-10,76
ur150551506,tommy-9776,tommy977615055150671@imdbuser.net,2024-02-23,50
ur16648281,Xenopickle,xenopickle1664828185@moviefans.com,2007-06-29,32
ur93491883,sigfridpiu,sigfridpiu9349188376@mail.com,2012-10-04,75
ur19217872,sleepingsu,sleepingsu1921787225@imdbuser.net,2010-07-16,17
ur18544553,joshbarton,joshbarton1854455386@example.com,1967-08-08,69
ur20500546,wotsonurmi,wotsonurmi2050054692@example.com,2004-10-02,65
ur76666996,kmanousos,kmanousos7666699630@moviefans.com,1995-05-12,65
ur76765861,seanmitche,seanmitche7676586134@example.com,1998-06-27,37
ur62055502,Darryl_Laz,darryllaz6205550214@moviefans.com,2020-08-10,60
ur23629513,joexrayguy,joexrayguy2362951311@moviefans.com,1999-12-23,58
ur93511828,sjoberg-22,sjoberg229351182821@mail.com,1994-03-03,50
ur183687337,rabbi-bd,rabbibd18368733751@imdbuser.net,2008-05-12,54
ur192516486,shamblet,shamblet19251648681@mail.com,1980-09-01,45
ur21101534,paulijcald,paulijcald2110153490@example.com,1990-06-13,49
ur3780755,rdambroso,rdambroso378075526@mail.com,1999-02-12,47
ur3509228,herrnoel,herrnoel350922875@moviefans.com,1975-06-04,62
ur20010568,jb_campo,jbcampo2001056828@imdbuser.net,1987-03-22,51
ur9403697,Kashmirgre,kashmirgre940369758@mail.com,2013-08-16,37
ur80587355,gilchristc,gilchristc8058735556@imdbuser.net,2011-09-18,15
ur28071275,MissSimone,misssimone2807127513@imdbuser.net,2009-12-22,66
ur27641257,horrorhobb,horrorhobb2764125750@moviefans.com,2010-12-11,35
ur0945936,rivera66_9,rivera669094593668@moviefans.com,1996-06-26,34
ur158148139,jchin-2454,jchin245415814813922@imdbuser.net,2021-07-24,23
ur13378295,farmer_adm,farmeradm1337829519@example.com,1991-08-08,51
ur0858208,BlackMonk,blackmonk085820896@moviefans.com,2010-03-29,45
ur3277334,jrfranklin,jrfranklin327733490@example.com,2012-11-14,36
ur18999295,gacoxd,gacoxd1899929562@moviefans.com,1996-10-02,36
ur0100620,bat-5,bat5010062027@moviefans.com,2024-05-05,47
ur27935426,betsabee-1,betsabee12793542628@mail.com,2012-02-19,17
ur2920083,madpenguin,madpenguin292008345@moviefans.com,1988-10-24,51
ur2041492,syfer,syfer204149275@example.com,1974-04-16,55
ur2478480,mlg-2,mlg2247848079@mail.com,1992-08-09,38
ur3119939,brainofj72,brainofj72311993989@moviefans.com,1975-11-06,51
ur4361094,cass71898,cass71898436109465@mail.com,2004-01-09,33
ur9101903,zaitsev_20,zaitsev20910190328@imdbuser.net,2020-02-18,31
ur68201315,terryconwa,terryconwa6820131585@moviefans.com,1997-10-19,77
ur3216148,mintyrich,mintyrich321614841@mail.com,1983-08-28,72
ur1542612,Oneohtrixx,oneohtrixx154261271@mail.com,2019-11-08,33
ur7338741,jiribel,jiribel733874110@mail.com,1997-08-15,75
ur2866170,kodave,kodave286617064@example.com,2019-06-02,80
ur4940001,vegetarian,vegetarian494000140@imdbuser.net,2010-06-10,20
ur6076329,daniel-mka,danielmka607632919@mail.com,2023-12-24,33
ur83642421,krmanireth,krmanireth8364242180@example.com,1981-04-25,53
ur2112101,mullermike,mullermike211210135@mail.com,2003-10-12,77
ur0911514,charlietun,charlietun091151430@mail.com,2009-09-19,39
ur7992970,wendychiu1,wendychiu1799297096@imdbuser.net,2003-07-24,24
ur9104142,boza_sime,bozasime910414266@moviefans.com,1985-06-04,52
ur69315687,acadianjoe,acadianjoe6931568787@moviefans.com,1981-06-21,71
ur3111376,hitrack,hitrack311137623@example.com,2016-12-10,35
ur1240571,KamMcQ,kammcq124057154@imdbuser.net,1998-09-19,50
ur3485319,Flatliner8,flatliner8348531932@moviefans.com,2005-03-30,49
ur4110539,lesunra,lesunra411053911@example.com,1995-05-17,40
ur74092469,mtjohnson-,mtjohnson7409246995@imdbuser.net,1983-02-02,56
ur44749886,zeynepsert,zeynepsert4474988651@example.com,2016-05-26,14
ur86471342,santiagoma,santiagoma8647134281@moviefans.com,2018-05-09,37
ur31679674,itsdmillar,itsdmillar3167967466@example.com,2020-05-27,67
ur65796345,mattcurtis,mattcurtis6579634527@moviefans.com,2019-11-11,25
ur25160939,gja822,gja8222516093974@mail.com,2010-04-17,78
ur41124657,robbert-61,robbert614112465757@example.com,2006-10-06,42
ur101698435,aurabee,aurabee10169843591@example.com,2008-09-10,29
ur68047115,hadijaber-,hadijaber6804711528@example.com,1975-11-15,55
ur85341181,jacobminh,jacobminh8534118146@mail.com,2012-03-03,42
ur25790270,PennyRevie,pennyrevie2579027038@mail.com,2001-07-01,27
ur23927935,Yuan2010,yuan20102392793590@mail.com,1997-01-01,43
ur65160669,kingkular,kingkular6516066988@imdbuser.net,1960-06-09,80
ur11934404,dmgrundy,dmgrundy1193440483@example.com,2005-11-05,28
ur16666273,rick-j-wal,rickjwal1666627391@mail.com,2000-02-11,39
ur13139335,TheWylde,thewylde1313933563@moviefans.com,2015-10-16,18
ur5076133,LayerCake,layercake507613360@example.com,1963-07-21,69
ur74265847,varinderji,varinderji7426584722@mail.com,2014-09-16,25
ur5859164,jasoncerma,jasoncerma585916492@imdbuser.net,2002-06-17,46
ur16872725,millerpmil,millerpmil1687272563@example.com,2012-09-08,14
ur47213613,fh147,fh1474721361315@imdbuser.net,2006-05-28,32
ur0053365,Lary9,lary9005336555@mail.com,2011-01-08,69
ur0745126,Bondfan-4,bondfan4074512686@imdbuser.net,2024-07-14,17
ur0031586,David N.,davidn003158699@example.com,1959-07-03,77
ur2542703,edwagreen,edwagreen254270327@imdbuser.net,2008-10-12,23
ur1008058,Brian B-2,brianb2100805888@moviefans.com,2020-06-04,13
ur1414750,acaka-1,acaka1141475040@example.com,2022-04-03,37
ur0664413,Bachfeuer,bachfeuer066441343@moviefans.com,2019-08-26,73
ur0490476,dan_in_den,daninden049047634@example.com,2011-05-29,18
ur0562986,ginny3,ginny3056298689@imdbuser.net,1996-12-18,37
ur1106653,filmgirl7,filmgirl7110665322@moviefans.com,1997-12-08,57
ur2492815,rjison9000,rjison9000249281591@imdbuser.net,2004-10-31,25
ur1354057,cimorene_f,cimorenef135405758@imdbuser.net,2021-02-14,15
ur5074975,love-azure,loveazure507497584@imdbuser.net,1971-03-06,67
ur1144446,dabiz,dabiz114444612@imdbuser.net,1968-09-30,61
ur80399203,irishjenna,irishjenna8039920385@imdbuser.net,2018-04-30,80
ur90998310,topherdrew,topherdrew9099831015@mail.com,2021-08-28,23
ur24266511,dharmendra,dharmendra2426651164@moviefans.com,1985-11-12,42
ur28710899,jack_mohan,jackmohan2871089915@mail.com,2007-07-25,54
ur7614843,Muqbilm,muqbilm761484312@moviefans.com,2011-01-24,30
ur14733082,Bawoooo,bawoooo1473308221@imdbuser.net,2012-09-16,42
ur44055409,jack-blair,jackblair4405540969@imdbuser.net,2025-07-15,14
ur65124049,descobarle,descobarle6512404995@example.com,1988-12-28,41
ur18873142,saeedchoga,saeedchoga1887314239@imdbuser.net,2001-11-01,70
ur50165858,martin-nba,martinnba5016585874@mail.com,2004-09-03,39
ur51589789,alex_pears,alexpears5158978991@example.com,1984-04-20,45
ur110995449,Mr-Dahman,mrdahman11099544931@mail.com,1963-06-24,80
ur80448760,slimecity-,slimecity8044876045@imdbuser.net,2025-09-21,68
ur107763772,damlakdeni,damlakdeni10776377299@mail.com,2010-02-05,56
ur84731893,crickwill,crickwill8473189310@imdbuser.net,1987-11-25,75
ur79568152,apjc,apjc7956815283@mail.com,1999-01-26,31
ur21889320,jfenn53058,jfenn530582188932088@example.com,2003-02-18,34
ur85430891,benm-41751,benm417518543089120@imdbuser.net,2019-06-22,19
ur18017199,kc-halpin,kchalpin1801719970@mail.com,1999-03-02,31
ur26820808,domtaylor,domtaylor2682080850@example.com,2009-11-25,31
ur65852172,Martinito_,martinito6585217238@example.com,2017-08-18,16
ur30763954,ghazaal-b,ghazaalb3076395475@example.com,2021-09-21,68
ur13538926,Rectangula,rectangula1353892620@example.com,2006-08-22,78
ur4124201,Marisabrow,marisabrow412420121@mail.com,1992-08-23,36
ur115227177,BabelAlexa,babelalexa11522717792@moviefans.com,1994-09-23,70
ur79802010,heatherr-2,heatherr27980201023@mail.com,2020-08-26,13
ur83763955,rolandreit,rolandreit8376395595@example.com,1999-11-06,31
ur87167774,dreamsrepo,dreamsrepo8716777490@imdbuser.net,2003-12-07,33
ur1040443,YassenJ,yassenj104044359@imdbuser.net,2025-10-28,18
ur0835153,MovieDave,moviedave083515364@imdbuser.net,1958-03-14,72
ur1571857,boger,boger157185752@moviefans.com,2011-12-19,34
ur1141364,LFJeff,lfjeff114136494@imdbuser.net,2002-12-08,30
ur0574874,ColdZro,coldzro057487477@moviefans.com,1992-11-06,74
ur0841529,prodigaljo,prodigaljo084152931@imdbuser.net,2025-02-02,20
ur1206498,conjunctio,conjunctio120649865@moviefans.com,2005-06-08,35
ur0026791,CityBoy,cityboy002679143@example.com,2013-01-09,16
ur0327072,resisobilu,resisobilu032707279@moviefans.com,1950-11-14,79
ur1010423,frankmann8,frankmann8101042369@imdbuser.net,2025-12-10,13
ur0287383,patkeith,patkeith028738398@example.com,1996-12-07,46
ur0047915,Cubfan-2,cubfan2004791545@example.com,2003-07-04,65
ur0720690,kraziken,kraziken072069064@example.com,1960-09-13,78
ur0959817,laursene,laursene095981729@mail.com,2025-07-06,17
ur0870013,KMW2000,kmw2000087001333@moviefans.com,2008-09-01,42
ur0791690,dougpaz,dougpaz079169014@imdbuser.net,1994-04-13,32
ur0450172,fdbjr,fdbjr045017241@imdbuser.net,1988-04-17,57
ur4634912,Nearly_Hea,nearlyhea463491211@example.com,1990-05-25,73
ur8055870,aprilindee,aprilindee805587028@mail.com,2001-07-17,48
ur1290825,thomasdosb,thomasdosb129082522@imdbuser.net,1992-02-17,44
ur5234745,zeln,zeln523474563@mail.com,1981-07-13,64
ur3905396,tj1966,tj1966390539614@moviefans.com,2003-11-14,43
ur2071611,lukesmyrus,lukesmyrus207161185@moviefans.com,2014-09-08,14
ur10399897,amigat,amigat1039989733@mail.com,1963-04-13,66
ur2102829,rlnutt,rlnutt210282995@moviefans.com,2019-07-16,32
ur10433351,celizald,celizald1043335117@imdbuser.net,1968-11-30,58
ur7141467,EGANJM24,eganjm24714146796@mail.com,1980-04-05,67
ur8544965,godzooky-1,godzooky1854496544@example.com,2017-08-28,29
ur1677791,TexasRedge,texasredge167779153@mail.com,1994-11-10,72
ur0214998,sansay,sansay021499827@imdbuser.net,1993-04-28,45
ur1129292,tomdolly,tomdolly112929215@mail.com,1979-09-26,70
ur0969700,Ripe Peach,ripepeach096970058@example.com,2022-10-14,32
ur0053149,TechNoir,technoir005314939@imdbuser.net,2023-12-29,22
ur25485207,me-justama,mejustama2548520746@mail.com,1996-02-21,50
ur0042909,Balthazar-,balthazar004290917@mail.com,2025-07-15,61
ur0223816,KenM00,kenm00022381634@moviefans.com,2025-01-08,47
ur0212464,mrgroo,mrgroo021246485@imdbuser.net,2001-11-15,61
ur61703024,domsimmond,domsimmond6170302460@mail.com,1976-07-25,52
ur1781093,bluez24,bluez24178109323@imdbuser.net,1989-01-19,46
ur29502424,svishchenk,svishchenk2950242485@moviefans.com,2025-12-09,20
ur5564156,munkeh,munkeh556415614@mail.com,2002-08-28,75
ur39667456,anya-yanin,anyayanin3966745622@mail.com,2024-05-22,34
ur106154485,lamparadze,lamparadze10615448556@imdbuser.net,1999-02-10,70
ur120242727,MarcoParzi,marcoparzi12024272728@example.com,1993-12-28,79
ur75252279,Minnesota_,minnesota7525227944@example.com,2015-04-08,34
ur3488301,genesis_fo,genesisfo348830160@imdbuser.net,1966-02-03,66
ur33946927,Turgut_Bel,turgutbel3394692766@example.com,2024-11-11,22
ur106926601,leilaabbas,leilaabbas10692660174@example.com,1988-03-18,49
ur35686487,julianimat,julianimat3568648793@example.com,2005-05-05,27
ur106951017,geniaminee,geniaminee10695101752@imdbuser.net,2001-09-14,29
ur106930286,diffuzia,diffuzia10693028619@mail.com,1986-07-21,42
ur107272853,maqsews,maqsews10727285381@mail.com,1968-09-15,77
ur10647368,sorokin-4,sorokin41064736859@imdbuser.net,1961-01-07,69
ur41451316,gpride2009,gpride20094145131668@example.com,1994-04-23,44
ur106149221,knyazew,knyazew10614922188@imdbuser.net,2020-09-09,39
ur106949991,averbucha,averbucha10694999146@mail.com,1972-10-08,74
ur61292762,elinorthw,elinorthw6129276217@moviefans.com,2017-01-29,14
ur1976881,nickbasset,nickbasset197688185@example.com,1981-07-21,52
ur2877534,jdburkitt,jdburkitt287753491@mail.com,2007-02-04,69
ur4364388,lefou22,lefou22436438842@imdbuser.net,1987-09-09,54
ur2878611,jeremyzuni,jeremyzuni287861196@example.com,2013-10-07,55
ur4618417,RiotGurl31,riotgurl31461841784@imdbuser.net,1980-09-10,61
ur0372178,David Fick,davidfick037217832@moviefans.com,2012-02-09,14
ur0648001,carrowsboy,carrowsboy064800168@example.com,1957-05-06,76
ur4529686,Jimrsjdm,jimrsjdm452968644@moviefans.com,2013-01-08,20
ur4106519,Violaboy80,violaboy80410651910@moviefans.com,1982-12-12,72
ur2032955,thousandan,thousandan203295524@moviefans.com,2006-05-31,20
ur3086413,derekkosil,derekkosil308641330@mail.com,1986-06-13,75
ur0057137,Idefix-7,idefix7005713790@example.com,2018-01-10,18
ur0395954,pyotr-3,pyotr3039595489@mail.com,2020-09-28,78
ur0499632,Jimmy-128,jimmy128049963226@imdbuser.net,2022-08-04,17
ur0031647,jtamburi,jtamburi003164714@imdbuser.net,1994-05-27,31
ur7688004,pogostiks,pogostiks768800447@example.com,2023-12-14,13
ur43954022,nikicianci,nikicianci4395402268@mail.com,2024-03-24,58
ur40127249,sianpretor,sianpretor4012724988@mail.com,2007-02-03,71
ur46191909,Moh_1993,moh19934619190949@mail.com,1990-04-04,70
ur32698903,sweet-s-j-,sweetsj3269890372@example.com,2015-09-02,13
ur87148979,manigarg00,manigarg008714897941@moviefans.com,2000-07-30,44
ur2993700,jacobson98,jacobson98299370081@example.com,2023-01-28,30
ur20060108,xhidden99,xhidden992006010833@example.com,2006-01-11,49
ur40687018,WhaDoYaGot,whadoyagot4068701853@imdbuser.net,2012-11-02,20
ur42345868,manusanche,manusanche4234586873@moviefans.com,2021-04-05,67
ur25920573,SteveMierz,stevemierz2592057339@mail.com,1984-07-23,46
ur184155250,hyh_uk,hyhuk18415525056@mail.com,2004-03-15,21
ur133765843,shreendlov,shreendlov13376584361@example.com,1983-01-02,58
ur185461429,Mladen-Har,mladenhar18546142981@moviefans.com,2013-09-24,51
ur51909356,pegbnotbot,pegbnotbot5190935612@imdbuser.net,2010-09-07,35
ur18338773,alaningle7,alaningle71833877351@mail.com,1965-11-20,80
ur130192762,chocolatte,chocolatte13019276218@imdbuser.net,2023-02-20,16
ur178637960,melhans-65,melhans6517863796037@imdbuser.net,2019-01-22,13
ur168201128,Epicineman,epicineman16820112855@example.com,2008-07-07,36
ur131708142,hectordani,hectordani13170814233@moviefans.com,2017-02-11,65
ur52770328,jscanjscan,jscanjscan5277032878@mail.com,2010-08-02,39
ur42753116,brobst8832,brobst88324275311658@moviefans.com,1952-10-15,73
ur156226022,robertcair,robertcair15622602217@imdbuser.net,2023-05-23,13
ur65693832,julesparks,julesparks6569383216@example.com,2000-10-26,66
ur165413279,bored_bing,boredbing16541327980@mail.com,1962-07-17,73
ur155168050,bhmlp,bhmlp15516805058@example.com,2016-04-29,33
ur176526443,nowlgupa,nowlgupa17652644340@imdbuser.net,2012-01-31,42
ur2045792,stevepkp4,stevepkp4204579219@moviefans.com,1995-02-22,59
ur1730500,Professor ,professor173050055@mail.com,1996-01-08,32
ur2381798,chamerski,chamerski238179853@imdbuser.net,1997-01-25,48
ur5376707,jdimeo,jdimeo537670757@mail.com,2002-03-27,34
ur0651814,bretta23,bretta23065181417@mail.com,1977-02-01,51
ur5067987,SittingSti,sittingsti506798753@example.com,2006-09-09,34
ur122652914,badyfird,badyfird12265291442@moviefans.com,2019-05-22,23
ur22494177,stemelia21,stemelia212249417786@mail.com,2025-02-15,13
ur148135253,JonyVeana,jonyveana14813525331@moviefans.com,2021-02-09,27
ur4478810,FilmFanInT,filmfanint447881044@moviefans.com,2004-03-30,32
ur61096584,baileycraw,baileycraw6109658496@example.com,1992-10-24,58
ur171235909,RubenKusha,rubenkusha17123590989@example.com,1992-06-19,37
ur17054747,evryafluff,evryafluff1705474779@imdbuser.net,2023-12-10,41
ur1473580,kidwltm,kidwltm147358060@example.com,1965-04-22,74
ur4299090,mischarp,mischarp429909082@imdbuser.net,1999-07-28,66
ur163057552,bkdash-311,bkdash31116305755280@mail.com,2008-07-15,37
ur1745676,loudprince,loudprince174567661@mail.com,2025-03-13,52
ur0181684,rondine,rondine018168430@mail.com,1977-05-13,56
ur6673859,LanceBrave,lancebrave667385921@example.com,1981-02-24,71
ur0009605,TuckMN,tuckmn000960537@imdbuser.net,2019-11-28,41
ur0176511,E Canuck,ecanuck017651159@imdbuser.net,2022-03-01,76
ur4450767,Griffin-Mi,griffinmi445076769@moviefans.com,2024-11-24,23
ur53517533,Prince-P,princep5351753310@example.com,1995-11-13,54
ur2241793,WindWoman3,windwoman3224179353@example.com,2023-07-04,52
ur0988365,bleakeye,bleakeye098836583@example.com,2005-05-23,27
ur44225319,MrDeWinter,mrdewinter4422531936@moviefans.com,2020-02-02,25
ur101903264,Skekseeze,skekseeze10190326440@example.com,2001-05-09,39
ur89021587,bulgerpaul,bulgerpaul8902158729@example.com,2006-06-01,41
ur47198716,Osmiumos,osmiumos4719871618@moviefans.com,2006-09-25,21
ur135607130,bjerregaar,bjerregaar13560713030@moviefans.com,2011-06-21,15
ur37721910,hoytyhoyty,hoytyhoyty3772191034@example.com,2022-01-30,36
ur107538865,vonfidde,vonfidde10753886529@mail.com,1967-03-30,77
ur84075031,NeodymiumI,neodymiumi8407503130@moviefans.com,2003-11-29,60
ur0571421,unxmully,unxmully057142145@mail.com,2014-09-20,22
ur2107786,frockin_bo,frockinbo210778633@mail.com,2013-04-16,35
ur127520998,jmiller-65,jmiller6512752099889@example.com,1994-01-17,48
ur54984353,purnomoboy,purnomoboy5498435363@moviefans.com,1988-07-24,60
ur5242187,seabreeze-,seabreeze524218740@example.com,2024-01-27,39
ur61594006,pacvik,pacvik6159400623@example.com,2020-03-02,76
ur17691127,katiemadon,katiemadon1769112731@example.com,2016-04-28,14
ur0193592,DomiMMHS,domimmhs019359277@moviefans.com,2006-01-16,30
ur2303003,Tenchi6458,tenchi6458230300377@imdbuser.net,2002-11-25,26
ur2066837,Punkyboo13,punkyboo13206683725@imdbuser.net,2023-01-24,65
ur1503306,melsonv,melsonv150330692@example.com,1992-09-26,44
ur3704268,darkmanish,darkmanish370426811@mail.com,1989-06-24,76
ur72515619,mjf-76239,mjf762397251561969@mail.com,2018-09-15,46
ur0589875,deputydoof,deputydoof058987561@imdbuser.net,2021-10-17,71
ur85503622,nafps,nafps8550362284@imdbuser.net,2015-08-29,19
ur23023265,MoreThanAF,morethanaf2302326541@mail.com,2020-07-15,31
ur1722157,do_you_kno,doyoukno172215793@example.com,1989-03-20,44
ur0424776,slam163,slam163042477679@imdbuser.net,1999-04-02,77
ur0986794,magellan33,magellan33098679430@moviefans.com,1993-01-11,47
ur2804715,bavis12,bavis12280471528@example.com,2003-10-25,75
ur1064465,brandon-1,brandon1106446593@example.com,1997-07-17,47
ur1996041,dknow3,dknow3199604115@moviefans.com,1970-09-19,79
ur136098368,Chinesevil,chinesevil13609836898@imdbuser.net,2019-09-22,71
ur0701147,Barry Krus,barrykrus070114717@example.com,2008-11-05,27
ur3544286,mlionfire,mlionfire354428653@mail.com,1989-04-12,49
ur14216109,Longjohnbo,longjohnbo1421610937@mail.com,1996-02-15,74
ur65659378,petertdohe,petertdohe6565937825@moviefans.com,2023-06-07,38
ur13258442,coradenice,coradenice1325844234@moviefans.com,1994-05-12,33
ur62635721,jbriskey-3,jbriskey36263572148@imdbuser.net,1993-03-11,63
ur10568707,mkovanen,mkovanen1056870716@example.com,2022-04-08,23
ur4017950,contraspir,contraspir401795095@moviefans.com,1996-05-19,55
ur67763566,HarryLags,harrylags6776356643@moviefans.com,1977-10-22,60
ur0533704,Wormtongue,wormtongue053370439@imdbuser.net,2023-02-17,63
ur23997766,vividhkoth,vividhkoth2399776696@moviefans.com,2014-08-24,33
ur75042462,ggallegosg,ggallegosg7504246266@mail.com,2008-03-18,37
ur44522221,bob-larran,boblarran4452222181@imdbuser.net,2011-09-05,69
ur2534623,Segarr,segarr253462371@imdbuser.net,2018-07-02,77
ur20725041,JohnWelles,johnwelles2072504199@imdbuser.net,2017-06-20,37
ur57081363,charitable,charitable5708136315@mail.com,2022-04-08,71
ur17521381,salieri_21,salieri211752138148@example.com,1999-04-06,46
ur2965705,RichBuck,richbuck296570579@mail.com,2000-09-28,41
ur5877031,moviefiend,moviefiend587703144@moviefans.com,2021-07-14,53
ur1279735,Fonzieboy,fonzieboy127973565@imdbuser.net,1989-11-08,49
ur5082561,t-paulsm,tpaulsm508256197@mail.com,2025-12-13,23
ur0663475,pizowell,pizowell066347532@moviefans.com,1980-10-07,67
ur1115884,bedazzle,bedazzle111588412@moviefans.com,1998-06-04,74
ur99771122,xuenylomlu,xuenylomlu9977112225@moviefans.com,2023-04-21,60
ur0664492,mhasheider,mhasheider066449257@moviefans.com,2016-10-04,18
ur3987336,haildevilm,haildevilm398733697@imdbuser.net,2008-06-03,20
ur126357300,mateusz_my,mateuszmy12635730068@mail.com,2018-03-14,62
ur1519048,astrith,astrith151904855@imdbuser.net,2018-12-24,23
ur83756195,eschase,eschase8375619572@mail.com,1976-05-04,50
ur90727779,shanekraus,shanekraus9072777921@imdbuser.net,1971-04-15,76
ur9694949,smithwarri,smithwarri969494934@imdbuser.net,1968-10-24,76
ur152833488,bchisenhal,bchisenhal15283348816@mail.com,2008-04-07,27
ur77665682,angeloukor,angeloukor7766568290@example.com,2012-12-28,49
ur1204476,camsean,camsean120447634@example.com,1987-12-31,73
ur1858658,mangiman,mangiman185865868@mail.com,2019-11-30,71
ur2216899,LexiconDev,lexicondev221689979@mail.com,2021-12-25,24
ur0774985,zombie84,zombie84077498541@imdbuser.net,2023-08-28,20
ur2733556,QueenofBea,queenofbea273355661@example.com,1985-02-05,51
ur133580420,rickgooch,rickgooch13358042045@mail.com,2016-10-18,24
ur3701917,bugleboy5,bugleboy5370191728@example.com,2003-02-03,64
ur2257003,ReganRebec,reganrebec225700374@imdbuser.net,2010-11-30,16
ur3961523,spiritof67,spiritof67396152354@mail.com,1996-09-22,35
ur111704166,landenmead,landenmead11170416674@example.com,2016-10-21,49
ur22726822,doxxman5,doxxman52272682261@moviefans.com,2000-05-29,37
ur65041787,katiej-354,katiej3546504178760@moviefans.com,2008-04-17,39
ur95903815,piperhook-,piperhook9590381592@imdbuser.net,2022-11-21,37
ur41116144,shawnblack,shawnblack4111614439@example.com,1968-02-26,58
ur92207610,subodhlasu,subodhlasu9220761042@mail.com,1986-07-13,71
ur30483803,kidjay83,kidjay833048380376@moviefans.com,2003-04-12,52
ur4875659,LingXiaoyu,lingxiaoyu487565995@mail.com,1985-11-09,72
ur0904924,PsychicDan,psychicdan090492476@example.com,2001-06-29,78
ur2637155,Surecure,surecure263715547@imdbuser.net,2004-12-27,22
ur2089821,john-broad,johnbroad208982128@imdbuser.net,2001-11-16,57
ur1255313,shenania,shenania125531366@mail.com,2015-09-15,28
ur0073197,Bri-10,bri10007319797@mail.com,1997-02-04,38
ur4166852,marlie1013,marlie1013416685248@moviefans.com,1972-02-10,74
ur2380734,Haldar,haldar238073411@imdbuser.net,2014-07-13,15
ur2803033,revcosmo,revcosmo280303348@moviefans.com,1984-11-21,53
ur1954702,iwankhard,iwankhard195470294@imdbuser.net,2006-06-26,46
ur13930688,buddybickf,buddybickf1393068843@imdbuser.net,1971-01-21,61
ur4086402,Ricktrumpe,ricktrumpe408640234@imdbuser.net,1992-10-20,44
ur2453949,mickeysham,mickeysham245394944@moviefans.com,2025-11-09,79
ur8354348,walrusoflo,walrusoflo835434853@imdbuser.net,1980-10-15,67
ur8241120,tbyrne4,tbyrne4824112096@mail.com,2005-03-06,32
ur0752152,oregon123,oregon123075215232@mail.com,2025-11-19,13
ur14235710,slipstatic,slipstatic1423571072@moviefans.com,2021-07-10,35
ur81561331,undeaddt,undeaddt8156133112@moviefans.com,1989-12-13,50
ur88853631,augustkell,augustkell8885363160@mail.com,2020-11-13,18
ur104451231,knhu,knhu10445123130@moviefans.com,2012-06-14,55
ur31975388,just_in_ca,justinca3197538854@imdbuser.net,2007-07-06,18
ur85490963,ariwebbkat,ariwebbkat8549096376@mail.com,2025-01-08,13
ur21275295,psychposte,psychposte2127529550@example.com,2017-10-19,48
ur92019737,joesayl,joesayl9201973736@example.com,2000-09-06,66
ur10362596,rdlogie,rdlogie1036259695@moviefans.com,2011-03-02,73
ur9081274,Morten_5,morten5908127447@imdbuser.net,1989-07-21,50
ur70958398,fad-38798,fad387987095839891@moviefans.com,2018-11-12,13
ur27540798,bonzybino,bonzybino2754079878@example.com,2000-12-10,76
ur4188488,raraavis-2,raraavis2418848845@imdbuser.net,2001-02-08,35
ur6362473,silmaril-6,silmaril6636247357@moviefans.com,2007-02-25,71
ur4632419,lasgalleta,lasgalleta463241991@imdbuser.net,1973-12-01,73
ur54770876,3THEREAL,3thereal5477087680@imdbuser.net,1971-01-29,76
ur16579897,jane_conca,janeconca1657989721@mail.com,2022-04-01,33
ur23103027,blackbeani,blackbeani2310302795@example.com,2004-05-15,69
ur19819742,harryjohns,harryjohns1981974285@moviefans.com,1994-07-18,61
ur33520571,lstevens-3,lstevens33352057110@imdbuser.net,2007-04-02,18
ur34347042,colt_45-39,colt45393434704227@mail.com,1993-03-04,75
ur35595984,pamma09,pamma093559598444@example.com,2006-09-11,68
ur4082150,digiscript,digiscript408215085@mail.com,2000-11-14,40
ur17085784,max-850,max8501708578472@imdbuser.net,1966-11-20,59
ur5116808,kingbk-2,kingbk2511680864@mail.com,2001-07-19,80
ur27628820,lawkansas,lawkansas2762882028@moviefans.com,2020-11-26,14
ur105803879,sarahwood-,sarahwood10580387968@mail.com,2015-08-24,59
ur62716185,Shenoa77,shenoa776271618521@imdbuser.net,2015-12-19,17
ur47745063,prcmd,prcmd4774506393@moviefans.com,2025-09-08,36
ur1230260,phignett@h,phignetth123026046@mail.com,2007-07-05,33
ur34284180,gogarrett,gogarrett3428418049@imdbuser.net,1955-03-09,76
ur5052414,valen060,valen060505241477@imdbuser.net,1995-06-11,31
ur14294603,drawlife,drawlife1429460350@example.com,1980-10-05,68
ur55560229,DavidSherw,davidsherw5556022953@imdbuser.net,1983-01-01,52
ur22710391,jazzyjerom,jazzyjerom2271039134@imdbuser.net,2008-05-01,73
ur2846778,halavurta,halavurta284677863@example.com,2011-05-05,37
ur1174328,LexLodon,lexlodon117432842@mail.com,2007-10-11,19
ur57570518,supersohai,supersohai5757051826@mail.com,2011-11-24,20
ur47927181,vanessapar,vanessapar4792718168@imdbuser.net,2011-04-16,16
ur9630524,wolverinej,wolverinej963052479@moviefans.com,1982-03-01,55
ur15234339,skipoc,skipoc1523433925@mail.com,1972-04-13,59
ur3214008,tedari,tedari321400813@moviefans.com,1965-10-01,75
ur153778319,insultingf,insultingf15377831942@imdbuser.net,2009-09-06,52
ur108249018,boorae,boorae10824901884@moviefans.com,2014-07-20,20
ur25364506,asda-man,asdaman2536450655@moviefans.com,1964-06-13,75
ur36429246,george_vec,georgevec3642924668@mail.com,1979-01-21,72
ur2701721,Flicked,flicked270172194@imdbuser.net,2002-07-04,46
ur37503092,mryan15,mryan153750309270@mail.com,1993-12-10,52
ur28067761,jjt80827,jjt808272806776163@imdbuser.net,2008-04-04,57
ur5800317,msjpacke,msjpacke580031751@imdbuser.net,2011-04-14,23
ur5709100,jobberishn,jobberishn570910067@moviefans.com,1961-08-18,79
ur4987524,msmith40,msmith40498752466@moviefans.com,2025-08-23,72
ur113493970,suego-4929,suego492911349397063@moviefans.com,1998-05-06,33
ur93128822,lauramccul,lauramccul9312882282@example.com,2024-01-09,73
ur7119265,nikkd,nikkd711926528@mail.com,2006-10-02,27
ur18770944,LiveLoveLe,livelovele1877094486@mail.com,2008-09-02,31
ur36590949,kr98664,kr986643659094964@imdbuser.net,2013-06-26,13
ur79099009,wieberrscc,wieberrscc7909900925@moviefans.com,2007-05-10,70
ur27271266,Moviegoer1,moviegoer12727126657@moviefans.com,1974-02-20,75
ur92886444,linoayumu,linoayumu9288644453@imdbuser.net,2005-07-15,32
ur82024409,arunchedat,arunchedat8202440990@mail.com,2008-02-02,79
ur64251757,akomari,akomari6425175727@moviefans.com,1994-07-09,54
ur15339371,eskimosoun,eskimosoun1533937185@mail.com,2010-11-06,58
ur26067865,s_pike,spike2606786566@moviefans.com,2014-12-25,33
ur156438134,nevermind_,nevermind15643813467@imdbuser.net,2024-02-28,49
ur6283538,HenryDee8,henrydee8628353884@example.com,2012-06-06,36
ur0963478,eckhouse24,eckhouse24096347810@mail.com,2019-07-17,19
ur1286001,PinataMama,pinatamama128600170@example.com,2013-08-01,22
ur42566562,neils1958,neils19584256656260@example.com,2012-04-30,16
ur56815704,bberge007,bberge0075681570441@imdbuser.net,2022-09-20,34
ur129470063,csnmocchi,csnmocchi12947006378@mail.com,1978-02-21,73
ur26837752,djtherecru,djtherecru2683775219@example.com,1994-06-06,67
ur0173213,Ludlow-2,ludlow2017321350@moviefans.com,2011-05-23,33
ur12210560,mnmspencer,mnmspencer1221056042@moviefans.com,2005-07-29,76
ur37212912,MFC9,mfc93721291262@mail.com,1984-05-08,73
ur0136900,Shinwa,shinwa013690090@example.com,1980-11-14,50
ur3805610,daisey-ray,daiseyray380561042@imdbuser.net,2019-11-09,57
ur23903389,FFman-847-,ffman8472390338999@imdbuser.net,2004-11-25,30
ur1713651,TheXeroXon,thexeroxon171365137@mail.com,1999-07-16,78
ur31344378,destroyah2,destroyah23134437884@moviefans.com,2023-03-31,28
ur22689724,mj_milne-6,mjmilne62268972429@imdbuser.net,1995-07-31,51
ur32840160,brazil-60,brazil603284016084@moviefans.com,2023-10-18,78
ur30240112,Sheldon_Co,sheldonco3024011266@imdbuser.net,2013-11-21,34
ur22592063,paul-tabet,paultabet2259206331@moviefans.com,2024-08-22,78
ur20062585,primevalso,primevalso2006258578@imdbuser.net,1993-03-26,39
ur27203490,EmmaDinkin,emmadinkin2720349093@moviefans.com,2023-11-26,57
ur24565466,Pycs,pycs2456546639@mail.com,1998-10-12,61
ur22686870,Jared_Clay,jaredclay2268687046@moviefans.com,2015-03-21,19
ur15074253,Lepidopter,lepidopter1507425317@imdbuser.net,2025-05-08,72
ur4670510,b1lskirnir,b1lskirnir467051051@imdbuser.net,1997-05-16,34
ur2174905,oyason,oyason217490567@imdbuser.net,1971-05-24,73
ur22410620,mrcibubur,mrcibubur2241062014@example.com,1956-10-31,70
ur0276228,starlit-sk,starlitsk027622842@moviefans.com,1994-10-16,38
ur153983000,timothywal,timothywal15398300046@mail.com,1981-04-22,45
ur5549832,razmatazer,razmatazer554983233@imdbuser.net,2005-09-20,52
ur15925786,dzlz105,dzlz1051592578651@imdbuser.net,1991-07-27,76
ur3210707,abelardo64,abelardo64321070790@imdbuser.net,2016-09-07,41
ur2054447,Blazehgehg,blazehgehg205444725@mail.com,2012-05-28,27
ur3400347,fidomax,fidomax340034734@mail.com,1999-01-22,55
ur13644675,leftcentre,leftcentre1364467548@imdbuser.net,2016-01-16,73
ur3338050,filmquesti,filmquesti333805031@imdbuser.net,2013-05-08,27
ur2501122,jnm1981,jnm1981250112222@example.com,1997-09-06,68
ur2502889,alw-2,alw2250288921@imdbuser.net,1957-03-26,71
ur2132304,raptors2,raptors2213230451@example.com,2022-07-18,16
ur7842314,movietrail,movietrail784231461@mail.com,2021-04-07,13
ur29485730,Brit_in_Ma,britinma2948573077@imdbuser.net,2024-06-03,17
ur17347722,TheLurking,thelurking1734772261@example.com,2015-02-28,14
ur68129390,jromanbake,jromanbake6812939094@mail.com,2012-12-06,18
ur70980305,fudgepacke,fudgepacke7098030595@imdbuser.net,2021-01-20,13
ur45645623,cribscythe,cribscythe4564562350@imdbuser.net,2007-10-21,21
ur23941777,miss_lady_,misslady2394177747@mail.com,2008-04-26,72
ur38065785,damittaja,damittaja3806578578@example.com,2015-11-29,15
ur3969751,marauderth,marauderth396975189@example.com,2005-06-05,20
ur103970177,wgvannoy,wgvannoy10397017726@example.com,1978-03-01,52
ur2922091,turdburgla,turdburgla292209132@mail.com,2014-01-24,17
ur1777026,Max_Doober,maxdoober177702623@imdbuser.net,2018-10-22,29
ur3509051,jbenante-1,jbenante1350905150@example.com,1950-12-29,79
ur0652093,jason-238,jason238065209371@moviefans.com,1957-11-23,69
ur15795433,jfgibson73,jfgibson731579543363@moviefans.com,2009-09-30,56
ur0323263,Cheapy,cheapy032326367@mail.com,2021-07-29,46
ur0278655,Heroic,heroic027865537@moviefans.com,2000-10-23,37
ur4611624,rgayers,rgayers461162459@moviefans.com,2009-03-04,16
ur7934786,smrtazzdav,smrtazzdav793478636@example.com,2019-07-14,26
ur29148180,MTPujol,mtpujol2914818050@imdbuser.net,2018-02-14,19
ur1319923,klh-1,klh1131992325@mail.com,2008-03-09,23
ur0040925,NikTesla,niktesla004092537@imdbuser.net,1984-12-11,78
ur0954402,iqjumpuw,iqjumpuw095440230@mail.com,2012-04-26,75
ur0734532,moonlightr,moonlightr073453263@moviefans.com,1996-06-29,63
ur36630049,kevin-k-le,kevinkle3663004984@mail.com,1978-04-14,60
ur1160070,scopelliti,scopelliti116007082@moviefans.com,2015-09-24,28
ur37036712,hendrik-kr,hendrikkr3703671290@imdbuser.net,1998-01-07,37
ur17631986,gianlucate,gianlucate1763198638@example.com,2017-09-10,18
ur0887368,Reel_enter,reelenter088736835@imdbuser.net,1990-08-23,39
ur1263080,grimsby53,grimsby53126308066@moviefans.com,2014-06-19,25
ur6701264,namideo,namideo670126474@moviefans.com,2011-07-01,68
ur0649119,cariart,cariart064911947@mail.com,2021-11-01,56
ur3448465,MasterDeba,masterdeba344846529@moviefans.com,2013-01-27,20
ur0585850,bahgdadc,bahgdadc058585030@moviefans.com,2025-01-23,13
ur175575106,Zooha-4720,zooha472017557510674@mail.com,2006-11-20,21
ur28145373,Rickting,rickting2814537349@mail.com,2018-09-19,14
ur1770905,Haze1,haze1177090525@example.com,2004-11-14,43
ur66202878,oliviafara,oliviafara6620287866@mail.com,2014-03-06,29
ur2829585,jeremyglic,jeremyglic282958581@example.com,1999-05-31,67
ur75796222,ronarimes,ronarimes7579622239@moviefans.com,2012-10-28,19
ur0912023,alan.kelly,alankelly091202318@moviefans.com,2022-11-24,64
ur0610164,snickerssj,snickerssj061016484@mail.com,2009-11-21,18
ur70903430,hatsunemik,hatsunemik7090343064@imdbuser.net,2019-05-14,29
ur94289145,marmar-697,marmar6979428914589@example.com,2013-02-23,25
ur91263399,sbanner-58,sbanner589126339950@moviefans.com,2016-06-23,18
ur165852350,jorgeribki,jorgeribki16585235042@mail.com,1994-10-16,64
ur141798854,wisdomwasp,wisdomwasp14179885458@moviefans.com,2017-02-08,34
ur12069304,ino_mart,inomart1206930439@imdbuser.net,1984-02-25,58
ur28777348,chnfilm,chnfilm2877734810@imdbuser.net,2006-02-10,73
ur12054917,tqrecords,tqrecords1205491725@mail.com,1996-10-27,51
ur8417232,universalp,universalp841723289@example.com,1998-11-13,40
ur52935753,freethinke,freethinke5293575394@imdbuser.net,1983-10-06,56
ur24733533,ghost_dog8,ghostdog82473353366@imdbuser.net,2017-05-13,16
ur22668032,hypersonic,hypersonic2266803275@mail.com,2002-04-20,37
ur37462217,Memo_art,memoart3746221758@mail.com,1995-09-09,50
ur42842409,aswhit2005,aswhit20054284240911@example.com,1996-08-11,65
ur24516440,mr-rojas,mrrojas2451644056@imdbuser.net,1993-03-24,43
ur37556818,housetoy,housetoy3755681871@example.com,1986-05-12,41
ur41726021,Max-bradsh,maxbradsh4172602184@mail.com,2011-11-12,44
ur0876416,veinbreake,veinbreake087641616@moviefans.com,2006-06-07,39
ur30937763,phazer909,phazer9093093776316@mail.com,2001-05-14,59
ur6053635,heyanerd,heyanerd605363591@mail.com,1999-05-18,30
ur16399785,jhpstrydom,jhpstrydom1639978587@mail.com,2006-02-19,21
ur4264424,megafurry,megafurry426442483@example.com,1994-05-12,45
ur5140192,yashicad,yashicad514019283@moviefans.com,1997-11-21,54
ur2790915,thegoonnex,thegoonnex279091572@imdbuser.net,2013-08-26,22
ur3254758,BigRed2001,bigred2001325475859@example.com,1975-07-30,72
ur2919799,paulnewman,paulnewman291979944@example.com,1976-05-05,52
ur8687770,eornad-1,eornad1868777041@moviefans.com,2000-07-22,58
ur25905335,reallynotn,reallynotn2590533580@imdbuser.net,1981-12-14,45
ur2728909,cael_cynda,caelcynda272890994@example.com,2014-05-11,24
ur1968521,rcraig62,rcraig62196852187@mail.com,2017-09-26,23
ur3316796,milliganwa,milliganwa331679626@mail.com,1993-03-06,74
ur2354431,shawn9210,shawn9210235443163@moviefans.com,2006-04-06,52
ur5261913,dladue3,dladue3526191369@imdbuser.net,2004-12-21,46
ur0235735,jaxson-2,jaxson2023573523@moviefans.com,1974-10-10,79
ur1732001,EijnarAmad,eijnaramad173200199@moviefans.com,1991-10-22,40
ur2890802,malkane316,malkane316289080290@moviefans.com,2013-05-19,17
ur3186726,twigs17,twigs17318672692@example.com,2007-10-24,27
ur3225199,ace-150,ace150322519979@mail.com,2024-05-03,68
ur7700781,wayne-farr,waynefarr770078126@imdbuser.net,2012-12-31,21
ur23966972,ashkakayle,ashkakayle2396697295@moviefans.com,1995-05-08,35
ur1197415,john_birtl,johnbirtl119741558@example.com,1996-01-10,51
ur1066930,cvmoreau,cvmoreau106693016@imdbuser.net,1979-02-16,54
ur9767326,haz22,haz22976732631@imdbuser.net,2010-03-29,18
ur0951623,annmason1,annmason1095162323@mail.com,1963-09-18,67
ur1279221,chevy_mali,chevymali127922187@example.com,2022-01-25,20
ur19097056,tolerford-,tolerford1909705695@moviefans.com,1977-10-24,60
ur1648049,Goloh,goloh164804949@example.com,2002-12-19,69
ur4869461,amnesiac12,amnesiac12486946194@example.com,2022-06-25,66
ur55185447,grebeigna,grebeigna5518544761@example.com,2001-07-24,40
ur79218912,E22022,e220227921891294@example.com,2022-01-24,35
ur31355657,nickyesken,nickyesken3135565715@moviefans.com,1950-10-29,75
ur71266230,jemseletar,jemseletar7126623097@imdbuser.net,1978-12-28,65
ur29372555,jay-techie,jaytechie2937255564@mail.com,1992-09-13,44
ur48755145,wincel-867,wincel8674875514534@imdbuser.net,2000-02-06,62
ur58447224,iamianiman,iamianiman5844722492@moviefans.com,2017-06-13,22
ur102252924,torreza-39,torreza3910225292436@imdbuser.net,2017-09-11,14
ur88270629,djurrepowe,djurrepowe8827062983@mail.com,2021-02-09,28
ur36107372,jogibbson,jogibbson3610737254@moviefans.com,2015-07-22,60
ur149158271,xconwombat,xconwombat14915827161@imdbuser.net,2022-12-04,23
ur73570398,supansa-42,supansa427357039810@mail.com,2010-06-02,79
ur77131079,lessal-796,lessal7967713107922@imdbuser.net,1993-10-06,43
ur15406605,Brakathor,brakathor1540660511@mail.com,2006-10-23,21
ur53037007,txtrissie,txtrissie5303700769@mail.com,1981-08-25,58
ur23889415,madicyn,madicyn2388941514@imdbuser.net,2013-02-06,50
ur5526520,LtlHippo,ltlhippo552652088@example.com,1991-10-20,44
ur2160917,heat9120,heat9120216091718@example.com,2015-02-02,17
ur6762261,gilaperach,gilaperach676226150@example.com,1975-04-05,53
ur103292207,scriptor-7,scriptor710329220718@imdbuser.net,1995-08-22,46
ur124577434,scarlettwy,scarlettwy12457743486@moviefans.com,1956-02-05,80
ur82048030,timesp,timesp8204803069@moviefans.com,2011-04-24,30
ur1315704,steveg99,steveg99131570441@example.com,2008-08-04,39
ur6923736,Docrgl,docrgl692373645@moviefans.com,1967-09-02,68
ur0524378,betadk,betadk052437810@imdbuser.net,1995-02-04,42
ur0469784,Smurfo,smurfo046978471@imdbuser.net,2012-11-25,17
ur0300994,junebug-6,junebug6030099470@moviefans.com,1977-06-04,49
ur0742730,ruthgee,ruthgee074273084@imdbuser.net,1991-07-11,68
ur0168850,Adam Frisc,adamfrisc016885050@imdbuser.net,2018-10-13,15
ur13941211,theSecretA,thesecreta1394121133@imdbuser.net,1983-11-08,66
ur1883083,IWFTripleh,iwftripleh188308386@example.com,1993-01-23,40
ur4132817,yduric,yduric413281740@mail.com,2016-09-15,30
ur0292400,dtb,dtb029240082@imdbuser.net,1981-01-02,54
ur1152557,guiricinef,guiricinef115255781@example.com,2016-08-11,63
ur1369822,SamRag,samrag136982224@moviefans.com,1979-08-15,53
ur1315165,Argive,argive131516572@imdbuser.net,1987-08-21,61
ur0418838,rsillima,rsillima041883866@mail.com,1997-10-13,28
ur0527647,drh242424,drh242424052764745@example.com,2014-09-16,17
ur0213307,Daisy-15,daisy15021330779@moviefans.com,2017-05-13,80
ur12326111,smurf_is_s,smurfiss1232611182@mail.com,2021-08-12,18
ur3190449,BeLyt,belyt319044961@moviefans.com,2005-11-22,33
ur4288089,kc1177,kc1177428808913@example.com,2025-11-18,15
ur1401088,Rutegard,rutegard140108866@example.com,2014-06-20,63
ur19933433,zephyrfore,zephyrfore1993343311@mail.com,1981-09-16,73
ur0770867,nappytalk,nappytalk077086769@imdbuser.net,1995-09-01,33
ur17828141,adavin65,adavin651782814119@moviefans.com,1971-08-05,57
ur2432454,deathbypho,deathbypho243245464@mail.com,2018-04-23,19
ur23748553,reneweddan,reneweddan2374855349@moviefans.com,2021-04-06,15
ur13719240,jentis76,jentis761371924018@example.com,2024-07-10,16
ur5330349,strangerre,strangerre533034985@moviefans.com,2016-07-05,31
ur3634715,mvcorneliu,mvcorneliu363471560@imdbuser.net,2001-05-03,39
ur43529022,GodofGSXR1,godofgsxr14352902226@mail.com,2002-03-24,80
ur45881361,kwalt1989,kwalt19894588136199@example.com,1967-10-09,69
ur34414709,TheSquiss,thesquiss3441470930@imdbuser.net,1995-05-26,58
ur18960216,mike3386,mike33861896021611@example.com,1998-12-05,40
ur10366108,Jimmy_Ray,jimmyray1036610858@mail.com,2018-12-15,18
ur46664255,lpegrum,lpegrum4666425565@mail.com,1984-06-01,61
ur22739525,limoncella,limoncella2273952560@mail.com,2008-03-21,66
ur29207347,The_moan_o,themoano2920734778@imdbuser.net,2012-09-04,16
ur17905781,jij98111,jij981111790578163@example.com,2009-04-28,69
ur26998246,help_disck,helpdisck2699824614@mail.com,1995-10-09,30
ur4686700,forindcine,forindcine468670059@moviefans.com,2024-04-24,24
ur65818332,alexandrup,alexandrup6581833259@mail.com,2011-05-20,47
ur15198730,angela-373,angela3731519873090@imdbuser.net,2022-01-12,27
ur2843700,madbeast,madbeast284370057@imdbuser.net,1983-03-17,54
ur16796513,garrettsor,garrettsor1679651373@example.com,2021-03-30,16
ur3368895,no1voice,no1voice336889533@imdbuser.net,2021-09-17,13
ur2676502,rimjak,rimjak267650277@imdbuser.net,2006-05-29,29
ur131100068,pmc-17741,pmc1774113110006859@mail.com,2013-09-20,15
ur1063368,hesketh27,hesketh27106336858@imdbuser.net,2013-11-27,50
ur148028880,hannescase,hannescase14802888014@example.com,2022-01-09,77
ur181217539,TheCapsule,thecapsule18121753924@moviefans.com,1990-02-17,58
ur12924719,nickrogers,nickrogers1292471930@example.com,2020-05-26,47
ur52382844,dtdenver-9,dtdenver95238284475@imdbuser.net,1962-06-21,64
ur1596585,adamjacen,adamjacen159658572@mail.com,1971-02-05,55
ur0551557,dhosek,dhosek055155749@moviefans.com,2008-08-07,77
ur0978373,lazyaceuk,lazyaceuk097837387@imdbuser.net,2024-01-19,41
ur14860211,wilvram,wilvram1486021111@mail.com,2015-04-06,68
ur31388349,gorankosta,gorankosta3138834941@example.com,2024-09-22,78
ur0076493,Break,break007649363@moviefans.com,1993-08-05,64
ur155144543,the50xbomb,the50xbomb15514454331@example.com,1975-05-04,57
ur89371004,scheuerman,scheuerman8937100479@example.com,1990-08-30,44
ur1557126,gumperman,gumperman155712614@example.com,2017-12-15,24
ur126349800,timurtaimu,timurtaimu12634980086@moviefans.com,2000-01-02,35
ur168372141,auskooper,auskooper16837214114@mail.com,2021-02-12,20
ur29754797,hulkamnia8,hulkamnia82975479734@imdbuser.net,2005-11-27,26
ur26495364,alexander-,alexander2649536480@example.com,2018-03-21,50
ur31827827,lynpalmer1,lynpalmer13182782742@mail.com,1990-06-29,46
ur37056167,richiemann,richiemann3705616781@imdbuser.net,1962-06-17,77
ur34964438,synikk,synikk3496443838@moviefans.com,2012-04-25,32
ur56302611,the-awesom,theawesom5630261146@moviefans.com,1990-04-21,74
ur20121677,diverdiva,diverdiva2012167799@imdbuser.net,2020-10-28,63
ur3811301,abryan,abryan381130122@example.com,1991-03-03,43
ur5017551,skipreader,skipreader501755121@mail.com,1996-02-17,57
ur36580194,lmpassist,lmpassist3658019487@mail.com,2006-02-10,50
ur6407644,abobobilly,abobobilly640764480@mail.com,1999-04-09,68
ur38062748,WanderingW,wanderingw3806274857@example.com,2011-07-04,17
ur53901119,jen-lynx,jenlynx5390111957@imdbuser.net,2022-02-03,73
ur27089034,shana-debu,shanadebu2708903459@imdbuser.net,1996-02-06,49
ur44546721,ctowyi,ctowyi4454672183@mail.com,2014-01-26,66
ur26594400,saberhayat,saberhayat2659440041@moviefans.com,1960-10-11,68
ur10134071,rweiler-1,rweiler11013407147@mail.com,2006-02-24,34
ur28425280,li0904426,li09044262842528014@example.com,1995-12-10,37
ur77517323,rudi-16796,rudi167967751732341@example.com,2004-11-28,70
ur14989309,Ricc0,ricc01498930970@moviefans.com,1999-12-31,56
ur28656204,tuanhvu,tuanhvu2865620438@imdbuser.net,1985-11-21,59
ur66959621,marcus_k,marcusk6695962159@mail.com,2016-02-19,41
ur42141201,nullcreati,nullcreati4214120171@imdbuser.net,2003-12-31,36
ur46075223,bears1950,bears19504607522385@imdbuser.net,1989-06-18,56
ur32981502,jathomas77,jathomas773298150264@moviefans.com,1996-12-21,66
ur76155936,tiberiusae,tiberiusae7615593658@example.com,1991-10-02,41
ur74111639,francozeff,francozeff7411163946@moviefans.com,2023-04-19,62
ur66549911,mjlower-28,mjlower286654991153@moviefans.com,1957-03-15,75
ur24306596,mhgarney,mhgarney2430659652@imdbuser.net,2006-12-06,41
ur76199076,baltmikeb,baltmikeb7619907651@example.com,2023-11-08,46
ur67984260,cdhspamtes,cdhspamtes6798426010@mail.com,2006-12-30,76
ur62970895,sailandcyc,sailandcyc6297089584@mail.com,2000-02-04,30
ur32554981,Bodhi_Dusk,bodhidusk3255498165@example.com,1969-02-17,76
ur79566440,uyame-0169,uyame01697956644037@mail.com,2001-10-19,32
ur71914113,timbacho,timbacho7191411327@moviefans.com,1984-05-07,44
ur57604237,jkwright-2,jkwright25760423775@mail.com,2011-08-31,32
ur76212047,a-22121,a221217621204717@mail.com,2003-12-21,23
ur3939982,danih-1,danih1393998260@mail.com,2011-06-17,22
ur74360833,ahoriceses,ahoriceses7436083370@moviefans.com,1958-07-12,72
ur127612967,kdcrowley-,kdcrowley12761296732@mail.com,2019-09-11,15
ur87764009,lukaptrvsk,lukaptrvsk8776400942@mail.com,1955-05-06,76
ur131685693,youngcolli,youngcolli13168569370@example.com,2005-01-26,26
ur132631984,karentoppi,karentoppi13263198461@example.com,2002-12-16,73
ur112979285,YbsuhA,ybsuha11297928547@imdbuser.net,2005-12-27,41
ur112646395,michelleyo,michelleyo11264639568@imdbuser.net,2014-03-21,14
ur22204488,Eve_of_Des,eveofdes2220448853@example.com,2003-02-27,48
ur83208581,ivo_nikolo,ivonikolo8320858129@mail.com,1983-08-09,72
ur28842347,kaylems10,kaylems102884234771@imdbuser.net,2004-05-18,80
ur94328865,tatbtsisb,tatbtsisb9432886526@moviefans.com,2006-01-17,73
ur6565593,shawlawoff,shawlawoff656559359@mail.com,1965-04-22,79
ur66055080,lucasespin,lucasespin6605508091@mail.com,2012-04-27,75
ur63587341,Naoufel_Bo,naoufelbo6358734141@imdbuser.net,2010-07-10,22
ur103105322,susantreat,susantreat10310532281@mail.com,2003-01-25,32
ur30578337,kim-burns8,kimburns83057833790@example.com,1972-12-04,65
ur22644711,kato24,kato242264471156@imdbuser.net,2015-12-23,15
ur95933417,frankie101,frankie1019593341786@example.com,2001-05-29,34
ur17970802,im_a_green,imagreen1797080272@mail.com,1997-06-22,68
ur0630861,rsoonsa,rsoonsa063086187@moviefans.com,1957-06-14,72
ur34643923,sarahbonma,sarahbonma3464392394@mail.com,2004-12-06,35
ur12817675,quinnaj,quinnaj1281767582@moviefans.com,2004-10-11,42
ur30579790,xboy614,xboy6143057979079@example.com,2008-03-04,27
ur19890581,DJKwa,djkwa1989058121@mail.com,2011-07-06,21
ur34523111,siberianda,siberianda3452311191@imdbuser.net,2005-04-03,32
ur30790303,ashfox,ashfox3079030396@imdbuser.net,1972-11-10,54
ur14302186,Karlamon,karlamon1430218653@mail.com,2023-10-23,30
ur14495532,apb216,apb2161449553289@moviefans.com,1982-08-26,61
ur35359466,jaredpahl,jaredpahl3535946644@imdbuser.net,1970-03-27,69
ur41594355,philipmagn,philipmagn4159435545@mail.com,2009-02-04,26
ur55318483,adrianwarn,adrianwarn5531848384@example.com,1990-12-26,72
ur11479140,beyondthef,beyondthef1147914044@imdbuser.net,2014-08-08,31
ur91816649,slippersof,slippersof9181664931@mail.com,1998-11-05,35
ur52678851,Just-A-Gir,justagir5267885186@mail.com,1994-08-18,80
ur31336419,pratima347,pratima3473133641938@mail.com,1953-08-10,74
ur9882753,rochelle-r,rocheller988275369@mail.com,1983-10-17,77
ur53881615,collhic-50,collhic505388161543@imdbuser.net,1968-02-12,69
ur19417447,niqstar,niqstar1941744712@mail.com,2017-03-30,31
ur33959783,Fielga,fielga3395978331@moviefans.com,1950-01-20,80
ur22257374,DiamondGir,diamondgir2225737484@mail.com,2020-10-21,73
ur1330029,SpookyMngo,spookymngo133002998@mail.com,2024-05-27,23
ur2664483,tomfsloan,tomfsloan266448336@moviefans.com,1998-02-03,64
ur22760553,forgrarcsj,forgrarcsj2276055394@example.com,2025-05-09,56
ur25710997,reymmm-dav,reymmmdav2571099787@example.com,1980-09-24,65
ur6674347,thasaint-1,thasaint1667434746@imdbuser.net,1977-07-11,51
ur69296112,danielvald,danielvald6929611251@imdbuser.net,2012-03-04,28
ur20561668,EvelPlatyp,evelplatyp2056166886@imdbuser.net,2011-07-11,23
ur1082456,moz-1,moz1108245693@example.com,1999-08-25,66
ur15408073,mat-fletch,matfletch1540807358@imdbuser.net,2013-10-09,75
ur1249454,virek213,virek213124945470@mail.com,1992-02-07,37
ur62248940,littlesata,littlesata6224894030@moviefans.com,2017-06-07,39
ur151615918,rdrivenimp,rdrivenimp15161591814@imdbuser.net,2012-10-23,34
ur64814594,DanTheMan2,dantheman26481459476@imdbuser.net,1998-12-26,59
ur168069868,geraldleej,geraldleej16806986893@moviefans.com,1997-11-27,41
ur0734864,AndyVanSco,andyvansco073486471@example.com,2000-07-03,35
ur95918674,grainnemor,grainnemor9591867435@example.com,1984-09-10,48
ur26326709,WorldProxy,worldproxy2632670959@imdbuser.net,2009-04-13,34
ur1866601,Jerghal,jerghal186660115@moviefans.com,1973-11-19,63
ur1208196,ReadingFil,readingfil120819616@moviefans.com,1996-05-29,60
ur22563365,skepticske,skepticske2256336512@mail.com,1987-06-30,66
ur57384330,buhaydalla,buhaydalla5738433057@example.com,2015-03-07,19
ur96293811,hughchille,hughchille9629381129@imdbuser.net,2011-10-03,17
ur22779251,coastdaze,coastdaze2277925137@imdbuser.net,1995-09-02,80
ur43579241,bandito_20,bandito204357924120@mail.com,1997-12-22,68
ur22930130,Julian0922,julian09222293013025@mail.com,2015-01-25,51
ur32926606,mickeysrq,mickeysrq3292660658@example.com,2008-11-05,34
ur13880762,mjsreg,mjsreg1388076212@example.com,1993-02-08,38
ur75417204,muleen,muleen7541720442@mail.com,1976-05-04,52
ur23400614,csharpe357,csharpe3572340061438@moviefans.com,2019-01-30,33
ur3805363,Pycal,pycal380536392@mail.com,2022-09-19,45
ur18928503,fbclaw,fbclaw1892850391@example.com,1984-05-12,56
ur32054155,seethevalo,seethevalo3205415585@mail.com,1995-11-06,35
ur53721325,JoeyCeee,joeyceee5372132576@imdbuser.net,2012-02-21,17
ur7443527,slbolfing,slbolfing744352788@mail.com,2022-12-14,54
ur1226442,jeffnewfel,jeffnewfel122644241@imdbuser.net,2004-04-19,29
ur5356208,pamelaowen,pamelaowen535620857@example.com,2005-07-27,69
ur2436390,ractajeno,ractajeno243639062@moviefans.com,2012-03-24,50
ur34080376,MovieswDan,movieswdan3408037685@imdbuser.net,2004-07-06,53
ur7198453,acts2120,acts2120719845380@mail.com,2003-02-19,43
ur51472680,apv-952-47,apv952475147268089@example.com,1972-12-26,60
ur2831736,general_ji,generalji283173622@imdbuser.net,2000-09-16,56
ur49392222,Snootz,snootz4939222265@moviefans.com,1994-08-10,75
ur0497240,tzer0,tzer0049724078@example.com,1994-04-02,57
ur12076692,leitmotif3,leitmotif31207669219@moviefans.com,2012-12-29,13
ur3754831,pninson,pninson375483195@example.com,2003-09-20,32
ur5230195,lonevector,lonevector523019562@mail.com,1958-06-10,77
ur57920708,christophe,christophe5792070872@moviefans.com,2022-10-15,35
ur2092400,steveylang,steveylang209240038@example.com,2006-08-11,36
ur54176053,0w0,0w05417605329@imdbuser.net,1983-02-13,54
ur35602797,ercfunk-44,ercfunk443560279716@mail.com,1997-05-14,54
ur1252011,XJoey,xjoey125201153@example.com,2024-02-20,24
ur48363778,markokhowa,markokhowa4836377853@moviefans.com,2003-03-02,28
ur0117776,Spaced,spaced011777646@example.com,2016-08-14,76
ur40399608,Exsosus2,exsosus24039960899@imdbuser.net,2005-10-03,34
ur74516741,somodikris,somodikris7451674149@imdbuser.net,2003-12-15,38
ur23418489,bah_cacatu,bahcacatu2341848960@imdbuser.net,2024-01-20,17
ur1343652,jhochner,jhochner134365298@moviefans.com,1983-12-16,53
ur13944421,Weredegu,weredegu1394442157@mail.com,2014-08-23,16
ur0314279,Sy-4,sy4031427932@moviefans.com,1973-12-03,78
ur4361082,emgeh,emgeh436108247@moviefans.com,1953-10-09,75
ur1178851,drsecond,drsecond117885155@moviefans.com,2009-10-02,36
ur1647866,edcrane,edcrane164786643@mail.com,2015-10-03,25
ur0429665,westpenn49,westpenn49042966599@imdbuser.net,1994-03-09,43
ur2553391,sundevil27,sundevil27255339114@mail.com,2017-06-04,22
ur20890452,macattacka,macattacka2089045297@example.com,2012-11-21,27
ur2549960,jd-116,jd116254996096@moviefans.com,2020-01-06,40
ur11627100,smits59,smits591162710010@example.com,1972-08-20,59
ur4623719,jesub,jesub462371989@imdbuser.net,2009-11-19,63
ur12172991,drunkenhop,drunkenhop1217299184@moviefans.com,1994-12-23,44
ur42628128,kornerbran,kornerbran4262812838@imdbuser.net,1986-09-09,44
ur10487300,davethejac,davethejac1048730021@moviefans.com,2012-10-07,77
ur12106937,dazfiddy,dazfiddy1210693792@example.com,2014-11-10,26
ur1744461,botkiller,botkiller174446146@mail.com,1979-04-19,48
ur1792805,macpimp742,macpimp742179280523@example.com,2000-06-17,42
ur2366262,doctorsoju,doctorsoju236626284@moviefans.com,2019-03-03,38
ur1941076,rbritton,rbritton194107653@moviefans.com,1995-03-23,60
ur1748355,janqb,janqb174835519@imdbuser.net,2017-08-29,32
ur1817323,ninjalinda,ninjalinda181732360@example.com,1982-07-30,70
ur0558746,snake77,snake77055874661@example.com,1999-05-28,31
ur1567994,johnwolper,johnwolper156799488@example.com,1976-12-26,54
ur0813846,steelerboy,steelerboy081384628@example.com,1996-03-04,62
ur191121431,lizzzmat,lizzzmat19112143156@mail.com,1981-12-24,53
ur4065837,RickVee,rickvee406583749@example.com,2014-03-28,28
ur17033966,barnes-183,barnes1831703396649@example.com,1981-04-27,73
ur0168369,IrisNo11,irisno11016836930@example.com,1999-11-06,70
ur0455924,stiv-7,stiv7045592453@moviefans.com,2000-07-29,30
ur17498421,sparkindig,sparkindig1749842156@imdbuser.net,1985-08-24,44
ur34091286,NicoNc,niconc3409128638@imdbuser.net,1999-09-20,41
ur0774628,psycho-dj,psychodj077462844@moviefans.com,1966-12-18,59
ur80296129,mhthehamme,mhthehamme8029612911@mail.com,1992-07-05,47
ur4277115,AshleeQuic,ashleequic427711518@moviefans.com,1962-05-10,80
ur4996930,rphguy,rphguy499693036@example.com,2010-02-15,48
ur0993739,bobsraft,bobsraft099373965@imdbuser.net,1998-12-03,62
ur0888687,maxtuckett,maxtuckett088868796@moviefans.com,1988-07-20,73
ur1347250,Raleon,raleon134725089@example.com,2011-04-16,26
ur1871943,490,490187194362@moviefans.com,1953-01-01,73
ur1637564,rand0mguy,rand0mguy163756433@example.com,1995-09-22,40
ur0526725,Overjoyed,overjoyed052672567@imdbuser.net,2019-02-07,25
ur0861465,InzyWimzy,inzywimzy086146555@mail.com,2020-04-09,47
ur0024463,ToldYaSo,toldyaso002446346@imdbuser.net,2016-03-10,54
ur7312389,Aristides-,aristides731238983@moviefans.com,1980-09-28,73
ur34096744,gilrosenbe,gilrosenbe3409674455@example.com,1990-01-25,55
ur0625924,King Yuriy,kingyuriy062592456@moviefans.com,2013-08-04,26
ur2351123,limelitepr,limelitepr235112390@moviefans.com,1996-08-08,75
ur0568060,Funky A,funkya056806070@moviefans.com,2020-02-01,41
ur1621163,Sundance26,sundance26162116393@imdbuser.net,2012-11-29,24
ur0144528,Brent-22,brent22014452820@mail.com,1994-02-08,40
ur13284099,Bryan_Rode,bryanrode1328409945@imdbuser.net,2008-04-25,28
ur2105817,ChaCha44,chacha44210581777@mail.com,1984-03-27,61
ur1525755,Fruit_cake,fruitcake152575518@imdbuser.net,2006-04-20,35
ur66354297,whitneyass,whitneyass6635429761@mail.com,1991-12-22,35
ur44911861,Droid_Gunn,droidgunn4491186140@example.com,2015-02-24,27
ur64674757,beckydobro,beckydobro6467475770@example.com,2018-02-08,26
ur40071871,My-Two-Cen,mytwocen4007187172@imdbuser.net,1995-01-19,62
ur48083265,jaxsonstan,jaxsonstan4808326521@mail.com,2005-02-05,39
ur3391722,kmase,kmase339172229@example.com,2017-10-07,41
ur85166957,JoshuaMHet,joshuamhet8516695794@example.com,1996-11-21,30
ur0112678,JimB-4,jimb4011267858@mail.com,2001-11-20,46
ur28914687,laurennbri,laurennbri2891468792@mail.com,1989-07-12,74
ur11339726,IComeAnon,icomeanon1133972614@example.com,1996-09-19,37
ur10773674,bob_gilmor,bobgilmor1077367493@example.com,2019-06-04,14
ur7075903,mgconlan-1,mgconlan1707590341@moviefans.com,1986-05-19,50
ur4770414,Surrealist,surrealist477041443@imdbuser.net,2023-10-26,17
ur16209886,mdilore,mdilore1620988687@imdbuser.net,1989-07-23,71
ur42360099,kirbiwilli,kirbiwilli4236009938@example.com,2006-04-29,27
ur0601903,pynchonv,pynchonv060190379@moviefans.com,1964-12-31,65
ur36918350,peace_on_e,peaceone3691835066@mail.com,1980-12-17,52
ur0233473,Dark-9,dark9023347314@mail.com,2007-05-18,51
ur0136692,Golgo13-5,golgo135013669277@example.com,2010-10-06,16
ur2500621,ShancyShan,shancyshan250062191@mail.com,1985-05-31,57
ur1200941,Bird Of Ph,birdofph120094123@mail.com,1996-10-03,30
ur0304145,Jennings,jennings030414591@imdbuser.net,1980-10-30,53
ur1584244,Lady Jasmi,ladyjasmi158424439@mail.com,2011-07-21,45
ur6735248,Russ-Willi,russwilli673524820@imdbuser.net,1987-02-18,41
ur4489849,iCarlyFan2,icarlyfan2448984939@imdbuser.net,2011-06-03,41
ur52523142,wargod2010,wargod20105252314231@example.com,2008-02-23,56
ur155057944,alyssatlud,alyssatlud15505794423@moviefans.com,2012-03-30,44
ur2404389,Elwood23,elwood23240438970@imdbuser.net,1989-09-26,57
ur0121811,stephani-2,stephani2012181125@mail.com,2014-08-01,28
ur18133984,dgraci20,dgraci201813398497@mail.com,2006-03-14,75
ur0808383,mathmaniac,mathmaniac080838353@imdbuser.net,2013-08-24,56
ur3874042,janfilmfan,janfilmfan387404212@moviefans.com,1994-04-06,72
ur158573948,JeffDamuli,jeffdamuli15857394865@mail.com,2011-10-22,34
ur1563631,Vitor-18,vitor18156363190@example.com,1979-09-26,73
ur5404345,LordBlackl,lordblackl540434594@mail.com,2016-07-26,30
ur1859424,jamesnasso,jamesnasso185942423@example.com,2009-08-01,32
ur0307802,h1gh-nrg,h1ghnrg030780274@imdbuser.net,1966-03-26,73
ur0918487,imdb-646,imdb646091848743@moviefans.com,2010-06-12,38
ur0107415,Di-12,di12010741523@imdbuser.net,1993-09-18,49
ur5426623,acidburn-1,acidburn1542662368@example.com,2022-04-25,66
ur13553385,Toronto85,toronto851355338524@moviefans.com,1993-05-14,51
ur0130701,kneel,kneel013070194@mail.com,1994-12-17,35
ur77904823,molemandav,molemandav7790482368@imdbuser.net,2008-06-04,52
ur8239592,Woodyander,woodyander823959244@example.com,2010-11-09,44
ur0610628,capkronos,capkronos061062816@imdbuser.net,2000-10-29,62
ur120216127,glenmatiss,glenmatiss12021612789@example.com,2018-10-06,32
ur3963465,t1n02112,t1n02112396346517@example.com,1975-03-13,64
ur3297744,andrus943,andrus943329774419@example.com,2011-07-16,21
ur11387588,parkerbcn,parkerbcn1138758842@mail.com,2008-12-22,51
ur3087094,jhurst444,jhurst444308709489@mail.com,1966-04-27,59
ur70459229,thekissing,thekissing7045922939@mail.com,1968-02-22,63
ur71363239,jpsummerfi,jpsummerfi7136323997@imdbuser.net,1982-06-18,45
ur1428046,turborory,turborory142804673@example.com,2022-12-16,15
ur44732547,cairnsymar,cairnsymar4473254750@moviefans.com,2002-11-09,30
ur64665719,mateobrlas,mateobrlas6466571942@example.com,2020-02-15,56
ur153486144,silvercrow,silvercrow15348614416@imdbuser.net,1996-12-30,41
ur0369164,Tequila-18,tequila18036916430@mail.com,1976-04-24,67
ur0180965,ric-29,ric29018096529@moviefans.com,2014-05-20,24
ur15624951,sweet_cand,sweetcand1562495125@mail.com,2024-03-30,64
ur0415195,Ross-45,ross45041519593@moviefans.com,1992-12-14,43
ur16387121,orglit1,orglit11638712126@mail.com,1982-09-04,58
ur1605059,vampiresan,vampiresan160505922@mail.com,2004-12-01,27
ur1821329,Xapora,xapora182132977@mail.com,1987-08-05,61
ur1164604,fameloving,fameloving116460475@imdbuser.net,1986-08-19,42
ur0179144,Fewox,fewox017914450@example.com,1987-03-25,61
ur64516821,richspenc,richspenc6451682112@example.com,2012-10-01,38
ur48838227,CrimeTime5,crimetime54883822724@imdbuser.net,2021-09-30,67
ur0852578,scapvip,scapvip085257860@example.com,2002-06-28,68
ur6240751,Mayfly7000,mayfly7000624075154@moviefans.com,2011-06-23,25
ur1939654,bill_golde,billgolde193965478@mail.com,1993-02-07,60
ur3335142,ClassicGal,classicgal333514293@mail.com,2007-04-04,48
ur0519202,jenn-74,jenn74051920285@moviefans.com,2015-02-05,50
ur0820162,mdm-11,mdm11082016237@example.com,1983-11-04,53
ur0277847,Jack_Yan,jackyan027784717@moviefans.com,2020-05-03,60
ur0543088,boomcoach,boomcoach054308820@example.com,1976-01-24,51
ur5997876,trenkabent,trenkabent599787623@mail.com,1980-06-08,50
ur4450836,indyfam,indyfam445083622@moviefans.com,2016-02-11,48
ur85726706,sophie_b81,sophieb818572670634@mail.com,1998-07-30,40
ur14487440,Munin75,munin751448744063@moviefans.com,2010-06-18,29
ur20974280,eganehlers,eganehlers2097428077@imdbuser.net,1971-07-11,62
ur1500416,tord-1,tord1150041660@imdbuser.net,1966-11-16,59
ur0756511,jorisc,jorisc075651193@moviefans.com,1985-12-15,60
ur113827063,mreid-0015,mreid001511382706358@imdbuser.net,1980-08-03,59
ur0702821,jguz58,jguz58070282124@example.com,1973-10-05,57
ur16521517,BlueWarrio,bluewarrio1652151776@imdbuser.net,1956-08-07,73
ur94070355,nicholasHa,nicholasha9407035550@moviefans.com,2004-09-28,72
ur90785630,beckett_iv,beckettiv9078563063@mail.com,1984-01-20,43
ur33216366,doveed,doveed3321636623@moviefans.com,2013-03-13,46
ur51567576,ashley_wal,ashleywal5156757679@imdbuser.net,2020-03-23,74
ur70427697,bigmekdans,bigmekdans7042769734@example.com,2011-09-24,38
ur35345007,ebkamikaze,ebkamikaze3534500729@example.com,2013-01-18,65
ur17406914,Zlatikevic,zlatikevic1740691410@example.com,1982-03-17,55
ur60404041,TheMovieDo,themoviedo6040404112@example.com,2023-03-04,61
ur59217161,chrisgarri,chrisgarri5921716169@example.com,2010-05-19,15
ur32070563,kirklaird9,kirklaird93207056385@example.com,2022-08-29,71
ur93827917,imdb-57291,imdb572919382791755@moviefans.com,1965-01-23,64
ur11374743,Random3,random31137474334@mail.com,1976-11-30,72
ur6791815,Louisejjam,louisejjam679181522@mail.com,1990-10-12,55
ur60916289,markolson-,markolson6091628995@example.com,1966-08-21,61
ur53388186,skpn123,skpn1235338818621@mail.com,2018-06-25,20
ur35473386,e-malimenk,emalimenk3547338610@moviefans.com,2017-05-26,70
ur23992189,scottjspor,scottjspor2399218940@imdbuser.net,2014-10-19,22
ur4602745,Det_McNult,detmcnult460274565@example.com,1988-07-05,50
ur4544413,kingprober,kingprober454441319@imdbuser.net,1996-02-02,43
ur2263953,xfiler100,xfiler100226395326@imdbuser.net,2018-04-02,30
ur1107581,K-Slicer,kslicer110758149@imdbuser.net,2014-04-01,55
ur2259625,Cjrod3,cjrod3225962583@mail.com,1993-04-29,73
ur188474656,ashearer-5,ashearer518847465626@example.com,2000-08-13,45
ur98356365,edwinmonta,edwinmonta9835636590@imdbuser.net,2006-11-01,34
ur9846620,kazikp,kazikp984662076@imdbuser.net,1977-02-17,75
ur7933911,johndoe_13,johndoe13793391173@example.com,2009-10-15,24
ur94077506,gray-beard,graybeard9407750647@moviefans.com,1968-09-15,77
ur34101381,marklehew,marklehew3410138125@example.com,1962-11-04,71
ur107202729,kennbr,kennbr10720272945@imdbuser.net,2013-01-07,46
ur81384995,jacksodaco,jacksodaco8138499550@mail.com,2010-05-02,78
ur82047401,petercarls,petercarls8204740158@mail.com,1986-11-22,53
ur23600364,maddox-ric,maddoxric2360036465@imdbuser.net,2011-03-31,29
ur60101246,dcmurtagh,dcmurtagh6010124614@mail.com,1999-10-13,62
ur101514834,foxesandma,foxesandma10151483427@example.com,1996-01-18,53
ur22435410,johnnymav,johnnymav2243541082@imdbuser.net,2015-10-28,17
ur0383286,Neo-107,neo107038328610@moviefans.com,1995-12-20,48
ur0559798,Lord_Fug,lordfug055979865@mail.com,2005-02-12,44
ur5890870,bonnie91,bonnie91589087020@mail.com,2009-12-14,34
ur9725326,Prichards1,prichards1972532639@mail.com,1958-10-09,80
ur0585956,thegin,thegin058595642@mail.com,2017-06-10,16
ur0447239,asgeir,asgeir044723993@mail.com,1986-12-30,50
ur0143173,RobT-2,robt2014317325@imdbuser.net,2007-02-17,49
ur8206532,storytelle,storytelle820653298@imdbuser.net,2015-12-08,41
ur0387977,Celestia-2,celestia2038797798@mail.com,1988-08-20,43
ur0570284,Lucky Stri,luckystri057028416@moviefans.com,2005-10-29,25
ur0617587,conspracy-,conspracy061758771@example.com,2012-01-17,48
ur21105136,matttieee1,matttieee12110513616@moviefans.com,1991-02-21,43
ur1138394,nonsidireb,nonsidireb113839453@mail.com,2018-12-24,23
ur68715876,breakerbum,breakerbum6871587663@mail.com,1986-08-10,58
ur0914942,ramair350,ramair350091494286@example.com,2001-07-24,79
ur0271193,Phroggy,phroggy027119347@example.com,2005-05-28,26
ur2950235,sarastro7,sarastro7295023557@mail.com,1995-12-30,57
ur88449897,karmicboom,karmicboom8844989760@mail.com,2022-11-03,14
ur56306577,ultright,ultright5630657762@imdbuser.net,2014-06-08,36
ur24644556,Grumpyphea,grumpyphea2464455692@mail.com,2019-02-18,21
ur1980092,Rob_Taylor,robtaylor198009272@example.com,2003-07-27,71
ur0622563,wrestlingk,wrestlingk062256373@mail.com,1968-12-28,60
ur24791612,chow913,chow9132479161219@moviefans.com,2009-07-13,36
ur2328714,druspatau,druspatau232871416@mail.com,1999-12-03,26
ur1869824,Freddy_Lev,freddylev186982429@example.com,1966-03-10,69
ur0082768,Mike-DD,mikedd008276878@example.com,1986-08-29,73
ur17722327,jeffronthi,jeffronthi1772232717@moviefans.com,2014-09-19,31
ur55001568,jnaroby,jnaroby5500156892@example.com,1993-12-09,51
ur3226761,unakaczyns,unakaczyns322676111@mail.com,1993-05-04,53
ur0891769,-628,628089176992@example.com,2016-09-25,39
ur0779712,mchicov,mchicov077971264@example.com,2003-11-26,38
ur1157510,Fenris Fil,fenrisfil115751097@mail.com,1989-09-27,52
ur4652612,stellbread,stellbread465261251@moviefans.com,1990-02-19,56
ur1170104,heck99,heck99117010411@moviefans.com,2018-02-08,34
ur0529961,PlutonicLo,plutoniclo052996113@moviefans.com,2007-07-06,76
ur3118796,Scarlet_Fe,scarletfe311879693@imdbuser.net,1983-10-10,64
ur1412294,aalia,aalia141229418@example.com,2003-05-19,27
ur0005450,kjm,kjm000545016@imdbuser.net,2019-08-24,13
ur3491155,gknysh,gknysh349115544@imdbuser.net,2023-12-25,27
ur0790232,melissa.ri,melissari079023247@mail.com,2020-10-13,59
ur6161499,lovecraft2,lovecraft2616149961@imdbuser.net,1987-03-26,68
ur11715796,julioecolo,julioecolo1171579686@imdbuser.net,2006-01-06,20
ur3189996,chreb,chreb318999625@imdbuser.net,2003-08-05,27
ur2061873,Scorching,scorching206187363@moviefans.com,1987-03-29,56
ur1950221,Darkest_Ro,darkestro195022137@mail.com,2007-10-23,21
ur3313332,nobbytatoe,nobbytatoe331333226@moviefans.com,2023-10-26,16
ur58715250,fil-nik09,filnik095871525047@example.com,2006-08-18,74
ur2315069,Samuraipan,samuraipan231506924@example.com,2025-05-09,42
ur36330037,jjohnson24,jjohnson243633003728@moviefans.com,2003-02-19,33
ur0915544,islander-1,islander1091554490@moviefans.com,2018-05-06,59
ur22527328,Ali_John_C,alijohnc2252732865@mail.com,2013-07-08,31
ur9654339,blueboybob,blueboybob965433919@mail.com,2001-05-08,69
ur7876025,nep_tamas-,neptamas787602514@moviefans.com,1974-03-03,78
ur2685498,ignalina,ignalina268549822@example.com,1963-01-18,73
ur2479484,jenpcraft,jenpcraft247948481@imdbuser.net,2013-09-16,25
ur48486575,neababyblu,neababyblu4848657562@example.com,1958-07-31,78
ur10954797,SirNeville,sirneville1095479793@moviefans.com,1978-02-22,80
ur2375508,DontGetItG,dontgetitg237550888@mail.com,2011-09-13,68
ur0899600,dellos,dellos089960081@example.com,2014-04-29,32
ur79413219,Willy1971,willy19717941321983@mail.com,1991-11-20,69
ur3845724,the_real_s,thereals384572480@example.com,1998-01-01,50
ur39272526,skitsophon,skitsophon3927252659@moviefans.com,2021-11-01,46
ur55529630,mindcatche,mindcatche5552963041@example.com,2015-04-08,26
ur127913665,ricks-7797,ricks779712791366525@imdbuser.net,2019-10-02,13
ur23590372,ajaymenon0,ajaymenon02359037243@moviefans.com,2004-02-16,30
ur34951659,ronique-42,ronique423495165981@example.com,1993-01-05,71
ur4144553,alan_oneil,alanoneil414455398@imdbuser.net,2015-09-23,50
ur2435393,mmoyle,mmoyle243539386@mail.com,2017-11-12,32
ur82143032,majoq,majoq8214303275@mail.com,2005-09-10,28
ur13982786,s_10879,s108791398278680@moviefans.com,1995-04-16,54
ur3208357,dmac07baha,dmac07baha320835756@imdbuser.net,2018-04-22,28
ur19496982,cwalbino,cwalbino1949698294@imdbuser.net,2010-09-26,48
ur14288863,azleensyaz,azleensyaz1428886357@example.com,2004-07-26,67
ur19781856,Allan-Broa,allanbroa1978185618@imdbuser.net,2013-07-28,22
ur5798848,thedivinew,thedivinew579884824@imdbuser.net,1956-11-18,70
ur36071542,LenaKrones,lenakrones3607154222@imdbuser.net,2001-02-12,34
ur20017644,mailstudio,mailstudio2001764418@moviefans.com,2006-10-28,55
ur52270196,elizrug,elizrug5227019639@moviefans.com,1979-08-20,49
ur53468662,lwood28,lwood285346866249@moviefans.com,1994-07-17,40
ur63574301,blairparki,blairparki6357430116@imdbuser.net,2022-02-08,26
ur0423255,Johnny-113,johnny113042325512@mail.com,2000-05-09,74
ur53356046,stargazer_,stargazer5335604642@imdbuser.net,1971-07-12,55
ur31517074,jambon75,jambon753151707489@example.com,2006-07-05,22
ur64737634,emilyaschu,emilyaschu6473763491@moviefans.com,2020-07-12,55
ur18387628,sankt-ugur,sanktugur1838762856@imdbuser.net,2018-08-01,27
ur5359550,barry_moon,barrymoon535955093@mail.com,2023-09-26,29
ur44051222,christine-,christine4405122275@imdbuser.net,2024-03-15,13
ur0886949,alkis,alkis088694956@moviefans.com,2000-01-15,59
ur9334879,steve-fest,stevefest933487926@imdbuser.net,2006-04-29,52
ur22916753,donalupe,donalupe2291675355@example.com,2007-12-01,39
ur9992071,zithrandir,zithrandir999207152@imdbuser.net,1981-11-11,50
ur19890163,DexIMF,deximf1989016395@example.com,2021-12-08,52
ur25380720,lorrijames,lorrijames2538072062@example.com,2015-12-08,15
ur2206336,markhes,markhes220633678@imdbuser.net,2012-09-17,54
ur1789057,scubapro32,scubapro32178905771@moviefans.com,1968-01-25,79
ur20102815,ahmedrasha,ahmedrasha2010281595@example.com,2014-11-29,14
ur7813355,neil-476,neil476781335595@example.com,1962-01-31,76
ur7399508,dirtbrown,dirtbrown739950824@mail.com,2022-11-21,61
ur0968128,gila_film,gilafilm096812859@mail.com,1975-12-01,53
ur174638476,LW-08854,lw0885417463847679@mail.com,1986-08-20,70
ur153546693,mattatthem,mattatthem15354669398@moviefans.com,2010-06-13,17
ur150749021,tindfoting,tindfoting15074902177@example.com,1955-05-14,73
ur4466864,alexisdetr,alexisdetr446686427@mail.com,2016-03-07,35
ur0886655,graham_wri,grahamwri088665537@imdbuser.net,2000-03-14,47
ur42741462,helencmm,helencmm4274146259@example.com,2016-08-22,20
ur3299398,Undead1512,undead1512329939867@moviefans.com,1991-01-03,42
ur6929785,sandersson,sandersson692978534@imdbuser.net,1970-10-08,69
ur24993112,movieswith,movieswith2499311295@moviefans.com,1983-02-25,59
ur80513743,newchristm,newchristm8051374333@imdbuser.net,2012-07-01,32
ur87401082,stellarint,stellarint8740108263@moviefans.com,1989-01-15,45
ur2388072,pHo,pho238807230@example.com,2002-08-31,47
ur1929530,brooksmurp,brooksmurp192953068@mail.com,2024-08-21,23
ur3933819,archienina,archienina393381981@imdbuser.net,2003-07-04,38
ur1721807,mpofarrell,mpofarrell172180725@moviefans.com,2001-12-25,44
ur2819722,dafuzzbudd,dafuzzbudd281972258@example.com,2013-04-11,35
ur0673554,mr_walsh,mrwalsh067355458@example.com,2010-06-29,47
ur1115422,TimidMice,timidmice111542226@moviefans.com,2007-08-20,29
ur57486468,meabak360,meabak3605748646810@moviefans.com,2004-05-03,80
ur3888287,ctuavocado,ctuavocado388828715@imdbuser.net,1973-08-08,74
ur111267936,nathandm-7,nathandm711126793677@imdbuser.net,1966-10-24,66
ur0867890,Charles_Le,charlesle086789092@mail.com,2011-11-07,75
ur35332818,vovers1,vovers13533281875@moviefans.com,2008-09-17,49
ur49873360,sunlounge2,sunlounge24987336034@mail.com,2012-07-22,29
ur25437488,stormryder,stormryder2543748860@mail.com,2002-06-17,46
ur41633125,u-emoli,uemoli4163312551@example.com,2000-03-16,32
ur47246436,parry_na,parryna4724643617@imdbuser.net,1977-09-12,54
ur93971675,lizxypopco,lizxypopco9397167523@example.com,2004-02-03,60
ur73651964,saschultz-,saschultz7365196475@moviefans.com,1995-04-15,72
ur36401655,Soeli2,soeli23640165574@moviefans.com,1990-06-22,39
ur59588929,mveal,mveal5958892989@example.com,1993-04-16,61
ur35273914,lukeh23,lukeh233527391447@mail.com,2006-04-28,22
ur51254523,avdropm-94,avdropm945125452383@example.com,1999-02-23,69
ur32428302,Drive-in_Z,driveinz3242830242@moviefans.com,2021-10-18,20
ur44548565,sarah-have,sarahhave4454856511@mail.com,1967-09-20,77
ur30136144,abouhelier,abouhelier3013614438@example.com,2009-10-07,47
ur27557228,Paragon240,paragon2402755722812@imdbuser.net,2009-01-31,35
ur34411964,vkochladze,vkochladze3441196463@imdbuser.net,2011-04-23,34
ur16646269,moderation,moderation1664626981@mail.com,1996-11-05,31
ur4145136,TdSmth5,tdsmth5414513673@imdbuser.net,1995-07-31,56
ur34054164,mohancraig,mohancraig3405416449@imdbuser.net,2018-07-08,53
ur45201037,jparker989,jparker9894520103734@mail.com,1971-04-08,78
ur62646780,kevin-3824,kevin38246264678090@moviefans.com,2003-03-03,44
ur0720108,leechco,leechco072010811@moviefans.com,2020-02-04,71
ur0141778,Fred-86,fred86014177844@example.com,1987-05-05,66
ur0065344,Thats_MIST,thatsmist006534432@moviefans.com,1999-03-02,67
ur2366197,imyorehuck,imyorehuck236619780@mail.com,2023-03-21,14
ur0856530,famousgir1,famousgir1085653099@moviefans.com,2021-07-29,72
ur0235775,@home,home023577561@mail.com,1987-10-23,62
ur0088273,pgula,pgula008827365@mail.com,1985-06-06,48
ur0215274,Nitriside,nitriside021527476@imdbuser.net,1968-04-26,78
ur0270271,Ferrick,ferrick027027153@imdbuser.net,2017-03-10,79
ur0202757,navyfrog,navyfrog020275765@mail.com,2016-06-29,35
ur0126423,DancrGrl,dancrgrl012642356@moviefans.com,2017-11-14,33
ur82227790,bevysaurus,bevysaurus8222779024@moviefans.com,2015-06-16,22
ur1011754,drplw,drplw101175428@example.com,2006-07-11,44
ur106015928,hankychan,hankychan10601592876@example.com,2025-06-29,24
ur135654449,wumbi,wumbi13565444968@mail.com,1995-01-22,75
ur2045294,Mister1045,mister1045204529481@imdbuser.net,2009-02-04,18
ur4291422,jen0830,jen0830429142217@example.com,1962-04-29,65
ur11156042,sowowme205,sowowme2051115604214@imdbuser.net,2003-05-13,43
ur1334185,tadeo38,tadeo38133418512@mail.com,2004-09-15,33
ur1133504,jzorn,jzorn113350435@mail.com,2022-03-31,36
ur65923453,jrtone-493,jrtone4936592345331@mail.com,2017-02-07,79
ur48094618,pcrawake,pcrawake4809461891@moviefans.com,2002-07-12,48
ur5282067,nettrice,nettrice528206760@example.com,1993-10-01,38
ur33693994,ricochet93,ricochet933369399487@example.com,1997-09-25,35
ur47087717,meganmcgee,meganmcgee4708771751@example.com,2000-02-17,26
ur26123738,jas-primas,jasprimas2612373839@example.com,1999-07-12,35
ur47246360,tilona-moo,tilonamoo4724636072@mail.com,1994-11-21,78
ur75864281,tours-7238,tours72387586428177@example.com,2015-06-29,64
ur37238775,sampxmille,sampxmille3723877590@mail.com,2005-08-12,30
ur62462326,charlia,charlia6246232633@moviefans.com,2011-05-15,48
ur31126471,julieaz,julieaz3112647188@example.com,1978-06-04,49
ur2030175,blkhwk41,blkhwk41203017531@moviefans.com,2005-03-11,25
ur7611348,fadeinligh,fadeinligh761134863@moviefans.com,2008-08-16,31
ur9712285,filmbantha,filmbantha971228536@imdbuser.net,2004-02-17,79
ur7628150,Heislegend,heislegend762815037@example.com,2022-12-16,26
ur26120723,rjschofiel,rjschofiel2612072334@imdbuser.net,2019-05-23,60
ur5316823,sethness,sethness531682351@moviefans.com,2015-11-19,15
ur25930246,vsg07,vsg072593024638@imdbuser.net,2001-06-16,51
ur30013038,SuperRev9,superrev93001303831@moviefans.com,2014-12-24,27
ur73735561,fishwhispe,fishwhispe7373556182@imdbuser.net,2022-02-27,58
ur9726573,bigdmia,bigdmia972657364@mail.com,2013-04-01,16
ur0979552,Fred-333,fred333097955268@example.com,2013-12-15,55
ur17616550,jlgille,jlgille1761655086@imdbuser.net,1985-04-04,52
ur0418472,steed-5,steed5041847298@imdbuser.net,1980-09-04,72
ur0126487,LeeDRothst,leedrothst012648714@mail.com,2022-03-06,39
ur68133705,xenazues,xenazues6813370598@mail.com,2018-09-05,55
ur2458333,PsyDtoBe,psydtobe245833314@moviefans.com,2006-09-21,47
ur4775193,rroy12,rroy12477519357@example.com,2012-04-15,26
ur19176498,Supachewy,supachewy1917649870@moviefans.com,2024-09-18,18
ur2839075,addedit,addedit283907515@mail.com,1977-11-06,66
ur62460576,fciocca,fciocca6246057614@mail.com,1975-02-13,67
ur0093896,Varlaam,varlaam009389645@example.com,2004-11-15,57
ur73917411,carolineph,carolineph7391741184@moviefans.com,2015-07-15,39
ur2773513,ddejoy2730,ddejoy2730277351310@example.com,2014-11-06,41
ur83252614,nateromero,nateromero8325261418@imdbuser.net,1957-05-21,75
ur22929379,letig1994,letig19942292937928@moviefans.com,2002-10-08,27
ur42121803,El_John,eljohn4212180391@imdbuser.net,2014-03-08,16
ur58993211,pise-65431,pise654315899321153@moviefans.com,2003-05-26,28
ur57622713,cerca-soni,cercasoni5762271375@imdbuser.net,1995-06-14,61
ur15383300,AliceofX,aliceofx1538330050@imdbuser.net,2015-10-27,33
ur19117722,murtaza_mm,murtazamm1911772293@mail.com,2007-09-23,63
ur35309644,micule-iev,miculeiev3530964439@example.com,2004-11-15,40
ur10924693,steelshell,steelshell1092469362@example.com,2005-08-10,26
ur40191153,Marwan-Bob,marwanbob4019115318@moviefans.com,1969-10-14,63
ur1968499,j1stoner,j1stoner196849915@example.com,2024-12-07,72
ur15462771,dragokin,dragokin1546277126@imdbuser.net,2015-07-08,52
ur41459639,Mikeballa8,mikeballa84145963919@example.com,2016-10-15,36
ur41107215,RevRonster,revronster4110721567@mail.com,2016-03-18,37
ur39716435,akprice44,akprice443971643570@imdbuser.net,2000-05-23,69
ur35647010,nolandalla,nolandalla3564701061@moviefans.com,2020-03-14,22
ur6341882,rgblakey,rgblakey634188249@example.com,2025-05-01,40
ur0137885,AJ4F,aj4f013788531@moviefans.com,1967-04-15,67
ur7366068,jertrav33,jertrav33736606815@imdbuser.net,2019-11-01,28
ur5744479,amit_imt20,amitimt20574447984@moviefans.com,2012-12-19,28
ur109668899,zachmetzge,zachmetzge10966889976@imdbuser.net,2018-12-08,51
ur24012560,MattyGibbs,mattygibbs2401256060@moviefans.com,2020-12-12,23
ur37115733,dgefroh,dgefroh3711573354@moviefans.com,2015-10-27,23
ur3997053,natasha-bi,natashabi399705380@imdbuser.net,2015-01-31,17
ur10974112,MrPNGuin,mrpnguin1097411284@mail.com,2000-06-22,48
ur21108884,eschetic-2,eschetic22110888474@imdbuser.net,2024-09-12,48
ur25613729,sailingsmo,sailingsmo2561372990@example.com,1979-11-02,50
ur3803054,frebo3,frebo3380305413@moviefans.com,1972-06-11,73
ur5854318,diado,diado585431859@moviefans.com,1993-10-31,36
ur100116496,Benjamin-M,benjaminm10011649696@example.com,1986-04-30,69
ur72055659,amychifici,amychifici7205565918@imdbuser.net,2021-06-22,54
ur21198956,Filmaholic,filmaholic2119895659@mail.com,2001-11-16,31
ur12035240,dlo540,dlo5401203524081@imdbuser.net,2002-09-28,38
ur25098607,adamshoop2,adamshoop22509860749@imdbuser.net,2019-07-02,55
ur94468712,hannahmela,hannahmela9446871214@moviefans.com,2017-09-30,34
ur25240128,prateak09,prateak092524012836@mail.com,1979-09-01,72
ur66924417,gunit-8771,gunit87716692441738@imdbuser.net,2014-08-30,56
ur1160269,cudaseeker,cudaseeker116026963@moviefans.com,2020-09-14,46
ur25103525,utchaz,utchaz2510352592@imdbuser.net,2020-10-23,35
ur8400419,blackmamba,blackmamba840041975@mail.com,1972-10-07,69
ur87277999,rebee-4687,rebee46878727799922@imdbuser.net,2020-10-31,19
ur91986347,estebantor,estebantor9198634754@moviefans.com,2017-01-17,32
ur22497149,Kali1008,kali10082249714943@moviefans.com,1986-11-11,43
ur47426443,juliannepe,juliannepe4742644347@mail.com,2013-06-28,15
ur19815045,battles_in,battlesin1981504512@mail.com,1984-03-18,57
ur91451945,MovieNihil,movienihil9145194562@mail.com,1988-10-31,42
ur123598908,laurajwnob,laurajwnob12359890836@example.com,1989-08-10,37
ur56025305,MehdiTaba,mehditaba5602530560@moviefans.com,2021-01-29,22
ur90281549,nightmaref,nightmaref9028154995@example.com,2017-02-26,80
ur70575376,sylo-04580,sylo045807057537684@mail.com,1987-10-12,72
ur22062167,tityron,tityron2206216759@example.com,1977-09-23,75
ur12785066,lornamd-1,lornamd11278506629@mail.com,2005-03-15,33
ur60230439,lauriglase,lauriglase6023043919@imdbuser.net,2013-01-18,20
ur25411481,sktchd,sktchd2541148180@mail.com,1995-01-10,65
ur103009393,cjamesduec,cjamesduec10300939360@example.com,2018-03-16,27
ur96397291,numenorsni,numenorsni9639729176@mail.com,2004-12-14,38
ur36586808,c_luttrell,cluttrell3658680883@mail.com,1965-05-23,78
ur86571117,allieking-,allieking8657111712@moviefans.com,1974-09-24,76
ur16596692,papakalodu,papakalodu1659669247@example.com,1989-02-02,61
ur123676634,eqsarnak,eqsarnak12367663465@imdbuser.net,1978-03-31,49
ur4892129,funnis-1,funnis1489212958@example.com,2000-01-23,62
ur127800800,gutteridge,gutteridge12780080096@moviefans.com,1991-04-26,62
ur2964218,jaymibh,jaymibh296421897@mail.com,2004-07-21,45
ur0160185,Adrian-32,adrian32016018572@imdbuser.net,1994-05-22,70
ur0151608,Shan-12,shan12015160888@imdbuser.net,1972-07-30,79
ur2317929,peterbilli,peterbilli231792955@imdbuser.net,2006-12-14,71
ur88955455,Armando_RG,armandorg8895545575@imdbuser.net,2013-11-26,66
ur94551690,andrewiang,andrewiang9455169046@imdbuser.net,1989-10-16,46
ur103498042,PsychoBear,psychobear10349804274@mail.com,2017-07-13,25
ur89070996,floydreese,floydreese8907099667@example.com,2023-07-27,28
ur101811347,exzanya,exzanya10181134799@moviefans.com,1996-01-25,64
ur98729409,karinmkvis,karinmkvis9872940914@example.com,2022-05-18,22
ur1525966,tsmith1409,tsmith1409152596654@moviefans.com,1999-06-21,30
ur109753556,bkaygordon,bkaygordon10975355648@imdbuser.net,2023-12-02,44
ur1261691,joshuastep,joshuastep126169157@example.com,1995-07-05,36
ur0804749,tprofumo,tprofumo080474979@example.com,1985-06-10,43
ur27695800,thatmovieg,thatmovieg2769580044@moviefans.com,1996-07-28,68
ur0077099,Darccity,darccity007709918@mail.com,2007-01-10,22
ur1004764,adiezel,adiezel100476465@mail.com,2009-04-16,31
ur11393896,Eleena-The,eleenathe1139389614@example.com,1987-10-11,75
ur0619285,ledzep380,ledzep380061928577@mail.com,1991-01-15,36
ur0880119,lanie-6,lanie6088011915@moviefans.com,1993-12-17,46
ur5178606,canbrooke,canbrooke517860635@example.com,1976-07-08,53
ur1245103,heart_ofin,heartofin124510358@moviefans.com,1993-09-23,39
ur4512442,brianwolte,brianwolte451244210@mail.com,2004-09-28,26
ur3435496,anth001,anth001343549612@example.com,2002-05-20,60
ur43403087,dipanagi-6,dipanagi64340308784@example.com,2022-11-11,14
ur0610213,TAEMO,taemo061021311@imdbuser.net,2007-12-30,26
ur62137578,ericwatkin,ericwatkin6213757898@imdbuser.net,2000-04-03,51
ur27754206,Apprehensi,apprehensi2775420697@moviefans.com,2009-01-22,18
ur1643538,hcl-1,hcl1164353850@mail.com,1981-02-20,48
ur1758388,no-skyline,noskyline175838831@moviefans.com,2022-04-13,44
ur100147409,scubaseven,scubaseven10014740948@imdbuser.net,2008-03-25,73
ur29409650,Challenger,challenger2940965083@mail.com,1958-06-18,76
ur6049405,Mccadoo,mccadoo604940551@moviefans.com,2012-12-10,15
ur0005684,Mickey-2,mickey2000568417@imdbuser.net,1960-12-10,65
ur0010198,BigGuy,bigguy001019851@moviefans.com,1990-01-10,39
ur2947341,MosHr,moshr294734140@moviefans.com,1986-07-15,73
ur5190255,elliott782,elliott782519025567@moviefans.com,2015-01-31,23
ur28306903,mewperry,mewperry2830690317@imdbuser.net,2018-12-22,50
ur77869197,rimagage,rimagage7786919797@imdbuser.net,2003-02-08,34
ur24651088,smokyowl,smokyowl2465108860@example.com,1953-04-30,76
ur163887308,unithingma,unithingma16388730864@example.com,2023-12-05,23
ur40966408,willians_f,williansf4096640838@imdbuser.net,2009-07-19,47
ur0579539,mim-8,mim8057953959@imdbuser.net,2003-11-13,36
ur0477783,tlon,tlon047778329@mail.com,2011-01-12,23
ur87640589,EmmeCHamme,emmechamme8764058930@example.com,1972-09-28,74
ur2275832,manuel-pes,manuelpes227583251@moviefans.com,1997-01-14,40
ur155139908,kirkendog,kirkendog15513990810@moviefans.com,1996-08-26,36
ur10384462,qormi,qormi1038446227@example.com,2025-03-18,24
ur5068531,betasam,betasam506853164@example.com,1983-10-12,72
ur71516783,pietclause,pietclause7151678314@moviefans.com,1989-08-11,50
ur16347457,hollywoods,hollywoods1634745717@imdbuser.net,2018-10-17,38
ur10279658,pallmallgu,pallmallgu1027965877@example.com,1992-04-07,76
ur2025763,matlock777,matlock777202576329@moviefans.com,2008-05-28,37
ur0478958,srmccarthy,srmccarthy047895890@imdbuser.net,2021-07-14,24
ur7567714,beulahbail,beulahbail756771458@imdbuser.net,2016-01-19,33
ur19217784,brothersdi,brothersdi1921778468@mail.com,2002-04-02,55
ur0003042,gueuler,gueuler000304268@example.com,1991-10-21,36
ur1164059,honest-abe,honestabe116405920@mail.com,2023-08-27,48
ur2865136,JHallisy,jhallisy286513692@mail.com,1985-06-29,53
ur113188933,shelleyamc,shelleyamc11318893390@moviefans.com,2009-10-10,17
ur68176380,alissajdre,alissajdre6817638012@example.com,2024-02-02,17
ur75591062,msg_kl,msgkl7559106268@imdbuser.net,1987-07-14,54
ur143613658,piipahtaja,piipahtaja14361365883@imdbuser.net,2005-04-07,29
ur61257417,mz-37866,mz378666125741774@moviefans.com,1972-12-14,55
ur3100766,NiceGuyTom,niceguytom310076698@imdbuser.net,1991-01-09,41
ur21609161,jmanchak6,jmanchak62160916191@example.com,2002-08-16,67
ur0301819,funnygy,funnygy030181911@mail.com,2008-01-26,24
ur5904239,bigwig_tha,bigwigtha590423974@mail.com,2013-12-26,23
ur5501912,silverscre,silverscre550191216@example.com,2012-09-22,19
ur1039175,lesjc,lesjc103917553@moviefans.com,2007-01-21,23
ur1637859,wiseup,wiseup163785999@imdbuser.net,2018-10-05,53
ur4888923,zhenca,zhenca488892322@mail.com,2015-07-14,56
ur6147109,largelyhap,largelyhap614710953@moviefans.com,2006-03-15,30
ur3921972,doug-killi,dougkilli392197235@example.com,2006-07-25,42
ur3465461,dougandwin,dougandwin346546141@imdbuser.net,2009-11-25,71
ur4120180,christine-,christine412018039@moviefans.com,2018-08-27,20
ur2948697,lamps,lamps294869791@mail.com,2023-08-13,27
ur6470415,madhattero,madhattero647041568@mail.com,2024-09-28,46
ur4812708,caryra2003,caryra2003481270838@imdbuser.net,1986-05-25,62
ur11176839,bwhyte17,bwhyte171117683996@moviefans.com,2013-03-11,66
ur75057668,Matermeter,matermeter7505766861@imdbuser.net,1991-06-28,38
ur0854236,ceebeegee,ceebeegee085423657@moviefans.com,1975-07-23,62
ur65045959,michaelwil,michaelwil6504595914@imdbuser.net,1985-07-11,46
ur9009737,fanan450,fanan450900973739@example.com,1974-08-27,56
ur0955281,John Bethe,johnbethe095528113@mail.com,1999-08-02,44
ur106224983,jared-2533,jared253310622498347@moviefans.com,2025-02-25,41
ur65224388,nbbaiyuche,nbbaiyuche6522438831@mail.com,2017-06-12,21
ur0968734,chauncey_w,chaunceyw096873437@mail.com,2006-06-27,68
ur3693090,sisko2005,sisko2005369309066@mail.com,1997-04-15,64
ur2183438,mattymatt3,mattymatt3218343860@example.com,2019-03-07,35
ur4044278,RChatterje,rchatterje404427842@mail.com,2022-05-14,49
ur2757172,arthurclay,arthurclay275717283@mail.com,1998-08-17,33
ur13021513,pacinofan5,pacinofan51302151373@moviefans.com,2004-08-25,62
ur27567218,moshe-vale,moshevale2756721869@mail.com,2003-03-25,26
ur18598188,C_pa_cool,cpacool1859818832@example.com,2016-03-15,53
ur22866939,Its1917hrs,its1917hrs2286693995@imdbuser.net,1997-06-06,50
ur32859432,vladp6,vladp63285943282@moviefans.com,2002-05-16,60
ur61038775,munageniki,munageniki6103877559@mail.com,2022-12-02,75
ur5284054,tfminfl,tfminfl528405493@imdbuser.net,2025-03-10,48
ur6650961,bm-25,bm25665096188@mail.com,2007-07-23,30
ur129611210,RuthMariaK,ruthmariak12961121084@imdbuser.net,1998-05-05,78
ur3551041,della-10,della10355104111@moviefans.com,1974-12-29,61
ur10810541,Montezuma5,montezuma51081054175@moviefans.com,2014-07-29,79
ur158040058,movie-revi,movierevi15804005896@mail.com,2000-09-06,71
ur4317722,dph570,dph570431772278@imdbuser.net,2024-02-11,17
ur105461617,svivschenk,svivschenk10546161739@example.com,1951-10-05,76
ur97057045,kylecubb,kylecubb9705704527@moviefans.com,1967-05-30,71
ur2004984,jmverville,jmverville200498494@mail.com,1971-06-08,78
ur25181114,mjdk2,mjdk22518111464@moviefans.com,2015-03-23,32
ur1313611,Inuendo,inuendo131361119@imdbuser.net,2024-03-18,75
ur109094403,daneale-15,daneale1510909440331@imdbuser.net,2024-07-17,22
ur0146564,Nozz,nozz014656438@moviefans.com,2006-06-09,38
ur19840399,spratton,spratton1984039911@mail.com,1997-08-20,69
ur4237845,dunnin2004,dunnin2004423784563@example.com,2005-06-06,57
ur32540717,akoaytao12,akoaytao123254071774@imdbuser.net,1999-09-13,34
ur3733708,lapratho,lapratho373370856@imdbuser.net,2009-03-15,27
ur1079283,SPaS,spas107928364@mail.com,1993-12-10,56
ur11569980,baodawao,baodawao1156998053@moviefans.com,2011-02-14,15
ur23616134,doyler79,doyler792361613473@example.com,2021-09-11,21
ur6883574,BostonScot,bostonscot688357452@imdbuser.net,1992-08-22,47
ur7369259,nobody616,nobody616736925991@mail.com,2018-07-08,27
ur1434193,Spellvexit,spellvexit143419339@mail.com,2014-05-08,66
ur6375149,hawk-93,hawk93637514931@moviefans.com,2019-01-26,50
ur104919264,dbisseker,dbisseker10491926486@mail.com,2009-02-03,56
ur9529838,TheJags,thejags952983817@mail.com,2021-03-08,23
ur10121156,awichert,awichert1012115621@moviefans.com,1997-01-25,29
ur5329033,cody-63,cody63532903389@example.com,1984-05-02,63
ur4635121,christophe,christophe463512185@example.com,2007-02-07,23
ur126782085,themiseryl,themiseryl12678208554@imdbuser.net,1968-05-12,59
ur2054149,kara-cottl,karacottl205414951@mail.com,2001-11-25,29
ur8236852,perfectlil,perfectlil823685278@imdbuser.net,2014-07-02,16
ur0774594,kcbausch,kcbausch077459447@mail.com,2022-02-21,30
ur7972806,rupture10,rupture10797280648@mail.com,1960-05-08,78
ur28856873,machrf,machrf2885687398@moviefans.com,1999-07-12,60
ur0869598,shoei,shoei086959888@example.com,2018-12-06,68
ur5286250,sajonzinge,sajonzinge528625031@imdbuser.net,2015-06-16,21
ur2811853,highlander,highlander281185392@mail.com,2016-02-22,44
ur120893889,me-30407,me3040712089388987@moviefans.com,2016-12-29,62
ur3070522,papaska,papaska307052225@moviefans.com,1988-08-12,57
ur15766810,daveygandt,daveygandt1576681089@mail.com,1997-11-07,62
ur1982210,moutonbear,moutonbear198221079@moviefans.com,1978-01-03,58
ur8510040,mjjusa-1,mjjusa1851004098@imdbuser.net,2022-11-13,13
ur2013811,bzimmer-1,bzimmer1201381143@imdbuser.net,2018-08-08,13
ur0711933,tjunderwoo,tjunderwoo071193381@moviefans.com,2016-03-03,66
ur1405218,lisadaly,lisadaly140521861@imdbuser.net,1996-03-31,58
ur1560409,Fromanothe,fromanothe156040951@imdbuser.net,1995-10-13,39
ur6730332,screenwrit,screenwrit673033247@moviefans.com,2008-05-31,25
ur14676385,Termin8,termin81467638593@moviefans.com,2015-03-01,15
ur4155934,harte,harte415593434@mail.com,2008-12-01,20
ur0886049,She-she,sheshe088604962@mail.com,2012-08-15,53
ur7063960,robinson-c,robinsonc706396013@moviefans.com,2019-01-25,65
ur5968838,meglome,meglome596883836@mail.com,2010-11-10,43
ur12332533,StevenAWeb,stevenaweb1233253369@mail.com,1947-09-06,79
ur25039934,chris-976-,chris9762503993418@mail.com,1986-03-29,59
ur10078350,jpanyard,jpanyard1007835055@example.com,2021-10-18,19
ur0818185,ThatMonkey,thatmonkey081818513@mail.com,1991-04-17,64
ur86657061,peeedeee-9,peeedeee98665706153@moviefans.com,2019-11-10,63
ur15742109,hitchiking,hitchiking1574210923@mail.com,1985-01-21,58
ur35717158,nitzanhavo,nitzanhavo3571715897@example.com,1952-01-09,76
ur106581372,mrhistory-,mrhistory10658137252@mail.com,2017-04-16,13
ur33974261,tambahri,tambahri3397426170@moviefans.com,2019-07-12,31
ur11539819,cookie666,cookie6661153981967@imdbuser.net,2010-03-19,60
ur12295472,Benji-80,benji801229547245@moviefans.com,2003-03-10,50
ur5429864,modschaegi,modschaegi542986427@mail.com,2005-08-07,63
ur7841861,MeganScarn,meganscarn784186139@moviefans.com,2018-02-14,15
ur15093908,mrguugelba,mrguugelba1509390833@example.com,2021-12-03,44
ur126240095,Mivas_Gree,mivasgree12624009517@example.com,1984-08-02,73
ur20122187,thejudgeis,thejudgeis2012218748@example.com,2025-06-19,20
ur24712037,Hazu29,hazu292471203790@mail.com,2008-12-05,79
ur58845814,ralphcorbe,ralphcorbe5884581463@mail.com,2020-07-28,29
ur14296083,billradun,billradun1429608327@moviefans.com,1963-07-09,69
ur1918949,stingil,stingil191894947@moviefans.com,2015-03-17,22
ur0632135,rl-10,rl10063213583@mail.com,2024-12-30,13
ur83417783,smithpaulu,smithpaulu8341778319@example.com,2010-06-03,50
ur25121694,tiptak,tiptak2512169415@example.com,2015-08-28,17
ur23971519,jdrishe,jdrishe2397151946@example.com,1997-04-29,38
ur2415654,solarflux-,solarflux241565458@imdbuser.net,1990-11-26,45
ur2670273,hughman55,hughman55267027312@mail.com,1982-12-19,52
ur8319952,brielle_ja,brielleja831995270@example.com,2008-09-01,76
ur16596626,willandtho,willandtho1659662615@example.com,1990-02-01,58
ur1120623,the_cinese,thecinese112062326@mail.com,2020-09-09,13
ur18654762,mamadunn09,mamadunn091865476279@moviefans.com,1974-11-28,78
ur22715877,jrcj41,jrcj412271587765@imdbuser.net,2024-05-12,43
ur19461887,bdocili,bdocili1946188718@example.com,1974-06-03,54
ur13981839,rhinoceros,rhinoceros1398183939@mail.com,2005-11-26,40
ur0480585,motta80-2,motta802048058523@moviefans.com,2014-04-19,34
ur9405220,kie9000,kie9000940522057@moviefans.com,1976-12-03,72
ur0832414,GreenTeaOm,greenteaom083241476@moviefans.com,1958-11-02,70
ur25112080,moonbus-98,moonbus982511208068@moviefans.com,2017-10-13,24
ur22094738,thesubstre,thesubstre2209473868@mail.com,1960-08-19,65
ur20162561,sweet_lady,sweetlady2016256163@mail.com,1984-01-08,70
ur22589202,montela-61,montela612258920266@example.com,2019-07-10,77
ur2020300,hok_herman,hokherman202030058@imdbuser.net,2000-11-10,50
ur2827603,KrisDemean,krisdemean282760333@imdbuser.net,2004-01-08,61
ur0729099,GF9,gf9072909970@example.com,2006-09-17,65
ur57699719,heisenberg,heisenberg5769971923@moviefans.com,2006-04-22,38
ur3429591,jon2005,jon2005342959145@imdbuser.net,2008-01-21,73
ur5530014,jamiesmith,jamiesmith553001466@example.com,1985-10-18,66
ur2514519,kajmel,kajmel251451947@example.com,1971-08-12,57
ur15985038,heatherw24,heatherw241598503889@moviefans.com,1997-09-27,58
ur8254698,toddt85,toddt85825469893@moviefans.com,2018-06-19,16
ur7567592,gus495,gus495756759252@imdbuser.net,2023-10-07,19
ur11358081,CrassActio,crassactio1135808163@mail.com,1997-05-02,45
ur10158229,Alex_Pries,alexpries1015822978@mail.com,2016-09-14,25
ur2584553,deadmonkey,deadmonkey258455333@moviefans.com,2006-07-06,31
ur1203820,FilmWeekUK,filmweekuk120382039@moviefans.com,1997-06-25,58
ur7840206,resq446,resq446784020679@example.com,2019-03-24,29
ur20019091,lollygirl3,lollygirl32001909143@mail.com,2008-09-19,20
ur14245441,overburned,overburned1424544190@mail.com,1956-07-08,80
ur15365893,thewayforw,thewayforw1536589359@mail.com,2014-09-22,44
ur7776823,Deoglood,deoglood777682378@moviefans.com,2012-02-19,16
ur4830307,zell1290,zell1290483030783@mail.com,2015-06-23,16
ur1467570,brichter,brichter146757084@mail.com,2009-09-17,75
ur7586986,bobulated,bobulated758698673@mail.com,2004-09-29,60
ur2570753,l5rgm,l5rgm257075316@moviefans.com,2006-10-17,32
ur125278950,PetShopBoy,petshopboy12527895071@moviefans.com,2024-01-20,56
ur2848189,Cristopher,cristopher284818947@moviefans.com,2017-05-23,14
ur2229679,Sommerset,sommerset222967911@mail.com,1978-10-04,53
ur32939276,jcbutthead,jcbutthead3293927625@mail.com,2005-09-18,69
ur62748867,Warlock72,warlock726274886758@mail.com,2013-07-12,21
ur19835265,Jacques98,jacques981983526521@moviefans.com,2015-05-24,47
ur0385610,Afracious,afracious038561075@imdbuser.net,1994-01-04,44
ur3022747,strindberg,strindberg302274781@example.com,2022-05-11,57
ur6135818,kit-74,kit74613581872@mail.com,2002-11-30,23
ur94138948,flurbinfla,flurbinfla9413894863@moviefans.com,2025-02-15,25
ur23176907,anirupn,anirupn2317690775@moviefans.com,2023-06-28,43
ur1889676,RResende,rresende188967628@moviefans.com,1995-08-02,42
ur176742787,ivanovamak,ivanovamak17674278754@imdbuser.net,1996-12-04,41
ur19968027,otstuff,otstuff1996802784@imdbuser.net,2015-01-26,29
ur67919644,ljsmovies,ljsmovies6791964439@imdbuser.net,2020-07-04,25
ur45421202,ericnottel,ericnottel4542120229@mail.com,1957-09-20,80
ur3281255,goolizap,goolizap328125518@moviefans.com,2025-03-03,53
ur60629161,ParsingHau,parsinghau6062916156@mail.com,2015-01-30,14
ur139567100,Tobeshadow,tobeshadow13956710062@moviefans.com,1974-09-18,62
ur65603073,samukaresm,samukaresm6560307389@example.com,1992-10-24,37
ur0117864,Tony-114,tony114011786473@imdbuser.net,2020-06-11,41
ur1682008,MKS0420,mks0420168200843@imdbuser.net,2000-12-17,67
ur1805517,phisigmapi,phisigmapi180551774@moviefans.com,2021-08-13,35
ur1192148,awdude,awdude119214817@mail.com,2018-02-12,13
ur7087146,aernest,aernest708714666@moviefans.com,2001-06-17,41
ur1175602,jtpaladin,jtpaladin117560219@example.com,1985-05-20,74
ur0915652,dgeer80,dgeer80091565266@example.com,1953-03-04,76
ur1762936,Kurva100,kurva100176293693@moviefans.com,2017-01-29,78
ur2357041,jazzjunkie,jazzjunkie235704149@imdbuser.net,1958-09-10,75
ur0741975,bssweb,bssweb074197537@mail.com,2013-07-11,18
ur1230521,TakerUCW,takerucw123052178@example.com,2018-10-08,42
ur11994006,Mr_Saxon,mrsaxon1199400612@imdbuser.net,2002-06-26,69
ur10442480,wmmacy,wmmacy1044248028@moviefans.com,2014-02-06,18
ur18696975,emmieshi,emmieshi1869697562@mail.com,2010-12-19,24
ur5248574,mistertopp,mistertopp524857464@imdbuser.net,1969-07-14,71
ur4780988,guenthecat,guenthecat478098856@moviefans.com,2004-04-09,33
ur122263235,anga-50622,anga5062212226323519@mail.com,1964-02-28,71
ur6588173,PrivateIro,privateiro658817393@mail.com,2014-12-18,16
ur4047723,TimmyChurc,timmychurc404772322@mail.com,1979-02-06,49
ur9751003,beetlelass,beetlelass975100367@example.com,2013-04-05,80
ur4622723,gshadeck,gshadeck462272371@mail.com,1972-06-12,67
ur5025006,Eaglegrafi,eaglegrafi502500657@mail.com,1984-07-14,75
ur0158426,Jolie,jolie015842663@example.com,2011-06-18,30
ur11565674,RJBurke194,rjburke1941156567470@imdbuser.net,2018-04-15,22
ur5027237,haydenspri,haydenspri502723735@moviefans.com,2018-06-30,71
ur4412182,mrkabree,mrkabree441218256@example.com,2017-01-21,54
ur8732786,leopisces,leopisces873278694@example.com,1999-02-26,52
ur0374259,Rosebud-49,rosebud49037425944@imdbuser.net,2001-05-05,34
ur4322980,MARKETEX19,marketex19432298067@mail.com,1991-03-26,71
ur0167156,Dr.Mike,drmike016715632@moviefans.com,2006-07-27,24
ur0223684,Buster-28,buster28022368471@example.com,2015-11-19,39
ur19998756,varundelpi,varundelpi1999875622@imdbuser.net,2023-07-17,55
ur0106385,jerky,jerky010638538@imdbuser.net,1989-01-25,50
ur159722964,alibrahim1,alibrahim115972296477@example.com,1991-10-09,40
ur4475276,jwstephens,jwstephens447527688@mail.com,1996-10-14,33
ur50391207,pantelis-p,pantelisp5039120788@mail.com,1971-05-12,76
ur131756530,robsiregar,robsiregar13175653018@moviefans.com,2009-04-06,20
ur127045296,Hussein763,hussein76312704529659@mail.com,1998-10-27,28
ur116279971,insearchof,insearchof11627997181@imdbuser.net,2024-07-19,18
ur64391325,dannysaiz,dannysaiz6439132530@mail.com,2010-10-22,50
ur125342709,sivam-6690,sivam669012534270921@example.com,1989-12-16,71
ur105948211,claudiacel,claudiacel10594821168@example.com,2024-07-02,21
ur23577940,chrysobery,chrysobery2357794081@imdbuser.net,1952-09-24,80
ur13518369,arthurcoop,arthurcoop1351836930@example.com,1973-02-15,55
ur119900260,deanmalaki,deanmalaki11990026070@moviefans.com,2015-07-31,33
ur76726852,russellqui,russellqui7672685245@imdbuser.net,2016-08-14,33
ur85823615,EnnuiDisal,ennuidisal8582361519@moviefans.com,2002-08-28,38
ur80311377,abhigauti,abhigauti8031137736@imdbuser.net,1973-06-30,59
ur118772758,vessalaliz,vessalaliz11877275871@example.com,2015-06-29,16
ur54203621,yashrajs53,yashrajs535420362160@example.com,2001-11-21,77
ur187602123,OniFR,onifr18760212333@imdbuser.net,2019-04-08,29
ur0083176,Miles-10,miles10008317636@example.com,2008-07-17,64
ur0940723,Frequency2,frequency2094072364@imdbuser.net,2022-07-31,13
ur15094503,chase_g,chaseg1509450330@imdbuser.net,2013-12-28,13
ur1442950,votequenti,votequenti144295069@imdbuser.net,2021-07-29,74
ur0401259,tcbaker,tcbaker040125959@example.com,2010-02-06,19
ur2699843,larsemadse,larsemadse269984366@example.com,2016-03-14,74
ur1444611,Graffin,graffin144461167@imdbuser.net,2002-11-01,74
ur8342403,suesalot,suesalot834240388@mail.com,2014-06-19,24
ur68258743,loveswedis,loveswedis6825874357@imdbuser.net,2007-09-28,52
ur128273178,thesupersh,thesupersh12827317893@imdbuser.net,2015-12-25,33
ur98292930,Willie_Waf,williewaf9829293092@imdbuser.net,1960-05-30,74
ur7896349,oslane,oslane789634931@moviefans.com,2016-07-24,28
ur87129416,sacerongra,sacerongra8712941684@moviefans.com,2001-01-31,34
ur0380870,saraarts,saraarts038087080@example.com,1990-08-29,65
ur1139410,rutt13-1,rutt131113941012@moviefans.com,2021-01-01,48
ur1218856,smashattac,smashattac121885621@example.com,1974-07-15,58
ur67428882,rockito_es,rockitoes6742888251@example.com,1971-07-01,62
ur4493228,wayoftheca,wayoftheca449322877@imdbuser.net,1982-01-01,45
ur4771112,luger7,luger7477111265@example.com,2013-12-27,17
ur2038883,Rexfellis,rexfellis203888342@moviefans.com,2018-07-08,17
ur0349438,GeDan,gedan034943847@moviefans.com,1980-03-23,80
ur60112300,patricio-5,patricio56011230042@moviefans.com,1961-12-29,69
ur7218366,kevino-9,kevino9721836676@mail.com,2017-07-26,18
ur9126893,lathe-of-h,latheofh912689372@moviefans.com,2020-10-31,25
ur57655343,djmali88-2,djmali8825765534364@imdbuser.net,2004-12-24,63
ur3668385,RetroRoger,retroroger366838515@mail.com,2012-04-25,53
ur5971012,ferbs54,ferbs54597101291@example.com,2022-12-20,33
ur48451170,matthewTSt,matthewtst4845117045@mail.com,1993-11-19,48
ur0104208,Cobbler,cobbler010420889@imdbuser.net,2020-03-06,32
ur73716559,hyperfixx,hyperfixx7371655958@example.com,2022-10-23,17
ur0956590,theCHUD,thechud095659050@mail.com,1999-07-20,57
ur12570106,SpaceMonke,spacemonke1257010673@example.com,2021-10-26,13
ur96818658,VisionExil,visionexil9681865880@imdbuser.net,1985-07-14,58
ur156724593,cleaneatin,cleaneatin15672459378@imdbuser.net,1964-03-07,69
ur0562401,Lone Wolf,lonewolf056240194@example.com,2020-05-25,33
ur50774042,iben_frede,ibenfrede5077404222@moviefans.com,2010-05-15,38
ur5343429,anadyr21,anadyr21534342924@example.com,1975-09-22,61
ur2012455,hales_r_us,halesrus201245532@mail.com,1998-11-13,64
ur2846857,Kilwins,kilwins284685784@imdbuser.net,2022-01-24,53
ur0669630,jolshan,jolshan066963076@imdbuser.net,2020-01-06,21
ur0593491,Vittel,vittel059349132@moviefans.com,2019-08-21,51
ur10080042,jennie_sin,jenniesin1008004214@mail.com,2019-08-11,20
ur112432084,hannahclac,hannahclac11243208499@example.com,2017-12-19,50
ur71381913,danielbarr,danielbarr7138191336@example.com,2023-08-15,20
ur0179656,JoJo-31,jojo31017965634@imdbuser.net,2003-06-07,45
ur0546697,filmboy280,filmboy280054669763@moviefans.com,2010-05-10,28
ur1697204,DUKE1,duke1169720448@imdbuser.net,2015-08-14,22
ur7696627,maxss,maxss769662732@imdbuser.net,1995-04-09,74
ur0694974,starkist77,starkist77069497466@mail.com,1996-10-14,32
ur3411445,tough_guy0,toughguy0341144524@imdbuser.net,2015-07-22,24
ur5395373,xander34,xander34539537396@imdbuser.net,2001-09-13,47
ur12027298,phantom_lo,phantomlo1202729815@example.com,1953-04-14,75
ur14903565,andydreams,andydreams1490356595@moviefans.com,2014-07-08,47
ur152565454,mauritsvan,mauritsvan15256545425@mail.com,2023-04-25,27
ur8324188,enryberen,enryberen832418815@example.com,2017-09-23,55
ur9027029,evilgrinlo,evilgrinlo902702984@moviefans.com,2012-12-15,13
ur5489231,dol_fan_in,dolfanin548923151@moviefans.com,2020-01-02,16
ur85583365,lightheart,lightheart8558336545@moviefans.com,2001-03-06,61
ur67607810,battlebuck,battlebuck6760781033@moviefans.com,1972-08-15,62
ur2742361,egdix,egdix274236119@imdbuser.net,1990-03-04,55
ur98776622,petemackin,petemackin9877662240@moviefans.com,2024-11-20,30
ur13163103,Rainbowbea,rainbowbea1316310362@example.com,2012-03-25,63
ur27751262,baharuka,baharuka2775126212@mail.com,2000-09-21,75
ur104449888,mdtrxwolf,mdtrxwolf10444988891@example.com,2019-02-14,53
ur65584785,marcdownin,marcdownin6558478591@moviefans.com,1987-10-26,42
ur84256207,SnobReview,snobreview8425620764@imdbuser.net,2022-03-18,16
ur24796587,LoganJEccl,loganjeccl2479658797@moviefans.com,1987-11-26,39
ur4820616,mharah,mharah482061663@imdbuser.net,2009-12-31,20
ur100810285,malcori,malcori10081028564@imdbuser.net,1999-11-05,62
ur13209693,Film_Nitra,filmnitra1320969386@moviefans.com,2009-08-10,24
ur18116407,Lucy-Lasti,lucylasti1811640720@mail.com,2021-02-11,33
ur0381276,Franco-23,franco23038127613@moviefans.com,1981-11-02,79
ur1056333,shalsw,shalsw105633378@imdbuser.net,2017-04-14,19
ur0309306,bobbyf,bobbyf030930669@moviefans.com,1972-01-01,61
ur5166591,portlandwa,portlandwa516659122@imdbuser.net,2004-09-20,48
ur1072250,angelkiss8,angelkiss8107225099@imdbuser.net,1996-06-13,47
ur0873424,icecube659,icecube659087342448@mail.com,2018-09-19,19
ur0106443,kyrat,kyrat010644367@mail.com,2003-08-24,46
ur0012270,Ysman,ysman001227059@moviefans.com,2010-05-23,48
ur0938473,ajreid,ajreid093847355@imdbuser.net,2009-09-21,62
ur0993059,BoJangles-,bojangles099305981@imdbuser.net,2020-11-02,16
ur54684145,james19832,james198325468414568@mail.com,1999-01-05,49
ur26629651,isabellaca,isabellaca2662965156@mail.com,2009-02-07,42
ur19089878,BrunoRates,brunorates1908987867@imdbuser.net,1987-09-27,59
ur1601306,Barry_the_,barrythe160130651@example.com,2017-04-01,54
ur6368975,Century_ha,centuryha636897566@moviefans.com,1989-09-23,48
ur1468413,freshadam,freshadam146841381@mail.com,2020-06-18,22
ur1516818,veebee2,veebee2151681883@example.com,2017-09-05,39
ur0042732,beptep,beptep004273234@moviefans.com,1981-11-21,45
ur2083340,jhulme55,jhulme55208334010@moviefans.com,2000-12-12,33
ur11725020,newatt-2,newatt21172502027@example.com,2024-06-19,32
ur1314184,dereal,dereal131418410@mail.com,2005-06-05,65
ur49275263,mrnunleygo,mrnunleygo4927526313@mail.com,1972-05-30,64
ur119892583,JHoppy-1,jhoppy111989258311@moviefans.com,2004-05-15,58
ur204145102,GaryF-68,garyf6820414510294@imdbuser.net,2020-10-01,42
ur25945427,mrveneroso,mrveneroso2594542742@mail.com,2017-04-10,17
ur207591264,KennethW-2,kennethw220759126418@moviefans.com,2018-02-26,31
ur189218006,casey-9972,casey997218921800669@moviefans.com,1997-10-24,47
ur31783593,penixmatt,penixmatt3178359380@moviefans.com,1982-12-24,69
ur1053302,rjtmfh,rjtmfh105330225@imdbuser.net,2018-08-02,15
ur0140396,Bobby-27,bobby27014039666@imdbuser.net,2023-02-25,13
ur0635312,pc95,pc95063531241@imdbuser.net,2002-09-11,56
ur7157602,sixshooter,sixshooter715760225@mail.com,2025-12-10,76
ur48143066,vnssyndrom,vnssyndrom4814306648@mail.com,2018-03-04,21
ur47734476,steveo122,steveo1224773447694@moviefans.com,2019-06-14,14
ur48025753,tedbennett,tedbennett4802575379@example.com,2016-10-09,68
ur4631034,f-rabit,frabit463103413@example.com,1990-08-29,59
ur112815050,cumbrianfo,cumbrianfo11281505046@moviefans.com,1984-06-14,55
ur6487202,inkwarp,inkwarp648720289@imdbuser.net,2002-07-16,68
ur1647956,jbedford,jbedford164795644@example.com,1992-06-21,39
ur12158382,shaun750-1,shaun75011215838216@example.com,2021-05-20,62
ur25530742,spaceman88,spaceman882553074254@imdbuser.net,2015-02-01,15
ur1677841,critic-4,critic4167784149@mail.com,2008-11-29,62
ur0921379,Gordon McV,gordonmcv092137936@example.com,1983-11-12,42
ur0480844,AdRager,adrager048084450@moviefans.com,1991-12-31,73
ur0390193,cal-33,cal33039019370@moviefans.com,2014-03-18,21
ur0057736,DonB-5,donb5005773663@example.com,1990-03-04,38
ur75830806,mieriks,mieriks7583080687@imdbuser.net,2009-03-09,45
ur0561923,leeconn-2,leeconn2056192357@imdbuser.net,1965-05-24,72
ur31152534,smith-sher,smithsher3115253446@example.com,2013-09-02,19
ur41325885,wesawyourn,wesawyourn4132588511@moviefans.com,2013-12-05,38
ur40016489,Neill4797,neill47974001648941@moviefans.com,2004-02-26,78
ur2149107,FrankieDee,frankiedee214910760@imdbuser.net,2025-11-27,59
ur2152472,krisrox,krisrox215247263@moviefans.com,1999-06-19,36
ur3498609,fightingam,fightingam349860958@mail.com,1967-05-17,60
ur82164802,lcase-1340,lcase13408216480282@moviefans.com,1988-04-05,65
ur35467692,eem-439-22,eem439223546769273@imdbuser.net,2000-10-17,59
ur4921050,AnnikaLen,annikalen492105041@example.com,2006-12-15,66
ur2585453,DocIndy,docindy258545376@moviefans.com,2014-08-06,76
ur29163418,streamofst,streamofst2916341895@mail.com,2002-07-26,34
ur22821088,kczewski,kczewski2282108842@example.com,2022-09-24,39
ur3155628,livana007,livana007315562899@moviefans.com,2013-08-22,20
ur158967194,snewkyblin,snewkyblin15896719429@example.com,1997-01-24,40
ur22762138,freemanpat,freemanpat2276213880@mail.com,2006-11-01,35
ur23578090,VickiHopki,vickihopki2357809075@moviefans.com,1992-07-22,46
ur55342302,Cindymecin,cindymecin5534230211@moviefans.com,2016-07-14,28
ur48454063,patanderfl,patanderfl4845406336@mail.com,2005-06-13,50
ur1996660,LikeAn_Ang,likeanang199666094@imdbuser.net,2006-05-10,20
ur8476479,debikal,debikal847647912@example.com,2005-10-25,42
ur11420697,GibMart7,gibmart71142069787@moviefans.com,2014-03-26,18
ur15231629,asznballa1,asznballa11523162933@imdbuser.net,1990-09-21,42
ur18490702,darklovefo,darklovefo1849070215@moviefans.com,1986-04-08,59
ur15316412,LeonardMon,leonardmon1531641253@moviefans.com,2010-06-10,27
ur5065123,sampodog,sampodog506512340@mail.com,2007-01-05,70
ur3512103,RebeccaWoo,rebeccawoo351210374@imdbuser.net,1989-11-29,52
ur13125317,Thats_some,thatssome1312531721@imdbuser.net,2006-03-10,32
ur18468408,pregnantre,pregnantre1846840833@imdbuser.net,1985-03-27,79
ur8051795,butterflyb,butterflyb805179566@imdbuser.net,1981-01-21,61
ur10984525,darkjedi63,darkjedi631098452562@example.com,2002-03-06,36
ur15334491,labsjoao,labsjoao1533449167@example.com,2005-10-25,21
ur11326687,petya_89,petya891132668753@example.com,1964-09-10,78
ur13575362,sounique85,sounique851357536284@example.com,2023-01-15,20
ur18503525,britt46,britt461850352520@moviefans.com,1989-11-10,48
ur4186299,antidonnie,antidonnie418629945@moviefans.com,1990-12-01,53
ur14344535,HeartOfSky,heartofsky1434453539@mail.com,1998-10-25,55
ur79950921,ops-52535,ops525357995092175@moviefans.com,1961-01-26,72
ur125737775,deftonesqu,deftonesqu12573777592@mail.com,2012-01-11,17
ur47882534,hannah-837,hannah8374788253472@imdbuser.net,1985-07-24,55
ur11068049,scriptster,scriptster1106804976@imdbuser.net,1986-05-23,42
ur52417880,Belinda_an,belindaan5241788021@moviefans.com,1998-05-10,74
ur1531374,generic230,generic230153137488@moviefans.com,2003-10-31,60
ur18827378,lloyd150,lloyd1501882737882@imdbuser.net,2022-05-10,20
ur42176193,simply-val,simplyval4217619399@moviefans.com,1975-07-20,55
ur80506798,knorthover,knorthover8050679820@mail.com,2024-12-02,50
ur3294836,terrybambe,terrybambe329483683@example.com,2006-05-23,24
ur63338216,dga-54687,dga546876333821641@moviefans.com,2021-08-28,38
ur62201963,Callmepaul,callmepaul6220196391@moviefans.com,1985-03-04,76
ur68691464,vkumarster,vkumarster6869146472@imdbuser.net,2013-10-06,28
ur7755865,fortfied,fortfied775586556@imdbuser.net,1985-01-04,59
ur63101126,lois-32386,lois323866310112682@example.com,2012-03-10,21
ur1166648,kippardue_,kippardue116664895@imdbuser.net,2024-04-19,57
ur1713137,artvandela,artvandela171313759@moviefans.com,2017-10-29,14
ur3207225,sigmoid23,sigmoid23320722570@imdbuser.net,1993-06-12,69
ur1745930,little_bea,littlebea174593085@imdbuser.net,1973-08-26,62
ur124401489,Im-SoRRy-I,imsorryi12440148912@example.com,2010-02-13,41
ur1793034,k8tdidnot,k8tdidnot179303425@mail.com,2020-10-24,34
ur2977998,trax8,trax8297799887@mail.com,2005-11-26,47
ur0853389,mirutsa,mirutsa085338957@mail.com,2018-05-30,51
ur5243295,Gwtob1,gwtob1524329521@mail.com,2019-04-05,52
ur0843660,deppland,deppland084366059@mail.com,1999-05-13,42
ur1761212,Tristan_mi,tristanmi176121253@moviefans.com,1988-07-28,52
ur2189037,dushkufan,dushkufan218903747@moviefans.com,1972-03-03,75
ur2100747,JohnnyNoGo,johnnynogo210074747@mail.com,2013-06-29,29
ur3431339,beardsleyt,beardsleyt343133978@example.com,2012-12-24,33
ur3362167,Hail2thech,hail2thech336216748@moviefans.com,1965-10-12,72
ur0984863,patrick_ba,patrickba098486357@moviefans.com,1994-08-22,34
ur6950947,skysthelim,skysthelim695094768@mail.com,2014-11-08,21
ur4415588,icechalkha,icechalkha441558839@imdbuser.net,2020-07-27,47
ur2729003,Ford_Maver,fordmaver272900335@example.com,2011-02-24,44
ur57355642,safaritom,safaritom5735564243@example.com,2007-05-03,53
ur1919631,bellygod,bellygod191963134@mail.com,2018-11-02,35
ur2531830,floridanat,floridanat253183094@moviefans.com,2017-10-10,54
ur7004140,paulyester,paulyester700414063@moviefans.com,2022-11-09,31
ur45758600,chubbydave,chubbydave4575860043@mail.com,2021-04-01,43
ur1603517,scruffycub,scruffycub160351753@mail.com,2008-11-29,19
ur1917906,moondancer,moondancer191790616@imdbuser.net,2016-08-02,27
ur29500567,Andrewamph,andrewamph2950056747@imdbuser.net,2022-03-10,79
ur4349756,beatlejuic,beatlejuic434975639@moviefans.com,2010-07-27,71
ur0461352,kristina-1,kristina1046135250@example.com,2015-12-24,15
ur1798964,theAUTOHou,theautohou179896425@example.com,1996-10-13,56
ur22657774,stevonne-6,stevonne62265777477@mail.com,2019-09-18,26
ur0158775,microbonni,microbonni015877555@example.com,2012-05-06,65
ur3205429,stevebob99,stevebob99320542955@example.com,2018-02-13,20
ur1214729,kingtrio9,kingtrio9121472961@mail.com,1992-06-19,38
ur1370070,Tactrix,tactrix137007079@example.com,2013-10-22,34
ur10131447,txspartanm,txspartanm1013144777@moviefans.com,1991-07-02,54
ur0514496,doug_burto,dougburto051449662@example.com,1973-04-08,71
ur13784598,capike-1,capike11378459844@moviefans.com,2022-06-24,74
ur64160263,Edvis-1997,edvis19976416026360@example.com,1988-01-30,79
ur85677889,tinkrbelfl,tinkrbelfl8567788923@moviefans.com,1999-10-27,40
ur98896653,fg54yh,fg54yh9889665372@mail.com,2019-06-14,58
ur1117555,ericjg623,ericjg623111755575@imdbuser.net,1973-12-02,77
ur0383297,Technicall,technicall038329748@example.com,1968-08-26,73
ur156072235,suckerpunc,suckerpunc15607223565@mail.com,1977-03-09,69
ur1492434,trumpman30,trumpman30149243499@imdbuser.net,2011-10-09,27
ur0517315,deadkeroua,deadkeroua051731571@mail.com,1985-08-14,47
ur0073221,EJK-3,ejk3007322199@mail.com,1975-03-04,52
ur0839523,donm-2,donm2083952356@example.com,2003-02-15,32
ur0355439,Pongo-6,pongo6035543951@example.com,1984-10-10,67
ur0488231,blackheart,blackheart048823184@moviefans.com,2023-06-05,26
ur0276110,smee3469,smee3469027611027@imdbuser.net,2000-11-25,46
ur2125103,mrxavia,mrxavia212510344@example.com,1991-08-20,64
ur91904636,mattysharp,mattysharp9190463687@mail.com,1986-05-17,42
ur5802104,vitalymaki,vitalymaki580210482@imdbuser.net,1995-05-23,53
ur7821582,simest,simest782158265@moviefans.com,2017-07-10,78
ur1089604,supercygnu,supercygnu108960452@mail.com,2009-11-01,54
ur1663950,OPMaster,opmaster166395061@mail.com,2019-08-14,65
ur4799726,leoocampo,leoocampo479972639@example.com,1988-07-10,45
ur5270397,alanmora,alanmora527039714@mail.com,2005-02-22,52
ur5229623,cokane-1,cokane1522962393@moviefans.com,1975-04-19,75
ur19711160,brianr73,brianr731971116059@mail.com,2012-09-10,16
ur7068583,cool_cooki,coolcooki706858359@example.com,1952-11-13,75
ur3230787,phreakquen,phreakquen323078778@mail.com,1994-09-30,69
ur1855270,WolfteverB,wolfteverb185527062@imdbuser.net,2015-03-22,50
ur18119814,lin-black,linblack1811981459@example.com,2020-05-26,48
ur2490056,bluemeanie,bluemeanie249005665@mail.com,2007-02-16,27
ur3313779,DraculaJun,draculajun331377961@mail.com,1969-08-22,64
ur2278966,alice_coop,alicecoop227896664@mail.com,1976-06-27,59
ur1481008,mozu,mozu148100852@moviefans.com,2012-09-11,21
ur0112610,Charles-31,charles31011261058@example.com,2001-11-24,43
ur0992453,FieCrier,fiecrier099245312@moviefans.com,2022-06-07,14
ur0127520,Calyxx,calyxx012752018@moviefans.com,1988-04-22,50
ur85019459,jiggles-32,jiggles328501945959@imdbuser.net,1970-12-05,58
ur90570240,S_dot_M_do,sdotmdo9057024042@imdbuser.net,2013-01-18,34
ur8552008,ianmutimer,ianmutimer855200857@mail.com,1979-10-30,65
ur34422901,crazyjoost,crazyjoost3442290194@example.com,2012-06-14,60
ur4030817,Jex_Russel,jexrussel403081722@mail.com,2010-02-04,58
ur7585120,nzstylejap,nzstylejap758512014@moviefans.com,2014-03-19,30
ur1083302,connorratl,connorratl108330216@mail.com,2011-05-03,49
ur1758168,the_usual_,theusual175816828@mail.com,2013-11-25,39
ur1002148,sfchapman,sfchapman100214834@imdbuser.net,1973-11-09,65
ur2756225,mareeee,mareeee275622549@mail.com,1985-09-16,44
ur2410250,patherto,patherto241025035@moviefans.com,2024-08-01,63
ur2741796,rostrevor,rostrevor274179641@example.com,1977-11-07,56
ur4025022,ecoshift,ecoshift402502244@imdbuser.net,2014-10-01,31
ur3078615,d-JCB,djcb307861572@moviefans.com,2014-03-11,60
ur4802603,mertalpay,mertalpay480260385@imdbuser.net,2023-01-28,78
ur0389605,sgreif,sgreif038960572@example.com,2015-07-14,53
ur0012587,igornoviko,igornoviko001258781@imdbuser.net,1998-03-18,57
ur5783041,A_Roode,aroode578304144@mail.com,1971-04-27,60
ur1061970,cafesmitty,cafesmitty106197078@example.com,1980-01-21,52
ur20351402,rainbowlig,rainbowlig2035140280@moviefans.com,2020-09-03,48
ur20331548,crimsonica,crimsonica2033154840@mail.com,1996-05-03,61
ur15240019,netbusters,netbusters1524001974@imdbuser.net,1973-03-21,80
ur0371715,Knuckle,knuckle037171525@imdbuser.net,1989-03-31,39
ur19392148,xamtaro,xamtaro1939214810@example.com,2016-10-09,23
ur21302814,tully-ian,tullyian2130281489@imdbuser.net,2021-04-26,34
ur68133936,frankblack,frankblack6813393677@mail.com,2008-11-19,36
ur0384452,angelynx-2,angelynx2038445222@example.com,2000-06-12,68
ur21004590,eliotmille,eliotmille2100459081@mail.com,2024-04-09,22
ur29771926,tronyfree,tronyfree2977192654@moviefans.com,2007-10-19,76
ur19573495,GeorgeSick,georgesick1957349554@moviefans.com,1986-05-09,54
ur19795134,lucy-skye,lucyskye1979513461@moviefans.com,1983-05-21,52
ur13284681,petsteph1,petsteph11328468135@mail.com,1984-08-06,50
ur19453491,mib-29,mib291945349129@moviefans.com,2012-08-04,19
ur5206028,pragers,pragers520602812@imdbuser.net,1987-04-06,48
ur0104014,J_Trex,jtrex010401473@imdbuser.net,1979-09-21,77
ur4875539,rahprods-1,rahprods1487553952@imdbuser.net,2004-02-22,67
ur11981987,Reef-Shark,reefshark1198198773@example.com,2002-10-22,50
ur18229974,gvikrams,gvikrams1822997464@moviefans.com,1957-01-19,79
ur95221337,marydm-434,marydm4349522133710@imdbuser.net,2003-01-29,48
ur7937592,michaelmal,michaelmal793759235@mail.com,2008-06-13,32
ur8176615,muddam,muddam817661522@mail.com,1989-01-19,55
ur7020265,wendywendy,wendywendy702026511@example.com,2009-08-03,37
ur3876100,Mr_Vai,mrvai387610049@imdbuser.net,1991-02-13,36
ur0094142,Canadria,canadria009414288@mail.com,2013-05-16,16
ur2787697,enirehtac8,enirehtac8278769794@imdbuser.net,2017-10-24,27
ur25101863,theotsi7,theotsi72510186360@mail.com,1996-06-26,32
ur0040325,supergg2k,supergg2k004032544@imdbuser.net,2005-06-15,27
ur10681999,obelix_le_,obelixle1068199999@example.com,2025-04-18,19
ur3645973,rogercfam,rogercfam364597348@example.com,1988-02-05,42
ur2318261,lkao,lkao231826125@moviefans.com,1991-12-22,58
ur8913723,BoringBlac,boringblac891372363@imdbuser.net,2000-10-04,31
ur3849906,SCViper,scviper384990645@example.com,2019-09-22,19
ur0364025,timelord-3,timelord3036402582@mail.com,1987-01-06,44
ur5676268,darkjezter,darkjezter567626887@mail.com,1984-09-14,49
ur10338673,giggsmille,giggsmille1033867378@mail.com,2007-05-18,36
ur33349122,ArneArdvar,arneardvar3334912268@imdbuser.net,1984-05-08,48
ur1111012,bandunk,bandunk111101213@imdbuser.net,2000-06-10,76
ur25043730,theycallme,theycallme2504373077@imdbuser.net,1983-02-28,48
ur1576546,isotope211,isotope211157654620@example.com,1970-04-03,61
ur1448650,Jakealope,jakealope144865092@imdbuser.net,2011-08-23,15
ur1595130,WisdomSeed,wisdomseed159513023@mail.com,2023-07-14,73
ur2161713,AliasC4,aliasc4216171386@imdbuser.net,2010-06-30,37
ur0105335,Private Ry,privatery010533543@moviefans.com,2009-09-11,74
ur0582991,sidemoss,sidemoss058299143@example.com,2008-08-05,58
ur1624536,jeffro_03,jeffro03162453655@imdbuser.net,2008-03-04,61
ur13933413,stephen-la,stephenla1393341318@example.com,1980-06-01,46
ur0490386,bjaardker,bjaardker049038642@mail.com,2023-09-22,27
ur0351981,DumbBastar,dumbbastar035198163@mail.com,2008-04-02,78
ur25938692,souvanlasy,souvanlasy2593869212@example.com,2014-03-22,23
ur22962939,maxskyfan-,maxskyfan2296293977@imdbuser.net,2024-01-13,14
ur5813303,theautomiz,theautomiz581330396@imdbuser.net,1995-05-20,74
ur13950308,irishameth,irishameth1395030855@example.com,1995-12-10,34
ur134913344,didipurple,didipurple13491334465@mail.com,1983-03-31,45
ur22821990,wald-alriy,waldalriy2282199052@mail.com,1989-02-24,60
ur6494262,lindsay_ho,lindsayho649426293@mail.com,2018-08-18,20
ur1852028,enigma88,enigma88185202811@mail.com,2023-12-04,19
ur8292140,rocking_ja,rockingja829214035@imdbuser.net,2010-10-29,29
ur0362762,iPsylence,ipsylence036276284@imdbuser.net,2003-09-18,23
ur0367049,PMR-4,pmr4036704961@mail.com,1990-05-23,38
ur1263612,prodigychi,prodigychi126361238@mail.com,2010-04-04,71
ur13149501,Panterken,panterken1314950133@example.com,1998-12-08,65
ur80918438,hellholeho,hellholeho8091843847@moviefans.com,1990-03-12,53
ur33943696,herrick416,herrick4163394369664@example.com,2005-01-22,26
ur0329379,alex p-2,alexp2032937942@imdbuser.net,2010-05-07,45
ur0183235,scody1,scody1018323575@example.com,2003-10-06,34
ur0106072,rant79,rant79010607222@mail.com,2010-05-03,40
ur0236737,Jada Coy,jadacoy023673777@imdbuser.net,2023-11-15,20
ur1693456,bunkerfore,bunkerfore169345642@mail.com,2014-06-05,20
ur4915915,arfdawg-1,arfdawg1491591561@example.com,1980-03-22,67
ur0566964,amasterbla,amasterbla056696429@mail.com,2003-08-29,45
ur7776916,imbluzcloo,imbluzcloo777691693@moviefans.com,2008-09-17,37
ur0270454,renfield54,renfield54027045433@imdbuser.net,2019-04-28,73
ur2349963,oghier_ghi,oghierghi234996343@example.com,2021-08-27,62
ur18614570,repojack,repojack1861457051@imdbuser.net,2020-08-20,44
ur124282908,sophiadesa,sophiadesa12428290866@imdbuser.net,2017-07-11,21
ur6822655,seraphino,seraphino682265561@imdbuser.net,1972-11-08,75
ur20597047,olga1403,olga14032059704778@example.com,1998-09-17,33
ur4790514,davee_b0y,daveeb0y479051447@mail.com,2000-01-14,73
ur20375857,cstrac21,cstrac212037585797@example.com,1983-12-10,54
ur41712199,natmavila,natmavila4171219988@example.com,1986-01-07,42
ur0043064,pumpkin-4,pumpkin4004306472@moviefans.com,2006-10-01,62
ur4727686,prohibited,prohibited472768657@mail.com,2025-11-03,16
ur22864468,staffan-66,staffan662286446830@example.com,2002-05-13,26
ur20605889,The-Kissab,thekissab2060588944@example.com,2008-02-12,72
ur36909770,chesp05,chesp053690977061@imdbuser.net,1999-01-14,31
ur86652970,elizabeths,elizabeths8665297070@imdbuser.net,1979-07-13,66
ur10536921,isabelleal,isabelleal1053692190@moviefans.com,2007-10-12,60
ur104593913,mikimikiso,mikimikiso10459391374@mail.com,1985-06-23,67
ur20431530,WhatWhat19,whatwhat192043153026@imdbuser.net,1993-07-07,80
ur2470129,booksmoovi,booksmoovi247012919@example.com,2016-09-21,77
ur0332412,blueice,blueice033241237@imdbuser.net,2020-07-22,23
ur140456086,fistofgonz,fistofgonz14045608664@moviefans.com,2013-12-23,24
ur6012122,lenemia3,lenemia3601212259@example.com,2018-01-07,54
ur24719973,Wrapper30,wrapper302471997350@moviefans.com,2020-10-24,22
ur94233061,donovangre,donovangre9423306191@mail.com,2024-03-22,61
ur1786594,Ladyamcal,ladyamcal178659453@imdbuser.net,2024-06-14,20
ur42768631,user-662-2,user66224276863126@imdbuser.net,2016-12-24,42
ur14692191,eonbluedan,eonbluedan1469219158@mail.com,2017-05-21,27
ur155128839,fsbdnss,fsbdnss15512883998@imdbuser.net,2016-08-23,13
ur0021568,Yankee-3,yankee3002156896@imdbuser.net,1980-02-08,48
ur2880659,bradley-tr,bradleytr288065932@moviefans.com,2019-01-12,23
ur25741025,vandalz,vandalz2574102599@example.com,2006-12-18,61
ur134433651,brandjesse,brandjesse13443365151@moviefans.com,2009-02-19,29
ur15853613,MBsMidnigh,mbsmidnigh1585361311@example.com,2021-03-21,43
ur119844482,colinforre,colinforre11984448217@example.com,2002-05-09,41
ur34196744,vonnoosh,vonnoosh3419674445@mail.com,2022-09-01,26
ur1966028,happycatre,happycatre196602857@moviefans.com,1953-03-23,78
ur0423393,racr,racr042339318@imdbuser.net,1981-06-10,78
ur0548811,alley19627,alley19627054881128@example.com,1995-06-10,62
ur31999830,Heathowman,heathowman3199983018@moviefans.com,2015-04-24,34
ur0607191,rickwiese,rickwiese060719115@imdbuser.net,1992-08-06,38
ur31125894,grantchels,grantchels3112589445@imdbuser.net,1986-09-27,56
ur0438707,dribe,dribe043870773@imdbuser.net,1990-12-13,57
ur0262133,Tabby-6,tabby6026213317@example.com,1961-09-28,75
ur0003394,NJtoTX,njtotx000339495@mail.com,2025-08-23,37
ur62131676,raghav-owe,raghavowe6213167692@moviefans.com,2017-10-06,21
ur115002508,ajrangers,ajrangers11500250872@imdbuser.net,1994-05-23,56
ur0461872,prezike,prezike046187248@imdbuser.net,2017-07-22,21
ur0144641,kmccabe-,kmccabe014464193@moviefans.com,1995-02-01,47
ur79232582,MovieGuy-1,movieguy17923258230@example.com,2024-10-13,76
ur75886030,lowefreddy,lowefreddy7588603026@imdbuser.net,1987-03-21,49
ur66925086,gurciullob,gurciullob6692508666@moviefans.com,2025-03-04,14
ur0015475,fw,fw001547527@example.com,1991-10-09,36
ur36668577,eyeintrees,eyeintrees3666857715@mail.com,2016-08-31,21
ur1280338,m0rphy,m0rphy128033863@example.com,1973-08-24,58
ur0644070,jeffpete,jeffpete064407051@moviefans.com,2004-10-30,67
ur1229888,rachymaree,rachymaree122988834@imdbuser.net,2020-10-24,44
ur1743087,janegrey,janegrey174308734@example.com,2014-11-10,13
ur39179311,fletcherc2,fletcherc23917931118@mail.com,2014-02-09,13
ur99460682,thegreenar,thegreenar9946068228@mail.com,1999-10-12,53
ur12162366,kckidjosep,kckidjosep1216236614@moviefans.com,2015-06-02,28
ur49433769,bramaniblu,bramaniblu4943376997@moviefans.com,2008-11-27,23
ur3136970,joanne-ca,joanneca313697090@mail.com,1965-11-10,60
ur55938582,tin-B,tinb5593858228@moviefans.com,1984-12-16,46
ur20767592,nicholls_l,nichollsl2076759247@example.com,2014-04-23,45
ur4054579,scroggs,scroggs405457955@example.com,1998-03-07,43
ur6006813,blackhawk6,blackhawk6600681363@mail.com,1981-11-26,78
ur1788961,RondoHatto,rondohatto178896127@example.com,2003-12-27,42
ur0526845,cohru01,cohru01052684515@example.com,2023-03-25,52
ur0450109,shark-43,shark43045010939@mail.com,2009-03-16,40
ur87474479,talkbaktal,talkbaktal8747447927@mail.com,1987-05-29,45
ur130912037,rr-56811,rr5681113091203781@moviefans.com,1990-03-24,44
ur2332156,ereinion,ereinion233215666@example.com,1994-03-06,58
ur68367632,splitting-,splitting6836763262@moviefans.com,2006-12-01,23
ur0819714,lordguano,lordguano081971430@imdbuser.net,1982-09-05,80
ur5544228,foolforlov,foolforlov554422890@moviefans.com,2023-02-24,73
ur41135384,mls4182,mls41824113538467@moviefans.com,1950-11-14,78
ur26414212,joejasso-7,joejasso72641421262@imdbuser.net,2011-11-13,21
ur21384504,OutsideHol,outsidehol2138450449@example.com,2015-07-12,21
ur24088236,spanking_m,spankingm2408823683@example.com,1965-10-19,66
ur4852953,mattaspin,mattaspin485295365@imdbuser.net,2003-07-06,34
ur14407359,wadechurto,wadechurto1440735915@imdbuser.net,2016-10-31,18
ur9822321,dminnich,dminnich982232160@moviefans.com,2012-04-06,44
ur156702097,levantoi,levantoi15670209772@moviefans.com,1968-11-28,66
ur154173257,MommaBearl,mommabearl15417325777@mail.com,2014-05-18,47
ur182203634,jadencbrya,jadencbrya18220363478@moviefans.com,2007-06-04,43
ur66915267,leon_stapl,leonstapl6691526738@moviefans.com,1989-03-14,42
ur73327845,emmett04,emmett047332784558@example.com,2021-07-05,14
ur154167563,Cronis01,cronis0115416756356@moviefans.com,2014-10-25,60
ur108805922,TheMovieSe,themoviese10880592213@imdbuser.net,2019-10-11,24
ur163335753,ncarb-6206,ncarb620616333575361@moviefans.com,2015-01-15,35
ur203968836,MK-3834,mk383420396883651@moviefans.com,2025-04-15,27
ur172955698,cjhfkddh,cjhfkddh17295569844@moviefans.com,2002-04-28,50
ur59003006,moonexpres,moonexpres5900300681@mail.com,2003-04-18,55
ur86967898,Jivra1985,jivra19858696789813@mail.com,1977-07-26,67
ur177280137,Enes_,enes17728013757@example.com,2018-12-22,28
ur13699523,jitendra-m,jitendram1369952364@imdbuser.net,2016-09-07,24
ur21139257,knucklebre,knucklebre2113925790@moviefans.com,2012-07-07,34
ur22231816,kazjin_,kazjin2223181681@mail.com,2023-09-13,75
ur0985743,bluzman,bluzman098574375@moviefans.com,2016-06-05,55
ur0593645,k. klawans,kklawans059364537@mail.com,2010-09-24,16
ur22042366,scot_kid,scotkid2204236676@mail.com,1992-06-14,52
ur0231755,GoatPoda,goatpoda023175596@example.com,2006-07-15,61
ur1440544,dcshanno,dcshanno144054410@mail.com,1992-05-21,76
ur0594212,krumski,krumski059421223@mail.com,2015-07-26,57
ur0185160,Pavel-8,pavel8018516082@moviefans.com,2005-12-31,27
ur0248215,fbone,fbone024821555@moviefans.com,2023-10-06,15
ur0481116,ianos999,ianos999048111687@example.com,1990-01-08,69
ur0260186,CindyJ,cindyj026018645@imdbuser.net,2007-11-19,52
ur0124300,theo47,theo47012430099@mail.com,1996-05-21,31
ur0185627,party,party018562793@example.com,1988-05-08,64
ur2655964,SillyPuddy,sillypuddy265596437@example.com,1993-11-23,79
ur4491531,Expendable,expendable449153164@moviefans.com,1991-09-13,36
ur17406951,stedmpy,stedmpy1740695134@mail.com,1994-12-02,45
ur9522707,schmidtere,schmidtere952270740@mail.com,2018-07-22,35
ur0102706,Keith-47,keith47010270689@example.com,1996-07-06,78
ur0438881,Rammstein-,rammstein043888195@moviefans.com,1987-01-01,50
ur95992848,laurabirtw,laurabirtw9599284880@mail.com,2015-02-19,69
ur37161419,jeller94,jeller943716141927@imdbuser.net,2003-07-15,77
ur8282981,faraaj-1,faraaj1828298147@imdbuser.net,2010-12-27,28
ur3337048,Calaboss,calaboss333704847@example.com,2006-08-08,20
ur20881674,rpmmurphy,rpmmurphy2088167448@moviefans.com,1966-06-21,64
ur25245456,martinipro,martinipro2524545634@imdbuser.net,1997-10-18,36
ur1554878,Mikew3001,mikew3001155487866@mail.com,2021-03-10,16
ur0880612,HALNIT-2,halnit2088061266@moviefans.com,1996-06-19,44
ur0183375,kevdo,kevdo018337589@mail.com,1982-06-13,52
ur15291134,dave-sturm,davesturm1529113444@example.com,1959-09-14,69
ur7078588,MacMurrah,macmurrah707858889@moviefans.com,1957-04-19,70
ur2017521,joltjohn,joltjohn201752143@imdbuser.net,2014-01-24,17
ur4110874,serpico_us,serpicous411087450@imdbuser.net,2024-06-24,28
ur0175234,filthy_mor,filthymor017523429@imdbuser.net,1994-07-21,75
ur0171691,MuckyPup,muckypup017169157@example.com,1985-10-11,66
ur26273499,greygalah,greygalah2627349969@mail.com,2024-09-12,13
ur13967026,quaseprovi,quaseprovi1396702633@example.com,2002-05-25,35
ur14527999,arnonatte,arnonatte1452799970@mail.com,2021-09-30,44
ur32512011,redrobin62,redrobin623251201159@example.com,1985-01-09,56
ur11001200,rum2550,rum25501100120048@imdbuser.net,2003-07-23,34
ur61410198,merpman-94,merpman946141019891@imdbuser.net,1957-09-13,76
ur2372774,jpcyr,jpcyr237277493@imdbuser.net,2020-10-18,56
ur87188503,blissmarsh,blissmarsh8718850330@imdbuser.net,2021-10-23,79
ur72838634,jspurpleri,jspurpleri7283863448@imdbuser.net,1992-08-02,44
ur23329514,daryldemar,daryldemar2332951464@moviefans.com,1990-10-29,70
ur17549449,Narcissist,narcissist1754944972@mail.com,1993-06-10,52
ur65552655,baf-89893,baf898936555265577@moviefans.com,2014-09-09,14
ur64424693,inspectorb,inspectorb6442469381@mail.com,2013-10-01,15
ur2449095,agmoldham,agmoldham244909591@moviefans.com,1977-09-16,63
ur12245007,the_blueey,theblueey1224500781@example.com,1977-08-08,63
ur98033888,saadanatha,saadanatha9803388849@mail.com,1949-06-24,78
ur30329607,Freethinke,freethinke3032960757@example.com,2022-12-01,26
ur6975040,williamdej,williamdej697504014@mail.com,2013-03-07,21
ur93969415,SafReviews,safreviews9396941599@example.com,2015-04-06,26
ur23399133,tequila101,tequila1012339913345@imdbuser.net,2019-10-24,72
ur2774841,running_wi,runningwi277484128@imdbuser.net,2012-07-02,21
ur13577489,braden4241,braden42411357748992@example.com,2017-04-12,16
ur11664449,uheartcynt,uheartcynt1166444989@imdbuser.net,1981-08-09,52
ur2810112,ruinously,ruinously281011244@example.com,1979-01-15,51
ur25579900,phildexter,phildexter2557990060@moviefans.com,1963-03-14,71
ur5431902,Luckysbicy,luckysbicy543190223@imdbuser.net,2009-08-03,56
ur6002944,martin-785,martin785600294466@mail.com,2025-02-03,58
ur3774169,sinco,sinco377416972@example.com,2020-04-21,43
ur7266861,pete-563,pete563726686122@imdbuser.net,2018-08-05,18
ur3958820,Wardman3,wardman3395882052@imdbuser.net,2025-04-27,13
ur2488474,will1410,will1410248847450@example.com,2002-09-06,43
ur6262768,qdude440,qdude440626276876@example.com,2014-01-04,44
ur10606103,longisland,longisland1060610374@moviefans.com,2015-05-31,28
ur44891567,gooseshaw,gooseshaw4489156719@mail.com,2017-03-24,26
ur73552245,janice_har,janicehar7355224592@mail.com,1963-08-04,69
ur0512729,Conrad-23,conrad23051272982@imdbuser.net,1970-09-01,67
ur9379828,p-backus,pbackus937982898@example.com,2012-10-14,21
ur1254783,yasemintur,yasemintur125478349@example.com,1988-07-06,72
ur1710883,weitzman,weitzman171088334@example.com,1984-08-10,73
ur6567772,MyMovieTVR,mymovietvr656777221@imdbuser.net,2024-08-28,48
ur81157525,alihandemi,alihandemi8115752551@moviefans.com,2014-12-17,34
ur0276312,Yancey,yancey027631213@example.com,1984-08-13,50
ur33770943,madwand6,madwand63377094336@imdbuser.net,1978-12-15,78
ur15295998,Misterhust,misterhust1529599872@moviefans.com,2010-03-21,17
ur0111317,Citymars,citymars011131788@moviefans.com,1971-08-13,59
ur26500822,LadyLiberT,ladylibert2650082231@mail.com,1988-03-13,54
ur0272784,Tim-177,tim177027278437@mail.com,1996-06-10,69
ur0385242,Jinn,jinn038524263@mail.com,1967-10-16,68
ur0223437,Merely,merely022343728@moviefans.com,1999-12-31,56
ur155186004,plovrchick,plovrchick15518600486@imdbuser.net,2017-02-08,69
ur0127451,Steed-2,steed2012745187@imdbuser.net,2017-09-18,22
ur0391816,Kilroy-17,kilroy17039181698@example.com,2000-02-08,35
ur0541988,dreba,dreba054198837@moviefans.com,2001-04-27,58
ur0269248,smyrna-3,smyrna3026924862@moviefans.com,1976-03-07,70
ur24172176,hellojaeso,hellojaeso2417217640@imdbuser.net,2005-11-22,60
ur55871128,MrsStark20,mrsstark205587112821@mail.com,2018-02-23,36
ur47833785,michaelkeo,michaelkeo4783378551@imdbuser.net,2009-08-27,42
ur63486297,shibal-009,shibal0096348629752@example.com,1998-05-30,67
ur10994311,pacman-81,pacman811099431193@example.com,2009-05-21,56
ur27140539,justinm183,justinm1832714053977@mail.com,2009-06-08,18
ur37338652,misskatrin,misskatrin3733865277@imdbuser.net,2021-05-28,38
ur25981448,nevermind_,nevermind2598144851@moviefans.com,2007-11-19,26
ur23749646,TwistedCon,twistedcon2374964666@mail.com,2020-10-19,19
ur120516794,dion_panga,dionpanga12051679454@example.com,1982-03-18,44
ur84001209,RobertN1,robertn18400120949@mail.com,2015-05-06,16
ur87380555,cthulufunk,cthulufunk8738055519@mail.com,2023-07-25,16
ur94395596,druckerzr,druckerzr9439559669@mail.com,1991-12-23,42
ur7588529,Witchfinde,witchfinde758852998@moviefans.com,1989-05-19,56
ur0614400,contronatu,contronatu061440060@example.com,1965-04-29,70
ur14908520,GyatsoLa,gyatsola1490852021@mail.com,2016-07-17,15
ur1062540,simon_boot,simonboot106254081@mail.com,1994-11-18,55
ur0545211,benz0325,benz0325054521186@imdbuser.net,2001-11-12,26
ur27926295,keirondarb,keirondarb2792629553@mail.com,2013-04-13,31
ur26717701,danielatal,danielatal2671770191@imdbuser.net,2024-12-13,18
ur66508300,thewarrior,thewarrior6650830064@imdbuser.net,2022-02-11,16
ur42857481,petermckn,petermckn4285748153@mail.com,2017-02-28,19
ur1555473,Lumpenprol,lumpenprol155547355@imdbuser.net,1974-11-20,67
ur0230779,Armin Tamz,armintamz023077938@example.com,2008-08-29,27
ur191000895,robbMe1312,robbme131219100089558@mail.com,2021-07-24,60
ur143210563,trevorandr,trevorandr14321056340@mail.com,1969-07-24,64
ur40211592,Bryan-,bryan4021159213@imdbuser.net,2020-08-24,51
ur1026876,pseawrig,pseawrig102687672@moviefans.com,1992-03-26,40
ur6727449,gamer4chri,gamer4chri672744956@imdbuser.net,1966-04-12,71
ur42744479,manuelasae,manuelasae4274447957@example.com,2019-04-12,26
ur80923685,emmacarter,emmacarter8092368570@mail.com,1997-12-18,71
ur18642452,mindgem,mindgem1864245252@moviefans.com,2023-02-25,44
ur79621564,zhiskitito,zhiskitito7962156476@mail.com,2001-08-02,33
ur24773679,nbwritersi,nbwritersi2477367990@moviefans.com,2013-06-04,14
ur12445466,ogremage12,ogremage121244546672@imdbuser.net,2001-05-21,55
ur10161910,benuk,benuk1016191045@example.com,2018-08-13,32
ur1033746,brucejr,brucejr103374619@imdbuser.net,1994-12-28,61
ur111990936,Higher_HIg,higherhig11199093615@imdbuser.net,2018-05-24,71
ur1952549,embrymf,embrymf195254965@example.com,2010-09-29,23
ur0166190,alexr647,alexr647016619021@mail.com,1983-08-03,43
ur3365487,brendangca,brendangca336548765@imdbuser.net,1985-01-23,48
ur0679950,galensaysy,galensaysy067995040@moviefans.com,1957-06-06,69
ur146444029,1930s_Time,1930stime14644402918@example.com,1961-10-11,71
ur1331487,peaton-1,peaton1133148716@example.com,2013-07-03,64
ur0170429,eroka,eroka017042981@moviefans.com,2005-02-15,48
ur14929025,Frengers,frengers1492902529@imdbuser.net,1978-06-11,71
ur2193169,jazza923,jazza923219316948@mail.com,2004-01-08,36
ur1020213,wtomrice,wtomrice102021387@mail.com,2020-06-06,54
ur1168730,ozjeppe,ozjeppe116873079@imdbuser.net,1977-06-04,73
ur2240503,Mr_J,mrj224050310@imdbuser.net,1996-09-25,29
ur0322329,cartman_13,cartman13032232934@moviefans.com,2004-03-14,49
ur1219929,wobelix,wobelix121992952@example.com,2016-09-20,30
ur2625783,lundg,lundg262578322@moviefans.com,2017-12-27,69
ur15942475,Mancic2000,mancic20001594247559@example.com,2005-07-26,28
ur0405918,hphillips,hphillips040591818@mail.com,1982-08-12,53
ur0713081,jul_g,julg071308177@mail.com,1979-02-28,57
ur2765796,Sebastian-,sebastian276579643@mail.com,1976-06-07,50
ur18033796,leila-k-hu,leilakhu1803379670@moviefans.com,2014-07-21,15
ur0269639,Pumpkin-16,pumpkin16026963992@imdbuser.net,2016-01-24,31
ur0339133,dual-2,dual2033913347@example.com,1996-12-07,64
ur1662108,BlueHeMan,blueheman166210880@mail.com,2025-04-14,61
ur9838818,kingmiller,kingmiller983881897@imdbuser.net,2011-05-14,78
ur0618077,RBongo,rbongo061807726@imdbuser.net,1979-11-23,48
ur22847441,fahlstrom,fahlstrom2284744127@mail.com,1990-06-28,54
ur47665495,cedars6502,cedars65024766549573@example.com,2001-05-18,36
ur5667402,sfmacleo,sfmacleo566740216@example.com,1997-02-04,43
ur1542448,Squrpleboy,squrpleboy154244881@moviefans.com,2015-10-24,48
ur3594477,tolerford,tolerford359447747@imdbuser.net,2020-01-10,17
ur1735094,pifas,pifas173509466@imdbuser.net,2022-05-17,17
ur77998511,DogeGamer2,dogegamer27799851130@example.com,2000-05-05,60
ur25660997,adamdustin,adamdustin2566099764@mail.com,2008-07-02,38
ur1958825,justbob198,justbob198195882546@imdbuser.net,1984-07-10,49
ur98426700,edanerum,edanerum9842670079@moviefans.com,1988-09-21,60
ur89225400,chrisjense,chrisjense8922540095@mail.com,2017-06-16,42
ur127354629,Iamsaaddar,iamsaaddar12735462982@example.com,2005-10-18,51
ur12933867,WheresMyJi,wheresmyji1293386784@moviefans.com,2020-10-11,56
ur16407606,tbsdude951,tbsdude9511640760694@mail.com,1991-02-20,42
ur1976155,Tracy_xx,tracyxx197615546@imdbuser.net,2024-04-29,16
ur13479917,BSeverin-1,bseverin11347991764@imdbuser.net,2011-10-21,36
ur74061277,razzakahme,razzakahme7406127746@moviefans.com,2025-08-04,33
ur11508134,curseofgon,curseofgon1150813498@moviefans.com,2013-07-12,56
ur2762297,AngelOfRoc,angelofroc276229787@imdbuser.net,2007-07-31,28
ur4360444,bw11,bw11436044422@mail.com,1984-07-08,65
ur13054680,Ismaninb,ismaninb1305468040@imdbuser.net,1963-12-30,63
ur1263086,gmihran,gmihran126308626@mail.com,2014-03-14,49
ur15083260,brucea127,brucea1271508326040@mail.com,2003-11-19,33
ur1479518,twostpr41,twostpr41147951841@example.com,2011-11-06,45
ur100732988,bettyconwa,bettyconwa10073298850@moviefans.com,1996-10-17,71
ur26478149,wolf_werel,wolfwerel2647814974@moviefans.com,2019-06-30,28
ur0189905,Mad Max-5,madmax5018990547@mail.com,1991-08-22,55
ur8174025,bigdaddy44,bigdaddy44817402557@mail.com,2012-06-21,53
ur23267669,zz-739-356,zz7393562326766929@moviefans.com,1965-08-15,60
ur10879832,spiffy4,spiffy41087983217@moviefans.com,1991-07-26,50
ur10717800,moondancer,moondancer1071780012@example.com,1965-02-28,64
ur0202452,jaxson,jaxson020245240@imdbuser.net,1972-10-23,71
ur1642342,coachhound,coachhound164234294@example.com,2003-03-07,43
ur0789986,klantry,klantry078998650@imdbuser.net,2016-01-29,32
ur2290348,jbpink,jbpink229034876@mail.com,1964-09-09,68
ur1348246,justfrank,justfrank134824671@example.com,2015-02-27,31
ur6121712,bob_meg,bobmeg612171241@moviefans.com,2016-06-13,30
ur114505330,pcampionz,pcampionz11450533054@example.com,2019-07-21,64
ur2255064,poisonrock,poisonrock225506444@imdbuser.net,2016-02-13,26
ur85262942,MisterSist,mistersist8526294276@example.com,2009-08-21,38
ur0467846,brodie6,brodie6046784669@imdbuser.net,2009-10-01,58
ur36815207,WattsWW,wattsww3681520765@imdbuser.net,1993-04-14,65
ur2672828,patrik33,patrik33267282889@mail.com,2005-03-27,76
ur0689145,fiendishga,fiendishga068914545@example.com,1983-05-31,74
ur1568397,parr5,parr5156839746@imdbuser.net,1959-06-10,71
ur1706976,easmith03,easmith03170697673@mail.com,2025-10-03,56
ur127739584,kngerudavi,kngerudavi12773958424@mail.com,2017-03-17,57
ur35955842,mpflipper-,mpflipper3595584274@mail.com,2000-10-15,30
ur41024260,shane-may,shanemay4102426073@imdbuser.net,2025-07-28,13
ur44739330,gkc-kelvin,gkckelvin4473933091@imdbuser.net,2006-05-08,32
ur41628711,yankeefan5,yankeefan54162871169@mail.com,1977-01-18,79
ur57586647,gunn-wrigh,gunnwrigh5758664794@example.com,2020-07-30,14
ur31514834,a_ko17,ako173151483468@imdbuser.net,2024-03-06,35
ur44648011,sycodon,sycodon4464801190@mail.com,2002-01-23,32
ur1885237,Latheman-9,latheman9188523730@moviefans.com,2012-09-08,50
ur1062733,nmb666,nmb666106273362@example.com,1995-03-03,56
ur3081571,tippusmaxi,tippusmaxi308157126@mail.com,2014-05-17,58
ur0821394,angles924,angles924082139483@example.com,1980-02-15,55
ur1091170,fgunther,fgunther109117050@imdbuser.net,1988-10-27,43
ur1292687,bondgirl67,bondgirl67129268710@moviefans.com,1978-05-20,63
ur0206700,chuckie221,chuckie221020670079@moviefans.com,1983-08-18,49
ur3992537,rainynight,rainynight399253726@imdbuser.net,2023-02-14,22
ur24961950,gian_99,gian992496195053@moviefans.com,2021-10-18,79
ur160611185,saveliydal,saveliydal16061118513@mail.com,2020-05-24,32
ur1118579,lawnboy197,lawnboy197111857932@imdbuser.net,2010-04-18,20
ur86718320,djjimmisgr,djjimmisgr8671832085@imdbuser.net,2022-01-08,47
ur83316413,poseyfan,poseyfan8331641344@moviefans.com,2011-04-11,16
ur0343585,sixpack-3,sixpack3034358560@mail.com,2016-07-20,37
ur121402818,risbyceonn,risbyceonn12140281829@moviefans.com,1972-09-19,58
ur4989916,JTurner82,jturner82498991610@imdbuser.net,2008-02-20,45
ur35429467,dim-tripak,dimtripak3542946718@mail.com,2011-04-16,21
ur49978376,zachwv09,zachwv094997837640@example.com,2019-05-17,53
ur0384847,nycritic,nycritic038484738@moviefans.com,2015-04-17,17
ur2059965,ScarTrek,scartrek205996589@moviefans.com,2024-01-08,16
ur25694706,strike-199,strike1992569470676@example.com,2004-09-04,56
ur0117169,Grand,grand011716931@imdbuser.net,2003-08-20,39
ur123485036,Shay17,shay1712348503694@example.com,2021-12-19,27
ur0257957,Coxer99,coxer99025795797@mail.com,1973-10-10,67
ur26785705,daniellebu,daniellebu2678570588@imdbuser.net,1995-06-10,31
ur7022187,brendaster,brendaster702218713@imdbuser.net,2000-03-06,58
ur3581368,tanpole,tanpole358136898@mail.com,1992-06-03,36
ur0182142,bobrock,bobrock018214212@moviefans.com,1997-02-27,55
ur1081118,gazineo-1,gazineo1108111834@moviefans.com,2019-04-29,19
ur0744466,Nobody-27,nobody27074446698@imdbuser.net,2013-03-13,42
ur0405459,Nat-42,nat42040545921@mail.com,1999-11-29,45
ur25871823,peter-outd,peteroutd2587182347@example.com,2003-11-02,41
ur21107793,gaylealstr,gaylealstr2110779369@mail.com,1963-07-06,79
ur4575759,jse126,jse126457575911@imdbuser.net,1986-02-23,58
ur17619557,hobbittall,hobbittall1761955778@example.com,2020-11-14,54
ur2068199,kickice,kickice206819990@moviefans.com,2010-08-26,54
ur0747956,JB-145,jb145074795694@moviefans.com,1973-01-30,69
ur1881285,alexduffy2,alexduffy2188128541@example.com,2023-04-11,62
ur0382023,Mr Parker,mrparker038202318@imdbuser.net,2010-12-29,58
ur1042656,andrfenlon,andrfenlon104265625@example.com,2011-10-19,16
ur0557097,Michael-28,michael28055709795@imdbuser.net,2016-05-01,43
ur0258225,DaveRach,daverach025822594@imdbuser.net,2010-03-13,75
ur0800293,robolly,robolly080029399@imdbuser.net,2009-10-19,68
ur17114164,claudiaeil,claudiaeil1711416419@example.com,2002-03-31,30
ur0129218,spinbunny,spinbunny012921856@mail.com,1993-03-09,59
ur8415222,edgeofreal,edgeofreal841522255@imdbuser.net,2025-01-23,15
ur4660263,stefans69,stefans69466026315@mail.com,2020-11-24,14
ur2809185,Julia_Davi,juliadavi280918562@mail.com,1987-12-05,71
ur12164854,sunznc,sunznc1216485494@imdbuser.net,2009-12-19,16
ur1953449,NetPlay525,netplay525195344946@moviefans.com,2021-08-29,63
ur68637005,brophy-383,brophy3836863700550@mail.com,1989-09-14,57
ur149648255,ambusched9,ambusched914964825523@mail.com,2015-02-20,64
ur60127278,italia_ron,italiaron6012727839@mail.com,2017-06-12,46
ur53388918,motohills,motohills5338891885@imdbuser.net,2003-06-13,63
ur29699367,aldri-feb,aldrifeb2969936726@mail.com,2007-11-02,55
ur53193072,angel99966,angel999665319307218@example.com,2006-11-01,27
ur54540267,kinnear818,kinnear8185454026758@example.com,1979-10-11,52
ur55985802,IvIaxy,iviaxy5598580259@moviefans.com,2011-07-12,16
ur16488747,MihaiSorin,mihaisorin1648874762@moviefans.com,2023-11-28,36
ur55208950,john-heath,johnheath5520895034@example.com,2015-11-23,67
ur154782775,Classic_Bo,classicbo15478277522@imdbuser.net,1976-02-10,53
ur48196572,justin_alv,justinalv4819657286@moviefans.com,2025-08-22,40
ur54454357,annie-hawk,anniehawk5445435742@moviefans.com,2015-07-21,14
ur2392487,jeanroman,jeanroman239248791@imdbuser.net,1987-06-18,66
ur1805279,shortqt326,shortqt326180527923@mail.com,2016-01-29,14
ur22068602,Skipfishh,skipfishh2206860275@mail.com,2005-10-09,44
ur0838660,elladan,elladan083866029@imdbuser.net,2008-08-21,67
ur89902087,amandafron,amandafron8990208720@moviefans.com,2021-01-02,22
ur0810662,AMcElvain,amcelvain081066292@mail.com,2022-11-06,16
ur38029547,MrAwesome1,mrawesome13802954785@mail.com,1972-11-01,66
ur14230854,cheryl-01,cheryl011423085451@imdbuser.net,2004-03-01,79
ur7979126,MJStylo,mjstylo797912637@moviefans.com,2021-06-14,20
ur0331792,Edu-16,edu16033179249@mail.com,2010-10-27,61
ur1625344,DeviousMrB,deviousmrb162534422@imdbuser.net,1960-03-27,80
ur19767517,SoloHero5,solohero51976751729@mail.com,2024-06-13,48
ur17791392,sophie-l-c,sophielc1779139287@mail.com,1994-04-02,64
ur21350375,kreed11,kreed112135037569@mail.com,2017-10-24,51
ur26725720,falling_in,fallingin2672572029@example.com,1996-06-28,61
ur21371098,jonathanja,jonathanja2137109851@mail.com,1984-01-19,52
ur17794229,helraphael,helraphael1779422991@moviefans.com,2016-11-11,50
ur19630959,dallasryan,dallasryan1963095984@imdbuser.net,2001-06-27,46
ur15422161,amandawilc,amandawilc1542216160@example.com,1998-02-28,75
ur21376881,butterflyt,butterflyt2137688178@mail.com,1981-09-20,64
ur59450781,Aboutxoo,aboutxoo5945078127@mail.com,1997-11-30,53
ur51901865,glen-hellm,glenhellm5190186576@example.com,2025-08-15,57
ur123692110,criticalma,criticalma12369211010@mail.com,2021-02-05,56
ur65958562,sang-77830,sang778306595856292@mail.com,2015-01-06,34
ur35029841,emilyano,emilyano3502984160@example.com,1968-11-17,57
ur23755943,Harun_Kara,harunkara2375594322@example.com,1996-09-25,42
ur61696972,juicedrop-,juicedrop6169697272@moviefans.com,2001-02-17,51
ur4454789,jrwygant,jrwygant445478910@imdbuser.net,1981-03-11,75
ur81111769,garicboris,garicboris8111176944@mail.com,2001-04-12,31
ur1981051,yesterdaym,yesterdaym198105113@imdbuser.net,2011-01-24,25
ur22702067,ianchapps,ianchapps2270206771@example.com,2019-03-05,41
ur2278033,kolohepean,kolohepean227803355@imdbuser.net,1996-08-02,59
ur2694443,davetocus,davetocus269444362@mail.com,2011-10-16,36
ur6866504,dana_dream,danadream686650448@example.com,1971-12-25,54
ur0258737,David-240,david240025873722@mail.com,1998-02-15,34
ur2988974,hisown,hisown298897411@imdbuser.net,1999-05-25,29
ur209792234,EternalR-5,eternalr520979223484@example.com,1994-03-07,73
ur0265773,Marcus-39,marcus39026577343@mail.com,1972-05-09,56
ur108703131,prasadgoll,prasadgoll10870313117@mail.com,2015-01-24,26
ur33442710,nikii_star,nikiistar3344271025@mail.com,1997-03-29,51
ur66062448,saymaraza,saymaraza6606244854@moviefans.com,1992-03-11,36
ur91395605,pattyrusci,pattyrusci9139560526@moviefans.com,1955-07-09,78
ur127832827,amarnold-5,amarnold512783282720@imdbuser.net,1996-01-30,35
ur31592478,Caitlan84,caitlan843159247822@mail.com,2017-02-03,36
ur41116832,michellekr,michellekr4111683299@imdbuser.net,2023-10-14,20
ur57447727,simpson898,simpson8985744772758@moviefans.com,2008-02-19,77
ur69636001,ekblsb,ekblsb6963600162@imdbuser.net,1993-07-24,47
ur115606450,amk-75394,amk7539411560645057@mail.com,1981-10-10,66
ur117424303,anthonydap,anthonydap11742430380@moviefans.com,1952-06-22,74
ur45338221,dadimem,dadimem4533822121@mail.com,2016-09-17,13
ur0905942,llwkr,llwkr090594296@imdbuser.net,2009-08-23,22
ur57994923,posti-215-,posti2155799492375@mail.com,1982-04-24,63
ur6175842,danielggar,danielggar617584259@imdbuser.net,2017-01-20,21
ur42319673,jeffchiwal,jeffchiwal4231967378@mail.com,1971-08-14,64
ur64007965,jsheets-54,jsheets546400796598@example.com,1986-12-06,42
ur115949507,cjchepil,cjchepil11594950724@imdbuser.net,1988-05-20,44
ur11569607,musencus,musencus1156960783@example.com,2020-01-19,17
ur83920158,joette-677,joette6778392015841@imdbuser.net,2006-06-08,61
ur36617519,jody-hende,jodyhende3661751949@moviefans.com,1973-01-21,69
ur3176155,leftyguns2,leftyguns2317615533@example.com,2021-06-17,63
ur2225144,chrissyafr,chrissyafr222514425@moviefans.com,2004-01-18,54
ur7539879,easyaspi_c,easyaspic753987915@moviefans.com,2024-10-02,20
ur24453266,NyPaVa,nypava2445326651@example.com,2022-08-02,48
ur2864486,byronr,byronr286448613@mail.com,2020-11-13,17
ur9406320,pcacj,pcacj940632065@imdbuser.net,2020-11-12,18
ur0755966,tracy-46,tracy46075596686@example.com,1946-05-11,80
ur28502060,jeremy-dav,jeremydav2850206031@example.com,2007-03-16,49
ur69492896,ABCloverLa,abcloverla6949289613@example.com,1967-07-07,70
ur83336593,Ricky11210,ricky112108333659313@moviefans.com,2019-07-26,25
ur34512271,militantca,militantca3451227143@example.com,2000-05-27,80
ur6928934,vacantskie,vacantskie692893438@example.com,2004-09-02,51
ur35633010,torch1313-,torch13133563301039@moviefans.com,2018-05-04,60
ur10054612,bt698nhj,bt698nhj1005461265@imdbuser.net,2007-11-20,26
ur5966948,philneil,philneil596694892@imdbuser.net,2015-05-07,26
ur82745155,aexecutive,aexecutive8274515594@imdbuser.net,2014-06-17,18
ur70022162,Mama_Mujig,mamamujig7002216286@moviefans.com,1985-02-22,47
ur61307586,johnplocar,johnplocar6130758694@moviefans.com,2016-09-11,24
ur10831992,theseagers,theseagers1083199212@mail.com,2009-09-21,61
ur5524861,ralph_2nde,ralph2nde552486171@mail.com,2009-09-11,28
ur10002238,scott-sw,scottsw1000223882@example.com,2004-08-28,22
ur0528779,richsh,richsh052877971@example.com,2011-02-04,38
ur0173392,Phoenix-36,phoenix36017339214@moviefans.com,1993-02-24,61
ur73562793,zappaman-6,zappaman67356279354@moviefans.com,1966-07-09,65
ur0016974,wildhart,wildhart001697459@mail.com,2016-10-06,31
ur3019069,rily97,rily97301906966@example.com,2005-11-26,25
ur1777116,ilovedolby,ilovedolby177711637@moviefans.com,1974-07-26,71
ur0736469,candieprui,candieprui073646936@mail.com,1982-02-22,74
ur0420736,hillari,hillari042073676@mail.com,1974-06-12,58
ur23873885,ThreeThumb,threethumb2387388596@example.com,2001-12-31,35
ur151113840,Bibliophil,bibliophil15111384017@moviefans.com,1967-06-15,75
ur71405268,TylenL,tylenl7140526833@imdbuser.net,2018-08-06,73
ur0529905,cjfoot,cjfoot052990573@moviefans.com,2013-04-22,70
ur1095935,Angelab41,angelab41109593587@moviefans.com,1990-04-16,47
ur0449256,steve-575,steve575044925676@example.com,2000-05-14,33
ur0448244,jfarrell,jfarrell044824438@imdbuser.net,2009-08-30,63
ur134951119,cncgjqbm,cncgjqbm13495111955@example.com,2023-09-21,18
ur0105974,peachy-3,peachy3010597445@imdbuser.net,2006-04-16,29
ur113912830,dylanhorne,dylanhorne11391283073@imdbuser.net,1974-07-24,68
ur41809562,Karynsiegm,karynsiegm4180956253@example.com,2001-01-10,68
ur10213645,bexhillz,bexhillz1021364579@mail.com,2005-05-07,66
ur68437633,archanadem,archanadem6843763394@imdbuser.net,2023-11-27,29
ur61944363,pegadodacr,pegadodacr6194436393@moviefans.com,2014-02-03,14
ur93455855,Hatedneigh,hatedneigh9345585555@moviefans.com,2013-01-09,49
ur54229041,paulbarboo,paulbarboo5422904134@mail.com,1972-11-24,54
ur12590420,iboso64,iboso641259042024@example.com,2017-10-01,31
ur101789169,WillsFilms,willsfilms10178916914@imdbuser.net,1993-07-26,65
ur0613223,theojhyman,theojhyman061322324@example.com,2017-12-25,16
ur19796554,michelhawa,michelhawa1979655493@imdbuser.net,1957-10-21,70
ur60959391,vinnied-27,vinnied276095939127@moviefans.com,2023-10-21,20
ur86963490,AnthonyTur,anthonytur8696349020@imdbuser.net,2024-03-01,51
ur5268087,Coffee_Fny,coffeefny526808750@imdbuser.net,2006-05-18,52
ur4793380,akumar82,akumar82479338048@example.com,2004-05-17,21
ur4511260,devavratoa,devavratoa451126069@example.com,1992-10-31,57
ur2458574,vicramb,vicramb245857484@example.com,2009-07-24,21
ur3020996,bn0809,bn0809302099626@mail.com,2001-06-19,77
ur3572950,chetan_the,chetanthe357295088@imdbuser.net,1947-05-24,80
ur16522302,Peter_Youn,peteryoun1652230233@moviefans.com,1994-07-28,66
ur3614122,shanawaz_8,shanawaz8361412271@mail.com,1991-09-01,48
ur1033868,sudheerapt,sudheerapt103386851@moviefans.com,2019-10-17,36
ur149468738,chellaton-,chellaton14946873897@moviefans.com,2019-05-18,38
ur3625799,anurag1007,anurag1007362579995@moviefans.com,1985-01-09,61
ur2509888,keynesrule,keynesrule250988838@imdbuser.net,1980-09-10,50
ur63771625,shu-04699,shu046996377162510@mail.com,2023-03-02,32
ur2537516,AishFan,aishfan253751696@example.com,1973-02-05,63
ur4048900,maverickag,maverickag404890089@mail.com,2019-06-25,68
ur95479476,darshanpaw,darshanpaw9547947613@example.com,2019-08-14,38
ur108282385,sriramthes,sriramthes10828238556@moviefans.com,1966-11-30,66
ur11832650,modern_fre,modernfre1183265029@example.com,2023-01-09,29
ur7171127,salvoide,salvoide717112756@example.com,1995-01-10,52
ur98890639,michaelwol,michaelwol9889063968@mail.com,1951-03-15,79
ur5445619,thomas-joh,thomasjoh544561941@mail.com,2002-12-04,48
ur1008243,vyto34,vyto34100824394@example.com,2013-04-07,15
ur23498510,glennrockc,glennrockc2349851071@mail.com,1994-08-09,54
ur0132040,stormer-2,stormer2013204090@imdbuser.net,1978-05-11,65
ur9016602,nlherman,nlherman901660222@moviefans.com,1994-03-14,32
ur207377059,imdbfan-67,imdbfan6720737705919@mail.com,2008-01-04,57
ur3002958,GIJoint,gijoint300295879@example.com,2012-08-05,51
ur11956080,Adam0001,adam00011195608098@imdbuser.net,1984-10-01,69
ur0680065,kevin_crig,kevincrig068006555@example.com,2014-12-04,48
ur1276055,griffinfin,griffinfin127605537@imdbuser.net,1998-11-21,66
ur21393394,farvefan00,farvefan002139339412@example.com,1997-09-15,46
ur1031439,dilbertsup,dilbertsup103143952@example.com,1971-02-28,70
ur4045751,mauricebar,mauricebar404575181@moviefans.com,2004-07-09,46
ur1356770,fissiruhl,fissiruhl135677074@moviefans.com,1984-01-17,57
ur0750058,ploppiet,ploppiet075005812@example.com,2002-05-27,36
ur0390624,KuRt-33,kurt33039062443@example.com,2025-05-02,68
ur1426164,KooLLaiD,koollaid142616450@example.com,2016-12-04,53
ur19368298,ctomvelu-1,ctomvelu11936829879@moviefans.com,2006-12-28,29
ur0116455,Mark-129,mark129011645527@example.com,2006-12-24,74
ur6972276,nathalie_c,nathaliec697227636@imdbuser.net,2011-01-14,42
ur114340124,festelardo,festelardo11434012490@moviefans.com,2000-04-11,34
ur0795599,mrvirgo,mrvirgo079559991@moviefans.com,2013-05-30,76
ur44276048,hala-zaban,halazaban4427604877@moviefans.com,1979-02-05,67
ur2439201,andersb_th,andersbth243920167@example.com,1995-09-05,30
ur3217808,dondoss,dondoss321780837@moviefans.com,2019-09-28,43
ur1899196,gashead4,gashead4189919630@mail.com,2010-10-24,44
ur29502002,Embroidere,embroidere2950200220@example.com,2023-08-04,28
ur57691865,cruise01,cruise015769186598@imdbuser.net,1962-02-12,68
ur61414982,wadejonwal,wadejonwal6141498270@imdbuser.net,2012-10-06,16
ur73297862,sbutler-47,sbutler477329786278@mail.com,1985-07-08,56
ur72841100,garrymacla,garrymacla7284110024@moviefans.com,2007-10-10,65
ur66925169,neil-89611,neil896116692516981@example.com,2020-01-13,52
ur35720282,mohammed-a,mohammeda3572028229@imdbuser.net,2023-09-10,55
ur30351114,paulcookie,paulcookie3035111455@imdbuser.net,2016-07-23,22
ur0309833,Alcaminhan,alcaminhan030983319@moviefans.com,1972-05-22,54
ur20059535,jayg_58,jayg582005953549@example.com,1988-05-13,66
ur81281023,neontetraf,neontetraf8128102325@example.com,1982-08-22,62
ur46960315,ezequiell,ezequiell4696031584@imdbuser.net,2023-08-16,25
ur1492415,mbdinger,mbdinger149241539@mail.com,2018-11-15,33
ur46789474,pat-797-86,pat797864678947479@imdbuser.net,2014-01-01,27
ur7455662,zep42,zep42745566279@example.com,2023-03-20,26
ur3046043,reverendto,reverendto304604365@imdbuser.net,1994-06-04,48
ur20092005,brucemcdon,brucemcdon2009200534@mail.com,1959-11-07,73
ur1200811,The Yeti,theyeti120081185@mail.com,1978-10-29,55
ur29653650,eskwarczyn,eskwarczyn2965365095@example.com,1965-09-24,79
ur7373137,ben_wahlbe,benwahlbe737313726@mail.com,2008-04-13,41
ur0429003,Jim-480,jim480042900313@mail.com,1997-09-05,30
ur0300913,Dara-3,dara3030091391@example.com,1997-12-07,80
ur28997292,congospruc,congospruc2899729272@moviefans.com,1950-10-29,77
ur0777251,jpcdee,jpcdee077725119@mail.com,1972-01-07,58
ur1864304,alexandraj,alexandraj186430444@example.com,2005-09-06,26
ur127999215,bellar-998,bellar99812799921593@mail.com,2014-10-08,37
ur1206896,jweatherfo,jweatherfo120689617@mail.com,2014-08-03,18
ur2555224,iKramerica,ikramerica255522456@mail.com,2013-12-02,79
ur3709392,andreass-1,andreass1370939225@imdbuser.net,1986-05-26,43
ur4022770,death-25,death25402277083@imdbuser.net,2019-08-08,18
ur3268579,slippyskil,slippyskil326857916@imdbuser.net,2024-01-30,13
ur0132615,Rimmer-10,rimmer10013261597@imdbuser.net,2017-12-26,22
ur2192825,QATARIAN_Q,qatarianq219282598@mail.com,2009-04-18,79
ur0446110,Medibear,medibear044611092@imdbuser.net,1993-10-09,34
ur18292759,redavi2,redavi21829275922@moviefans.com,1999-02-23,71
ur1277491,hbabcock_2,hbabcock2127749188@imdbuser.net,2012-12-30,75
ur0093488,clay-8,clay8009348871@moviefans.com,2008-09-15,18
ur85622817,josealvess,josealvess8562281754@example.com,1998-08-04,32
ur1920627,Ludwig_Mey,ludwigmey192062768@imdbuser.net,2007-06-12,19
ur9367084,jordanmcca,jordanmcca936708445@imdbuser.net,1987-03-10,43
ur127238228,bekirertai,bekirertai12723822866@moviefans.com,2025-01-27,43
ur0367891,Logan-22,logan22036789117@imdbuser.net,1990-12-16,67
ur19997496,IMDB_Steve,imdbsteve1999749635@moviefans.com,1978-01-21,75
ur17835139,stephane_d,stephaned1783513919@example.com,1991-10-10,39
ur0390675,john187,john187039067546@imdbuser.net,1975-08-04,74
ur0254276,hc379,hc379025427633@example.com,2004-08-09,25
ur0482702,maconporns,maconporns048270296@mail.com,1995-04-18,60
ur0103747,eighties,eighties010374735@mail.com,2008-12-20,31
ur0291327,merlin-54,merlin54029132758@mail.com,2004-05-03,32
ur1006348,Walls Of J,wallsofj100634853@mail.com,2013-05-06,68
ur0288252,kjguhl,kjguhl028825216@example.com,2008-12-25,43
ur45144398,jackasstra,jackasstra4514439892@mail.com,2016-08-30,72
ur0289708,herkemer,herkemer028970822@moviefans.com,1982-02-03,64
ur0286523,Harding-2,harding2028652316@mail.com,1973-09-13,78
ur0287004,colinj,colinj028700437@mail.com,2018-08-18,32
ur28729177,nojunk13-1,nojunk1312872917710@mail.com,2025-09-01,50
ur26336326,renzl,renzl2633632671@example.com,1971-04-14,74
ur13852267,RolyRoly,rolyroly1385226763@mail.com,2018-10-05,36
ur5354457,looneytuna,looneytuna535445771@example.com,1999-04-02,69
ur0322000,Jester9021,jester9021032200027@example.com,2002-06-25,31
ur0109692,Art Snob,artsnob010969250@example.com,1953-05-23,80
ur5649975,courageous,courageous564997572@moviefans.com,2012-02-27,39
ur2238122,threenails,threenails223812214@example.com,2010-05-27,28
ur29197353,jp-aventur,jpaventur2919735386@imdbuser.net,2012-01-11,60
ur29786772,Info-241-7,info24172978677225@mail.com,2002-07-09,32
ur24793260,James_Take,jamestake2479326051@example.com,1982-03-22,67
ur24074635,not_the_re,notthere2407463589@example.com,2004-05-02,64
ur30192269,a-ozornin,aozornin3019226954@example.com,2021-12-21,74
ur204167412,FiftyTwo_5,fiftytwo520416741289@example.com,2018-08-06,47
ur63724991,AHSIRAHD,ahsirahd6372499167@example.com,2014-03-21,18
ur128167707,hampersnow,hampersnow12816770731@imdbuser.net,2006-07-13,27
ur132357199,saolivares,saolivares13235719972@moviefans.com,2010-06-01,55
ur0555968,ChRiS-803,chris803055596826@mail.com,1992-05-21,48
ur1643346,NeilEv,neilev164334611@example.com,1990-12-24,56
ur0476879,dima-12,dima12047687916@mail.com,2013-03-14,17
ur210854686,RomanE-50,romane5021085468614@moviefans.com,1999-05-28,59
ur103468007,judyharl,judyharl10346800717@example.com,2021-09-19,23
ur43545618,austin0731,austin07314354561852@mail.com,1983-03-29,49
ur69701689,wanglivall,wanglivall6970168946@imdbuser.net,2011-02-11,18
ur63189214,lleiou,lleiou6318921453@example.com,2003-09-24,22
ur6322682,sneakyglow,sneakyglow632268247@mail.com,1987-06-17,50
ur41094128,Smokey_T,smokeyt4109412878@moviefans.com,2007-08-28,50
ur72712044,frankduval,frankduval7271204437@example.com,2014-08-01,20
ur5034216,reblit,reblit503421612@imdbuser.net,1964-02-04,66
ur11853214,MamaCash,mamacash1185321477@example.com,2005-02-12,31
ur52512904,jpmarin546,jpmarin5465251290485@example.com,2015-03-15,23
ur10370297,ptolemy02,ptolemy021037029728@moviefans.com,1988-05-09,39
ur0182911,scotty-37,scotty37018291189@imdbuser.net,2009-03-29,77
ur4862603,snowmaple,snowmaple486260356@moviefans.com,1993-07-12,45
ur2351097,oldsenior,oldsenior235109787@moviefans.com,2000-03-05,33
ur43239120,majidy_pam,majidypam4323912017@example.com,2025-12-05,75
ur61809372,Anrachman,anrachman6180937268@imdbuser.net,1970-05-31,63
ur18445836,jazerbini,jazerbini1844583635@mail.com,2019-04-16,59
ur0554239,jwatters,jwatters055423975@moviefans.com,2015-12-03,47
ur47552902,ladude-imd,ladudeimd4755290232@mail.com,2010-04-22,18
ur1035309,heleno84,heleno84103530924@imdbuser.net,2014-07-25,13
ur0389263,peacham,peacham038926394@imdbuser.net,2008-02-14,18
ur23768313,vnline,vnline2376831354@mail.com,1979-10-25,58
ur4090639,bo-85,bo85409063987@mail.com,2024-11-02,13
ur2263683,msultan,msultan226368396@moviefans.com,2016-09-23,74
ur1062326,fuse-1,fuse1106232676@mail.com,2014-03-05,68
ur0623190,JakeSpy,jakespy062319036@imdbuser.net,2004-01-28,32
ur13170977,asa-hjalme,asahjalme1317097747@imdbuser.net,2016-05-07,28
ur0032412,Buckywunde,buckywunde003241277@moviefans.com,1980-10-08,79
ur0245196,AnonII,anonii024519661@imdbuser.net,2023-01-14,38
ur64602929,shinna-684,shinna6846460292952@mail.com,1992-10-11,65
ur3409476,statman122,statman122340947686@moviefans.com,1977-03-14,53
ur46813373,moveebuff1,moveebuff14681337380@imdbuser.net,1989-10-09,79
ur64510809,sjdickens-,sjdickens6451080982@imdbuser.net,2000-02-20,33
ur50105620,ozjosh03,ozjosh035010562082@moviefans.com,2023-03-28,21
ur156572788,Zeyders,zeyders15657278888@example.com,1993-11-18,57
ur41648323,sukanya-sa,sukanyasa4164832321@mail.com,2006-04-07,71
ur69668860,svonsawils,svonsawils6966886022@moviefans.com,1986-03-31,58
ur126308011,Please_pic,pleasepic12630801160@example.com,2012-06-14,53
ur67038819,alexdeleon,alexdeleon6703881998@imdbuser.net,2005-05-31,52
ur77769827,adrian-437,adrian4377776982772@moviefans.com,2018-05-08,54
ur51716649,karolinasz,karolinasz5171664951@mail.com,2022-10-21,72
ur84501979,johnpmosel,johnpmosel8450197922@imdbuser.net,2005-01-04,52
ur74248256,markj-0255,markj02557424825654@mail.com,2000-05-15,29
ur13866828,pedrokolar,pedrokolar1386682871@example.com,2012-11-04,38
ur1336999,torreydelu,torreydelu133699941@moviefans.com,1978-07-15,70
ur1222282,rmsmythe,rmsmythe122228217@example.com,2020-07-08,15
ur7090729,kustom135,kustom135709072954@moviefans.com,1984-12-06,44
ur23827727,jaigurudav,jaigurudav2382772783@moviefans.com,1965-10-04,63
ur5527808,JimS_8686,jims8686552780850@mail.com,2006-02-18,24
ur1479710,drvxd,drvxd147971073@example.com,2000-06-30,34
ur3190518,yeojennife,yeojennife319051817@mail.com,2016-07-04,19
ur18669088,richreed-1,richreed11866908892@moviefans.com,1975-09-12,53
ur4665676,Phracture,phracture466567624@imdbuser.net,2024-03-07,28
ur149761646,whiskeyina,whiskeyina14976164695@imdbuser.net,2008-04-15,27
ur1958649,mapeoleaf,mapeoleaf195864925@moviefans.com,1969-07-20,66
ur168185023,sbel-06989,sbel0698916818502326@imdbuser.net,1961-09-06,74
ur9187930,dobbin-4,dobbin4918793076@moviefans.com,2017-06-15,58
ur2489261,mulholland,mulholland248926147@moviefans.com,2001-06-11,30
ur6224065,Ana_Banana,anabanana622406539@moviefans.com,1967-12-14,59
ur0134426,cm5223,cm5223013442691@example.com,2011-09-30,33
ur69717435,kenbo-8736,kenbo87366971743554@imdbuser.net,1994-11-20,80
ur27179441,Hockey-Gir,hockeygir2717944177@imdbuser.net,2005-11-28,29
ur103419186,WhatcanyaD,whatcanyad10341918663@imdbuser.net,1977-05-05,79
ur44457239,BloodyLanc,bloodylanc4445723981@example.com,1998-07-11,30
ur0434661,runner-15,runner15043466155@mail.com,2005-04-13,24
ur79792285,AverageJoe,averagejoe7979228513@moviefans.com,2002-10-07,36
ur26691921,loyal-on1,loyalon12669192139@imdbuser.net,2022-04-24,30
ur42993882,Rage-Kage,ragekage4299388289@imdbuser.net,1993-02-01,55
ur4361516,TheMarwood,themarwood436151647@example.com,2009-10-03,28
ur10369471,thomascosg,thomascosg1036947175@mail.com,2006-12-26,21
ur76211016,benjackson,benjackson7621101685@moviefans.com,2009-03-01,25
ur57126248,adel-sheri,adelsheri5712624852@mail.com,1981-03-26,73
ur42736840,mro-produc,mroproduc4273684015@moviefans.com,1985-03-27,53
ur105848413,jbiii-666,jbiii66610584841347@example.com,2015-01-14,36
ur1364918,nickapopol,nickapopol136491864@moviefans.com,1972-03-11,62
ur64257146,KathleenK2,kathleenk26425714697@imdbuser.net,2008-02-06,66
ur3056473,canuckteac,canuckteac305647358@mail.com,1990-01-11,65
ur21939980,bulldog_64,bulldog642193998010@mail.com,2006-08-19,78
ur19799648,mattys49,mattys491979964897@moviefans.com,1995-07-26,76
ur8143558,devonblue,devonblue814355892@imdbuser.net,1976-11-04,79
ur14260804,Cimta-1,cimta11426080419@moviefans.com,2002-02-27,28
ur22893623,ultimatene,ultimatene2289362366@imdbuser.net,2005-10-23,24
ur20220181,bryanlesli,bryanlesli2022018112@mail.com,2008-10-02,56
ur90824644,monkeysgal,monkeysgal9082464494@mail.com,2020-10-16,65
ur20223440,Ana_K_71,anak712022344055@example.com,2014-06-19,18
ur78015259,ruff_ryder,ruffryder7801525930@imdbuser.net,2008-04-11,43
ur18002142,Affirmativ,affirmativ1800214276@imdbuser.net,1947-10-01,79
ur4982027,cheer_chic,cheerchic498202763@moviefans.com,2008-06-28,74
ur18568284,HolyMythos,holymythos1856828419@imdbuser.net,2002-06-10,37
ur0281853,The_Dead_S,thedeads028185390@example.com,1982-03-11,55
ur2541165,nomad-48,nomad48254116536@example.com,1996-03-07,67
ur1454161,Aomalle27,aomalle27145416173@imdbuser.net,2020-11-05,28
ur5429478,pianoman90,pianoman90542947899@example.com,2011-01-14,17
ur47357494,lixalysper,lixalysper4735749475@example.com,2019-11-08,44
ur17922461,gimmemore1,gimmemore11792246152@example.com,1984-06-21,45
ur2972539,galahad58,galahad58297253920@imdbuser.net,2004-08-03,35
ur1230137,scummieB,scummieb123013765@example.com,2017-04-02,35
ur10402999,HeadSprung,headsprung1040299922@imdbuser.net,1954-10-22,80
ur8748747,stpatrickq,stpatrickq874874799@mail.com,2020-08-31,16
ur5684785,jacob-noer,jacobnoer568478557@example.com,2009-06-20,33
ur19936020,chad-dougl,chaddougl1993602071@moviefans.com,2011-08-03,18
ur6468261,gryffindor,gryffindor646826132@imdbuser.net,1950-09-03,80
ur16770788,cherrycoke,cherrycoke1677078882@example.com,2001-12-11,54
ur7956893,marimbadad,marimbadad795689344@moviefans.com,1984-06-28,72
ur10815333,NicholasTu,nicholastu1081533330@mail.com,2025-10-15,65
ur19936879,andychocho,andychocho1993687926@example.com,1968-06-20,77
ur24543746,danail_113,danail1132454374628@mail.com,1997-02-21,29
ur19547011,hopeliesbl,hopeliesbl1954701125@example.com,2022-07-11,27
ur20702476,chewy26,chewy262070247661@mail.com,1967-10-04,78
ur6511705,goesling,goesling651170594@imdbuser.net,2024-05-04,17
ur18988763,preetharoy,preetharoy1898876373@mail.com,1984-01-05,61
ur10828815,thefonzisg,thefonzisg1082881582@example.com,2005-02-05,47
ur18015727,imdb-20078,imdb200781801572794@imdbuser.net,2005-06-10,55
ur87681590,dk-52874,dk528748768159045@moviefans.com,2024-07-19,13
ur3408652,karvan_g,karvang340865230@imdbuser.net,2023-08-13,13
ur9167022,glove27,glove27916702237@mail.com,1975-01-31,51
ur23012407,lasagnacru,lasagnacru2301240789@example.com,2016-01-05,35
ur30522091,austin-tak,austintak3052209114@mail.com,2024-04-29,17
ur19175678,zena_1987,zena19871917567847@moviefans.com,2023-12-24,22
ur7361844,Cinema_Fan,cinemafan736184439@moviefans.com,2018-04-18,37
ur132855712,Noooeeel,noooeeel13285571246@imdbuser.net,1984-12-29,53
ur7246001,DaniVT88,danivt88724600163@example.com,2023-09-30,14
ur2229847,SigmaEcho,sigmaecho222984775@moviefans.com,2007-11-16,54
ur164945438,realityahm,realityahm16494543876@imdbuser.net,1997-03-09,46
ur0152930,mcnally,mcnally015293062@imdbuser.net,2005-08-08,22
ur1702452,Matchstick,matchstick170245239@mail.com,2021-09-18,20
ur3719166,QuickSickN,quicksickn371916685@moviefans.com,2005-02-24,44
ur104328610,chrsstout,chrsstout10432861098@example.com,1982-10-10,45
ur0178337,ScreenJunk,screenjunk017833728@mail.com,2016-07-14,64
ur0132062,SWhite,swhite013206210@moviefans.com,2021-12-31,70
ur4388977,minsker200,minsker200438897762@example.com,2010-08-27,26
ur4920774,oranium87,oranium87492077473@moviefans.com,2014-05-09,35
ur8804109,NutzieFagi,nutziefagi880410968@example.com,2015-01-09,23
ur2778065,themoviewa,themoviewa277806513@imdbuser.net,2023-02-25,16
ur3907278,mefisto37,mefisto37390727857@mail.com,1992-07-24,64
ur4862397,armin_sham,arminsham486239776@mail.com,2020-11-16,21
ur20597368,laura-mcke,lauramcke2059736889@example.com,1992-03-30,35
ur122781086,isaacochot,isaacochot12278108671@example.com,2009-02-11,17
ur43842815,olivia-ram,oliviaram4384281560@imdbuser.net,1976-08-23,54
ur1319911,kknai,kknai131991165@moviefans.com,1994-02-15,78
ur7690965,moviefani,moviefani769096581@moviefans.com,1985-10-11,41
ur20926587,neoermia,neoermia2092658734@example.com,2014-07-03,37
ur69864183,elliotjeor,elliotjeor6986418395@mail.com,2016-08-09,24
ur9271043,darkangelk,darkangelk927104377@imdbuser.net,2004-09-26,40
ur67636510,bpoind,bpoind6763651068@moviefans.com,2006-10-30,23
ur65233729,netsomnia,netsomnia6523372969@moviefans.com,2017-04-21,17
ur53193229,awester,awester5319322913@example.com,1982-08-12,68
ur12936605,rick-992,rick9921293660593@example.com,2017-07-27,17
ur10694988,JPLeverich,jpleverich1069498847@mail.com,1961-07-12,76
ur24124244,snicewange,snicewange2412424440@example.com,2018-07-15,58
ur11015901,clg238,clg2381101590178@example.com,1993-04-12,43
ur53910140,peggyatthe,peggyatthe5391014063@mail.com,2019-08-25,28
ur173690799,mwearl-050,mwearl05017369079959@mail.com,2009-05-20,34
ur54345371,bulldozer1,bulldozer15434537161@moviefans.com,1995-08-14,72
ur4523706,beanheadsf,beanheadsf452370632@example.com,2022-08-13,18
ur39132483,bluerider5,bluerider53913248375@example.com,2006-06-24,22
ur1024509,deepthinke,deepthinke102450960@mail.com,2017-05-12,21
ur3637163,Anna901,anna901363716372@example.com,2004-12-08,72
ur2394522,aorourke55,aorourke55239452217@example.com,2009-12-26,68
ur1760226,geef87,geef87176022672@example.com,1997-04-21,54
ur9266946,billa48,billa48926694668@mail.com,2012-02-02,36
ur119029167,mebulloch-,mebulloch11902916792@imdbuser.net,1990-07-13,71
ur71113360,Peeb_Alex,peebalex7111336046@imdbuser.net,2003-12-08,58
ur7223929,Citoyen,citoyen722392955@mail.com,2016-01-22,62
ur17109012,miscellane,miscellane1710901261@mail.com,2003-04-22,35
ur5687195,LionessFea,lionessfea568719565@example.com,2002-01-26,53
ur11644993,doomas10,doomas101164499312@moviefans.com,2017-08-18,77
ur2317390,fantasyfil,fantasyfil231739066@mail.com,2010-05-16,36
ur23419982,ofvanityan,ofvanityan2341998214@imdbuser.net,2018-03-11,61
ur23349058,timgneher,timgneher2334905852@mail.com,2000-06-20,73
ur23484896,dbaty7,dbaty72348489637@imdbuser.net,1985-11-06,67
ur19515971,rid-diego,riddiego1951597167@mail.com,2008-01-04,42
ur23881320,lau-winfre,lauwinfre2388132035@imdbuser.net,1998-04-08,44
ur23476229,stephanib2,stephanib22347622911@example.com,1989-04-04,37
ur0146871,Quag7,quag7014687165@moviefans.com,2022-06-20,41
ur0142265,jedidp,jedidp014226594@example.com,1999-04-22,55
ur4087977,s-dewitt,sdewitt408797741@imdbuser.net,2011-04-18,39
ur11547708,crisp_morn,crispmorn1154770877@imdbuser.net,1996-10-22,59
ur3341745,steve-1297,steve1297334174542@mail.com,2007-09-14,49
ur148855577,vbcvd,vbcvd14885557797@mail.com,2009-09-22,45
ur0469086,Popcorn-28,popcorn28046908660@imdbuser.net,2011-11-17,19
ur148656485,sv-56457,sv5645714865648574@moviefans.com,1983-07-01,49
ur0075410,Alby-6,alby6007541074@example.com,1972-01-29,62
ur8728854,piquichi,piquichi872885478@imdbuser.net,1966-05-31,80
ur4446579,accadaffa,accadaffa444657922@moviefans.com,2025-10-05,67
ur0392364,ratty-3,ratty3039236473@mail.com,2016-08-21,67
ur9730895,bernie-122,bernie122973089539@moviefans.com,2024-06-13,24
ur2044641,rystuff,rystuff204464198@imdbuser.net,1986-02-07,54
ur1966425,GitYoFunOn,gityofunon196642518@imdbuser.net,2004-04-18,50
ur108949500,pocahantas,pocahantas10894950056@example.com,2005-03-15,45
ur14782607,alexpeyche,alexpeyche1478260733@example.com,2018-05-23,33
ur3369114,Igor_1066,igor1066336911429@moviefans.com,2016-09-06,74
ur10370735,sssister,sssister1037073595@imdbuser.net,2022-03-24,28
ur17867318,beeoverloo,beeoverloo1786731810@mail.com,1963-02-15,72
ur5923817,lich1331,lich1331592381710@example.com,1983-07-01,61
ur0193114,DaynaSu,daynasu019311414@mail.com,1984-06-20,66
ur0704341,technopris,technopris070434171@example.com,1991-01-19,78
ur39913012,fiona-cain,fionacain3991301219@imdbuser.net,2025-07-11,13
ur46827761,MrLambert,mrlambert4682776177@moviefans.com,2010-05-07,72
ur4048600,kickboxgrr,kickboxgrr404860072@example.com,2014-10-14,67
ur19592678,onthatnote,onthatnote1959267845@imdbuser.net,1970-02-22,73
ur88499047,battlecrus,battlecrus8849904746@moviefans.com,2021-10-15,35
ur37973846,vikramgana,vikramgana3797384668@imdbuser.net,2019-01-02,62
ur0812631,refresh_da,refreshda081263170@moviefans.com,1983-12-28,80
ur3783541,Alan_Gabri,alangabri378354119@imdbuser.net,1949-06-06,79
ur1950365,peter-c-od,petercod195036578@example.com,2013-09-10,17
ur2391750,SSJAniFan,ssjanifan239175049@example.com,2007-03-29,32
ur1829883,mrplaid200,mrplaid200182988391@imdbuser.net,2003-08-29,41
ur0870020,sunsetride,sunsetride087002031@mail.com,1995-07-26,67
ur2359079,s14racergu,s14racergu235907932@example.com,2005-09-11,66
ur0855518,mattwakema,mattwakema085551848@mail.com,1996-08-05,56
ur1806275,lleshf,lleshf180627560@mail.com,2024-01-08,24
ur0728607,Nigel St. ,nigelst072860788@mail.com,1983-07-03,47
ur3986228,s13racer,s13racer398622885@example.com,2021-09-22,64
ur4446268,Kurt_Cocai,kurtcocai444626888@imdbuser.net,1985-04-09,45
ur141489368,roaches_97,roaches9714148936818@moviefans.com,2011-07-15,14
ur27418327,agifford90,agifford902741832776@imdbuser.net,2020-06-14,56
ur53852364,shanealywa,shanealywa5385236464@moviefans.com,2005-10-13,24
ur60074611,Johannesn,johannesn6007461157@moviefans.com,1981-01-20,65
ur1090292,2001ASOfan,2001asofan109029259@example.com,2022-08-24,77
ur143325429,davidsmart,davidsmart14332542925@imdbuser.net,2006-04-04,49
ur0314333,Billiam-4,billiam4031433385@mail.com,1994-08-04,47
ur4294246,ergunbul,ergunbul429424636@example.com,2017-08-18,28
ur80256804,RoboRabbit,roborabbit8025680442@mail.com,1996-11-21,51
ur40583800,m-a-elsewh,maelsewh4058380062@moviefans.com,1970-10-02,69
ur22752348,imdb020-64,imdb020642275234891@mail.com,1978-06-12,73
ur21860342,richitheki,richitheki2186034255@example.com,2002-01-23,58
ur36581090,jessica-ti,jessicati3658109097@moviefans.com,2012-08-15,16
ur20059674,dtander-1,dtander12005967458@moviefans.com,1991-08-25,44
ur13306897,nwsts,nwsts1330689740@mail.com,2020-10-31,15
ur12013108,cosmic-28,cosmic281201310861@imdbuser.net,1964-08-09,63
ur36388860,freaktatio,freaktatio3638886038@example.com,1966-10-20,73
ur0827091,bassrourke,bassrourke082709190@example.com,2022-08-16,24
ur23411363,chanakya-d,chanakyad2341136380@moviefans.com,2007-05-03,38
ur0768537,dlmiley,dlmiley076853775@example.com,1963-07-10,67
ur9905841,skinner_do,skinnerdo990584129@mail.com,1957-06-05,80
ur2920684,kneazles,kneazles292068445@mail.com,2013-06-29,79
ur3541576,Magistrafa,magistrafa354157696@example.com,1973-09-16,62
ur0717404,derry.ange,derryange071740421@imdbuser.net,1948-05-22,79
ur1801159,ghostofchu,ghostofchu180115929@mail.com,2020-10-14,51
ur0220538,Mulle-3,mulle3022053865@example.com,2020-03-20,49
ur4034273,atabora,atabora403427366@imdbuser.net,1993-09-03,66
ur1309230,susansweb,susansweb130923048@example.com,1981-05-25,60
ur0149318,Joel I,joeli014931836@example.com,2012-05-31,27
ur0015552,Dilip,dilip001555260@mail.com,2025-06-21,53
ur1796177,lost_cabba,lostcabba179617762@mail.com,2023-02-24,13
ur1700506,mehmet_kur,mehmetkur170050693@example.com,1977-05-16,80
ur4904243,camaro1970,camaro1970490424360@imdbuser.net,2007-09-20,39
ur1902307,jerebron,jerebron190230798@example.com,2011-04-17,26
ur14503547,octeka,octeka1450354747@moviefans.com,2006-06-15,45
ur1225304,yaaah_69,yaaah69122530449@imdbuser.net,2013-08-04,15
ur18043496,samananka,samananka1804349644@imdbuser.net,1979-04-22,50
ur176950876,Giuseppe_S,giuseppes17695087697@moviefans.com,1999-11-03,62
ur0415668,gemma-5,gemma5041566847@moviefans.com,1999-11-14,33
ur0116026,Dave1136,dave1136011602688@imdbuser.net,1988-01-05,61
ur75055764,guedesnino,guedesnino7505576448@example.com,2014-11-21,35
ur2059063,Fatboydim,fatboydim205906356@moviefans.com,2013-10-24,56
ur42907041,niallorour,niallorour4290704121@imdbuser.net,1999-09-24,49
ur16107354,dongwangfu,dongwangfu1610735411@mail.com,1995-01-25,31
ur0858542,clivey6,clivey6085854289@imdbuser.net,1985-05-20,46
ur5694589,Film_Fan_R,filmfanr569458926@imdbuser.net,1977-04-15,53
ur47021332,pkdyer1965,pkdyer19654702133281@moviefans.com,1971-07-07,61
ur24861491,gisawear,gisawear2486149179@imdbuser.net,1987-02-07,56
ur24434938,maxima-mil,maximamil2443493871@moviefans.com,1968-02-25,63
ur24272206,Racetrip,racetrip2427220614@example.com,1995-05-23,77
ur163934411,emswartz-7,emswartz716393441156@example.com,2018-07-12,39
ur11438699,rampantfil,rampantfil1143869929@imdbuser.net,1980-01-22,68
ur24595829,marios-kra,marioskra2459582941@moviefans.com,1981-03-16,60
ur13923524,bpreston41,bpreston411392352426@example.com,1992-07-30,66
ur9660258,Aglaope,aglaope966025862@mail.com,2024-07-01,20
ur6613692,AHOLDER-1,aholder1661369229@example.com,1996-09-23,29
ur0978991,Movie-Jay,moviejay097899176@imdbuser.net,2010-07-27,79
ur22272583,goody82,goody822227258359@mail.com,2013-03-31,23
ur4819630,billybobwa,billybobwa481963029@mail.com,2019-03-08,16
ur88445282,rtifak,rtifak8844528212@imdbuser.net,2006-12-13,32
ur107686163,baba-06622,baba0662210768616355@example.com,2004-02-07,25
ur0864528,Aemstel,aemstel086452837@imdbuser.net,2018-06-03,60
ur112134851,DontKnowMu,dontknowmu11213485173@moviefans.com,1960-06-13,78
ur91998110,zhyarTheCh,zhyarthech9199811038@mail.com,1964-01-17,64
ur60804710,pennypenci,pennypenci6080471090@example.com,2019-02-21,68
ur0182733,EThompsonU,ethompsonu018273348@moviefans.com,1991-05-10,56
ur3868767,mootosk,mootosk386876782@mail.com,2016-04-30,14
ur49561414,schroeder-,schroeder4956141439@imdbuser.net,1978-11-26,50
ur26717569,inacan-90-,inacan902671756924@mail.com,2000-04-03,71
ur0140760,Jim-229,jim229014076087@moviefans.com,1981-03-24,52
ur24593235,begob,begob2459323519@moviefans.com,2023-10-07,44
ur44406995,jcooloti,jcooloti4440699524@moviefans.com,2016-09-28,15
ur104491439,arated-966,arated96610449143976@example.com,2023-02-24,13
ur3057109,Hang_All_D,hangalld305710957@mail.com,2004-09-13,36
ur0976906,blackstone,blackstone097690647@example.com,2018-05-10,68
ur2681961,onyx-1,onyx1268196149@mail.com,2006-10-02,46
ur62997628,gilgongo19,gilgongo196299762815@mail.com,2022-03-15,35
ur4999790,Venomly_Ca,venomlyca499979011@example.com,2021-02-22,16
ur17069141,RobAKehoe,robakehoe1706914185@moviefans.com,2017-12-01,18
ur131635995,sanafrq,sanafrq13163599510@moviefans.com,2020-03-20,20
ur0385607,rwduke,rwduke038560726@imdbuser.net,1998-07-19,35
ur0766752,swayland7,swayland7076675270@example.com,1995-05-16,56
ur7658791,markoparab,markoparab765879193@example.com,2024-11-01,64
ur0081437,Bianca-3,bianca3008143718@imdbuser.net,1974-07-16,58
ur0012899,Erewhon,erewhon001289997@imdbuser.net,1995-06-28,64
ur81031037,rdoubleoc,rdoubleoc8103103727@example.com,2008-07-21,50
ur0133705,Rhealist,rhealist013370515@imdbuser.net,2006-12-14,67
ur120345817,thomaselle,thomaselle12034581713@imdbuser.net,1991-08-06,65
ur96501100,williamste,williamste9650110032@mail.com,2020-04-24,13
ur52620845,mrmurdock2,mrmurdock25262084564@mail.com,1976-05-21,77
ur26714355,horseygurl,horseygurl2671435598@imdbuser.net,2021-02-25,73
ur23232771,joeandthec,joeandthec2323277189@example.com,1985-12-30,65
ur97132631,michaelt-4,michaelt49713263163@example.com,2018-10-02,65
ur1587891,mbrahms26,mbrahms26158789152@mail.com,2015-02-05,61
ur9553898,Simon-Rogo,simonrogo955389827@moviefans.com,2013-06-30,76
ur3657056,CKCSWHFFAN,ckcswhffan365705674@mail.com,1985-06-12,45
ur50940614,phil-932-2,phil93225094061434@moviefans.com,1955-06-09,79
ur101559732,zombiemock,zombiemock10155973281@example.com,2019-06-24,73
ur36893774,ynqve,ynqve3689377414@imdbuser.net,2013-03-24,21
ur4379960,cre8inator,cre8inator437996037@mail.com,1973-09-04,73
ur1048709,kaessner,kaessner104870995@imdbuser.net,2005-09-19,38
ur8900393,movie-mutt,moviemutt890039350@example.com,1991-04-13,43
ur8988713,WantsGoodM,wantsgoodm898871333@moviefans.com,2013-08-13,24
ur43544732,calspers,calspers4354473228@mail.com,1979-05-15,48
ur4540890,marika_ale,marikaale454089059@example.com,2003-01-10,37
ur52780913,alekspreda,alekspreda5278091336@mail.com,1966-11-14,66
ur4853284,thetemplet,thetemplet485328451@moviefans.com,2016-08-16,14
ur9901647,peter-clan,peterclan990164767@imdbuser.net,2013-11-05,14
ur0375449,amolad,amolad037544997@imdbuser.net,2017-03-10,13
ur6624746,stelea,stelea662474687@imdbuser.net,1974-08-02,52
ur20256336,bh_tafe3,bhtafe32025633660@example.com,2025-10-17,61
ur1196715,TheMan3051,theman3051119671593@imdbuser.net,1956-03-18,80
ur7111797,Rorschach1,rorschach1711179727@mail.com,2001-12-05,43
ur5455211,shadowman1,shadowman1545521146@mail.com,2015-09-17,28
ur5310652,Brooklyn-B,brooklynb531065226@moviefans.com,2021-01-24,40
ur1711882,Tanu Tuva,tanutuva171188276@moviefans.com,1995-10-26,36
ur4086264,oxblood,oxblood408626458@mail.com,1969-02-13,70
ur11956672,stacey-dim,staceydim1195667287@moviefans.com,2022-12-16,76
ur33419919,laheyray,laheyray3341991959@moviefans.com,1972-11-13,80
ur37834951,maximkong,maximkong3783495188@mail.com,1984-12-13,72
ur0332145,Mahler-5,mahler5033214571@mail.com,2009-07-10,18
ur25866973,shahriyar-,shahriyar2586697346@imdbuser.net,1993-10-31,74
ur36113171,larsherman,larsherman3611317183@example.com,2013-01-13,13
ur18853862,miruleyall,miruleyall1885386216@mail.com,1996-05-15,73
ur1827623,winstonnc,winstonnc182762371@imdbuser.net,2024-06-07,18
ur40820383,movie_star,moviestar4082038370@example.com,2006-05-28,76
ur18269420,vg40,vg401826942041@example.com,2024-02-25,40
ur20830560,Niaz_Morsh,niazmorsh2083056055@moviefans.com,2019-03-12,18
ur22494340,March333,march3332249434073@imdbuser.net,1992-01-28,35
ur18162759,davedee4,davedee41816275919@moviefans.com,1978-07-17,52
ur0325061,Klaatu-18,klaatu18032506131@moviefans.com,2005-12-12,38
ur3220080,film_afici,filmafici322008080@moviefans.com,1978-04-10,51
ur0158415,TheMrLee,themrlee015841544@imdbuser.net,2022-07-18,15
ur1471623,cultfilmfa,cultfilmfa147162334@mail.com,2017-12-19,13
ur5883419,k4man123,k4man123588341995@mail.com,2008-11-06,35
ur1147669,TuesdayNig,tuesdaynig114766999@example.com,2023-06-10,14
ur8396043,mojojobob,mojojobob839604352@example.com,2014-08-04,17
ur6622868,xcal321,xcal321662286822@example.com,1992-05-19,47
ur40204638,edgereview,edgereview4020463883@moviefans.com,2005-01-27,78
ur23944958,lastlibera,lastlibera2394495820@example.com,1986-05-05,73
ur50423587,Figgy66-91,figgy66915042358765@imdbuser.net,2019-01-30,40
ur63888970,alexcole10,alexcole106388897061@imdbuser.net,1997-12-23,33
ur19904441,Hobbsbert1,hobbsbert11990444173@imdbuser.net,2007-04-06,21
ur44537684,suws1,suws14453768421@mail.com,1987-01-22,49
ur2724368,gonzogm999,gonzogm999272436840@imdbuser.net,2024-07-01,21
ur2992856,udeaasykle,udeaasykle299285629@imdbuser.net,1978-04-29,64
ur2380741,ovega_arti,ovegaarti238074149@mail.com,2005-03-18,55
ur2627339,Saturns_Il,saturnsil262733981@moviefans.com,1987-10-25,54
ur0344323,Lost_cow,lostcow034432371@example.com,2021-06-18,19
ur0108019,Spooky2001,spooky2001010801952@mail.com,2025-04-12,74
ur2613443,smiler_197,smiler197261344338@imdbuser.net,2015-11-22,26
ur3771471,ville_kois,villekois377147165@moviefans.com,2006-04-23,55
ur4507714,mail-1208,mail1208450771485@moviefans.com,2020-02-15,25
ur23466126,opticuscro,opticuscro2346612645@imdbuser.net,2025-10-05,25
ur19170907,Shevy1103,shevy11031917090769@mail.com,2013-01-26,27
ur5999691,mbunky,mbunky599969112@moviefans.com,1988-05-10,53
ur3633684,ThePedofin,thepedofin363368430@moviefans.com,2016-05-14,13
ur64692948,evansjoshy,evansjoshy6469294836@mail.com,2019-03-18,34
ur206773243,BradenTheR,bradenther20677324358@moviefans.com,2021-12-26,57
ur3211681,john-1360,john1360321168194@moviefans.com,1967-11-03,58
ur45383662,silva-w-pi,silvawpi4538366252@imdbuser.net,2021-03-16,49
ur2516954,Guga3D,guga3d251695498@mail.com,2015-09-29,21
ur2039968,MisterMxyz,mistermxyz203996838@example.com,2018-12-08,18
ur11896669,abominable,abominable1189666952@imdbuser.net,2024-03-06,40
ur1224222,TensersFlo,tensersflo122422249@example.com,2023-05-11,49
ur3948489,Bridgchick,bridgchick394848949@moviefans.com,1947-03-09,79
ur0514277,spamhammer,spamhammer051427720@mail.com,1955-08-11,79
ur1466492,dgrec3,dgrec3146649218@mail.com,2010-12-19,56
ur9329356,mine657,mine657932935657@example.com,2013-05-25,33
ur0401651,zoltar55,zoltar55040165183@imdbuser.net,2019-10-19,36
ur7948903,widget500,widget500794890356@moviefans.com,1987-05-22,55
ur4855203,den_quixot,denquixot485520367@imdbuser.net,2011-07-31,19
ur0179383,Pryderi,pryderi017938395@moviefans.com,2000-08-04,44
ur0828307,s.hayley,shayley082830762@moviefans.com,2007-06-28,40
ur111967453,katarroyo-,katarroyo11196745313@mail.com,1990-10-11,35
ur0166807,mrfrane,mrfrane016680743@mail.com,1998-02-05,56
ur0272504,Stefa,stefa027250424@moviefans.com,2003-09-08,34
ur1066518,filmdog36,filmdog36106651859@moviefans.com,1969-11-07,66
ur37947882,nabil-koka,nabilkoka3794788241@example.com,2001-05-24,74
ur30472010,muons,muons3047201076@imdbuser.net,2018-05-18,31
ur0643090,vyperman7,vyperman7064309046@imdbuser.net,2022-03-03,14
ur0060960,Bry-2,bry2006096041@moviefans.com,2012-06-23,37
ur1228568,Tokugawa,tokugawa122856870@example.com,2004-01-24,23
ur61059386,dellamorte,dellamorte6105938684@imdbuser.net,1989-09-20,52
ur52812288,dacianpele,dacianpele5281228891@moviefans.com,2014-04-30,47
ur43286704,SNS_Jin,snsjin4328670413@moviefans.com,1983-01-03,67
ur0860599,sepetcenk,sepetcenk086059970@moviefans.com,2007-02-15,20
ur81771819,nassahdeys,nassahdeys8177181953@mail.com,1998-01-07,62
ur85138243,antant-138,antant1388513824368@moviefans.com,2020-11-19,52
ur28156345,bayram145,bayram1452815634530@example.com,2013-12-30,67
ur22587864,letande,letande2258786423@imdbuser.net,1980-06-29,72
ur4876910,Extroverte,extroverte487691038@example.com,2002-01-21,59
ur71548605,mark-26624,mark266247154860520@moviefans.com,1996-09-18,48
ur63936086,h-66551,h665516393608669@moviefans.com,2019-03-02,51
ur87826421,jettmaximu,jettmaximu8782642183@mail.com,2020-11-04,68
ur20271974,michaelmcc,michaelmcc2027197457@example.com,2023-12-28,13
ur2510939,diand_,diand251093964@moviefans.com,2019-07-04,24
ur4458613,elmarbel,elmarbel445861390@imdbuser.net,1990-11-28,45
ur0417916,Core242,core242041791614@mail.com,2004-12-16,38
ur0893154,bitterstra,bitterstra089315446@moviefans.com,1993-03-25,32
ur0858690,tezzzaaa,tezzzaaa085869099@example.com,1999-03-31,52
ur2888646,georgiain,georgiain288864645@mail.com,2000-03-08,33
ur1037370,lonx,lonx103737098@example.com,1955-12-17,80
ur0645587,diztorted,diztorted064558741@example.com,1989-11-11,50
ur0329564,BDPI,bdpi032956485@mail.com,1973-11-24,67
ur4441910,La_Maga,lamaga444191051@example.com,2020-04-06,32
ur103215084,oqbamog,oqbamog10321508459@example.com,2012-03-16,23
ur1061324,shengyang,shengyang106132476@example.com,2008-08-24,20
ur157781446,marcelopie,marcelopie15778144640@imdbuser.net,2025-06-12,75
ur9396243,ed_two_o_n,edtwoon939624361@moviefans.com,2014-01-18,20
ur18876660,PudgyPanda,pudgypanda1887666040@example.com,2001-01-20,48
ur0639611,a16a16k,a16a16k063961161@moviefans.com,2006-12-17,19
ur3478169,lawn819,lawn819347816958@example.com,1996-08-25,36
ur0831316,jhazelett7,jhazelett7083131694@mail.com,2004-10-20,27
ur13611462,directorgo,directorgo1361146270@example.com,2000-08-07,25
ur23775306,mbrcf,mbrcf2377530630@example.com,2005-05-13,32
ur19289619,jamuckley,jamuckley1928961996@mail.com,1988-06-29,62
ur19694066,Ami65,ami651969406646@mail.com,2005-10-20,48
ur97954598,lynnmother,lynnmother9795459811@moviefans.com,2008-08-17,18
ur111829467,clare_font,clarefont11182946718@imdbuser.net,2012-08-07,66
ur30728251,palefumes,palefumes3072825179@moviefans.com,2000-01-02,44
ur52146543,ivanjelina,ivanjelina5214654354@mail.com,2010-04-30,18
ur23636408,RiaHelen,riahelen2363640880@imdbuser.net,2018-04-15,22
ur89941465,sheldonlin,sheldonlin8994146511@moviefans.com,2010-12-18,53
ur79317319,OlgaGoreli,olgagoreli7931731956@imdbuser.net,1995-03-16,32
ur1126615,chet19,chet19112661587@moviefans.com,2025-06-20,14
ur72492538,AnthonyMcD,anthonymcd7249253817@mail.com,2012-07-12,48
ur49269339,Jody-bigdu,jodybigdu4926933922@mail.com,2008-04-22,77
ur83515446,fedecrave,fedecrave8351544612@mail.com,1986-08-26,58
ur12202464,tre_gibbs,tregibbs1220246450@imdbuser.net,1967-05-20,64
ur1733400,triangulat,triangulat173340099@mail.com,2021-09-13,14
ur18297039,colinirwin,colinirwin1829703945@mail.com,2020-10-27,21
ur6847637,robert-arb,robertarb684763770@imdbuser.net,1986-03-22,44
ur0146879,iago-6,iago6014687941@moviefans.com,1969-08-30,75
ur0019468,imdb1,imdb1001946859@moviefans.com,2012-07-04,18
ur25997566,michaelrad,michaelrad2599756675@moviefans.com,1982-05-19,69
ur21224899,webnetca,webnetca2122489988@imdbuser.net,2006-05-14,46
ur9163947,aled-6,aled6916394731@example.com,1980-01-07,50
ur6405671,drbagrov,drbagrov640567144@moviefans.com,2015-04-24,46
ur3827955,bill-894,bill894382795544@imdbuser.net,2013-06-13,19
ur105096805,wishbinvis,wishbinvis10509680576@moviefans.com,2014-09-24,41
ur62038226,brendandev,brendandev6203822686@moviefans.com,1995-07-13,44
ur89257846,najib-0274,najib02748925784648@example.com,2010-01-23,54
ur60376752,leosmith-1,leosmith16037675289@moviefans.com,1995-05-07,74
ur25969193,jayakumar_,jayakumar2596919387@mail.com,2010-03-20,29
ur71746450,stevelutzc,stevelutzc7174645018@example.com,2009-07-01,28
ur1089796,jimbo700,jimbo700108979685@example.com,2013-01-23,64
ur151457146,Atle_O,atleo15145714611@mail.com,2025-06-28,15
ur0317388,Puck-20,puck20031738851@imdbuser.net,2024-04-26,14
ur8025803,cheap_as_c,cheapasc802580344@example.com,1994-07-21,68
ur0083257,Kreme,kreme008325799@moviefans.com,2020-12-18,48
ur7952012,swamprat-6,swamprat6795201299@example.com,1986-07-04,44
ur3092046,brianlion,brianlion309204643@mail.com,2005-06-25,45
ur0272066,Tristo99,tristo99027206699@mail.com,1969-06-30,76
ur1286393,djkopacz,djkopacz128639388@example.com,2021-10-30,30
ur0044531,Brian-97,brian97004453132@mail.com,1971-11-15,58
ur21345314,baruchyose,baruchyose2134531461@mail.com,2001-04-09,30
ur9521932,adam-1009,adam1009952193226@imdbuser.net,2019-02-20,17
ur1246393,twiss54,twiss54124639382@mail.com,2003-02-18,80
ur7904427,ayefrsty,ayefrsty790442763@mail.com,2017-09-23,69
ur6149144,gleichstro,gleichstro614914463@mail.com,2007-11-01,29
ur9480570,RiffRaffMc,riffraffmc948057092@example.com,1998-10-28,68
ur7163792,alancroydo,alancroydo716379247@moviefans.com,1998-09-30,47
ur108550997,abeachedwh,abeachedwh10855099789@imdbuser.net,2011-03-20,36
ur1117092,gus120970,gus120970111709234@moviefans.com,1994-01-17,48
ur3067556,CharlieCal,charliecal306755695@moviefans.com,1976-11-08,52
ur4208708,misterembr,misterembr420870811@example.com,2015-07-09,18
ur161682906,cinephiles,cinephiles16168290672@mail.com,1985-07-03,77
ur17539340,ablbodyed-,ablbodyed1753934017@moviefans.com,1985-12-10,65
ur19655120,john-kim-h,johnkimh1965512022@mail.com,2005-09-21,56
ur8750432,mhlong,mhlong875043284@imdbuser.net,1999-06-14,34
ur7891744,lacrosser,lacrosser789174470@moviefans.com,1995-02-15,58
ur110304137,lomoojik,lomoojik11030413711@mail.com,2020-03-03,57
ur0003696,Animus,animus000369661@imdbuser.net,1973-05-19,61
ur7005456,tooluser-1,tooluser1700545631@imdbuser.net,1984-08-14,46
ur8341120,Craig-549,craig549834112070@mail.com,1995-11-20,50
ur107448545,michaelarm,michaelarm10744854533@imdbuser.net,1970-02-09,64
ur19422206,hacx3,hacx31942220687@moviefans.com,2006-10-28,19
ur21253101,rpgneo,rpgneo2125310164@moviefans.com,1973-03-27,57
ur18245848,malakia296,malakia2961824584839@imdbuser.net,2022-11-28,14
ur20861886,bvrhodes,bvrhodes2086188696@moviefans.com,2013-09-12,16
ur20800762,eric-fulch,ericfulch2080076258@moviefans.com,2009-06-07,72
ur21260734,talcol-1,talcol12126073432@moviefans.com,2011-10-25,43
ur0917409,jennifer-9,jennifer9091740922@moviefans.com,1996-01-24,33
ur0402740,"""boz""",boz040274021@mail.com,2014-05-12,20
ur0039580,Bede,bede003958013@imdbuser.net,1986-10-03,63
ur0103213,JimFK,jimfk010321383@example.com,1970-08-03,58
ur5661394,uksigma,uksigma566139425@moviefans.com,2008-07-14,45
ur0365365,rhombus,rhombus036536561@mail.com,2023-10-22,61
ur0200497,SaintNo1,saintno1020049733@imdbuser.net,1986-02-05,66
ur0373375,wm-4,wm4037337515@mail.com,2015-03-28,28
ur0315980,jsoff,jsoff031598095@mail.com,2010-11-16,28
ur0088550,Kiwi-7,kiwi7008855062@mail.com,2000-06-14,28
ur0589688,makrygialo,makrygialo058968835@example.com,1998-05-07,74
ur7707904,TheScottma,thescottma770790477@imdbuser.net,2025-09-22,26
ur33547091,cjmccracke,cjmccracke3354709157@example.com,2013-11-30,21
ur19611175,dfa120374,dfa1203741961117585@moviefans.com,2022-03-26,64
ur0089591,tp320,tp320008959132@moviefans.com,1991-11-25,65
ur10860797,breakice89,breakice891086079741@mail.com,2013-12-08,47
ur5471830,thebobofue,thebobofue547183021@moviefans.com,2019-03-16,24
ur0295431,Ms. V,msv029543165@example.com,1986-02-21,59
ur2268081,paulgeaf,paulgeaf226808156@mail.com,1979-04-23,66
ur1455771,Cube_TX,cubetx145577161@moviefans.com,2012-12-14,31
ur2006987,johnsigwal,johnsigwal200698724@example.com,1990-09-12,44
ur3262112,Senor-Spie,senorspie326211283@mail.com,1974-01-05,77
ur89745032,danielmans,danielmans8974503275@imdbuser.net,2020-06-18,58
ur134844297,Midget_141,midget14113484429738@imdbuser.net,1993-11-18,65
ur2674660,bryandeth3,bryandeth3267466054@moviefans.com,2000-10-03,29
ur17292130,elhombrema,elhombrema1729213026@moviefans.com,1987-01-31,52
ur68044468,eaganderso,eaganderso6804446885@mail.com,1995-12-27,56
ur0838173,poehlmann,poehlmann083817387@mail.com,1992-01-12,63
ur4352239,mdnight_da,mdnightda435223998@mail.com,2024-12-01,13
ur13852028,ilovelondo,ilovelondo1385202871@moviefans.com,1994-12-19,70
ur0160651,Tunica,tunica016065186@mail.com,1955-10-22,71
ur0709656,boot367,boot367070965696@moviefans.com,2018-04-02,24
ur0165871,xyumaboy,xyumaboy016587158@mail.com,1996-04-05,77
ur6568678,chirho33,chirho33656867885@example.com,2025-12-04,21
ur0084695,asophie,asophie008469528@moviefans.com,2016-02-23,27
ur0267138,Tomlonso,tomlonso026713819@mail.com,1973-04-18,74
ur4526954,s_rutland,srutland452695490@imdbuser.net,2025-11-12,31
ur0113478,dochog,dochog011347858@moviefans.com,1994-07-16,78
ur0175360,badman-2,badman2017536064@imdbuser.net,1978-12-12,75
ur0094947,marlene,marlene009494748@example.com,2003-05-17,67
ur4459665,design4des,design4des445966588@moviefans.com,2019-12-01,15
ur1769451,suaveherma,suaveherma176945131@moviefans.com,1979-06-26,53
ur16448397,mitzifarns,mitzifarns1644839769@imdbuser.net,1964-01-30,79
ur0901517,marie_baie,mariebaie090151733@imdbuser.net,2012-09-09,40
ur130379849,jakerhamil,jakerhamil13037984984@imdbuser.net,2005-03-16,37
ur0211279,ElJay-W,eljayw021127938@moviefans.com,2017-06-09,30
ur11127331,ebeckstr-1,ebeckstr11112733199@mail.com,2003-07-09,39
ur2976262,Barky44,barky44297626216@moviefans.com,2002-03-18,59
ur44312975,kevinparma,kevinparma4431297596@example.com,2000-11-19,43
ur91603775,calebquint,calebquint9160377563@imdbuser.net,2009-09-10,22
ur35453496,RubenMovie,rubenmovie3545349628@moviefans.com,1984-06-09,60
ur116634983,eva3si0n,eva3si0n11663498377@imdbuser.net,2009-01-21,37
ur133600816,dj35,dj3513360081613@moviefans.com,1994-11-23,50
ur8743363,worldsofda,worldsofda874336363@moviefans.com,2014-01-21,32
ur67059667,Rish_tweet,rishtweet6705966794@moviefans.com,2003-09-21,41
ur68063399,KenlightL,kenlightl6806339966@moviefans.com,1981-12-25,59
ur76026686,khan-99792,khan997927602668673@moviefans.com,2015-06-13,37
ur23093096,ajiteshkpa,ajiteshkpa2309309677@example.com,1993-07-15,39
ur57855497,Chandan_Ra,chandanra5785549721@moviefans.com,1989-04-15,47
ur90358018,aliagha-14,aliagha149035801847@example.com,1982-12-23,51
ur93164614,imaasif,imaasif9316461419@moviefans.com,2015-11-17,18
ur65180930,vicky-3472,vicky34726518093070@example.com,1963-11-21,66
ur67539040,abdurehman,abdurehman6753904015@imdbuser.net,1984-06-26,50
ur12745512,bhuvanchat,bhuvanchat1274551217@mail.com,1996-10-17,32
ur1252150,gbrumburgh,gbrumburgh125215015@imdbuser.net,1999-05-11,43
ur0775928,hippiedj,hippiedj077592891@example.com,2012-07-20,69
ur3755894,mking1950,mking1950375589474@imdbuser.net,2015-04-26,53
ur1050957,bfoss,bfoss105095761@example.com,2004-10-23,67
ur24482194,jaymeeandn,jaymeeandn2448219431@example.com,2014-08-16,45
ur0953788,tgleiber,tgleiber095378850@imdbuser.net,2025-04-08,17
ur0774256,bobsu1,bobsu1077425640@mail.com,1969-09-04,71
ur3260164,sdbloom,sdbloom326016412@example.com,2023-11-13,18
ur6455566,kevin54-1,kevin541645556688@moviefans.com,2008-02-23,21
ur0075272,Adrian-11,adrian11007527264@mail.com,2025-08-03,21
ur47282583,mtloans,mtloans4728258393@example.com,2024-01-02,27
ur0310324,AlohaTad,alohatad031032414@mail.com,2014-02-25,42
ur5155225,kriisalis,kriisalis515522574@imdbuser.net,2014-09-19,56
ur0091245,Brad K.,bradk009124555@example.com,2012-12-12,15
ur0196922,NBK-2,nbk2019692259@mail.com,1992-03-07,60
ur37975826,ajwinslow-,ajwinslow3797582619@moviefans.com,2015-06-21,21
ur43357173,lucaesthet,lucaesthet4335717310@example.com,1997-09-14,41
ur64753893,ryanrall,ryanrall6475389334@imdbuser.net,2015-07-27,13
ur1939507,dropdatopz,dropdatopz193950765@moviefans.com,2007-05-22,22
ur111821919,cgkemp0409,cgkemp040911182191944@example.com,1983-03-13,76
ur1656483,noxhitman,noxhitman165648354@imdbuser.net,2017-08-29,54
ur0103283,Scott1156,scott1156010328350@imdbuser.net,2000-02-08,41
ur30418397,yugesh-kar,yugeshkar3041839764@moviefans.com,2015-06-20,68
ur5274406,kombi45,kombi45527440629@imdbuser.net,1982-08-08,54
ur2798917,mytragicfl,mytragicfl279891761@imdbuser.net,1981-07-19,50
ur62688171,jgkelley-4,jgkelley46268817194@moviefans.com,2002-12-09,40
ur1455859,covington,covington145585949@imdbuser.net,1957-10-02,69
ur3142149,Scruffy04,scruffy04314214974@example.com,1997-02-04,60
ur0519593,WaltDittri,waltdittri051959383@moviefans.com,2024-01-07,22
ur1823886,BellaVista,bellavista182388649@moviefans.com,1979-11-18,52
ur8440241,davidwalsh,davidwalsh844024178@mail.com,1985-06-22,45
ur2337665,imdbalopex,imdbalopex233766561@mail.com,2021-01-22,14
ur0710708,Edward Inm,edwardinm071070894@example.com,2022-02-24,46
ur1453927,bramborka,bramborka145392729@example.com,2023-01-01,43
ur1451474,Matt1plus1,matt1plus1145147485@example.com,2015-12-19,49
ur1373268,wax55,wax55137326870@example.com,1953-01-24,76
ur1463572,Arkoren,arkoren146357263@imdbuser.net,1991-05-14,55
ur11179220,kkhannah,kkhannah1117922097@imdbuser.net,1981-08-11,53
ur22266999,georgemilo,georgemilo2226699969@imdbuser.net,2004-01-15,49
ur22881321,Unbilled_R,unbilledr2288132114@mail.com,2005-04-14,38
ur4892792,mbidemi200,mbidemi200489279262@imdbuser.net,1967-09-17,69
ur24162358,MovieGeekB,moviegeekb2416235843@imdbuser.net,2010-11-08,50
ur7872230,thesunsmel,thesunsmel787223041@moviefans.com,2006-01-04,72
ur24421425,francescof,francescof2442142510@imdbuser.net,2008-05-27,23
ur31699204,deftflicke,deftflicke3169920455@example.com,2015-07-18,18
ur0672164,goevikes,goevikes067216446@mail.com,2003-10-29,27
ur2300090,alangiruk,alangiruk230009091@moviefans.com,2010-10-19,33
ur1826091,Ithaqua198,ithaqua198182609112@imdbuser.net,2017-01-02,60
ur1145415,only_an_oc,onlyanoc114541518@example.com,1994-10-07,42
ur1109099,Stomach Mo,stomachmo110909931@moviefans.com,2018-09-17,16
ur134161484,theoneando,theoneando13416148479@example.com,1997-04-17,49
ur61537339,bronzesrv,bronzesrv6153733910@moviefans.com,2005-11-05,23
ur58810933,elishawin2,elishawin25881093366@imdbuser.net,2008-10-30,52
ur2860917,alisonc-1,alisonc1286091794@mail.com,1980-08-29,72
ur28405613,Siebert_Te,siebertte2840561385@imdbuser.net,1987-11-14,54
ur51246206,powell-yen,powellyen5124620683@imdbuser.net,2000-02-13,29
ur47966145,labikkina,labikkina4796614515@example.com,2012-10-18,20
ur0965356,palmiro,palmiro096535688@example.com,2000-10-29,31
ur1389120,dc1-1,dc11138912021@moviefans.com,2003-06-16,26
ur1016741,jfurioli_2,jfurioli2101674112@imdbuser.net,2004-03-05,29
ur1548268,sebastiens,sebastiens154826813@example.com,2010-09-22,48
ur54191290,frank-63-8,frank6385419129076@mail.com,2018-11-15,33
ur66680962,mpruett-65,mpruett656668096227@mail.com,2000-08-08,70
ur24365278,Aktham_Tas,akthamtas2436527880@mail.com,2010-05-22,69
ur37461074,lilguyolli,lilguyolli3746107410@example.com,2017-06-25,76
ur39858703,Jwxujerry-,jwxujerry3985870393@mail.com,1992-12-24,36
ur28100042,DocEphraim,docephraim2810004284@example.com,1992-06-17,64
ur5354279,inge-22,inge22535427983@imdbuser.net,1999-08-24,37
ur36338749,olivierthe,olivierthe3633874935@imdbuser.net,2014-06-28,70
ur58822605,Thefilmhea,thefilmhea5882260519@example.com,2021-12-13,36
ur85371862,invisibleu,invisibleu8537186214@example.com,1987-10-27,79
ur6556750,AvBaur,avbaur655675083@imdbuser.net,2010-03-12,35
ur5623127,checkbox,checkbox562312793@imdbuser.net,2005-05-03,25
ur38164356,Alex_Kladi,alexkladi3816435622@example.com,2001-12-27,64
ur29072792,DancingDra,dancingdra2907279258@moviefans.com,2017-01-20,57
ur5198856,dmjon23,dmjon23519885695@example.com,1954-10-23,79
ur3217745,mummy99,mummy99321774587@moviefans.com,2022-06-26,72
ur0312842,mapar,mapar031284213@example.com,1992-04-26,69
ur12260429,themoviecl,themoviecl1226042992@example.com,1983-01-13,65
ur18564989,scottwallv,scottwallv1856498951@imdbuser.net,2013-09-26,40
ur14906228,leemacread,leemacread1490622839@moviefans.com,1971-02-21,70
ur14834521,boysandbet,boysandbet1483452158@imdbuser.net,2002-05-16,29
ur2993396,stazza,stazza299339674@mail.com,2013-10-28,43
ur9929160,mitchco10,mitchco10992916037@moviefans.com,2007-10-31,24
ur89632552,fopfopfop,fopfopfop8963255297@mail.com,2014-07-13,21
ur35536019,HanPolo,hanpolo3553601945@imdbuser.net,2011-07-25,31
ur0121561,dbakin,dbakin012156123@example.com,2014-12-14,20
ur2552370,thebigsee,thebigsee255237030@moviefans.com,1974-03-13,61
ur0382745,edec1,edec1038274549@moviefans.com,1975-04-27,70
ur50398927,feev,feev5039892719@moviefans.com,2013-06-15,21
ur2946845,ChrisInMia,chrisinmia294684547@mail.com,2006-07-27,38
ur4316349,ninjaalexs,ninjaalexs431634972@moviefans.com,2006-04-21,24
ur2144599,UMichMike,umichmike214459927@moviefans.com,1962-03-01,80
ur142874348,rpatrickve,rpatrickve14287434854@example.com,2000-02-12,57
ur0352138,witness-7,witness7035213814@imdbuser.net,2010-02-24,44
ur1204360,malberts1,malberts1120436060@example.com,2014-12-06,15
ur1631729,RedDevil27,reddevil27163172980@example.com,1998-11-20,49
ur1704194,darkillume,darkillume170419490@mail.com,1966-02-20,61
ur20654705,beobnoxiou,beobnoxiou2065470594@imdbuser.net,2004-03-18,25
ur126106918,midoragab-,midoragab12610691856@imdbuser.net,2008-08-05,22
ur103511643,musabmusab,musabmusab10351164390@mail.com,2003-03-10,25
ur27075651,The-Social,thesocial2707565118@example.com,2015-10-17,15
ur31927784,joshua-303,joshua3033192778471@moviefans.com,1967-06-25,74
ur69153149,IPyaarCine,ipyaarcine6915314934@example.com,1984-02-16,64
ur131024862,victoryava,victoryava13102486293@example.com,1972-02-25,69
ur6828563,bandobutt,bandobutt682856376@example.com,1974-04-15,56
ur29504596,bthivet,bthivet2950459663@moviefans.com,1989-03-14,52
ur1848157,ArmsAndMan,armsandman184815756@example.com,2022-11-19,75
ur0540098,trzvmd,trzvmd054009862@imdbuser.net,2003-06-09,39
ur2187250,jwpeel-1,jwpeel1218725048@imdbuser.net,2014-10-27,50
ur5271117,ggmcnulty,ggmcnulty527111768@moviefans.com,1994-09-25,31
ur30753782,renegadevi,renegadevi3075378279@example.com,2024-04-12,46
ur113853679,jmworacle-,jmworacle11385367969@imdbuser.net,2006-09-05,48
ur0915890,budikavlan,budikavlan091589027@imdbuser.net,2020-12-08,14
ur187275505,sisgibson-,sisgibson18727550533@mail.com,2016-11-17,52
ur2605452,dbell8400,dbell8400260545295@imdbuser.net,1957-01-08,70
ur59184301,moviesfilm,moviesfilm5918430163@imdbuser.net,1995-08-11,52
ur6814110,hondo551,hondo551681411036@example.com,2006-07-14,31
ur57785066,jack-dunsm,jackdunsm5778506696@example.com,2023-03-24,66
ur0297980,drow,drow029798085@moviefans.com,2002-12-27,32
ur1636289,chatykat,chatykat163628980@example.com,2017-07-14,21
ur2556216,brightfamo,brightfamo255621639@example.com,2008-09-24,37
ur1152402,claudemerc,claudemerc115240247@mail.com,1990-09-23,77
ur123103870,Nishtha-73,nishtha7312310387086@moviefans.com,1996-10-23,39
ur3154152,dylman91,dylman91315415233@imdbuser.net,2021-03-13,48
ur0251727,ghoul-3,ghoul3025172766@mail.com,2022-09-18,45
ur17496624,susanbassp,susanbassp1749662447@mail.com,2001-07-12,33
ur3483002,Wulfstan10,wulfstan10348300270@mail.com,2014-10-22,50
ur14910524,ArchieLaSa,archielasa1491052465@moviefans.com,1984-05-01,76
ur0129898,BevansDesi,bevansdesi012989860@imdbuser.net,2007-02-03,27
ur67814901,bbwoof9,bbwoof96781490157@moviefans.com,2024-04-27,13
ur1326721,sportslove,sportslove132672198@imdbuser.net,1983-09-16,45
ur8588057,rgachile-1,rgachile1858805735@moviefans.com,2010-02-18,48
ur1487949,antimarcc,antimarcc148794934@example.com,2021-01-31,34
ur72994239,gmiller-18,gmiller187299423914@mail.com,1989-12-28,69
ur3263128,jackripper,jackripper326312861@imdbuser.net,2003-09-23,42
ur36238491,georg-syph,georgsyph3623849140@moviefans.com,1980-06-05,57
ur93368056,zackb-1523,zackb15239336805656@moviefans.com,2023-12-31,74
ur2441259,obloco,obloco244125972@example.com,2019-07-19,30
ur2671111,pepipocpoc,pepipocpoc267111196@moviefans.com,2021-01-27,27
ur32245944,ThomasSton,thomasston3224594457@mail.com,2007-01-04,80
ur64858521,MrsKat38,mrskat386485852189@imdbuser.net,1971-07-10,60
ur98105614,sethjgibne,sethjgibne9810561421@example.com,2012-06-07,69
ur125289762,ryanmo-351,ryanmo35112528976267@moviefans.com,2003-07-06,55
ur2418973,gdinelli,gdinelli241897390@moviefans.com,2010-10-04,15
ur0637715,RogerBorg,rogerborg063771563@moviefans.com,1975-12-29,71
ur29348863,caseynicho,caseynicho2934886338@example.com,1976-09-08,68
ur64392821,eddiespn,eddiespn6439282187@moviefans.com,2006-05-16,80
ur6619604,bpsoccerdd,bpsoccerdd661960434@mail.com,1992-03-29,40
ur6304227,enablerbro,enablerbro630422730@mail.com,1970-01-18,70
ur72472558,randyfroms,randyfroms7247255898@mail.com,1999-08-28,27
ur26354249,Rey_Monter,reymonter2635424974@mail.com,2004-05-30,31
ur2052223,Damian_,damian205222315@mail.com,2021-11-02,55
ur20096899,Java_Joe,javajoe2009689927@imdbuser.net,2013-04-25,18
ur7515062,jorncooper,jorncooper751506234@example.com,2024-02-09,52
ur0895324,maxfabien,maxfabien089532461@example.com,2023-08-15,22
ur0397467,clive-13,clive13039746795@mail.com,1997-01-02,41
ur0231123,TedEBear,tedebear023112338@mail.com,1966-01-01,79
ur0997763,som1950,som1950099776396@moviefans.com,2004-04-19,58
ur0435993,robman-5,robman5043599389@example.com,2014-10-17,20
ur1829315,makeham98,makeham98182931565@imdbuser.net,1981-12-18,68
ur77988839,csbaca,csbaca7798883973@example.com,2003-03-21,29
ur0600987,dtomlinson,dtomlinson060098791@imdbuser.net,1985-01-15,72
ur3100445,hakapes,hakapes310044586@imdbuser.net,1999-04-16,60
ur0265706,JAM-52,jam52026570644@mail.com,1985-05-10,77
ur0516422,willrams,willrams051642219@mail.com,1975-05-22,61
ur23883771,Movie-Misf,moviemisf2388377190@mail.com,1950-04-18,80
ur0995944,Matthew Ch,matthewch099594449@example.com,1986-06-18,60
ur6199900,D_Burke,dburke619990093@example.com,2013-12-04,35
ur0052666,hawkeye56,hawkeye56005266683@moviefans.com,2022-11-21,36
ur1185765,edevries,edevries118576513@imdbuser.net,2020-03-18,20
ur1204334,yellowdwar,yellowdwar120433432@mail.com,2024-02-06,28
ur1045284,muad_dib_u,muaddibu104528480@imdbuser.net,1972-06-19,63
ur0470368,mattc-6,mattc6047036880@mail.com,2010-01-07,50
ur0044258,Mr Mauve,mrmauve004425874@mail.com,1997-09-07,47
ur0171705,Empire-3,empire3017170527@mail.com,1972-12-24,57
ur0222163,Otis-9,otis9022216342@imdbuser.net,2013-10-12,43
ur16052388,shelbymust,shelbymust1605238830@example.com,2006-05-14,64
ur1652056,ALE1018,ale1018165205680@mail.com,1993-05-03,62
ur183043173,ianlives,ianlives18304317370@moviefans.com,1984-07-04,63
ur0349916,Empire-7,empire7034991657@moviefans.com,2023-05-11,29
ur188046788,alvarovarg,alvarovarg18804678833@imdbuser.net,1990-12-15,64
ur0752538,Snow Dog-2,snowdog2075253852@mail.com,1966-04-17,65
ur1660812,Kasey Jone,kaseyjone166081248@imdbuser.net,2022-07-08,34
ur0425358,ralyin,ralyin042535829@example.com,2012-03-29,47
ur4244235,hughes4215,hughes4215424423546@moviefans.com,1962-10-23,74
ur2516379,osfania,osfania251637977@example.com,1965-05-15,68
ur1415280,PeterB2422,peterb2422141528016@mail.com,2023-12-02,24
ur128254271,filmsquads,filmsquads12825427128@mail.com,2021-06-03,50
ur171638324,danushmuru,danushmuru17163832451@imdbuser.net,2022-06-06,29
ur131916888,abhishekhb,abhishekhb13191688854@example.com,2007-04-20,23
ur182546874,wonderwell,wonderwell18254687480@example.com,2020-03-01,42
ur102935740,gk303007,gk30300710293574026@mail.com,2012-04-05,29
ur161040627,ramaswamyr,ramaswamyr16104062789@moviefans.com,2014-05-29,39
ur162678990,vallabh-52,vallabh5216267899061@example.com,2019-12-24,29
ur23656818,chand-suha,chandsuha2365681840@example.com,2005-12-10,42
ur191181968,raywater-1,raywater119118196869@mail.com,1981-10-19,62
ur22723939,haripriya,haripriya2272393988@moviefans.com,2003-08-30,28
ur186583374,sudarshan-,sudarshan18658337486@imdbuser.net,1982-03-05,71
ur56569864,sanjithkum,sanjithkum5656986483@mail.com,2015-08-07,16
ur134296615,Sriram007,sriram00713429661588@imdbuser.net,1995-03-03,42
ur159484236,ckfmecerti,ckfmecerti15948423638@mail.com,2009-03-01,31
ur79759415,anujith-75,anujith757975941541@mail.com,2020-06-05,74
ur119719731,gobusardar,gobusardar11971973191@imdbuser.net,2021-01-17,48
ur78530519,crsshandre,crsshandre7853051999@example.com,1963-05-17,72
ur100458091,napsshine,napsshine10045809129@example.com,2014-03-03,22
ur44415751,shobanchit,shobanchit4441575151@moviefans.com,2018-05-18,54
ur77519958,danielnune,danielnune7751995845@example.com,1990-08-30,51
ur113728531,rphanley,rphanley11372853120@mail.com,2007-08-14,32
ur79992943,umimelectr,umimelectr7999294329@moviefans.com,2013-04-02,32
ur62932643,wholelotta,wholelotta6293264310@moviefans.com,2000-08-19,58
ur123160938,Molly_flow,mollyflow12316093849@example.com,1991-12-27,42
ur93472140,dodsonhail,dodsonhail9347214054@example.com,2017-06-19,16
ur81789260,Dextronix,dextronix8178926081@mail.com,2006-11-07,22
ur22089895,HumbleMens,humblemens2208989511@imdbuser.net,2005-05-16,67
ur82298994,colinwii,colinwii8229899415@example.com,1999-12-25,58
ur60305531,solojere,solojere6030553150@example.com,1964-12-26,66
ur11401700,lucyedonal,lucyedonal1140170021@moviefans.com,2025-02-27,30
ur44295292,Carlsen-m,carlsenm4429529277@imdbuser.net,1946-11-23,79
ur180603679,trelaineit,trelaineit18060367933@example.com,2010-11-28,17
ur17085595,bettinak-1,bettinak11708559588@imdbuser.net,1991-05-09,75
ur23760057,thisninjan,thisninjan2376005747@mail.com,2016-09-06,37
ur35891031,masochlath,masochlath3589103110@example.com,2025-05-31,29
ur29152987,blogurious,blogurious2915298766@mail.com,2015-09-06,17
ur40215607,brin-t-mur,brintmur4021560720@imdbuser.net,1991-11-12,44
ur8939422,allenmck,allenmck893942294@imdbuser.net,2025-08-26,50
ur22383399,PanamaVegg,panamavegg2238339959@mail.com,2007-08-05,33
ur37824975,sambasa,sambasa3782497574@imdbuser.net,2015-07-07,40
ur7588462,kovalbhati,kovalbhati758846283@mail.com,1978-11-14,53
ur8263284,Pixie-Bell,pixiebell826328442@mail.com,1999-04-09,72
ur8787735,YourFamily,yourfamily878773566@imdbuser.net,1998-04-01,70
ur16416022,wolverines,wolverines1641602263@example.com,2004-06-21,57
ur20627580,ccvictim,ccvictim2062758018@imdbuser.net,1981-02-02,46
ur6549538,jeanieb-1,jeanieb1654953865@mail.com,2007-05-27,67
ur10079849,restin_him,restinhim1007984963@moviefans.com,1987-07-16,76
ur3172902,bruce-246,bruce246317290242@mail.com,1959-07-14,72
ur1076249,slapmonkey,slapmonkey107624948@moviefans.com,1996-10-20,55
ur4732215,deatman9,deatman9473221582@example.com,1958-10-19,68
ur15113019,tom_ashwel,tomashwel1511301914@imdbuser.net,1989-10-20,62
ur1752072,Gloucester,gloucester175207298@example.com,2023-05-18,15
ur29371999,thepinkrab,thepinkrab2937199968@imdbuser.net,2017-04-20,71
ur2264263,mrdonleone,mrdonleone226426386@imdbuser.net,2023-04-03,34
ur3570356,peanutismi,peanutismi357035681@moviefans.com,2008-02-26,19
ur0355380,DumaNV,dumanv035538036@example.com,2015-02-21,43
ur56319543,dominichar,dominichar5631954359@imdbuser.net,2012-04-25,34
ur0465941,clay_thomp,claythomp046594188@mail.com,1970-08-08,64
ur1596111,evilasahob,evilasahob159611189@moviefans.com,2017-03-22,27
ur41701982,Colin-630-,colin6304170198250@imdbuser.net,2008-05-30,24
ur5192133,johnsamo-1,johnsamo1519213343@example.com,1991-08-02,64
ur1931604,pensman,pensman193160447@example.com,2011-08-28,57
ur7030789,MoviePowel,moviepowel703078964@moviefans.com,2011-02-08,24
ur24036869,valeriesch,valeriesch2403686932@imdbuser.net,1999-12-03,33
ur26400585,triganomix,triganomix2640058577@imdbuser.net,2015-07-07,38
ur19666216,goldfishch,goldfishch1966621678@mail.com,1976-09-17,54
ur0812029,mattkratz,mattkratz081202919@example.com,2014-05-21,20
ur95927301,lizsears,lizsears9592730133@imdbuser.net,2021-10-04,43
ur11461686,krowley13,krowley131146168611@mail.com,2014-06-05,59
ur38456252,brandimari,brandimari3845625255@imdbuser.net,1988-12-11,79
ur0349803,Quetzl,quetzl034980375@example.com,1972-03-23,54
ur2163186,smartgggg,smartgggg216318614@mail.com,1995-02-17,44
ur28954744,zerlinde6,zerlinde62895474428@imdbuser.net,1974-04-02,76
ur37899950,fmilder-53,fmilder533789995095@moviefans.com,1948-10-01,78
ur8428854,ido50,ido50842885418@mail.com,2010-01-17,16
ur0090208,fsuplaya20,fsuplaya20009020899@moviefans.com,2011-04-11,22
ur128155465,onurwskix-,onurwskix12815546566@mail.com,1982-09-22,70
ur74577795,singhlall,singhlall7457779517@imdbuser.net,2001-02-25,29
ur49736621,Mitra5292,mitra52924973662177@mail.com,2024-08-28,47
ur8478074,CountJonni,countjonni847807469@example.com,2003-04-19,31
ur104515824,stavrou-87,stavrou8710451582452@moviefans.com,1962-09-25,66
ur1364118,mustangama,mustangama136411824@mail.com,2020-04-26,57
ur77789120,blakthndr,blakthndr7778912054@imdbuser.net,2025-01-14,32
ur0940824,jhendricks,jhendricks094082462@example.com,1959-12-17,70
ur0665608,pyewacket,pyewacket066560877@imdbuser.net,2012-01-07,16
ur1214949,jacksonblu,jacksonblu121494948@moviefans.com,2017-12-01,30
ur5079112,holdie,holdie507911229@mail.com,2022-03-13,16
ur0924119,adipocea,adipocea092411975@moviefans.com,2019-04-27,34
ur19279917,bklyn-boyl,bklynboyl1927991776@example.com,2023-10-04,52
ur17642277,LemonBlu,lemonblu1764227731@example.com,1980-04-21,47
ur65873093,dashtag123,dashtag1236587309361@imdbuser.net,2021-01-27,18
ur10491760,clanciai,clanciai1049176034@example.com,2022-01-23,32
ur47649903,mamasan41-,mamasan414764990365@imdbuser.net,1984-12-03,44
ur1455067,discogoth,discogoth145506790@imdbuser.net,2002-06-12,28
ur2778999,Reefmonkey,reefmonkey277899980@imdbuser.net,1968-12-28,59
ur2924868,rmiranda-1,rmiranda1292486837@moviefans.com,1987-07-15,77
ur3393932,GOTHdiamon,gothdiamon339393225@moviefans.com,2001-08-19,73
ur1894985,LadyCather,ladycather189498594@moviefans.com,2025-03-13,61
ur26497279,spacechick,spacechick2649727914@example.com,2018-12-29,31
ur1941633,janeybkla,janeybkla194163348@mail.com,1993-09-17,58
ur79268289,emmap76,emmap767926828937@mail.com,2005-05-28,55
ur59698190,KrisztiVan,krisztivan5969819049@mail.com,1968-09-01,67
ur123541963,Mr64Source,mr64source12354196344@imdbuser.net,1994-05-17,39
ur36555173,braincasua,braincasua3655517317@moviefans.com,1991-10-20,37
ur35346878,markwaldbc,markwaldbc3534687853@mail.com,2019-06-27,58
ur162720103,PartTimeCr,parttimecr16272010324@imdbuser.net,2023-01-26,20
ur3294948,Fitzy14,fitzy14329494854@mail.com,2014-01-03,22
ur6860225,catfishman,catfishman686022589@moviefans.com,2008-12-12,65
ur0774829,mannix-6,mannix6077482966@example.com,2003-10-08,51
ur17110975,thegreenbl,thegreenbl1711097518@example.com,1981-12-05,68
ur139555186,calekarr,calekarr13955518612@mail.com,2014-07-10,38
ur0973352,Stalwart M,stalwartm097335283@example.com,1982-02-21,63
ur0012295,ColeSear,colesear001229524@mail.com,1992-03-09,66
ur0785264,hooteninny,hooteninny078526487@imdbuser.net,2017-09-02,32
ur9635574,kizumigree,kizumigree963557430@example.com,2018-01-08,72
ur10658938,BellaBinx8,bellabinx81065893844@imdbuser.net,2021-12-24,36
ur1767777,CarstenKla,carstenkla176777782@imdbuser.net,2013-07-10,26
ur131934874,aveo-41372,aveo4137213193487434@example.com,2020-03-31,31
ur2779217,markmaloof,markmaloof277921746@moviefans.com,2004-07-15,67
ur5548358,vivalabamc,vivalabamc554835884@example.com,2012-01-20,14
ur59265736,RJBrez,rjbrez5926573626@example.com,2014-11-04,38
ur4527721,diogodiass,diogodiass452772110@imdbuser.net,2006-12-03,41
ur6539392,katie-joy,katiejoy653939246@example.com,2025-06-04,62
ur35205065,treakle_19,treakle193520506578@moviefans.com,2019-12-30,43
ur2693793,Organic_6,organic6269379394@example.com,2003-09-17,24
ur2124305,exa56,exa56212430561@example.com,1996-10-04,30
ur14095863,blueeyedbe,blueeyedbe1409586357@moviefans.com,2006-06-14,45
ur23328990,tylerkaise,tylerkaise2332899014@mail.com,2020-07-12,53
ur23077315,lilholik,lilholik2307731563@imdbuser.net,1959-11-17,69
ur13143896,goodguy-16,goodguy161314389644@example.com,1955-10-13,78
ur22816406,blackbriar,blackbriar2281640646@example.com,1982-06-19,57
ur0268177,TVfan,tvfan026817732@mail.com,1979-04-01,77
ur96237043,ifyogwude,ifyogwude9623704399@mail.com,2023-01-05,19
ur23063840,WHYeat,whyeat2306384080@mail.com,1975-04-06,71
ur23200831,mileycyrus,mileycyrus2320083171@example.com,1984-04-12,46
ur19778915,geoffgee,geoffgee1977891561@mail.com,2017-09-28,47
ur70113619,superhawk-,superhawk7011361911@example.com,2010-10-24,20
ur63010853,okie-22843,okie228436301085337@imdbuser.net,2014-05-15,30
ur19950728,jorgevigar,jorgevigar1995072870@imdbuser.net,2002-06-05,33
ur4947414,skcollob,skcollob494741426@moviefans.com,1996-08-23,34
ur80759957,jarenlyman,jarenlyman8075995748@imdbuser.net,1995-07-14,48
ur6460250,tbfalsenam,tbfalsenam646025090@mail.com,2018-05-30,61
ur8354964,belva0308,belva0308835496431@mail.com,2016-08-11,38
ur40679625,matthewlin,matthewlin4067962577@example.com,1969-10-01,60
ur45639836,sebasmendo,sebasmendo4563983633@example.com,2010-09-02,38
ur117516579,kapurkimay,kapurkimay11751657952@mail.com,1993-03-10,38
ur47953673,land-840-8,land84084795367382@mail.com,2025-01-02,40
ur46031289,mthessian,mthessian4603128976@example.com,2002-06-11,74
ur4115225,Rockcomput,rockcomput411522553@moviefans.com,2015-04-10,14
ur1931710,ajbo,ajbo193171040@mail.com,1980-03-15,48
ur6004497,terilynnbr,terilynnbr600449710@imdbuser.net,1996-03-09,36
ur30274405,ViernesTre,viernestre3027440571@example.com,2013-07-18,29
ur6961897,LeonardMal,leonardmal696189714@example.com,1971-05-24,70
ur6680844,losxn,losxn668084445@moviefans.com,1951-01-27,77
ur3798800,amrmriad,amrmriad379880048@example.com,2005-05-16,47
ur0443640,yarbles-2,yarbles2044364049@imdbuser.net,2007-03-25,42
ur1019268,erwan_tich,erwantich101926847@mail.com,2014-12-28,22
ur0220408,Sean Kerr,seankerr022040839@imdbuser.net,2010-07-20,16
ur1192062,David Elro,davidelro119206259@example.com,2023-04-11,13
ur0792453,Alea Intri,aleaintri079245356@imdbuser.net,2015-02-04,80
ur0378855,allyjack,allyjack037885573@mail.com,2010-09-17,15
ur2802336,jxmakela,jxmakela280233672@example.com,2013-04-05,13
ur0549192,Pam-61,pam61054919256@mail.com,2019-05-12,22
ur0157367,cbramwel,cbramwel015736715@imdbuser.net,1984-08-17,59
ur10329364,alexanderf,alexanderf1032936446@moviefans.com,2023-11-06,60
ur1414068,ladulaser,ladulaser141406827@moviefans.com,2018-03-08,62
ur171304768,nature_whi,naturewhi17130476894@mail.com,1999-04-19,56
ur3791417,sebastianh,sebastianh379141736@moviefans.com,1979-09-23,79
ur134836489,trentonbb,trentonbb13483648979@imdbuser.net,2014-01-07,18
ur4322195,jackalman2,jackalman2432219520@example.com,2004-06-01,41
ur7691589,mecha_meg,mechameg769158988@example.com,1989-07-03,75
ur0965427,beckmen,beckmen096542721@mail.com,2021-03-06,55
ur0089982,HarryWarde,harrywarde008998214@example.com,2021-09-08,14
ur11456061,JDizZle93,jdizzle931145606174@example.com,2018-07-04,25
ur7862707,mike_elsto,mikeelsto786270794@example.com,2020-12-04,79
ur77637195,catesa,catesa7763719540@moviefans.com,2012-07-02,28
ur5231034,loza-1,loza1523103455@imdbuser.net,2014-05-02,59
ur0326237,shinolah,shinolah032623746@example.com,2015-06-03,60
ur0823284,headly66,headly66082328414@mail.com,1995-01-14,58
ur20945239,sweetlittl,sweetlittl2094523942@moviefans.com,2012-10-23,26
ur5889240,vickie02sm,vickie02sm588924038@imdbuser.net,1989-12-24,73
ur3886401,jase_steve,jasesteve388640141@mail.com,2004-10-29,79
ur8353818,spj-4,spj4835381856@imdbuser.net,1986-06-04,65
ur0312240,brijess-2,brijess2031224096@moviefans.com,2018-07-18,24
ur0332926,Foggy-7,foggy7033292661@example.com,2023-01-04,34
ur2478400,ithearod,ithearod247840099@moviefans.com,2021-05-26,14
ur2860101,zooeyhall,zooeyhall286010149@mail.com,2024-09-27,49
ur6184519,r11e6s,r11e6s618451923@mail.com,2018-06-10,16
ur154268950,ohoholiver,ohoholiver15426895084@imdbuser.net,1968-08-13,76
ur6713364,evanky,evanky671336490@mail.com,2015-06-12,53
ur4356868,andreas-sc,andreassc435686844@moviefans.com,1984-07-06,78
ur99907711,guillevica,guillevica9990771116@mail.com,1987-11-13,61
ur3036239,GTinsdale,gtinsdale303623928@moviefans.com,2007-10-02,66
ur2923445,delcielo,delcielo292344570@example.com,2011-08-25,27
ur15377838,Bob_Zerunk,bobzerunk1537783889@mail.com,2005-08-21,37
ur9010140,dafoat,dafoat901014027@example.com,1971-05-30,69
ur6292030,eschmidt-3,eschmidt3629203045@imdbuser.net,2004-02-15,25
ur0162104,sydtech,sydtech016210483@imdbuser.net,1995-07-26,78
ur0349961,isabel-10,isabel10034996120@mail.com,2014-03-18,76
ur5099608,RARubin,rarubin509960827@moviefans.com,2015-01-04,65
ur0149264,subiaco,subiaco014926476@example.com,2018-04-07,34
ur2073584,mark-814,mark814207358441@example.com,1989-11-05,72
ur0416173,woodsie-4,woodsie4041617326@example.com,1991-12-27,71
ur10886307,squadmp,squadmp1088630721@mail.com,2003-10-28,55
ur2611017,the_wolf_i,thewolfi261101714@imdbuser.net,1990-12-10,61
ur22467289,Indifferen,indifferen2246728933@example.com,2008-09-22,32
ur16773950,draftdubya,draftdubya1677395084@example.com,2020-10-10,20
ur22053186,lefevre-tj,lefevretj2205318694@example.com,2005-08-12,46
ur4556088,jaffacake2,jaffacake2455608879@moviefans.com,1997-06-18,30
ur26573637,naff-sound,naffsound2657363750@mail.com,2020-01-23,13
ur24791951,lukebeauli,lukebeauli2479195191@mail.com,1989-09-16,41
ur25320274,listlessfu,listlessfu2532027488@moviefans.com,1995-02-12,45
ur21622546,shido-san,shidosan2162254636@moviefans.com,1970-06-26,79
ur24887253,erol9,erol92488725355@example.com,1973-07-25,61
ur1175198,rototwin,rototwin117519850@mail.com,2010-05-25,27
ur85194843,juniorbarr,juniorbarr8519484366@imdbuser.net,2002-01-04,49
ur0467197,aboriginee,aboriginee046719740@example.com,2019-11-13,45
ur0611611,jamie-109,jamie109061161164@example.com,2014-12-29,20
ur22983763,Tartoufos1,tartoufos12298376345@imdbuser.net,2007-02-06,56
ur59643290,jcbinok,jcbinok5964329098@imdbuser.net,2016-10-29,22
ur32860880,Jouford,jouford3286088056@moviefans.com,1957-05-06,69
ur2031198,LeightWins,leightwins203119826@moviefans.com,1994-03-21,50
ur0534010,stickman-6,stickman6053401039@moviefans.com,1974-07-20,54
ur0210209,Peres-2,peres2021020937@moviefans.com,2021-07-14,27
ur0737158,brendan_su,brendansu073715840@imdbuser.net,2002-10-10,28
ur2734934,eddieknock,eddieknock273493451@imdbuser.net,2022-10-07,58
ur51181843,btreakle,btreakle5118184386@mail.com,1999-10-04,54
ur0108501,JOE-166,joe166010850139@moviefans.com,2003-09-27,60
ur1038178,boulous,boulous103817848@mail.com,1987-12-17,41
ur0199844,70mm MAN,70mmman019984437@moviefans.com,2019-05-21,79
ur3954246,ytbufflo-1,ytbufflo1395424629@imdbuser.net,2007-07-22,45
ur1155175,apuluvmanj,apuluvmanj115517537@moviefans.com,2011-08-30,25
ur0419095,Acid-9,acid9041909585@example.com,1986-07-08,39
ur82852344,JamesMovie,jamesmovie8285234444@imdbuser.net,2001-04-23,78
ur3356756,jamesabutl,jamesabutl335675653@moviefans.com,2000-02-14,39
ur8388283,ricardovs2,ricardovs2838828339@example.com,1989-02-01,63
ur4261710,lightfeath,lightfeath426171022@moviefans.com,2020-09-02,33
ur0187610,Tom-216,tom216018761091@imdbuser.net,1976-06-17,52
ur1918532,auriferous,auriferous191853219@moviefans.com,1968-11-05,73
ur4871582,tchristen,tchristen487158219@moviefans.com,2025-05-25,54
ur3816886,smartfash,smartfash381688668@moviefans.com,1987-05-21,55
ur5212139,charlismor,charlismor521213927@imdbuser.net,2020-01-29,17
ur5156882,mjluk,mjluk515688268@moviefans.com,2022-05-13,80
ur4417069,Hitsuzen,hitsuzen441706950@moviefans.com,2003-02-02,28
ur0930393,nick-467,nick467093039322@mail.com,2003-07-28,34
ur0689990,jgrayson_a,jgraysona068999096@moviefans.com,2023-02-28,18
ur3426078,wxid,wxid342607899@imdbuser.net,2017-01-03,20
ur3645435,mandcharle,mandcharle364543584@imdbuser.net,2025-10-06,56
ur86024475,abdouli-98,abdouli988602447518@imdbuser.net,1962-12-15,63
ur1729423,amachalepi,amachalepi172942310@example.com,2015-04-26,57
ur61949234,wisemanton,wisemanton6194923427@imdbuser.net,1996-11-10,33
ur0495088,krankcolc,krankcolc049508819@example.com,1971-03-11,57
ur20875899,TopBrim,topbrim2087589960@moviefans.com,2024-06-05,65
ur5503713,SB100,sb100550371338@moviefans.com,2015-08-28,30
ur3523818,daviesuk,daviesuk352381845@mail.com,2017-07-19,24
ur0789527,dusted1,dusted1078952727@imdbuser.net,2001-07-17,49
ur0178287,patjam,patjam017828751@moviefans.com,2012-05-23,15
ur13471334,me_inc,meinc1347133427@mail.com,2019-05-10,15
ur12197883,toddy_aus,toddyaus1219788345@example.com,2025-11-14,23
ur3236901,rrigby19,rrigby19323690175@mail.com,1986-06-11,56
ur12280475,MadMaxiMum,madmaximum1228047537@imdbuser.net,2019-10-14,13
ur82465481,xherridea,xherridea8246548165@imdbuser.net,2001-09-22,24
ur13738282,BFitzhomey,bfitzhomey1373828241@imdbuser.net,2021-07-12,17
ur124770392,stefanozuc,stefanozuc12477039220@mail.com,2014-12-16,16
ur62488666,annette-20,annette206248866683@mail.com,2025-07-14,72
ur10015904,satinshoes,satinshoes1001590491@mail.com,2010-02-25,23
ur23374728,dude5568,dude55682337472831@mail.com,1999-01-07,67
ur20978524,natashka52,natashka522097852487@mail.com,2010-12-08,53
ur1506029,TalesfromT,talesfromt150602988@imdbuser.net,1962-12-09,67
ur28690077,westside-s,westsides2869007776@mail.com,2001-03-17,50
ur97417065,jeffreyc-3,jeffreyc39741706556@moviefans.com,2010-12-06,70
ur2035121,Taketsuo,taketsuo203512195@imdbuser.net,2018-02-19,14
ur10277229,voliveri,voliveri1027722969@example.com,2021-12-31,25
ur172959416,Kademan-02,kademan0217295941637@mail.com,1987-12-29,47
ur1201920,hellrider,hellrider120192062@example.com,2017-07-07,23
ur115591258,zacharymor,zacharymor11559125861@mail.com,2002-03-23,69
ur17739396,kino_rs,kinors1773939684@example.com,2021-12-16,26
ur17240373,jackiedlg,jackiedlg1724037361@example.com,2011-08-25,16
ur2108501,chipcoffey,chipcoffey210850191@mail.com,2023-09-25,65
ur9363429,dmschreib,dmschreib936342914@moviefans.com,2001-02-27,32
ur9140772,duffy-mn,duffymn914077238@moviefans.com,1988-10-03,58
ur3264305,A4refilpad,a4refilpad326430537@imdbuser.net,1991-04-12,61
ur6606501,daxdsnine,daxdsnine660650193@imdbuser.net,1992-11-21,33
ur3427769,saturnalia,saturnalia342776982@mail.com,2020-05-20,13
ur7117898,scwaller,scwaller711789849@mail.com,2013-01-05,25
ur8859351,e_v_lee,evlee885935172@example.com,2022-12-14,63
ur1332312,ScullyM,scullym133231258@moviefans.com,2011-01-17,31
ur4382313,pearlksp,pearlksp438231346@example.com,2010-11-06,22
ur6083323,xkatie_pea,xkatiepea608332343@imdbuser.net,2024-01-06,45
ur5146276,Vic_max,vicmax514627640@example.com,2013-03-21,39
ur0097641,Randi-5,randi5009764149@example.com,2016-02-25,25
ur3828252,ustinovqui,ustinovqui382825219@moviefans.com,2019-05-05,31
ur30956910,hakra1,hakra13095691013@example.com,2004-05-05,68
ur12103779,mariondown,mariondown1210377978@moviefans.com,2013-09-19,14
ur7581967,abhi-9,abhi9758196737@mail.com,1990-02-19,80
ur2017306,pgovil,pgovil201730639@moviefans.com,2009-10-15,51
ur1194061,heero-yuy,heeroyuy119406139@imdbuser.net,2001-03-05,60
ur12258070,wruzek,wruzek1225807063@moviefans.com,2019-03-15,33
ur1416696,editorbob,editorbob141669688@imdbuser.net,2017-08-04,31
ur2778946,hipriti,hipriti277894658@moviefans.com,2006-05-11,22
ur0141279,cashimor,cashimor014127915@imdbuser.net,2003-05-16,29
ur15010501,knh69,knh691501050179@mail.com,1951-05-11,79
ur43282851,philjeudy,philjeudy4328285159@imdbuser.net,1991-02-04,36
ur4379415,a_humble_m,ahumblem437941594@example.com,2012-10-26,26
ur3780566,Jazzy689,jazzy689378056650@example.com,2019-11-14,74
ur2438403,Deanna8799,deanna8799243840390@imdbuser.net,2016-12-28,71
ur2034298,eglaisher,eglaisher203429898@imdbuser.net,1971-03-25,71
ur2614107,NIXFLIX-DO,nixflixdo261410754@imdbuser.net,2023-08-18,29
ur2941222,freudella,freudella294122275@example.com,1997-03-31,65
ur2977994,mollymcn,mollymcn297799494@moviefans.com,2024-09-02,14
ur26076545,rdukeesq,rdukeesq2607654583@imdbuser.net,1970-07-17,57
ur3061617,gloryoaks,gloryoaks306161745@imdbuser.net,2016-11-13,75
ur3297354,belisanda,belisanda329735420@example.com,2012-10-22,61
ur18261944,patrick-sa,patricksa1826194414@mail.com,1997-01-16,64
ur1135228,deejtee,deejtee113522821@example.com,2023-07-21,18
ur4317477,soyarra-1,soyarra1431747784@example.com,2021-01-07,35
ur99749605,TMAuthor23,tmauthor239974960570@imdbuser.net,1989-07-10,52
ur127119800,phildeesno,phildeesno12711980038@moviefans.com,2020-10-30,19
ur126218167,rdmceagles,rdmceagles12621816743@example.com,1989-09-20,63
ur72167037,wendy-0115,wendy01157216703728@moviefans.com,2019-08-19,49
ur23385818,sami2005,sami20052338581877@mail.com,2015-11-23,39
ur64660299,olexawilli,olexawilli6466029947@imdbuser.net,1972-12-21,64
ur125773828,paulaharri,paulaharri12577382858@moviefans.com,2017-02-11,27
ur78300033,rmmil,rmmil7830003321@mail.com,2017-12-08,49
ur34706179,WalyGirl,walygirl3470617986@moviefans.com,1998-07-21,76
ur124617318,vjliberato,vjliberato12461731891@mail.com,1988-11-07,40
ur160632077,kieranward,kieranward16063207760@example.com,2008-05-22,47
ur42044067,cmalek98,cmalek984204406776@moviefans.com,2017-09-28,18
ur93982248,redskinrex,redskinrex9398224811@moviefans.com,2004-03-10,35
ur125910646,ntxuxtinz,ntxuxtinz12591064637@mail.com,1986-04-21,44
ur106599615,okpilak,okpilak10659961593@imdbuser.net,2024-08-07,42
ur191116468,ep_reviews,epreviews19111646877@mail.com,1955-09-17,75
ur26722106,MaryQuiteC,maryquitec2672210684@moviefans.com,2015-03-07,14
ur88019031,mombirdogc,mombirdogc8801903199@moviefans.com,2012-07-04,24
ur8120040,cool_cool_,coolcool812004033@moviefans.com,1998-07-16,44
ur71598083,jhmplopps,jhmplopps7159808399@mail.com,2023-01-28,24
ur54330302,rdamian196,rdamian1965433030291@moviefans.com,1986-01-31,58
ur3331347,JTMokko,jtmokko333134790@moviefans.com,2019-04-23,23
ur0759449,jkinnan,jkinnan075944913@imdbuser.net,1980-10-01,47
ur3304470,OtakuMegan,otakumegan330447013@example.com,1951-12-15,77
ur25140528,zarajasmin,zarajasmin2514052810@moviefans.com,2008-09-12,31
ur25349977,anngeewoo,anngeewoo2534997796@example.com,2014-03-22,30
ur16149226,mickeyblue,mickeyblue1614922643@example.com,1998-12-19,45
ur25415006,cg_angels,cgangels2541500642@example.com,1988-01-15,68
ur25109475,iluvskittl,iluvskittl2510947578@example.com,2019-07-01,30
ur53744707,denbra99,denbra995374470756@moviefans.com,1994-07-11,44
ur25245112,mcs-995-84,mcs995842524511210@imdbuser.net,2024-05-14,23
ur6365162,tdevereaux,tdevereaux636516224@mail.com,2018-04-27,15
ur18220218,thekyles99,thekyles991822021819@mail.com,2016-01-25,22
ur12869982,ThatsWhatT,thatswhatt1286998231@mail.com,2021-11-04,18
ur26325791,alyanna-fa,alyannafa2632579182@imdbuser.net,2008-06-27,59
ur1731672,cristobel_,cristobel173167297@example.com,2010-03-24,34
ur2219854,puckstoppe,puckstoppe221985424@mail.com,1985-01-24,75
ur0847280,Jen_UK,jenuk084728040@mail.com,1951-11-10,78
ur3032357,gpeevers,gpeevers303235799@mail.com,1988-03-11,64
ur0941510,kt_4eva,kt4eva094151056@mail.com,1955-05-07,80
ur146966264,lakewoodla,lakewoodla14696626482@imdbuser.net,2024-12-01,23
ur2521166,srne,srne252116655@imdbuser.net,2010-10-23,69
ur34772784,ellethekit,ellethekit3477278432@mail.com,2018-03-05,66
ur2324228,JedaiBesk,jedaibesk232422830@mail.com,2005-05-06,25
ur3190170,ties,ties319017086@mail.com,1986-05-31,64
ur73549791,johnfox-56,johnfox567354979122@mail.com,2003-01-09,35
ur2449062,ekeby,ekeby244906284@moviefans.com,2013-02-20,31
ur89236810,hoeinasow,hoeinasow8923681040@imdbuser.net,2021-06-28,16
ur1160056,christz,christz116005650@imdbuser.net,1979-06-01,78
ur131932327,dikinorman,dikinorman13193232751@moviefans.com,2012-09-26,38
ur7157945,calvintoro,calvintoro715794536@example.com,2019-03-07,35
ur185241421,bspypvzf,bspypvzf18524142117@mail.com,1982-09-06,50
ur61578123,bn229,bn2296157812394@moviefans.com,2010-12-18,29
ur74276022,swharton-4,swharton47427602238@mail.com,2023-11-29,52
ur57131642,thesims224,thesims2245713164274@example.com,1982-01-09,72
ur95955732,hjameswatt,hjameswatt9595573215@imdbuser.net,1974-08-16,52
ur58106024,DJWinston,djwinston5810602412@moviefans.com,2013-12-22,61
ur90638626,asmaalhart,asmaalhart9063862668@mail.com,2017-08-25,77
ur99851445,relddift,relddift9985144597@mail.com,2007-03-02,63
ur7224734,etslee,etslee722473431@imdbuser.net,2013-08-03,74
ur135362897,voluu,voluu13536289719@imdbuser.net,2003-10-12,35
ur70442387,css-89951,css899517044238791@example.com,1971-12-06,63
ur114727880,mitralli,mitralli11472788055@example.com,2011-04-29,27
ur43611937,ttimpp3,ttimpp34361193728@example.com,2005-09-15,53
ur1792753,johnrp-1,johnrp1179275321@moviefans.com,1991-09-19,71
ur27020970,dmlaspalut,dmlaspalut2702097066@example.com,2012-06-19,62
ur0039261,dogcow,dogcow003926138@example.com,2016-03-04,18
ur3211430,fruktfluga,fruktfluga321143090@moviefans.com,1998-02-20,74
ur63714011,editingitn,editingitn6371401152@example.com,1996-04-09,46
ur1899038,roy-c,royc189903857@imdbuser.net,2018-02-10,66
ur2941799,coach52,coach52294179968@mail.com,2017-04-12,20
ur4844627,ajoyce1va,ajoyce1va484462728@example.com,2006-04-22,27
ur4861224,TLGeer,tlgeer486122411@example.com,2012-05-28,14
ur4561038,tvega12004,tvega12004456103816@mail.com,2012-01-16,17
ur19466238,pk19652001,pk196520011946623853@example.com,2025-08-14,25
ur1249229,theittlegi,theittlegi124922989@mail.com,1972-09-29,74
ur0039375,carolfs,carolfs003937515@example.com,1981-07-18,76
ur17677651,penniwenin,penniwenin1767765168@mail.com,1976-04-20,53
ur4263319,iluvcards,iluvcards426331916@imdbuser.net,2009-01-24,40
ur27715791,dosbear,dosbear2771579113@mail.com,2022-08-12,30
ur4527622,djvan-1,djvan1452762293@mail.com,2015-02-09,14
ur34754869,thefunkytu,thefunkytu3475486995@mail.com,2024-11-02,62
ur1669759,the_other_,theother166975962@moviefans.com,1989-07-07,72
ur0761879,randy-142,randy142076187950@mail.com,2013-05-17,70
ur80468374,ahk-37714,ahk377148046837492@moviefans.com,1976-09-15,74
ur5200585,Konquest,konquest520058578@moviefans.com,2021-07-24,39
ur17154687,Tivanboven,tivanboven1715468761@mail.com,1995-08-26,43
ur0719526,ChrisBagle,chrisbagle071952687@imdbuser.net,1979-09-29,62
ur35220442,jarl-lk,jarllk3522044225@mail.com,2007-07-12,53
ur9898054,RoseNylan,rosenylan989805479@example.com,2008-07-12,72
ur102592617,alessandro,alessandro10259261735@example.com,2016-08-30,38
ur109877860,mikeiskorn,mikeiskorn10987786019@moviefans.com,2020-01-22,80
ur124164170,jannimuell,jannimuell12416417060@imdbuser.net,1999-06-28,32
ur68188430,louieshowe,louieshowe6818843086@moviefans.com,1997-05-02,34
ur103667918,mcummings-,mcummings10366791812@moviefans.com,1981-05-14,70
ur80644213,captcatfis,captcatfis8064421347@example.com,1986-02-28,50
ur57189960,colortheki,colortheki5718996048@moviefans.com,2011-09-29,25
ur66418476,matthewaco,matthewaco6641847659@moviefans.com,2011-12-20,21
ur72607046,goddessofw,goddessofw7260704622@example.com,2011-12-09,76
ur80511500,kirkstraig,kirkstraig8051150098@imdbuser.net,1976-10-21,61
ur61578711,rachelface,rachelface6157871160@imdbuser.net,2010-09-21,17
ur64359159,johnellswo,johnellswo6435915974@mail.com,1980-03-19,72
ur46519349,jaywensley,jaywensley4651934985@imdbuser.net,2012-08-12,27
ur11031990,nath_j_h,nathjh1103199078@mail.com,2002-10-19,35
ur5182421,roddick-1,roddick1518242159@mail.com,1981-10-14,50
ur65937280,DEPRESSEDc,depressedc6593728056@example.com,2007-09-27,30
ur2013259,Radon13,radon13201325963@imdbuser.net,2000-01-12,29
ur145760660,stay_in_yo,stayinyo14576066048@imdbuser.net,2012-09-07,59
ur106899347,bobinkofp,bobinkofp10689934771@example.com,2019-11-27,25
ur67936171,dave_hillm,davehillm6793617165@imdbuser.net,2021-02-17,31
ur34325058,clarestemp,clarestemp3432505824@mail.com,1967-11-22,68
ur42896307,Andaika,andaika4289630787@mail.com,2007-11-14,58
ur41202509,cnazcona,cnazcona4120250933@moviefans.com,2008-11-01,40
ur27009915,thierry_mo,thierrymo2700991538@mail.com,2012-04-07,29
ur42868669,selbycd,selbycd4286866941@moviefans.com,2015-04-09,25
ur42172450,ashley_ell,ashleyell4217245059@imdbuser.net,1992-08-01,71
ur36215896,discard001,discard0013621589622@mail.com,2016-09-13,17
ur37753959,iamtar,iamtar3775395935@imdbuser.net,2009-08-27,41
ur45917521,so_cute_gu,socutegu4591752110@imdbuser.net,2020-04-28,59
ur20391097,bahmanzade,bahmanzade2039109795@example.com,2019-06-25,50
ur42922980,cristinahu,cristinahu4292298024@mail.com,1988-12-20,75
ur25960962,akirkman10,akirkman102596096246@imdbuser.net,2001-10-07,41
ur9071598,dthorsen11,dthorsen11907159890@imdbuser.net,2014-03-15,49
ur3938489,the_scream,thescream393848932@imdbuser.net,2008-08-29,20
ur13318906,bmc1973,bmc19731331890679@imdbuser.net,1966-05-14,63
ur2707159,Libratsie,libratsie270715954@imdbuser.net,2021-06-09,63
ur0008670,KirkLaurel,kirklaurel000867041@imdbuser.net,1997-08-19,78
ur0303050,Tony-208,tony208030305025@imdbuser.net,1983-11-15,66
ur2514938,Remy_Azhar,remyazhar251493868@imdbuser.net,2004-06-10,76
ur78403034,collindavi,collindavi7840303454@mail.com,1997-12-07,46
ur3781579,redsophie,redsophie378157932@imdbuser.net,1978-08-28,53
ur26600119,shawn4004,shawn40042660011991@mail.com,2010-02-12,34
ur36288967,Mizbar,mizbar3628896752@moviefans.com,1979-07-22,69
ur146347922,bluejays-8,bluejays814634792223@imdbuser.net,1984-05-04,54
ur6204374,perlshop,perlshop620437498@mail.com,2021-01-13,13
ur6074412,astell-1,astell1607441275@mail.com,2015-08-28,32
ur23887214,exavia,exavia2388721472@mail.com,1998-08-17,67
ur27674631,abhishek20,abhishek202767463140@moviefans.com,2003-03-07,46
ur44704578,juffin777,juffin7774470457823@mail.com,1996-05-05,30
ur37780640,dan181818,dan1818183778064048@imdbuser.net,2020-03-19,71
ur89875200,xxxxxdarkm,xxxxxdarkm8987520051@moviefans.com,2001-02-15,60
ur28129161,pauhaa,pauhaa2812916194@imdbuser.net,2009-04-19,17
ur25378860,Lomax343,lomax3432537886045@moviefans.com,2005-03-05,61
ur66355076,miguelneto,miguelneto6635507625@imdbuser.net,2007-04-08,32
ur52750870,thisseatof,thisseatof5275087029@mail.com,2016-11-27,78
ur0708885,lthseldy1,lthseldy1070888528@moviefans.com,1998-05-03,49
ur3422221,inhisgrace,inhisgrace342222122@example.com,2016-03-07,26
ur4599330,srpremontr,srpremontr459933061@example.com,1987-06-14,46
ur2705218,pianys,pianys270521892@example.com,1957-04-16,70
ur1678308,emuir-1,emuir1167830813@example.com,1992-07-11,56
ur0841248,shahrad,shahrad084124896@mail.com,2010-03-26,66
ur2722648,WakingComa,wakingcoma272264883@moviefans.com,2003-04-29,77
ur0480923,andyetris,andyetris048092393@imdbuser.net,2012-05-24,56
ur1172866,ijozic,ijozic117286629@imdbuser.net,1994-02-03,79
ur1723318,AGood,agood172331859@example.com,1968-03-28,59
ur1230427,ikari135,ikari135123042726@imdbuser.net,2022-03-03,56
ur1677427,athies,athies167742745@moviefans.com,1983-03-12,55
ur2804497,jarkantt,jarkantt280449730@example.com,2015-01-26,58
ur13600705,Morning-st,morningst1360070555@mail.com,2007-11-27,19
ur1009029,skinnersmo,skinnersmo100902914@moviefans.com,1998-08-04,68
ur39890593,ogdendc,ogdendc3989059328@example.com,1982-10-27,60
ur0623187,larabeesla,larabeesla062318748@imdbuser.net,1992-08-08,55
ur0953270,impedio,impedio095327022@imdbuser.net,2012-03-09,18
ur2673732,Kazum,kazum267373290@moviefans.com,1982-09-11,43
ur59699358,bbjzilla,bbjzilla5969935834@imdbuser.net,1994-05-23,68
ur3294311,martine-12,martine12329431122@moviefans.com,2024-07-11,18
ur0202915,lix,lix020291536@moviefans.com,2017-01-05,33
ur51467016,gimili3979,gimili39795146701692@mail.com,2018-01-26,32
ur11215533,denis888,denis8881121553319@moviefans.com,2006-08-31,59
ur11315133,tedski2000,tedski20001131513376@mail.com,2024-10-02,16
ur1062091,wdawson222,wdawson222106209137@example.com,2015-11-29,59
ur0068459,RobW,robw006845947@moviefans.com,2001-12-07,24
ur2177391,kcslade,kcslade217739135@moviefans.com,2024-02-26,14
ur8795002,cossack52,cossack52879500255@moviefans.com,2019-04-18,19
ur0120557,eury,eury012055748@mail.com,2015-01-29,53
ur1811000,DemiMoorei,demimoorei181100084@example.com,1987-12-14,71
ur28438054,greekmuse,greekmuse2843805446@moviefans.com,2024-05-22,37
ur0294564,elcopy,elcopy029456494@imdbuser.net,1979-12-30,63
ur1907398,JAKastner,jakastner190739855@example.com,2019-09-14,19
ur3292812,mjaxelrad,mjaxelrad329281287@moviefans.com,1989-05-06,51
ur163769613,gabrielle-,gabrielle16376961375@mail.com,1976-06-04,73
ur4003402,jackster12,jackster12400340260@moviefans.com,2023-07-19,73
ur0372474,GEM-20,gem20037247484@mail.com,2012-12-21,59
ur0767809,artcatcms,artcatcms076780982@example.com,1997-04-30,37
ur2986505,That70sHei,that70shei298650527@moviefans.com,2016-07-31,18
ur13441158,torillafac,torillafac1344115828@example.com,2019-05-27,79
ur2222623,gcrokus,gcrokus222262389@example.com,2017-12-21,71
ur2809339,Will_Scarl,willscarl280933911@moviefans.com,1987-02-04,57
ur18127474,wheelofhaw,wheelofhaw1812747411@mail.com,2002-02-12,57
ur5169475,Theshapesh,theshapesh516947574@imdbuser.net,1997-06-01,57
ur69939370,martinblac,martinblac6993937065@moviefans.com,2018-03-20,36
ur146326031,lappins-68,lappins6814632603129@example.com,1999-05-15,71
ur21538305,eamonn-19,eamonn192153830533@mail.com,1994-12-26,32
ur34790048,movieman6-,movieman63479004855@example.com,1968-02-18,64
ur2236818,dloft59,dloft59223681826@example.com,2020-08-22,69
ur40607692,jhwaldo,jhwaldo4060769297@example.com,1990-09-15,63
ur60027662,WatchAndSm,watchandsm6002766267@example.com,2010-04-16,48
ur39011812,TejasLiber,tejasliber3901181253@example.com,2003-12-14,30
ur1471451,jeklor,jeklor147145160@imdbuser.net,1969-09-04,67
ur48965146,bucojuco44,bucojuco444896514625@example.com,2011-01-30,61
ur2154134,GOWBTW,gowbtw215413438@moviefans.com,1953-05-18,72
ur0914045,kcrawford,kcrawford091404550@moviefans.com,1991-12-26,43
ur0697652,bluestylus,bluestylus069765279@imdbuser.net,1970-03-20,80
ur12325639,sajacoff,sajacoff1232563993@mail.com,2006-09-29,23
ur0325649,TexVanWink,texvanwink032564997@imdbuser.net,1985-09-23,57
ur24444783,stau9846,stau98462444478378@mail.com,2019-05-05,43
ur1949584,dr71956,dr71956194958411@moviefans.com,2004-09-18,39
ur0832569,jnkline,jnkline083256980@moviefans.com,2005-06-18,75
ur136864139,fangel-317,fangel31713686413972@imdbuser.net,2012-11-09,21
ur124323139,christinal,christinal12432313975@mail.com,2005-01-18,23
ur43607269,siobhanhar,siobhanhar4360726956@mail.com,2013-07-24,25
ur57728652,ollaroncoo,ollaroncoo5772865252@example.com,2012-11-03,14
ur11566114,mlaimlai2,mlaimlai21156611483@mail.com,2005-10-18,33
ur62167387,judderwock,judderwock6216738759@example.com,1987-03-16,54
ur62573404,casealessa,casealessa6257340464@moviefans.com,1967-12-30,80
ur24951456,HorrorOver,horrorover2495145624@imdbuser.net,2025-10-18,21
ur76518756,lanycera,lanycera7651875647@moviefans.com,1991-09-29,68
ur64428945,dex_k-1079,dexk10796442894588@mail.com,2010-06-26,41
ur36486459,cokezero99,cokezero993648645988@mail.com,2008-04-13,41
ur46621172,gil-roitto,gilroitto4662117270@moviefans.com,1992-08-07,63
ur1869565,veemoffa,veemoffa186956531@example.com,2005-04-27,63
ur1444942,birkland,birkland144494285@imdbuser.net,2006-08-07,26
ur10528201,patrick-gr,patrickgr1052820194@example.com,2013-11-16,70
ur1213416,Leparsdon,leparsdon121341646@imdbuser.net,2024-05-09,15
ur0769585,wardkay,wardkay076958540@mail.com,2018-11-12,73
ur1953247,dhaufrect,dhaufrect195324770@mail.com,2006-06-16,70
ur71061393,marm-56231,marm562317106139350@mail.com,1994-03-04,41
ur1879187,r-provenca,rprovenca187918792@example.com,1993-07-27,38
ur49286047,jimandkent,jimandkent4928604782@example.com,1984-05-07,64
ur103769742,motlryan,motlryan10376974278@example.com,2007-10-02,22
ur70530475,Metaflix,metaflix7053047580@mail.com,2007-04-23,28
ur105800348,jlau10110,jlau1011010580034877@mail.com,1994-11-29,67
ur70246667,Icecreambe,icecreambe7024666733@imdbuser.net,1983-03-14,60
ur9697358,cjvornhede,cjvornhede969735850@example.com,2014-12-04,17
ur152388340,CoopertheB,coopertheb15238834074@moviefans.com,2021-04-06,16
ur1132284,gorwell777,gorwell777113228418@moviefans.com,2015-06-07,29
ur4771543,tnkcool,tnkcool477154364@mail.com,2001-12-08,70
ur1253502,wezzel,wezzel125350213@moviefans.com,2019-12-05,30
ur1508904,amyldahlia,amyldahlia150890496@mail.com,2007-06-30,25
ur9384698,ajnanou,ajnanou938469855@moviefans.com,1999-06-12,60
ur1505915,glovescats,glovescats150591541@imdbuser.net,2015-10-08,32
ur0552650,Kirstin-2,kirstin2055265011@example.com,1992-09-27,65
ur64691570,devilsmaid,devilsmaid6469157054@mail.com,1974-04-16,67
ur95372279,pizzadogst,pizzadogst9537227942@moviefans.com,2002-06-30,28
ur1277888,smfarnswor,smfarnswor127788843@example.com,2020-05-22,60
ur1129899,Lord Onim,lordonim112989958@mail.com,2014-02-11,18
ur0440724,Starrman-3,starrman3044072455@moviefans.com,1969-08-02,61
ur1733558,trgusa,trgusa173355886@mail.com,1961-04-03,73
ur3075137,Ruc_A_Buc,rucabuc307513728@imdbuser.net,1994-12-07,50
ur4533836,daveb6575,daveb6575453383667@moviefans.com,1986-02-20,52
ur3657344,dtremaine,dtremaine365734496@moviefans.com,2007-12-20,49
ur81541433,slochmille,slochmille8154143356@moviefans.com,2017-10-18,18
ur2893856,johnbits,johnbits289385691@imdbuser.net,1988-02-01,60
ur8104510,wanderingp,wanderingp810451078@moviefans.com,1949-03-01,78
ur0352799,Strider-10,strider10035279940@moviefans.com,2013-08-02,46
ur0519198,leliorisen,leliorisen051919872@mail.com,1975-01-12,57
ur4434500,sochoi23,sochoi23443450024@imdbuser.net,2012-11-13,32
ur13997166,madcardina,madcardina1399716699@example.com,2012-03-20,64
ur1547132,swmyers,swmyers154713294@example.com,2014-03-21,18
ur0342560,igor-29,igor29034256033@imdbuser.net,1985-08-02,60
ur22662090,Cinematheq,cinematheq2266209028@example.com,1993-07-18,43
ur5035222,nolarobert,nolarobert503522254@moviefans.com,2019-01-19,52
ur4149665,RobiCher,robicher414966541@moviefans.com,2014-11-07,66
ur1775098,magdillane,magdillane177509861@imdbuser.net,2010-11-05,18
ur5177324,klingic-1,klingic1517732430@mail.com,2015-05-15,54
ur9904155,skimberley,skimberley990415525@moviefans.com,1990-02-06,57
ur86934003,genehenson,genehenson8693400384@imdbuser.net,2007-02-19,21
ur3661743,emp32,emp32366174336@moviefans.com,2000-01-08,64
ur4160180,treedcub,treedcub416018098@imdbuser.net,1989-07-13,62
ur112572685,dvlbr,dvlbr11257268531@example.com,2016-04-27,29
ur3733050,rustypics,rustypics373305051@imdbuser.net,2015-08-15,30
ur3957278,ociopia,ociopia395727866@imdbuser.net,1997-11-25,80
ur4325564,dc_follies,dcfollies432556469@example.com,1997-03-18,78
ur20748539,swtnria,swtnria2074853927@example.com,1985-03-19,62
ur1257473,dingus333,dingus333125747336@mail.com,2011-11-19,36
ur0337430,Philo-19,philo19033743093@moviefans.com,1999-11-03,57
ur3860711,Arcturus19,arcturus19386071128@moviefans.com,2021-04-07,14
ur46402685,erroll1707,erroll17074640268575@example.com,1983-05-11,51
ur15720849,mablekos,mablekos1572084960@example.com,1985-12-03,46
ur15971546,thefolenan,thefolenan1597154692@example.com,2008-06-12,18
ur32374143,Mindu15,mindu153237414399@imdbuser.net,2003-04-07,37
ur10505312,CowherPowe,cowherpowe1050531227@mail.com,1982-01-04,54
ur35235050,sujanfaste,sujanfaste3523505044@example.com,1974-12-03,76
ur9344916,a_sad_cow,asadcow934491687@mail.com,1968-12-07,61
ur57758357,rafay-01,rafay015775835778@moviefans.com,2001-05-03,55
ur28803950,qevindee,qevindee2880395036@mail.com,1971-11-30,55
ur157563762,klindon-38,klindon3815756376277@imdbuser.net,1994-01-14,69
ur48279852,brentcolly,brentcolly4827985220@mail.com,1982-03-03,68
ur3407004,rutan07,rutan07340700449@moviefans.com,2001-04-18,31
ur8060358,high_volta,highvolta806035837@example.com,2016-02-04,16
ur0788981,GoonerMan,goonerman078898199@example.com,1978-07-13,80
ur7004152,raidbers,raidbers700415229@moviefans.com,1973-11-09,76
ur4261693,zwei,zwei426169352@mail.com,2003-08-17,44
ur4952498,jcrap,jcrap495249865@moviefans.com,2013-02-04,13
ur19743132,stabb666,stabb6661974313217@moviefans.com,2020-11-11,18
ur20069134,katari24,katari242006913431@imdbuser.net,2013-02-06,50
ur139689817,freethinki,freethinki13968981773@imdbuser.net,1967-03-02,72
ur0636067,belroth,belroth063606724@mail.com,2009-11-02,21
ur16220678,mbbilbo,mbbilbo1622067837@imdbuser.net,2017-04-01,31
ur4636923,ERasmussen,erasmussen463692373@moviefans.com,2008-08-28,63
ur4158766,crisperidg,crisperidg415876661@imdbuser.net,2022-06-05,31
ur60208128,omsn-59450,omsn594506020812842@example.com,1983-12-25,56
ur1112913,williamkno,williamkno111291339@imdbuser.net,2011-01-11,46
ur16369046,byzyman,byzyman1636904666@mail.com,2023-09-29,25
ur34239996,mylkione,mylkione3423999679@moviefans.com,2020-03-02,32
ur4580657,kenneththa,kenneththa458065774@example.com,2019-09-14,14
ur0887259,gts-3,gts3088725924@example.com,2000-02-18,51
ur12147464,metallikat,metallikat1214746491@mail.com,1989-01-05,67
ur0183865,Mark-192,mark192018386539@moviefans.com,1997-03-27,29
ur4885939,kwhuneycut,kwhuneycut488593962@imdbuser.net,2012-09-20,57
ur1741777,johanbenes,johanbenes174177793@example.com,2008-07-15,75
ur2581014,bbr00ks,bbr00ks258101427@moviefans.com,2016-05-05,72
ur2127563,kevlar991,kevlar991212756393@example.com,2021-03-11,22
ur4381000,jim-messen,jimmessen438100078@mail.com,2002-11-28,76
ur1234654,Nuclearcow,nuclearcow123465470@mail.com,1988-11-22,74
ur8437798,Reddragon_,reddragon843779897@mail.com,2006-01-26,75
ur0835000,Lagniappe,lagniappe083500061@moviefans.com,2012-02-02,40
ur77028755,laylastepf,laylastepf7702875553@example.com,1994-12-11,45
ur7291404,pongup,pongup729140491@mail.com,2011-03-25,29
ur9956214,Crannicus_,crannicus995621462@mail.com,2018-02-20,72
ur0360438,Drooch,drooch036043864@imdbuser.net,1967-06-08,67
ur2148935,frankenben,frankenben214893584@imdbuser.net,1957-06-18,74
ur0108552,EYEboy,eyeboy010855228@imdbuser.net,2013-11-07,13
ur98983989,tkatsoufri,tkatsoufri9898398954@example.com,2023-12-05,30
ur6129622,aliceboy,aliceboy612962256@moviefans.com,1994-11-09,38
ur0888830,nqure,nqure088883088@moviefans.com,2024-09-26,15
ur0310237,Paul-250,paul250031023747@example.com,2024-07-27,73
ur1336038,ccbc,ccbc133603812@example.com,2003-02-14,78
ur0110044,jmat,jmat011004459@mail.com,1982-06-08,43
ur1059880,cathcacr,cathcacr105988026@moviefans.com,2008-04-13,34
ur15304230,rsternesq,rsternesq1530423081@imdbuser.net,2018-10-23,59
ur5166718,annhartnet,annhartnet516671894@imdbuser.net,2021-10-20,15
ur133544262,adxpitz,adxpitz13354426294@example.com,2019-06-25,18
ur1530907,poe426,poe426153090731@imdbuser.net,1970-01-11,77
ur10895847,linannh,linannh1089584740@moviefans.com,2016-01-27,64
ur20269228,bt-wells99,btwells992026922843@example.com,2011-01-22,32
ur7130745,MrFunktast,mrfunktast713074568@moviefans.com,2005-03-25,33
ur20371786,paul-purwi,paulpurwi2037178662@example.com,2014-05-16,26
ur4513895,sblenkharn,sblenkharn451389553@mail.com,1971-03-29,71
ur19752640,joosia,joosia1975264090@imdbuser.net,1971-09-06,68
ur2846654,kourgon,kourgon284665444@mail.com,2016-02-20,21
ur41264119,pash46,pash464126411996@imdbuser.net,1987-01-09,54
ur21819041,RickHarvey,rickharvey2181904199@mail.com,1982-10-17,63
ur2874199,mjbridges8,mjbridges8287419988@mail.com,1995-12-19,65
ur113068811,sororos,sororos11306881137@imdbuser.net,2013-01-06,60
ur4789580,royalbluem,royalbluem478958081@moviefans.com,2025-04-24,13
ur69727284,Tricycl,tricycl6972728459@example.com,1998-01-26,32
ur3566365,skiprodger,skiprodger356636526@imdbuser.net,2009-07-08,17
ur154045084,arslankm,arslankm15404508469@mail.com,1999-09-02,38
ur4897989,d4rk3v1L,d4rk3v1l489798942@mail.com,2018-02-22,48
ur24962814,luciamap,luciamap2496281486@mail.com,2001-02-14,26
ur62148138,magicshado,magicshado6214813862@example.com,2021-02-11,48
ur0831402,dbrookfiel,dbrookfiel083140215@example.com,1987-03-06,56
ur2856874,jayhharris,jayhharris285687498@moviefans.com,1989-12-27,42
ur5350953,robert-tem,roberttem535095362@moviefans.com,2013-10-16,17
ur19648580,patsworld,patsworld1964858065@moviefans.com,2009-12-14,17
ur38011481,Treyroo,treyroo3801148164@mail.com,2001-09-14,52
ur98213682,MoalefSaja,moalefsaja9821368273@example.com,2017-12-28,15
ur29274177,kez0,kez02927417778@moviefans.com,1994-08-02,64
ur24894420,BigBudde,bigbudde2489442055@moviefans.com,2020-04-17,43
ur44899770,tmans713,tmans7134489977055@moviefans.com,1993-05-13,63
ur0453162,marq-5,marq5045316243@mail.com,1979-09-29,55
ur22995121,ashi-lance,ashilance2299512187@mail.com,2016-12-02,29
ur0115633,dr. gonzo,drgonzo011563321@mail.com,1972-12-15,65
ur0354639,Allen-27,allen27035463962@moviefans.com,2025-08-05,66
ur2075050,keefy-d,keefyd207505027@mail.com,1968-07-11,71
ur2531610,RobertF87,robertf87253161098@moviefans.com,2018-09-20,15
ur0842708,fushnicken,fushnicken084270868@example.com,1991-04-18,66
ur0625572,Anners,anners062557268@mail.com,2021-03-06,65
ur0229361,LauraD-2,laurad2022936152@mail.com,1993-07-12,59
ur6805148,athena24,athena24680514839@moviefans.com,1996-01-09,75
ur2387459,danerwaner,danerwaner238745985@example.com,2006-05-15,68
ur31761548,Burowski,burowski3176154824@moviefans.com,2006-02-27,23
ur13795593,sheltonemm,sheltonemm1379559333@mail.com,1983-12-11,75
ur22098994,florisklav,florisklav2209899498@mail.com,2001-12-15,36
ur52168548,rorymarsh0,rorymarsh05216854864@imdbuser.net,1972-09-12,66
ur54132121,rayan14161,rayan141615413212187@imdbuser.net,2015-07-20,26
ur1475154,mediatext,mediatext147515428@mail.com,2020-03-13,64
ur0283074,Fudge-3,fudge3028307442@moviefans.com,1976-07-10,63
ur57648468,briner8397,briner83975764846826@imdbuser.net,2001-05-02,46
ur20988789,littlemank,littlemank2098878926@imdbuser.net,2017-01-06,17
ur24133817,dbwilyumz,dbwilyumz2413381719@imdbuser.net,2024-07-16,13
ur22283965,clarkj-565,clarkj5652228396536@mail.com,1994-10-15,37
ur0826131,mlkofkim,mlkofkim082613193@moviefans.com,1999-10-31,40
ur0618012,krkemp,krkemp061801275@example.com,1995-11-02,58
ur22850528,luisguille,luisguille2285052850@moviefans.com,1988-12-23,50
ur2436064,marcuskent,marcuskent243606482@example.com,2018-06-02,23
ur4457535,megoobee,megoobee445753525@imdbuser.net,1981-06-10,44
ur0088936,Jakeroo,jakeroo008893631@example.com,1981-01-27,55
ur0585911,mcgee4468,mcgee4468058591115@mail.com,2024-04-05,15
ur2233414,Retrotech1,retrotech1223341478@mail.com,2007-11-23,20
ur1580515,Lindsay424,lindsay424158051545@mail.com,1973-08-18,71
ur66236069,umichjal,umichjal6623606938@example.com,2014-10-18,74
ur77772333,emily-3423,emily34237777233376@example.com,2024-01-15,70
ur49490106,veryape-88,veryape884949010662@example.com,2015-06-17,18
ur163335122,salemzin,salemzin16333512255@moviefans.com,1978-11-27,47
ur78955165,rchlmcg,rchlmcg7895516545@example.com,2024-06-17,40
ur14093806,Lawman_05,lawman051409380646@mail.com,2020-10-28,16
ur1985280,BlackX,blackx198528056@mail.com,2025-11-03,29
ur120086554,mokaeonyej,mokaeonyej12008655435@moviefans.com,2016-07-11,59
ur19720242,kyle-cruse,kylecruse1972024279@example.com,2021-05-09,63
ur8183133,thrwmbsbgk,thrwmbsbgk818313341@example.com,1984-11-22,73
ur5193064,schmimic,schmimic519306415@example.com,1966-05-14,65
ur1260386,v_kumar3@y,vkumar3y126038668@example.com,2020-09-26,15
ur35386779,rahul-rdth,rahulrdth3538677985@mail.com,1999-12-28,32
ur2751930,PurpleReig,purplereig275193048@example.com,1992-07-11,48
ur1062871,noelcox,noelcox106287188@mail.com,2003-03-27,42
ur2892211,gibbog,gibbog289221183@moviefans.com,2024-01-30,25
ur86864189,max-frank,maxfrank8686418966@example.com,2006-01-29,35
ur101781154,lukearons,lukearons10178115461@mail.com,2025-12-08,74
ur1365302,john_oneil,johnoneil136530288@imdbuser.net,1993-02-19,55
ur79747121,ashidakim,ashidakim7974712154@imdbuser.net,1964-09-09,76
ur22971325,ANastyGori,anastygori2297132547@mail.com,2020-07-31,35
ur0753490,ptcommish,ptcommish075349027@mail.com,2004-06-12,29
ur44188737,AlphaBravo,alphabravo4418873734@mail.com,1967-11-18,72
ur0893561,archyon,archyon089356161@moviefans.com,1991-09-06,36
ur9778026,frankgelle,frankgelle977802638@moviefans.com,2014-03-01,14
ur66501971,tonosov-51,tonosov516650197155@imdbuser.net,2014-05-17,39
ur5215248,FutureLege,futurelege521524848@moviefans.com,2019-06-19,53
ur1696172,oahumom,oahumom169617253@imdbuser.net,1990-01-13,54
ur3532007,Fruityloop,fruityloop353200769@moviefans.com,2004-09-08,32
ur5467769,trojans7,trojans7546776997@moviefans.com,2022-08-16,13
ur11216674,imdb-com-5,imdbcom51121667436@moviefans.com,2009-02-21,22
ur18915420,MoronUnite,moronunite1891542098@mail.com,2003-12-01,52
ur69168100,sylviakenl,sylviakenl6916810024@mail.com,2018-07-08,74
ur18087575,utahman197,utahman1971808757593@mail.com,1970-05-26,75
ur155428828,wilburburn,wilburburn15542882841@mail.com,2010-07-26,17
ur0456156,Foopy-2,foopy2045615640@imdbuser.net,1977-10-18,58
ur154571053,ksha-21560,ksha2156015457105375@imdbuser.net,1992-08-22,67
ur2565039,msegvic,msegvic256503982@moviefans.com,2015-02-05,43
ur7976498,YellowManR,yellowmanr797649862@example.com,2020-10-09,40
ur40565212,Climinator,climinator4056521277@example.com,2002-01-10,42
ur28538918,zurnd,zurnd2853891816@imdbuser.net,2019-08-17,43
ur0637629,andre-71,andre71063762962@moviefans.com,2020-10-23,47
ur2695250,shrubbmeis,shrubbmeis269525077@moviefans.com,1987-06-14,62
ur0131959,2bucBil,2bucbil013195963@mail.com,1999-07-03,45
ur1847912,robespierr,robespierr184791236@moviefans.com,2014-10-10,56
ur53918492,coreyjdenf,coreyjdenf5391849257@imdbuser.net,2008-07-07,21
ur71014221,tomfunke-2,tomfunke27101422137@moviefans.com,2019-07-15,32
ur38031269,destinychr,destinychr3803126959@imdbuser.net,2023-01-10,42
ur67536200,aaronillus,aaronillus6753620019@example.com,1999-04-03,40
ur68537482,xmdbx,xmdbx6853748277@imdbuser.net,1997-05-22,31
ur54972004,tvoth88,tvoth885497200430@example.com,2016-05-16,74
ur22344839,esgaril,esgaril2234483944@mail.com,2012-05-14,15
ur71098323,zakward-81,zakward817109832319@mail.com,2021-02-28,17
ur27776093,tjgoalie13,tjgoalie132777609310@moviefans.com,1998-07-03,41
ur0173361,Tom-207,tom207017336179@moviefans.com,2019-11-01,15
ur0689563,fedtho,fedtho068956399@mail.com,2016-03-08,13
ur0470000,bliss66,bliss66047000038@mail.com,2019-01-02,55
ur82519306,krakgal,krakgal8251930658@example.com,1994-03-26,55
ur1907146,jesdunk,jesdunk190714638@example.com,1971-10-04,64
ur0801553,drvannostr,drvannostr080155395@moviefans.com,2025-06-29,13
ur2036478,DavQuigs,davquigs203647836@mail.com,1985-09-27,50
ur4089667,Jthomas108,jthomas108408966796@imdbuser.net,2010-01-07,28
ur0142064,bkimbler,bkimbler014206451@mail.com,2005-02-04,23
ur5083302,johnny-dep,johnnydep508330299@example.com,2008-03-18,29
ur5304489,icegini,icegini530448961@imdbuser.net,1967-03-07,79
ur0120321,marcfleury,marcfleury012032184@example.com,2005-05-29,30
ur4900045,anabelei,anabelei490004535@example.com,1972-10-15,80
ur0446634,Clive-Sila,clivesila044663478@moviefans.com,1975-12-14,80
ur0898373,Truman_Bur,trumanbur089837321@moviefans.com,2016-09-28,21
ur0477217,Oliver-50,oliver50047721780@example.com,1975-12-29,50
ur0161638,mattt8,mattt8016163843@imdbuser.net,2002-05-19,55
ur2087663,FellowMovi,fellowmovi208766398@imdbuser.net,1982-09-09,62
ur24095023,zhennis,zhennis2409502321@imdbuser.net,2022-09-09,22
ur0126378,Bishoptrue,bishoptrue012637883@mail.com,2020-06-02,20
ur2730808,rbischoff,rbischoff273080899@example.com,1972-06-12,77
ur0420084,RAY-130,ray130042008463@mail.com,2023-11-14,28
ur0313186,yenlo,yenlo031318693@mail.com,1981-01-16,53
ur1414498,Mark Price,markprice141449818@example.com,2003-07-03,28
ur70886914,chianimiki,chianimiki7088691486@moviefans.com,2022-07-27,46
ur2211319,irishcoffe,irishcoffe221131991@imdbuser.net,2002-05-16,56
ur3375665,widescreen,widescreen337566592@moviefans.com,2015-04-04,66
ur1857324,Johnny_Boy,johnnyboy185732418@moviefans.com,2010-12-03,69
ur3309117,tmifune,tmifune330911711@imdbuser.net,1991-08-16,74
ur119436866,writespriv,writespriv11943686676@mail.com,1999-06-21,59
ur22487945,adamkustur,adamkustur2248794519@mail.com,2002-09-11,33
ur21678847,kim_vander,kimvander2167884761@moviefans.com,2018-01-16,18
ur33419796,lungdiaphr,lungdiaphr3341979689@moviefans.com,2009-03-04,25
ur59498235,LilyDeSilv,lilydesilv5949823552@moviefans.com,2004-06-08,72
ur10490545,parsonm2,parsonm21049054595@moviefans.com,1952-09-06,77
ur33124824,stormiepsy,stormiepsy3312482485@mail.com,1999-08-19,31
ur43644336,Lambysalam,lambysalam4364433639@moviefans.com,2003-12-23,56
ur8505969,leannamix,leannamix850596942@example.com,1990-08-10,51
ur4841956,jimel98,jimel98484195620@mail.com,2018-07-15,39
ur1170207,tezhowes,tezhowes117020770@mail.com,2024-01-12,19
ur40224551,takeawayda,takeawayda4022455157@mail.com,2024-07-28,14
ur6777539,damienw192,damienw192677753912@imdbuser.net,2017-08-07,46
ur9511867,mike-3239,mike3239951186727@mail.com,2020-10-05,41
ur3139513,magicmtnda,magicmtnda313951376@imdbuser.net,2020-11-25,13
ur1039688,shadowbass,shadowbass103968825@imdbuser.net,1953-03-30,73
ur0066193,largeGROUC,largegrouc006619375@moviefans.com,2002-05-03,63
ur137124073,mas-09881,mas0988113712407317@moviefans.com,2025-10-08,18
ur0657462,tomntempe,tomntempe065746274@moviefans.com,1958-04-22,69
ur3908973,stephaniew,stephaniew390897332@example.com,2013-08-07,63
ur0600152,ajrcomp,ajrcomp060015292@imdbuser.net,2022-02-08,32
ur0488362,icepack79,icepack79048836260@imdbuser.net,2003-02-24,40
ur5796546,rivenrock,rivenrock579654641@mail.com,1986-06-01,47
ur0073236,Randy_Neil,randyneil007323623@moviefans.com,1973-02-05,59
ur0308545,MSusimetsa,msusimetsa030854545@mail.com,1964-07-14,67
ur0137386,Mirjam,mirjam013738667@moviefans.com,2021-04-29,29
ur7266130,katiekeene,katiekeene726613089@mail.com,1996-12-11,31
ur4431678,Ham_and_Eg,hamandeg443167887@example.com,1980-10-03,61
ur0435821,richy29,richy29043582115@mail.com,1990-09-18,78
ur0900034,yogalandau,yogalandau090003422@imdbuser.net,2008-11-27,78
ur10006717,cataclyzm6,cataclyzm61000671772@moviefans.com,2005-03-14,57
ur75168728,ankurmangl,ankurmangl7516872823@mail.com,2009-10-15,32
ur1743094,ShrinkStev,shrinkstev174309447@imdbuser.net,2002-01-21,34
ur0376242,stephan-17,stephan17037624217@mail.com,2025-03-05,41
ur2582790,Shane_7777,shane7777258279070@moviefans.com,2024-10-18,48
ur5068589,tcampbell7,tcampbell7506858987@imdbuser.net,1996-12-03,59
ur62211059,nicolettak,nicolettak6221105945@mail.com,2003-05-13,68
ur28323222,KissMyAss3,kissmyass32832322256@example.com,2017-09-18,37
ur44884524,andraxone,andraxone4488452455@example.com,1987-02-05,54
ur27294036,drwhochick,drwhochick2729403698@moviefans.com,1983-07-19,77
ur8593895,ohiramine,ohiramine859389595@imdbuser.net,1987-11-25,44
ur82446066,valentinos,valentinos8244606611@example.com,2021-07-25,18
ur54433944,freecss-fa,freecssfa5443394460@mail.com,1987-06-24,58
ur62134209,sneakyla-6,sneakyla66213420987@moviefans.com,1991-03-05,43
ur89286238,hiteshanan,hiteshanan8928623834@moviefans.com,1995-01-20,54
ur61690904,Deviluke,deviluke6169090462@imdbuser.net,1990-09-14,78
ur24664747,bart-942-9,bart94292466474776@mail.com,2019-12-26,39
ur70663730,draak-1626,draak16267066373012@example.com,2024-01-05,53
ur3239524,pandora12,pandora12323952427@mail.com,2023-12-22,28
ur3270699,loripinkla,loripinkla327069957@imdbuser.net,2015-12-11,16
ur19574925,infemuss,infemuss1957492567@example.com,2004-02-16,22
ur71407225,delsoca,delsoca7140722598@example.com,1990-12-18,54
ur5710847,mltosh,mltosh571084754@mail.com,2024-04-23,25
ur5529038,dbnjr,dbnjr552903835@mail.com,2024-03-03,18
ur17046080,cbradsha-1,cbradsha11704608042@moviefans.com,2013-09-30,30
ur12680645,johnnymacb,johnnymacb1268064586@mail.com,1969-10-24,68
ur19973603,tiltbomb,tiltbomb1997360352@moviefans.com,2009-08-28,21
ur18086655,sean_va007,seanva0071808665547@mail.com,1988-05-09,73
ur17473674,NotoriousB,notoriousb1747367416@mail.com,2008-11-08,76
ur2133893,cmx2099,cmx2099213389331@example.com,2018-08-11,44
ur1083764,django-1,django1108376426@example.com,2006-08-14,51
ur2441026,travisimo,travisimo244102685@moviefans.com,1994-06-02,46
ur6591348,RedSoxCode,redsoxcode659134810@mail.com,1992-11-24,42
ur4261974,i2ambler20,i2ambler20426197437@example.com,2021-02-08,62
ur3984516,jeremy-lie,jeremylie398451695@imdbuser.net,1999-03-30,45
ur2483911,purplerose,purplerose248391120@example.com,2018-03-30,20
ur7076058,mikes2001,mikes2001707605812@mail.com,2000-06-19,51
ur5711324,chill-45,chill45571132450@example.com,2013-12-11,26
ur1657545,sfiller,sfiller165754520@imdbuser.net,2016-08-15,23
ur6373851,gaonick,gaonick637385187@example.com,2012-10-13,21
ur1675392,squeezebox,squeezebox167539265@example.com,2024-06-30,15
ur0196301,NYCDude,nycdude019630133@imdbuser.net,2000-07-30,37
ur2006153,crudupfan,crudupfan200615368@imdbuser.net,2011-05-29,36
ur20135889,bptr-1,bptr12013588924@example.com,2014-07-15,21
ur23990736,paolocason,paolocason2399073620@example.com,1991-01-25,80
ur38433740,rainsummer,rainsummer3843374070@mail.com,2019-01-14,13
ur23143834,juanpimart,juanpimart2314383460@example.com,1999-11-03,54
ur34871511,hoochie333,hoochie3333487151129@mail.com,2025-03-04,50
ur1178390,ignatiuslo,ignatiuslo117839060@example.com,2014-05-13,38
ur87974234,Vuraxis,vuraxis8797423438@example.com,2015-11-28,36
ur81759648,mryohual,mryohual8175964868@mail.com,1978-05-30,59
ur38077550,jon-stokes,jonstokes3807755044@example.com,1984-11-02,62
ur77165650,pramsalim,pramsalim7716565051@imdbuser.net,1983-05-02,58
ur118287292,h-42927-48,h429274811828729219@example.com,2003-04-14,74
ur32837247,Charliedog,charliedog3283724767@imdbuser.net,1995-06-22,71
ur60883744,jose_apou,joseapou6088374488@mail.com,2001-09-29,63
ur64241377,sparksjack,sparksjack6424137731@example.com,2009-09-22,33
ur56991789,ilias-zour,iliaszour5699178980@imdbuser.net,2006-04-02,50
ur53374258,andreachap,andreachap5337425861@mail.com,2009-07-30,33
ur21881328,jp_91,jp912188132830@imdbuser.net,1988-11-01,52
ur0508954,fjhuerta-2,fjhuerta2050895488@example.com,2022-09-01,17
ur171504228,mattdamonl,mattdamonl17150422815@mail.com,2004-06-20,35
ur25712815,mjp0117-26,mjp0117262571281576@example.com,2010-04-06,50
ur64299457,mrpicky,mrpicky6429945714@mail.com,2018-04-04,20
ur62716745,efren_aa,efrenaa6271674537@moviefans.com,2019-08-01,51
ur81236594,Antonovich,antonovich8123659496@example.com,1975-02-10,76
ur66959411,WubsTheFad,wubsthefad6695941157@example.com,2003-03-19,59
ur65103587,CinePendej,cinependej6510358754@example.com,2000-08-18,61
ur81345947,leemadison,leemadison8134594764@mail.com,1976-11-05,51
ur27817561,awp2008,awp20082781756176@mail.com,1984-07-25,80
ur79773454,rogier-867,rogier8677977345491@moviefans.com,2006-11-08,28
ur55084751,tonyhunsti,tonyhunsti5508475111@mail.com,2025-05-31,22
ur91660769,damienlhud,damienlhud9166076913@imdbuser.net,2016-11-02,78
ur0085726,linobox,linobox008572686@example.com,2010-06-05,26
ur28138667,chizdamasi,chizdamasi2813866743@mail.com,2006-11-18,66
ur120375900,jwifygbw,jwifygbw12037590055@example.com,2024-11-20,22
ur1680402,wendela61,wendela61168040253@moviefans.com,1999-12-14,26
ur31707457,eh5963-297,eh59632973170745758@moviefans.com,2025-11-11,31
ur10000877,glutenpuff,glutenpuff1000087791@mail.com,2020-10-17,19
ur5272061,anant_math,anantmath527206177@moviefans.com,2000-12-08,31
ur108585036,Quirk47,quirk4710858503633@mail.com,1985-10-03,71
ur0169146,johnshay,johnshay016914657@imdbuser.net,2013-04-27,47
ur81480357,nallaiah,nallaiah8148035786@mail.com,2009-02-13,37
ur1929495,msleslie,msleslie192949554@example.com,2016-09-28,70
ur7169318,soda_buddi,sodabuddi716931833@moviefans.com,1978-04-09,72
ur3614033,SashaHalim,sashahalim361403345@mail.com,2018-01-24,23
ur97769747,eventlaunc,eventlaunc9776974789@imdbuser.net,2003-07-17,41
ur4516229,ivy_recs,ivyrecs451622977@imdbuser.net,1976-07-05,79
ur1680051,hansbearnl,hansbearnl168005116@example.com,1972-01-01,56
ur97088431,divyakuria,divyakuria9708843110@mail.com,2003-03-23,71
ur2797302,ram-solo,ramsolo279730296@imdbuser.net,2020-04-12,54
ur96947179,tegrazero,tegrazero9694717924@mail.com,1986-02-01,64
ur2973329,ssvikas,ssvikas297332933@mail.com,1985-07-06,42
ur116131863,mmasstan,mmasstan11613186338@imdbuser.net,1990-10-02,62
ur125670499,ashleyrose,ashleyrose12567049930@example.com,2009-04-29,45
ur28351735,Chrismeist,chrismeist2835173531@mail.com,1980-10-18,46
ur178015692,madmika,madmika17801569261@example.com,2006-01-12,31
ur15560119,LTSmash14,ltsmash141556011978@moviefans.com,2019-12-02,14
ur6808754,rabbitmoon,rabbitmoon680875471@moviefans.com,2008-10-01,42
ur22737132,gotlbh,gotlbh2273713295@example.com,2023-03-03,72
ur18123905,FilmMuscle,filmmuscle1812390544@imdbuser.net,1984-08-11,62
ur31512640,pschofield,pschofield3151264075@example.com,2012-09-29,25
ur5841591,bpercival,bpercival584159181@moviefans.com,1994-02-27,39
ur0123258,dhlk,dhlk012325877@example.com,1980-09-12,54
ur0206882,909,909020688218@imdbuser.net,2022-02-28,63
ur1138977,kirstymd,kirstymd113897752@moviefans.com,1999-01-28,76
ur0420381,Little_Loi,littleloi042038160@moviefans.com,2018-06-01,46
ur4589002,dennison-3,dennison3458900237@example.com,1999-04-20,54
ur1612135,Nightgaunt,nightgaunt161213510@mail.com,2002-09-01,30
ur81729148,meathookci,meathookci8172914810@example.com,2023-05-03,15
ur1402491,Frustrator,frustrator140249125@imdbuser.net,1979-07-27,60
ur69508929,NpMoviez,npmoviez6950892930@imdbuser.net,2004-02-23,76
ur9549985,dglova519,dglova519954998590@mail.com,1960-07-09,70
ur1804106,myrnez,myrnez180410636@mail.com,2023-11-06,13
ur1226798,PickUrFeet,pickurfeet122679892@moviefans.com,1974-11-21,62
ur68630637,ansharora-,ansharora6863063734@moviefans.com,2011-08-07,66
ur6851720,kell-baile,kellbaile685172050@mail.com,1963-10-12,77
ur26563834,nyUconn,nyuconn2656383484@moviefans.com,2005-04-06,61
ur118679533,severindri,severindri11867953342@example.com,2009-06-27,80
ur27893218,cervantese,cervantese2789321879@example.com,2007-08-30,48
ur103156043,danmik-971,danmik97110315604388@example.com,2009-06-02,72
ur201535818,ChrisP-530,chrisp53020153581835@moviefans.com,2001-01-18,78
ur14654232,wildaboutm,wildaboutm1465423216@mail.com,1973-08-05,66
ur32342463,ctarheel-3,ctarheel33234246395@moviefans.com,1989-03-28,67
ur43303310,chrissyp12,chrissyp124330331063@example.com,1999-02-06,58
ur0331878,Arconada,arconada033187819@mail.com,2025-09-02,52
ur6073311,marntfield,marntfield607331166@imdbuser.net,2022-02-14,22
ur61065098,baliyev,baliyev6106509888@imdbuser.net,2003-10-15,33
ur3799082,brauner,brauner379908235@imdbuser.net,2019-04-23,75
ur119084807,RosieD101,rosied10111908480735@moviefans.com,1971-11-28,64
ur3540337,spiccinino,spiccinino354033713@imdbuser.net,2001-12-31,39
ur6386580,CAMACHO-4,camacho4638658065@mail.com,2001-01-08,27
ur1388774,victork,victork138877485@example.com,1970-10-26,69
ur2530173,katydid481,katydid481253017386@example.com,2017-04-28,45
ur6420538,rejectswit,rejectswit642053821@moviefans.com,1982-06-27,78
ur49809624,andre_andr,andreandr4980962461@moviefans.com,2012-09-25,41
ur59895174,bbakelmun-,bbakelmun5989517440@mail.com,1985-12-22,63
ur40081588,doubledoub,doubledoub4008158836@example.com,2008-03-19,20
ur5985518,mastrmeb,mastrmeb598551814@imdbuser.net,2013-04-08,32
ur0961094,studd66,studd66096109429@mail.com,1985-04-28,52
ur36262941,robert6000,robert60003626294193@moviefans.com,2013-07-07,28
ur0830539,robotman-2,robotman2083053915@moviefans.com,2017-07-04,46
ur1593687,senortuffy,senortuffy159368767@example.com,2012-10-24,18
ur0381165,billesvs,billesvs038116544@imdbuser.net,2012-07-15,26
ur113550321,coconutkun,coconutkun11355032136@mail.com,2010-06-08,38
ur3432598,Kiryu2K,kiryu2k343259825@example.com,1998-05-30,50
ur0338635,DarkMog,darkmog033863567@example.com,1956-08-28,75
ur58239981,kieranbatt,kieranbatt5823998112@mail.com,2016-02-18,27
ur18267388,virtuallif,virtuallif1826738860@example.com,2014-12-17,36
ur65768950,icheckmyma,icheckmyma6576895061@moviefans.com,1960-07-03,68
ur21961286,robsta23,robsta232196128612@mail.com,2016-07-05,42
ur44121380,julie-rene,julierene4412138080@mail.com,1978-01-01,77
ur61114145,josiahlilj,josiahlilj6111414552@example.com,1985-04-01,71
ur62961287,iandaniel,iandaniel6296128719@imdbuser.net,2020-05-18,53
ur26304248,DarkElf73,darkelf732630424889@imdbuser.net,2023-04-09,39
ur23643631,beandip57,beandip572364363139@imdbuser.net,2020-12-25,55
ur117830100,BigDaddy40,bigdaddy4011783010034@moviefans.com,2004-10-13,47
ur3342071,poewilson,poewilson334207177@imdbuser.net,1984-01-11,70
ur89122372,eoinpgeary,eoinpgeary8912237243@imdbuser.net,2014-10-06,70
ur5042138,Bravesfan1,bravesfan1504213896@moviefans.com,1955-09-19,74
ur47850240,willcundal,willcundal4785024051@imdbuser.net,1968-09-18,76
ur2666527,yocca_98,yocca98266652718@moviefans.com,1988-01-15,64
ur2784751,LarryDalla,larrydalla278475115@mail.com,1983-11-30,53
ur2708301,puputommy,puputommy270830127@moviefans.com,1995-10-05,32
ur43630819,dgilligan1,dgilligan14363081944@imdbuser.net,2025-03-06,27
ur22729154,jerryos,jerryos2272915495@example.com,1999-03-31,68
ur19712902,EddieRade,eddierade1971290290@mail.com,2011-11-12,31
ur75960473,kathmummyb,kathmummyb7596047383@example.com,2010-04-17,34
ur33717610,webaccount,webaccount3371761073@moviefans.com,2015-08-29,13
ur23879926,dragulanes,dragulanes2387992671@mail.com,2002-08-17,78
ur85652268,Gabriel_Ku,gabrielku8565226852@example.com,2015-10-11,43
ur37982386,mrwhiteman,mrwhiteman3798238664@mail.com,1995-04-15,67
ur1907460,b1le,b1le190746095@example.com,1971-01-15,64
ur18939498,Aregie,aregie1893949860@moviefans.com,2019-01-05,20
ur36195464,fullheadof,fullheadof3619546475@imdbuser.net,2004-05-13,35
ur81529599,jkwjr,jkwjr8152959917@example.com,2009-12-23,41
ur47649454,jan-noyes,jannoyes4764945478@example.com,2021-10-26,36
ur18857384,robsargean,robsargean1885738493@example.com,1986-03-19,57
ur95019455,ajokeajoke,ajokeajoke9501945594@moviefans.com,2023-09-23,13
ur38063366,feet_onthe,feetonthe3806336636@moviefans.com,1956-10-28,69
ur14879487,shiannedog,shiannedog1487948712@example.com,1975-11-21,65
ur9146041,ReelBig,reelbig914604169@mail.com,2021-10-11,62
ur75528268,ninabagley,ninabagley7552826810@imdbuser.net,2010-03-29,15
ur65840838,esteban_gu,estebangu6584083852@mail.com,2016-08-12,18
ur65822854,shbs-71594,shbs715946582285471@moviefans.com,2019-09-16,80
ur24616454,bardruadh2,bardruadh22461645437@moviefans.com,2007-10-24,73
ur3719383,andriy-tan,andriytan371938351@imdbuser.net,2019-07-18,43
ur0677266,oshram-3,oshram3067726645@example.com,2021-12-24,46
ur0760627,johnh-15,johnh15076062725@mail.com,2006-01-18,29
ur1234324,videofreak,videofreak123432478@imdbuser.net,1981-07-18,54
ur1490653,aaronjusti,aaronjusti149065313@example.com,1993-05-15,77
ur2082874,bulldawg81,bulldawg81208287419@mail.com,1994-03-21,36
ur0006791,Lacroix,lacroix000679114@example.com,2024-08-06,41
ur4622081,bkbirge,bkbirge462208172@moviefans.com,2024-02-18,18
ur6896948,pawtrax67,pawtrax67689694861@example.com,1984-12-17,49
ur2374908,luke_bale,lukebale237490891@moviefans.com,1989-11-15,41
ur4819399,animlcrack,animlcrack481939935@example.com,1979-03-24,72
ur1350169,spulgari,spulgari135016961@moviefans.com,1993-05-04,71
ur0819185,The Specta,thespecta081918599@imdbuser.net,1996-04-18,52
ur101530500,jdwpgh,jdwpgh10153050015@imdbuser.net,2014-07-10,26
ur34740383,Endless_01,endless013474038386@example.com,2018-03-24,18
ur0598802,sgtiger,sgtiger059880216@mail.com,2011-08-23,41
ur22035344,brittlinde,brittlinde2203534417@mail.com,2024-01-17,64
ur35735405,saad_sarwa,saadsarwa3573540517@example.com,2000-01-02,73
ur22653481,correoesti,correoesti2265348133@moviefans.com,1976-06-09,57
ur20572124,mel_vishal,melvishal2057212466@imdbuser.net,1992-05-22,71
ur2165995,Nedalien39,nedalien39216599521@example.com,1964-07-19,74
ur0171513,curtisjack,curtisjack017151357@moviefans.com,2009-10-06,18
ur137621036,mrcastle-6,mrcastle613762103664@mail.com,2016-01-12,53
ur0403365,vdwulp,vdwulp040336514@imdbuser.net,1983-08-22,56
ur3130869,speedydoug,speedydoug313086921@imdbuser.net,1984-07-07,79
ur0964035,greeksux,greeksux096403544@imdbuser.net,1982-09-26,55
ur1293671,m_finebess,mfinebess129367171@example.com,1992-10-24,76
ur0660505,Maxta,maxta066050587@mail.com,1986-08-27,50
ur3045058,fibreoptic,fibreoptic304505863@mail.com,2024-04-02,66
ur125112871,kevinfbark,kevinfbark12511287116@imdbuser.net,2021-06-15,54
ur130404314,thescottyb,thescottyb13040431429@mail.com,2025-10-01,23
ur109093840,brogmiller,brogmiller10909384075@mail.com,1962-12-09,63
ur0293202,PatrickH-2,patrickh2029320275@example.com,1970-12-09,73
ur1442771,patrickhau,patrickhau144277180@mail.com,1993-09-17,38
ur10422943,Sherparsa,sherparsa1042294312@moviefans.com,2018-11-19,64
ur0339948,Reb9,reb9033994858@example.com,1967-07-28,80
ur3214622,macataque,macataque321462245@moviefans.com,1949-09-15,79
ur2450441,Kurtz9791,kurtz9791245044191@example.com,2025-12-08,33
ur2314174,kyle_furr,kylefurr231417461@imdbuser.net,2011-03-27,77
ur12323450,joeydean61,joeydean611232345048@moviefans.com,2016-10-31,15
ur0450002,mikel weis,mikelweis045000217@example.com,2019-04-19,58
ur64421316,germanmedn,germanmedn6442131621@mail.com,2013-12-31,19
ur1151119,MnMG81,mnmg81115111971@imdbuser.net,2003-07-09,22
ur1055941,CelesteKD,celestekd105594120@moviefans.com,1983-02-15,65
ur8157475,vincecklor,vincecklor815747557@moviefans.com,1999-11-11,49
ur0349780,Jeremy-93,jeremy93034978040@imdbuser.net,2006-11-04,51
ur78277499,robfollowe,robfollowe7827749931@example.com,1996-12-03,43
ur119441344,drunk_plea,drunkplea11944134481@imdbuser.net,2023-10-21,29
ur0798782,JohnnyBGoo,johnnybgoo079878260@example.com,2013-03-27,43
ur0422218,davenj,davenj042221867@mail.com,2022-02-20,16
ur2409664,ToddWebb,toddwebb240966425@mail.com,2004-06-26,49
ur20930362,foamhands7,foamhands72093036283@mail.com,2019-08-01,37
ur22008378,mistela67,mistela672200837891@moviefans.com,2009-08-10,72
ur23983302,jephbennet,jephbennet2398330296@imdbuser.net,1956-05-12,71
ur30200809,i_am_bryon,iambryon3020080993@imdbuser.net,1999-05-08,32
ur89482514,coolice-95,coolice958948251480@moviefans.com,2018-07-22,62
ur13507299,mjr8-1,mjr811350729990@imdbuser.net,2021-03-29,14
ur15017813,thomas1652,thomas16521501781376@imdbuser.net,1989-07-04,60
ur6358760,AngryMovie,angrymovie635876038@example.com,1997-07-28,48
ur2305072,badscene,badscene230507212@example.com,2006-07-15,28
ur3521105,lmntathffa,lmntathffa352110585@mail.com,2017-10-16,70
ur0486339,canto-3,canto3048633916@moviefans.com,1988-05-03,77
ur0036681,Machuk,machuk003668189@imdbuser.net,2017-02-19,17
ur129208002,frosty-444,frosty44412920800218@imdbuser.net,1979-12-14,73
ur62406772,welchjaxon,welchjaxon6240677245@imdbuser.net,2025-01-30,20
ur0432616,Gerald-O,geraldo043261689@imdbuser.net,2003-08-16,28
ur20085664,philmoore2,philmoore22008566433@moviefans.com,2007-08-17,20
ur19765844,trixie-k-8,trixiek81976584473@moviefans.com,2002-08-01,32
ur6397398,Jamiec523,jamiec523639739875@imdbuser.net,2011-07-21,21
ur46865025,Bbgoll247,bbgoll2474686502513@example.com,2012-01-31,65
ur105891612,IslandMyst,islandmyst10589161216@moviefans.com,1983-07-23,69
ur31545431,michaelsto,michaelsto3154543132@example.com,1986-03-17,72
ur153547628,Retro_Movi,retromovi15354762854@example.com,1984-01-21,42
ur155518392,gehriquent,gehriquent15551839299@example.com,1995-05-21,74
ur1277608,PopRox9139,poprox9139127760878@imdbuser.net,2019-04-09,17
ur191066891,quaintcica,quaintcica19106689151@mail.com,1976-06-20,49
ur0439433,sammoony,sammoony043943329@imdbuser.net,2015-05-17,71
ur69739250,gardnernrg,gardnernrg6973925034@mail.com,2024-07-09,15
ur130916007,lhbaker-28,lhbaker2813091600724@mail.com,2013-05-30,22
ur128938576,marjackri,marjackri12893857673@imdbuser.net,2016-02-19,34
ur73088946,LessThanPa,lessthanpa7308894687@mail.com,2012-03-27,46
ur2351604,detune,detune235160443@example.com,2009-12-27,34
ur2520541,rustysettl,rustysettl252054163@example.com,1975-04-22,77
ur2255439,kaleristia,kaleristia225543923@example.com,2013-06-15,30
ur0980469,nzeno,nzeno098046986@mail.com,1989-04-17,63
ur2219032,david_barr,davidbarr221903294@mail.com,1989-05-02,38
ur13178730,lizzieimp,lizzieimp1317873036@example.com,1990-01-14,75
ur3978899,GoDsHanD,godshand397889958@example.com,1994-09-27,51
ur54186293,johnmcd123,johnmcd1235418629380@imdbuser.net,2000-03-10,32
ur3034160,sunejensen,sunejensen303416029@moviefans.com,1955-03-06,75
ur2450216,new2man,new2man245021638@example.com,2019-09-26,18
ur2854818,willywants,willywants285481838@moviefans.com,2023-02-10,49
ur2077511,Admit_One,admitone207751171@moviefans.com,1964-05-01,66
ur2941778,grandfunkf,grandfunkf294177817@example.com,2000-03-21,32
ur0348920,Taigan,taigan034892074@example.com,2003-04-27,73
ur1141039,tickletoe,tickletoe114103975@imdbuser.net,2017-02-07,32
ur4388199,danielhalt,danielhalt438819927@mail.com,1969-10-04,66
ur0174426,Figgiedan,figgiedan017442697@example.com,2002-04-25,53
ur0323590,filmfan-21,filmfan21032359043@mail.com,1981-03-31,49
ur3747813,tvsterling,tvsterling374781386@moviefans.com,2025-11-14,52
ur92854815,anadasilva,anadasilva9285481548@mail.com,2008-04-06,20
ur0376008,Djonn,djonn037600859@imdbuser.net,1987-10-19,57
ur0298198,smck,smck029819833@example.com,2007-12-10,58
ur0331818,Lil'Girl,lilgirl033181864@mail.com,2025-10-17,65
ur0795416,Liza-19,liza19079541650@imdbuser.net,2024-04-05,22
ur0324634,Doctor-31,doctor31032463422@moviefans.com,1966-10-16,66
ur0288429,Starbuck-1,starbuck1028842975@moviefans.com,2023-12-20,54
ur0323648,David-277,david277032364810@mail.com,2022-01-04,19
ur8725641,oakcourt,oakcourt872564146@moviefans.com,2006-03-05,40
ur0554790,fiona-21,fiona21055479063@example.com,1987-03-08,56
ur123364108,xiaoli7377,xiaoli737712336410859@imdbuser.net,1996-08-24,33
ur15010174,leighburne,leighburne1501017461@moviefans.com,1977-08-17,63
ur109915381,jerseychic,jerseychic10991538137@example.com,1995-05-30,77
ur1906776,r_lajaunie,rlajaunie190677634@imdbuser.net,2013-04-05,14
ur125838361,sudenazsen,sudenazsen12583836175@imdbuser.net,1970-05-08,75
ur3783654,wgranger,wgranger378365446@example.com,2014-04-20,23
ur24323216,crculver,crculver2432321626@moviefans.com,2023-10-31,13
ur14829961,jwills-5,jwills51482996139@imdbuser.net,2023-06-07,51
ur0929965,rodw,rodw092996586@example.com,1974-08-16,56
ur0385510,ZAG-71,zag71038551031@moviefans.com,2019-01-06,22
ur21696533,Catharina_,catharina2169653393@imdbuser.net,2025-01-20,40
ur1975856,mikeeoo,mikeeoo197585633@moviefans.com,1990-08-17,74
ur50430463,info-915-5,info91555043046398@example.com,1978-10-27,50
ur1109662,F0RCE,f0rce110966279@example.com,2019-01-24,33
ur3393721,clanger197,clanger197339372152@moviefans.com,2002-02-12,29
ur0168131,bek-12,bek12016813118@moviefans.com,2021-06-25,21
ur3745385,Dandaman69,dandaman69374538555@example.com,1998-11-23,32
ur0318112,Tin Man-5,tinman5031811280@imdbuser.net,2024-08-07,14
ur1002555,RestlessRu,restlessru100255544@imdbuser.net,1975-03-11,80
ur5555913,bennyhagen,bennyhagen555591342@moviefans.com,2016-07-20,20
ur14611835,martymoves,martymoves1461183588@imdbuser.net,2010-08-24,54
ur2074804,smobocop,smobocop207480481@example.com,1985-10-05,43
ur1545934,Adelhold,adelhold154593487@imdbuser.net,1971-01-21,57
ur23537468,tanelteder,tanelteder2353746850@example.com,2025-05-08,14
ur22533153,ecstatic-t,ecstatict2253315345@example.com,1993-09-07,45
ur22490656,montera_iu,monteraiu2249065613@moviefans.com,1971-12-02,59
ur11848670,Ryan_MYeah,ryanmyeah1184867026@moviefans.com,1998-01-14,62
ur2478216,canadianfr,canadianfr247821661@imdbuser.net,2016-04-12,43
ur24769635,andybowen,andybowen2476963529@example.com,2008-12-15,33
ur4415724,AvdW,avdw441572476@moviefans.com,2001-04-17,27
ur0424702,smelt,smelt042470272@moviefans.com,1999-08-10,33
ur9978897,sgyang511,sgyang511997889760@imdbuser.net,1977-04-04,64
ur0612229,king2,king2061222957@mail.com,1980-02-07,78
ur2732610,shanepang,shanepang273261098@mail.com,1995-01-03,50
ur0118131,JoeBagodon,joebagodon011813169@imdbuser.net,1987-01-08,69
ur127102671,keliw-2979,keliw297912710267169@example.com,2024-07-07,16
ur111245594,teamrayric,teamrayric11124559455@moviefans.com,2011-06-21,20
ur61845591,jcubmail,jcubmail6184559132@mail.com,2011-04-19,71
ur32678077,Fun4Faun,fun4faun3267807797@imdbuser.net,2020-07-13,53
ur134738641,happydae-3,happydae313473864156@example.com,2018-09-19,78
ur152804440,jabesmrene,jabesmrene15280444065@moviefans.com,2017-05-29,16
ur46584056,mariadedio,mariadedio4658405665@example.com,2016-05-08,46
ur134469803,destonivau,destonivau13446980387@imdbuser.net,2014-10-19,77
ur12143864,benjlinacr,benjlinacr1214386435@imdbuser.net,2025-09-10,76
ur11632717,ix-viii-ix,ixviiiix1163271782@example.com,2005-12-08,56
ur39390429,m-sileo,msileo3939042956@imdbuser.net,2000-10-10,56
ur26891653,jesus-100-,jesus1002689165310@example.com,1990-05-04,62
ur23323793,jimvalko,jimvalko2332379367@example.com,2018-07-21,49
ur23371099,Dechilo,dechilo2337109992@imdbuser.net,2013-05-10,21
ur23233649,joker-scar,jokerscar2323364953@moviefans.com,1980-06-21,59
ur30907560,Fbh91,fbh913090756057@mail.com,1956-07-19,76
ur30821761,DJ_Capital,djcapital3082176163@example.com,2010-11-17,23
ur8779098,kayumk,kayumk877909885@imdbuser.net,2016-04-29,25
ur6222226,SeminolePh,seminoleph622222676@moviefans.com,2015-05-20,17
ur84374385,UncleBenWa,unclebenwa8437438578@imdbuser.net,2024-01-28,45
ur1835386,Hancock_th,hancockth183538626@moviefans.com,2001-03-24,39
ur58812916,douggie90,douggie905881291643@imdbuser.net,2018-03-01,52
ur0143396,marine-3,marine3014339652@mail.com,2025-01-26,23
ur126437432,thedonblan,thedonblan12643743291@imdbuser.net,1988-09-02,59
ur13085606,Consul_Inc,consulinc1308560676@moviefans.com,2020-08-17,31
ur50412246,albo990,albo9905041224681@example.com,2005-10-29,64
ur0137258,lefty1,lefty1013725890@mail.com,1991-10-15,41
ur4575664,Skullen,skullen457566445@imdbuser.net,2014-05-27,13
ur0087221,Kondase,kondase008722142@example.com,1975-08-08,70
ur33765031,HollysDemo,hollysdemo3376503194@example.com,1998-12-02,76
ur175932512,sithlords-,sithlords17593251249@example.com,2002-11-11,23
ur4575118,dunnl,dunnl457511844@example.com,1957-08-27,68
ur0336086,Anthony-41,anthony41033608687@imdbuser.net,1984-06-24,74
ur9066071,Budruss,budruss906607163@mail.com,1995-02-28,44
ur27524179,KaZenPhi,kazenphi2752417989@imdbuser.net,2025-05-23,17
ur1145425,mercury4,mercury4114542538@mail.com,1954-10-06,79
ur0713027,rsyung,rsyung071302735@imdbuser.net,1992-07-12,68
ur1808248,megdaleg,megdaleg180824823@example.com,2013-04-01,55
ur1869950,Sinner-bg,sinnerbg186995080@imdbuser.net,2021-08-17,22
ur1442234,akeelah02,akeelah02144223451@example.com,2022-05-21,24
ur1011697,larry.laun,larrylaun101169745@mail.com,1995-11-23,40
ur0766767,popgun9,popgun9076676727@imdbuser.net,2023-11-01,69
ur30238153,Scarlet_Sy,scarletsy3023815310@moviefans.com,2024-01-17,52
ur1799086,myftiu71,myftiu71179908671@moviefans.com,2012-11-27,13
ur4798799,Cpartak,cpartak479879915@mail.com,1968-03-05,62
ur2234398,bigarbel,bigarbel223439880@moviefans.com,1991-08-23,50
ur5132807,Shaolin_Ap,shaolinap513280733@moviefans.com,2002-03-11,35
ur0334570,greggman,greggman033457063@mail.com,2010-05-23,28
ur0183831,Dale86,dale86018383110@imdbuser.net,2025-08-30,54
ur0538858,paulcreede,paulcreede053885861@imdbuser.net,2007-05-13,70
ur2081367,vertigoand,vertigoand208136737@mail.com,1992-08-19,79
ur0601481,GK-12,gk12060148124@moviefans.com,2013-04-28,49
ur0097195,inframan,inframan009719545@mail.com,1963-09-03,63
ur1290001,adrian79,adrian79129000174@mail.com,1984-09-05,45
ur10412371,martenot,martenot1041237123@imdbuser.net,2019-07-16,18
ur20469165,fredbergly,fredbergly2046916564@example.com,1980-06-03,71
ur0126139,Mimil,mimil012613992@imdbuser.net,2025-07-02,17
ur5970596,lmagyari,lmagyari597059653@mail.com,1977-01-06,73
ur15812295,gbeverig,gbeverig1581229553@moviefans.com,2012-03-16,21
ur38533422,robbsnell,robbsnell3853342239@mail.com,2004-04-29,43
ur54404265,costaandre,costaandre5440426522@mail.com,2012-11-20,16
ur20166183,tomjbrowne,tomjbrowne2016618397@example.com,2017-12-29,70
ur6892038,jubair07,jubair07689203885@example.com,2005-09-18,34
ur110074173,laurelhard,laurelhard11007417337@imdbuser.net,2024-11-19,27
ur7745189,csauer,csauer774518983@moviefans.com,2023-06-29,13
ur0363256,keiseren-2,keiseren2036325686@example.com,2024-07-16,77
ur0990900,jack_94706,jack94706099090083@imdbuser.net,2014-05-07,20
ur0779295,McBuff,mcbuff077929567@moviefans.com,2015-12-16,14
ur125216350,Cowtownus,cowtownus12521635054@moviefans.com,2003-03-05,51
ur0096015,Verbal-20,verbal20009601573@mail.com,2003-10-07,40
ur51149230,bridget-st,bridgetst5114923061@moviefans.com,1987-10-10,38
ur1426733,jesse_beac,jessebeac142673310@example.com,2018-05-25,48
ur17069294,ricsim78,ricsim781706929442@imdbuser.net,2002-12-29,25
ur72936904,dimkinys,dimkinys7293690410@moviefans.com,2012-03-22,47
ur97537979,priscillas,priscillas9753797925@moviefans.com,1997-04-14,49
ur0041696,bjones,bjones004169667@mail.com,2015-09-11,53
ur0283940,catmommie,catmommie028394085@example.com,2011-01-18,31
ur1498886,marco-67,marco67149888658@example.com,1962-05-12,78
ur1089651,AleFish,alefish108965147@imdbuser.net,1999-08-06,47
ur0270419,SgtBaker,sgtbaker027041966@moviefans.com,2005-04-22,67
ur120413622,AfricanBro,africanbro12041362245@moviefans.com,2004-02-15,36
ur25257315,claymation,claymation2525731575@moviefans.com,1956-06-16,71
ur93778729,soundstorm,soundstorm9377872973@example.com,2022-01-25,17
ur36202465,FilmStalli,filmstalli3620246548@mail.com,2021-05-13,46
ur22594177,IheartCali,iheartcali2259417792@example.com,2005-01-15,55
ur34089417,stephrenee,stephrenee3408941798@example.com,1964-04-23,77
ur23940461,alexvojace,alexvojace2394046155@example.com,2017-11-19,18
ur5077160,MichaelMar,michaelmar507716099@example.com,1991-02-13,57
ur59916124,VictorMQ_8,victormq85991612496@moviefans.com,2011-12-27,61
ur0968992,mkrusc,mkrusc096899289@imdbuser.net,2019-08-30,57
ur0314197,Nate-48,nate48031419777@mail.com,1999-04-27,28
ur10360567,jane_e1,janee11036056718@mail.com,1948-10-15,80
ur21951684,bmcd10,bmcd102195168472@example.com,1975-10-04,51
ur0817469,jgtoms,jgtoms081746933@example.com,2007-12-02,29
ur5167285,RamiNour10,raminour10516728517@example.com,1975-10-12,65
ur53199813,emkonn,emkonn5319981373@moviefans.com,1981-06-15,54
ur48497805,powerofber,powerofber4849780587@imdbuser.net,2025-07-28,35
ur2139931,garlingmat,garlingmat213993192@mail.com,2011-10-27,68
ur15802732,octagonpro,octagonpro1580273221@mail.com,1997-10-22,33
ur4439643,fernisanje,fernisanje443964323@moviefans.com,1980-05-30,79
ur4328185,gabbi_5,gabbi5432818573@example.com,1998-05-30,45
ur6823288,mgerity-1,mgerity1682328835@example.com,2007-11-27,63
ur3390598,esposit,esposit339059887@example.com,2016-02-04,34
ur4718405,s-s-lyall,sslyall471840530@moviefans.com,2020-12-15,18
ur4303011,sturdy_ram,sturdyram430301197@example.com,2004-02-22,34
ur4315135,pigeoncake,pigeoncake431513547@mail.com,2020-10-12,20
ur130318652,sacdielban,sacdielban13031865280@moviefans.com,2001-01-06,58
ur99090724,krishshaut,krishshaut9909072435@moviefans.com,2021-06-07,54
ur0260679,KCS82,kcs82026067954@mail.com,2010-02-22,15
ur47898861,elvarfreyr,elvarfreyr4789886134@example.com,2018-01-04,43
ur5179538,hylinski,hylinski517953877@example.com,1971-06-26,73
ur3388438,Shrykespea,shrykespea338843880@moviefans.com,2007-11-01,61
ur1017058,scuba024,scuba024101705830@moviefans.com,1995-11-25,69
ur2092199,elskootero,elskootero209219973@imdbuser.net,2012-02-02,73
ur12312270,starseif,starseif1231227085@example.com,1993-07-10,51
ur81740206,stefstars,stefstars8174020686@moviefans.com,2019-03-02,27
ur111568373,peterw1210,peterw121011156837331@moviefans.com,2004-03-28,23
ur3578650,montgomery,montgomery357865093@mail.com,1975-10-28,60
ur0181997,bwahaha,bwahaha018199797@example.com,2002-02-09,36
ur0187582,Pro Jury,projury018758229@moviefans.com,2008-08-26,43
ur9903071,Jay-Young,jayyoung990307163@imdbuser.net,2008-05-26,61
ur9906631,tahpenes-j,tahpenesj990663147@mail.com,2025-02-10,42
ur0771921,yggdrasill,yggdrasill077192191@moviefans.com,2023-05-25,35
ur18662436,xoamandamo,xoamandamo1866243681@mail.com,2011-10-04,44
ur54522832,fildurh2,fildurh25452283230@imdbuser.net,2014-06-29,14
ur0736617,amadore80,amadore80073661795@imdbuser.net,2017-09-20,16
ur6393850,sharkey197,sharkey197639385055@moviefans.com,2008-07-04,67
ur0920996,pma97dr-2,pma97dr2092099686@moviefans.com,2011-10-18,18
ur64569718,halkatla-7,halkatla76456971836@moviefans.com,1979-08-25,75
ur3899348,clarific,clarific389934819@imdbuser.net,2012-01-20,33
ur111931013,moviebuff3,moviebuff311193101355@mail.com,2006-08-18,23
ur2828795,lisamaria,lisamaria282879587@mail.com,1963-09-22,79
ur21770069,stanhdeeks,stanhdeeks2177006952@example.com,2018-03-13,17
ur11301129,zahnarabai,zahnarabai1130112942@moviefans.com,1981-06-01,64
ur21078427,sleepyanda,sleepyanda2107842797@moviefans.com,2003-06-17,26
ur25160191,tiarockz,tiarockz2516019172@imdbuser.net,2025-09-11,58
ur20527142,mc_warwick,mcwarwick2052714273@imdbuser.net,2009-04-20,17
ur162518131,aleksandra,aleksandra16251813121@mail.com,2023-07-28,45
ur5176810,cruizinalo,cruizinalo517681044@imdbuser.net,1991-10-18,50
ur132685317,horrorbail,horrorbail13268531766@mail.com,1998-03-23,37
ur29045991,DubhDoo,dubhdoo2904599177@imdbuser.net,2018-07-29,15
ur107253319,thomasteck,thomasteck10725331985@imdbuser.net,2015-10-10,17
ur62660431,yoggwork,yoggwork6266043157@imdbuser.net,2019-01-19,22
ur37042547,tlj2006,tlj20063704254745@imdbuser.net,2025-06-24,17
ur125110370,fabdffn,fabdffn12511037077@mail.com,2016-08-28,42
ur209182930,JohnTorr-3,johntorr320918293058@moviefans.com,2021-02-10,45
ur26480981,ritaaugust,ritaaugust2648098157@moviefans.com,1985-02-27,49
ur104888454,seethrough,seethrough10488845495@mail.com,1981-01-23,69
ur40547767,kdgmk-597-,kdgmk5974054776768@example.com,2012-10-12,77
ur182765488,yanchunli-,yanchunli18276548862@moviefans.com,2023-04-07,58
ur103707949,Marinovv,marinovv10370794994@example.com,1997-10-21,32
ur24054983,yankeedoo,yankeedoo2405498390@imdbuser.net,2009-05-12,21
ur17355104,teacherman,teacherman1735510483@mail.com,2023-06-19,43
ur126266447,jakethesna,jakethesna12626644774@moviefans.com,1984-06-04,69
ur56922403,thegreyrat,thegreyrat5692240336@example.com,2019-02-25,43
ur0910648,Petruchio,petruchio091064891@example.com,2024-01-15,39
ur10560779,speedygonz,speedygonz1056077922@imdbuser.net,1992-09-19,34
ur7530772,Jwc1870,jwc1870753077291@moviefans.com,2016-04-26,76
ur0519489,jukebox-2,jukebox2051948936@moviefans.com,2009-12-01,60
ur26844488,ollie1939-,ollie19392684448821@example.com,2010-05-03,29
ur68226391,Rosebud815,rosebud8156822639111@moviefans.com,2021-11-21,40
ur51953808,LeonardHai,leonardhai5195380866@example.com,2008-03-12,32
ur84195006,tomindc-54,tomindc548419500657@imdbuser.net,1982-07-03,48
ur80836385,JDumpster,jdumpster8083638594@example.com,1990-10-16,50
ur14731743,RonDirect7,rondirect71473174352@mail.com,1958-03-17,80
ur5793387,EdD5,edd5579338740@example.com,1996-11-19,49
ur56494720,andreacall,andreacall5649472077@example.com,2012-12-27,37
ur91744475,Marc_Horri,marchorri9174447546@moviefans.com,2025-10-10,38
ur2872312,ExPresiden,expresiden287231214@example.com,1997-12-14,69
ur75060863,appusnikhi,appusnikhi7506086343@example.com,2017-01-18,38
ur105647794,rmvkumar,rmvkumar10564779460@moviefans.com,1989-10-26,41
ur83562687,jeevaanand,jeevaanand8356268759@mail.com,1979-12-29,73
ur183770662,dineshbala,dineshbala18377066285@imdbuser.net,1988-08-05,57
ur193576676,hazmanbaba,hazmanbaba19357667639@imdbuser.net,2004-03-23,29
ur208147087,ShmS-5,shms520814708721@moviefans.com,1985-12-27,43
ur82083655,gckarthick,gckarthick8208365514@moviefans.com,2004-06-09,22
ur208179306,GunaS-43,gunas4320817930690@example.com,1987-04-06,55
ur208231933,AravindR-2,aravindr220823193321@imdbuser.net,2016-08-02,31
ur70580084,KarthikNar,karthiknar7058008498@example.com,2022-08-30,76
ur3999148,levingem,levingem399914868@example.com,2015-03-19,19
ur13517758,gmonta38,gmonta381351775814@example.com,2025-11-23,17
ur47222426,howcanudod,howcanudod4722242623@imdbuser.net,1994-08-25,41
ur9764890,bust_a_rea,bustarea976489063@imdbuser.net,2022-09-12,70
ur82456337,aydinbekog,aydinbekog8245633712@imdbuser.net,2017-01-24,34
ur18496122,gregcost,gregcost1849612285@mail.com,1992-06-10,37
ur9931489,cezza10,cezza10993148958@moviefans.com,2017-10-10,57
ur1141686,mili_avita,miliavita114168617@example.com,1992-07-23,54
ur123451286,cc0077,cc007712345128678@imdbuser.net,2016-03-25,20
ur88899235,sambayernl,sambayernl8889923546@mail.com,2003-09-25,28
ur87471847,FandomFana,fandomfana8747184782@example.com,2018-05-09,27
ur60657126,nancy2445,nancy24456065712667@imdbuser.net,2017-03-18,53
ur35107603,jtodds2007,jtodds20073510760330@imdbuser.net,1986-06-10,43
ur87537927,shezza_say,shezzasay8753792752@moviefans.com,1997-01-16,32
ur54897429,stephanies,stephanies5489742988@imdbuser.net,1999-09-25,40
ur4212095,ReelProjec,reelprojec421209585@moviefans.com,1995-08-01,35
ur26928814,safetypro-,safetypro2692881439@moviefans.com,1997-05-24,36
ur82268722,isharaabey,isharaabey8226872276@example.com,2024-06-01,26
ur91195104,alphatrion,alphatrion9119510473@imdbuser.net,1989-08-08,44
ur132693855,kszyman-52,kszyman5213269385512@imdbuser.net,2021-03-08,71
ur81995171,ellabkiely,ellabkiely8199517144@moviefans.com,2025-09-19,23
ur104845754,slytherins,slytherins10484575495@mail.com,1995-01-26,31
ur31823429,kelliswarr,kelliswarr3182342990@mail.com,2014-08-21,34
ur120776035,siddhesh02,siddhesh0212077603550@imdbuser.net,2012-05-05,38
ur42371420,bigg_g,biggg4237142010@moviefans.com,1997-06-01,77
ur48138724,jesse-846-,jesse8464813872429@example.com,1977-05-16,71
ur126670571,Disforwhat,disforwhat12667057199@moviefans.com,2007-05-11,42
ur47011896,cleon1010,cleon10104701189664@moviefans.com,1996-12-09,66
ur33274293,landonsage,landonsage3327429314@imdbuser.net,1955-04-24,70
ur74732884,steventong,steventong7473288462@moviefans.com,2010-07-02,24
ur114494530,stevebarle,stevebarle11449453097@imdbuser.net,1988-05-02,64
ur3963769,iam_ahardr,iamahardr396376918@imdbuser.net,2020-05-10,13
ur36668242,wildsparro,wildsparro3666824292@imdbuser.net,1995-08-04,37
ur52041338,lean_belle,leanbelle5204133831@moviefans.com,2019-12-08,34
ur103261565,btm-09410,btm0941010326156515@imdbuser.net,1972-04-11,60
ur85123797,nouralwani,nouralwani8512379724@mail.com,2020-07-04,29
ur21839130,madigan26,madigan262183913037@example.com,2007-10-03,60
ur67052196,dmitriless,dmitriless6705219689@example.com,1973-09-21,76
ur90487084,HLEYE,hleye9048708464@example.com,2004-08-24,48
ur12436802,horrorules,horrorules1243680273@mail.com,2023-06-22,30
ur63434512,damienmass,damienmass6343451279@imdbuser.net,1994-10-18,38
ur56708603,rukstar69,rukstar695670860399@mail.com,1974-05-30,54
ur1697130,cfulk,cfulk169713039@imdbuser.net,1983-01-10,71
ur2079999,hardcoresa,hardcoresa207999928@imdbuser.net,1980-03-19,60
ur0382669,MongoSIT,mongosit038266937@mail.com,2020-03-15,20
ur46115290,labrat70,labrat704611529088@example.com,1974-12-31,70
ur2121927,skotgp,skotgp212192759@example.com,1987-01-11,47
ur5774970,lysergic-a,lysergica577497096@example.com,1961-03-08,70
ur12962351,gothpunkro,gothpunkro1296235129@moviefans.com,2014-11-11,66
ur1216631,Movie_Junk,moviejunk121663128@moviefans.com,1999-09-13,62
ur1229684,benc7ca,benc7ca122968452@example.com,1972-07-24,73
ur1727433,wellesorso,wellesorso172743314@imdbuser.net,1966-12-25,73
ur11615728,kimbpaul,kimbpaul1161572878@example.com,1991-07-26,63
ur1222967,jlacerra,jlacerra122296778@example.com,1969-04-18,56
ur15148231,jcvincent1,jcvincent11514823120@example.com,2011-08-27,25
ur10742541,dy158,dy1581074254191@imdbuser.net,1986-06-27,45
ur1147612,bmpc,bmpc114761260@moviefans.com,2011-08-07,29
ur7388332,refusefail,refusefail738833218@mail.com,1995-11-27,42
ur5197708,MattStuart,mattstuart519770830@imdbuser.net,1967-06-21,65
ur5252100,northofwil,northofwil525210066@moviefans.com,2023-09-28,71
ur9380910,scottehler,scottehler938091045@moviefans.com,2023-05-12,19
ur11056865,charlene_b,charleneb1105686584@example.com,1997-03-30,53
ur2972382,lilyjade13,lilyjade13297238263@imdbuser.net,2001-04-17,59
ur9817138,mattsimpso,mattsimpso981713863@mail.com,1991-11-05,39
ur2276288,no-mad,nomad227628859@example.com,1949-07-14,79
ur3686371,whytetrash,whytetrash368637116@mail.com,1982-08-12,47
ur22821632,sara-vande,saravande2282163222@mail.com,2009-06-25,18
ur0530118,jneaves,jneaves053011864@moviefans.com,2002-10-12,80
ur0732311,bensonl,bensonl073231152@example.com,2019-05-12,46
ur18423377,jamesmalza,jamesmalza1842337768@imdbuser.net,1953-10-19,77
ur125044540,nickochris,nickochris12504454089@example.com,2004-04-17,42
ur0705280,scubamike,scubamike070528055@example.com,2024-12-05,36
ur19490511,EdwardCart,edwardcart1949051157@example.com,1997-07-13,28
ur4544468,califor123,califor123454446843@mail.com,2004-01-15,77
ur23792049,sfdphd,sfdphd2379204982@moviefans.com,2023-11-15,13
ur2603744,kcla,kcla260374434@example.com,2004-04-21,26
ur52509439,dediggs,dediggs5250943910@imdbuser.net,2016-01-20,34
ur27731428,denisenich,denisenich2773142872@moviefans.com,2002-03-29,75
ur30245478,abcvision,abcvision3024547813@moviefans.com,2018-08-12,25
ur9946801,sanda_mo-1,sandamo1994680154@mail.com,2016-06-07,51
ur38262927,katieluvsm,katieluvsm3826292749@moviefans.com,1987-03-20,65
ur4524225,phil-cfc,philcfc452422564@example.com,2008-12-16,23
ur2306546,MovieHolik,movieholik230654692@imdbuser.net,1969-02-15,74
ur3930158,G1enn,g1enn393015828@example.com,2003-11-02,32
ur4584242,optimism_a,optimisma458424287@imdbuser.net,1996-09-01,80
ur0186222,RogueXVI,roguexvi018622249@imdbuser.net,1999-01-09,59
ur127621936,bosimmons-,bosimmons12762193625@moviefans.com,1968-05-14,75
ur29840345,Josh_The_T,joshthet2984034591@mail.com,2023-03-13,65
ur25230571,Mrs1586,mrs15862523057118@mail.com,1990-03-13,66
ur45605881,ducati17-7,ducati1774560588140@example.com,1979-06-07,60
ur5167265,andrerd,andrerd516726587@moviefans.com,1977-10-22,48
ur3240961,edwindare,edwindare324096144@mail.com,2005-05-21,68
ur40437479,dwuksta,dwuksta4043747940@example.com,2001-05-11,53
ur127588122,TheMysteri,themysteri12758812278@moviefans.com,1949-11-03,76
ur25776862,jdcotton,jdcotton2577686268@imdbuser.net,2015-05-27,71
ur17885328,eddyjawed,eddyjawed1788532814@moviefans.com,2007-02-16,49
ur25677964,numberccp,numberccp2567796488@example.com,2015-10-20,31
ur69946382,DimitrisPa,dimitrispa6994638215@mail.com,1990-01-31,80
ur2325088,camachobor,camachobor232508845@imdbuser.net,1983-08-06,70
ur1105981,BobbiCrow,bobbicrow110598139@imdbuser.net,1989-02-06,76
ur3668295,phoenixosc,phoenixosc366829543@moviefans.com,1979-02-06,78
ur166168448,Anna_Brass,annabrass16616844884@example.com,2010-06-01,63
ur99965993,harrisonon,harrisonon9996599392@example.com,1999-11-17,33
ur6185552,luke-283,luke283618555222@mail.com,1991-09-19,58
ur0623884,Rolf Vermo,rolfvermo062388498@mail.com,2020-09-27,22
ur4213006,p_adkins20,padkins20421300636@imdbuser.net,1956-02-15,73
ur59554469,framptonho,framptonho5955446926@moviefans.com,2017-11-29,41
ur5176154,McRib1,mcrib1517615444@imdbuser.net,1964-05-19,64
ur2361383,russdean,russdean236138374@example.com,2014-06-10,70
ur15541095,sign-3,sign31554109599@example.com,1983-11-08,64
ur20476592,josephemer,josephemer2047659220@mail.com,1997-10-04,28
ur0571543,davidjack,davidjack057154386@moviefans.com,1961-05-09,67
ur3291852,lindacamid,lindacamid329185278@example.com,1969-05-19,57
ur25206806,bvsf-991-8,bvsf99182520680688@example.com,2024-07-21,62
ur68054520,davesaweso,davesaweso6805452028@example.com,2014-01-03,22
ur6965396,biochemist,biochemist696539633@mail.com,1994-06-19,36
ur132395489,SPZMaxinem,spzmaxinem13239548944@mail.com,2024-01-16,54
ur27409926,facebook-1,facebook12740992655@example.com,2024-09-17,16
ur27750781,emily-k-mc,emilykmc2775078163@imdbuser.net,2020-05-06,19
ur133164002,dollybear-,dollybear13316400293@example.com,2022-12-15,19
ur37853632,anthonypap,anthonypap3785363218@mail.com,1991-06-25,34
ur1497432,dreamerboi,dreamerboi149743288@example.com,2003-01-14,63
ur19704423,anderson_3,anderson31970442374@mail.com,2006-03-16,22
ur31083235,OneMovieLo,onemovielo3108323579@imdbuser.net,2019-05-24,55
ur23161227,JoeDiBease,joedibease2316122781@imdbuser.net,1980-04-26,70
ur37005828,me-501-110,me5011103700582863@moviefans.com,2022-08-18,24
ur1726876,helfeleath,helfeleath172687677@mail.com,2012-10-19,29
ur0261743,JoshB-2,joshb2026174316@imdbuser.net,2006-04-13,54
ur2752719,severe_td,severetd275271987@moviefans.com,2007-09-22,39
ur1704599,xskumbagx,xskumbagx170459910@moviefans.com,1976-11-06,79
ur0145050,Maitas,maitas014505030@mail.com,2010-04-06,80
ur1177892,SwedishOys,swedishoys117789286@mail.com,1978-01-20,71
ur31841041,GeneralPet,generalpet3184104125@mail.com,2017-04-07,60
ur1916140,grichman,grichman191614073@example.com,2019-05-14,37
ur2659253,villevee,villevee265925310@imdbuser.net,2000-06-29,74
ur162708011,dmgrm,dmgrm16270801142@example.com,2013-04-12,47
ur60042818,sleded,sleded6004281829@imdbuser.net,1985-09-11,42
ur9230017,shoobe01-1,shoobe011923001774@moviefans.com,2007-11-05,41
ur21965134,Mg6,mg62196513482@mail.com,2013-09-16,26
ur0069240,Gyrobot,gyrobot006924022@mail.com,1997-06-06,44
ur0898787,flimbuff,flimbuff089878739@mail.com,2014-02-28,23
ur6870110,jackmoss88,jackmoss88687011041@imdbuser.net,2012-11-17,19
ur39953227,themadmovi,themadmovi3995322714@example.com,2007-01-02,80
ur77751130,alanbenfie,alanbenfie7775113068@mail.com,1986-02-20,47
ur36594357,dibeyendu,dibeyendu3659435731@example.com,1988-03-28,68
ur24555500,scott_thom,scottthom2455550051@moviefans.com,2009-09-01,48
ur30666333,mbkassenof,mbkassenof3066633392@mail.com,2023-09-08,76
ur19918213,chrismarti,chrismarti1991821389@example.com,1983-12-29,69
ur55832546,littleging,littleging5583254610@moviefans.com,2004-04-06,73
ur95293353,hsdencker,hsdencker9529335396@mail.com,1994-01-21,59
ur86659702,eismoc,eismoc8665970272@example.com,2011-10-29,51
ur33050612,MediaboyMu,mediaboymu3305061270@moviefans.com,1981-01-28,45
ur18791438,pmoneymatt,pmoneymatt1879143872@mail.com,2006-11-09,47
ur35013895,joeburnes,joeburnes3501389599@moviefans.com,2011-12-17,23
ur16666241,warthogjum,warthogjum1666624112@example.com,1982-11-01,55
ur90339488,vedangsona,vedangsona9033948833@imdbuser.net,2020-09-07,26
ur33508268,dnklionhea,dnklionhea3350826826@mail.com,2002-03-22,47
ur35500158,jasperdavi,jasperdavi3550015812@moviefans.com,1997-11-08,50
ur13204955,yourz_sanj,yourzsanj1320495580@moviefans.com,2013-12-02,17
ur50567540,abhithakur,abhithakur5056754042@example.com,2009-12-06,29
ur107203506,anumulasou,anumulasou10720350664@moviefans.com,2011-07-11,17
ur78421150,anukelkar,anukelkar7842115039@imdbuser.net,2005-11-03,32
ur75975220,singhshahe,singhshahe7597522096@moviefans.com,2020-01-28,15
ur81033295,hharsha-87,hharsha878103329566@moviefans.com,1989-02-16,77
ur68064013,mayanklout,mayanklout6806401361@example.com,2018-06-06,55
ur93408951,lunaticgau,lunaticgau9340895149@mail.com,2020-01-05,15
ur31960340,dhruva-ash,dhruvaash3196034026@moviefans.com,2015-05-15,13
ur93896999,adinew,adinew9389699938@imdbuser.net,2013-01-05,28
ur102578057,fahim-5260,fahim526010257805710@imdbuser.net,1982-11-01,72
ur86904331,anshusinha,anshusinha8690433115@example.com,1971-06-11,76
ur89145562,abhishekma,abhishekma8914556221@mail.com,2007-02-15,44
ur75936863,iamdeepak-,iamdeepak7593686319@moviefans.com,1992-05-09,42
ur96777254,arjuncshek,arjuncshek9677725446@example.com,2014-12-06,25
ur72021675,shankarvem,shankarvem7202167541@mail.com,2008-03-01,23
ur52555789,anoshpaul1,anoshpaul15255578916@imdbuser.net,1983-04-05,46
ur13998409,dale-lover,dalelover1399840994@moviefans.com,1991-11-16,66
ur15032562,thetheatre,thetheatre1503256263@mail.com,2019-12-07,42
ur0257554,tritisan,tritisan025755491@imdbuser.net,2024-10-26,55
ur11914106,camillusds,camillusds1191410610@imdbuser.net,2006-10-10,29
ur18248834,leeroy321,leeroy3211824883475@imdbuser.net,2003-08-02,52
ur1134914,crazytrain,crazytrain113491476@imdbuser.net,1999-10-14,37
ur16533931,oatsuzn,oatsuzn1653393110@mail.com,1995-12-23,55
ur18515428,The-Plague,theplague1851542868@imdbuser.net,2002-09-27,29
ur9758570,eibeh007,eibeh007975857019@moviefans.com,2002-02-24,50
ur18254556,trentreid-,trentreid1825455623@mail.com,2000-12-11,74
ur134308492,LegendaryF,legendaryf13430849241@example.com,2018-11-10,34
ur21697609,StrayButle,straybutle2169760951@imdbuser.net,2011-10-01,24
ur2638070,poolhus,poolhus263807033@imdbuser.net,2006-07-10,32
ur21133805,cmariegs,cmariegs2113380536@mail.com,2020-06-29,29
ur3773464,Mark-InThe,markinthe377346452@imdbuser.net,1989-11-25,36
ur19482739,caradurade,caradurade1948273953@moviefans.com,2005-07-15,23
ur68920179,captainsho,captainsho6892017943@example.com,2021-11-30,34
ur14898277,jimmyhenry,jimmyhenry1489827789@imdbuser.net,2016-02-04,37
ur3221217,vsdobbs,vsdobbs322121794@mail.com,2015-08-16,53
ur6712682,onetruedea,onetruedea671268276@imdbuser.net,2016-09-11,13
ur93919419,thetatlock,thetatlock9391941993@example.com,1979-02-16,71
ur77011321,gccuconati,gccuconati7701132176@mail.com,2025-12-08,22
ur4767001,jpyovanoff,jpyovanoff476700196@mail.com,2010-02-26,33
ur21166349,iainsteeve,iainsteeve2116634940@mail.com,1983-06-24,68
ur3608351,Cocacolagu,cocacolagu360835168@example.com,1995-10-06,53
ur17070445,orkneyisla,orkneyisla1707044563@imdbuser.net,1987-10-25,44
ur23658545,DarkLady2,darklady22365854526@imdbuser.net,2017-03-13,13
ur40889724,samxxxul,samxxxul4088972449@example.com,2015-01-16,76
ur118186401,gurumaggie,gurumaggie11818640121@example.com,2015-02-02,17
ur66964206,Dearmanoel,dearmanoel6696420611@imdbuser.net,2009-03-08,48
ur49725874,Chabrolfan,chabrolfan4972587447@mail.com,2003-03-14,77
ur109903991,leon_white,leonwhite10990399148@imdbuser.net,2004-04-01,36
ur53503813,binhosan,binhosan5350381334@example.com,2012-03-06,15
ur84505868,shaun-3523,shaun35238450586837@moviefans.com,1999-09-21,53
ur128359637,elviranort,elviranort12835963787@imdbuser.net,1997-06-28,37
ur131655057,stradivari,stradivari13165505771@mail.com,2020-02-26,29
ur45725257,demoura13,demoura134572525728@mail.com,2012-08-05,57
ur24943524,ingamazona,ingamazona2494352478@moviefans.com,2016-07-26,15
ur3934542,bouhanamar,bouhanamar393454243@imdbuser.net,1982-08-26,62
ur0652878,veo,veo065287815@moviefans.com,1987-01-06,74
ur85409674,hansbeimsa,hansbeimsa8540967439@imdbuser.net,2004-11-15,55
ur1107603,TerminalMa,terminalma110760380@moviefans.com,2004-05-16,41
ur22969565,OverlookMa,overlookma2296956525@mail.com,2021-04-16,16
ur105440879,LeonarSJ98,leonarsj9810544087945@mail.com,2007-11-24,74
ur0498786,filmnut81,filmnut81049878644@mail.com,1986-06-20,60
ur19259243,rebirth75,rebirth751925924371@mail.com,1978-02-03,68
ur23245162,jerry07,jerry072324516291@mail.com,1965-11-27,63
ur0295483,ADORA,adora029548317@imdbuser.net,2025-07-23,25
ur59822726,lorrainees,lorrainees5982272673@imdbuser.net,1969-03-09,66
ur38693990,aileencorc,aileencorc3869399072@example.com,2011-03-14,23
ur3892785,meganhinge,meganhinge389278599@imdbuser.net,1998-01-27,49
ur157168340,rafaelcr44,rafaelcr4415716834018@moviefans.com,2013-04-07,16
ur67976538,jorge-0158,jorge01586797653890@moviefans.com,2023-10-11,22
ur27717789,AustinOswa,austinoswa2771778997@imdbuser.net,1989-01-11,68
ur65247383,nathannico,nathannico6524738318@imdbuser.net,2015-06-14,37
ur62370850,windlepaul,windlepaul6237085074@moviefans.com,1979-04-04,77
ur4590335,stageneral,stageneral459033579@moviefans.com,2020-07-29,27
ur55434128,lawrencela,lawrencela5543412897@moviefans.com,2002-03-16,57
ur43102353,ckolet37,ckolet374310235338@imdbuser.net,2003-09-07,34
ur21319675,gavinp9,gavinp92131967589@example.com,1997-06-13,53
ur51993695,Lampinerry,lampinerry5199369574@moviefans.com,2005-12-24,75
ur60233126,filmfanper,filmfanper6023312610@example.com,1999-08-05,42
ur28798960,leonhart35,leonhart352879896043@imdbuser.net,1985-10-31,56
ur27987213,ajk08,ajk082798721324@mail.com,2022-10-15,21
ur14959836,Ddduuuddde,ddduuuddde1495983638@imdbuser.net,1979-04-07,55
ur32223867,sethmlande,sethmlande3222386721@example.com,2019-05-28,15
ur26830226,Ammad-Faro,ammadfaro2683022612@example.com,2011-07-19,66
ur0170389,jmoney-2,jmoney2017038976@moviefans.com,2007-11-24,22
ur21568273,bunzr,bunzr2156827341@mail.com,1983-03-16,77
ur182219912,The_Bigsti,thebigsti18221991248@imdbuser.net,1976-02-23,55
ur43296951,travis-wee,traviswee4329695187@moviefans.com,1998-02-10,41
ur6133640,tpibb,tpibb613364038@imdbuser.net,1981-05-21,48
ur2520178,dwightet,dwightet252017824@moviefans.com,2012-01-21,54
ur7086627,bhop59,bhop59708662794@example.com,2007-06-29,21
ur14471686,johnwalt-1,johnwalt11447168630@imdbuser.net,2013-10-16,16
ur3112639,Monotreme0,monotreme0311263913@imdbuser.net,1993-03-09,77
ur6987891,CRISTOBALD,cristobald698789189@moviefans.com,1970-10-19,67
ur103743519,SwatiUpadh,swatiupadh10374351954@mail.com,2014-02-20,15
ur92126044,Dunkaccino,dunkaccino9212604460@moviefans.com,1975-02-28,79
ur134783880,Giugi1101,giugi110113478388060@imdbuser.net,2018-09-16,15
ur1759596,enoonmai,enoonmai175959655@example.com,2025-03-14,71
ur73906406,NerdBat,nerdbat7390640687@moviefans.com,1965-12-30,71
ur2544621,davidcurti,davidcurti254462112@mail.com,1984-11-04,44
ur6286748,fireworkz2,fireworkz2628674825@imdbuser.net,1992-08-21,53
ur119905568,coolmordec,coolmordec11990556822@imdbuser.net,2016-06-19,68
ur9397647,jackcartli,jackcartli939764710@imdbuser.net,2020-09-11,18
ur9997592,SenaShetan,senashetan999759285@example.com,2017-04-24,13
ur26725651,josephbrow,josephbrow2672565192@example.com,2000-02-23,51
ur21151394,hypedallas,hypedallas2115139465@mail.com,2018-08-05,14
ur14117780,JungleBunn,junglebunn1411778012@example.com,2022-10-15,40
ur0372692,bill_b4,billb4037269262@mail.com,2019-12-03,24
ur21616206,amywest16,amywest162161620647@imdbuser.net,2015-06-16,24
ur18935108,beregic,beregic1893510819@example.com,1998-02-03,36
ur1423407,jjoffe,jjoffe142340774@moviefans.com,1982-03-19,65
ur20440192,bearfacepr,bearfacepr2044019261@moviefans.com,2007-12-19,64
ur5747671,powerforce,powerforce574767190@moviefans.com,2013-11-05,17
ur25976761,Documan81,documan812597676183@mail.com,2015-06-07,58
ur1849478,Hillstreet,hillstreet184947898@example.com,1991-08-22,78
ur63062285,michael-20,michael206306228545@example.com,1990-08-21,69
ur51481150,goaltender,goaltender5148115094@imdbuser.net,2020-02-19,38
ur26585230,Karlien196,karlien1962658523011@mail.com,2008-05-17,59
ur2973743,werwolf_dk,werwolfdk297374382@imdbuser.net,1985-07-09,65
ur80084893,lorenjahns,lorenjahns8008489367@imdbuser.net,1998-04-15,41
ur23246922,Marsha2020,marsha20202324692253@example.com,2022-01-17,13
ur74948321,PradoCedri,pradocedri7494832120@example.com,1988-11-20,40
ur76980346,rsg-25524,rsg255247698034645@moviefans.com,2012-12-14,22
ur42931468,lupanarrev,lupanarrev4293146870@imdbuser.net,2023-05-07,18
ur205061472,AlyciaL-8,alycial820506147243@imdbuser.net,2010-04-10,64
ur49780230,ahegde3149,ahegde31494978023094@example.com,2010-10-04,17
ur6966746,sanarg,sanarg696674690@mail.com,1997-09-11,65
ur30283290,patrickfil,patrickfil3028329068@mail.com,1998-05-20,43
ur68358761,nicholasru,nicholasru6835876111@moviefans.com,2018-09-11,16
ur57862703,romanvarta,romanvarta5786270312@mail.com,2004-03-24,25
ur30690224,z-moses-z,zmosesz3069022441@imdbuser.net,2007-08-18,33
ur31339881,MdPField,mdpfield3133988162@moviefans.com,2010-04-21,17
ur7112322,eusad,eusad711232256@example.com,2017-04-28,58
ur1981684,WilliamCKH,williamckh198168425@example.com,1974-12-14,66
ur40568287,sugarfreep,sugarfreep4056828741@mail.com,2001-08-28,71
ur0879559,abisio,abisio087955975@example.com,2006-10-04,41
ur1845621,basemnt-dw,basemntdw184562179@moviefans.com,2008-01-21,58
ur11082985,sharkoil,sharkoil1108298550@moviefans.com,2009-02-11,17
ur6547426,ucanusemy,ucanusemy654742646@example.com,1962-12-14,66
ur8765394,nimbleland,nimbleland876539418@example.com,2008-01-24,72
ur20328301,merylmatt,merylmatt2032830163@example.com,2013-02-11,39
ur8763118,gillygalls,gillygalls876311847@example.com,2019-06-04,67
ur61781186,adnankicin,adnankicin6178118660@example.com,2009-08-27,56
ur21262781,harun-muta,harunmuta2126278122@imdbuser.net,1997-02-13,80
ur211055914,Consiglier,consiglier21105591418@moviefans.com,1997-09-06,33
ur81288663,kovacic-36,kovacic368128866389@moviefans.com,1986-08-09,72
ur210813702,AmilaS-56,amilas5621081370256@imdbuser.net,2008-12-27,39
ur57426162,mukyoky,mukyoky5742616230@example.com,2004-11-27,33
ur117773941,StarMo123,starmo12311777394146@mail.com,2012-01-17,18
ur85194413,imranahmed,imranahmed8519441369@example.com,1987-11-22,49
ur0926021,nchng,nchng092602199@imdbuser.net,1988-06-13,45
ur2745447,shakennots,shakennots274544745@mail.com,2025-01-26,35
ur1066910,FunkyMunke,funkymunke106691028@imdbuser.net,2019-09-27,14
ur0275899,Tyranork,tyranork027589940@imdbuser.net,2022-07-19,19
ur72628537,fayandray,fayandray7262853753@moviefans.com,2018-06-22,27
ur11358542,type_mitch,typemitch1135854227@example.com,2023-08-16,13
ur26861773,LongTimeMo,longtimemo2686177386@mail.com,2017-04-27,69
ur19071651,Movie_Fana,moviefana1907165130@moviefans.com,2002-06-23,29
ur136385244,ated-33034,ated3303413638524459@example.com,2009-09-30,40
ur5372738,RTTerry,rtterry537273884@moviefans.com,2003-03-16,41
ur116508345,ahmedm0ust,ahmedm0ust11650834560@example.com,2023-03-01,77
ur52750208,pradeep_ch,pradeepch5275020817@imdbuser.net,1983-07-25,56
ur1416076,Sparrow_in,sparrowin141607676@example.com,1994-03-30,45
ur39338857,xstar-569-,xstar5693933885747@imdbuser.net,1988-09-12,65
ur0590964,Curtis G.,curtisg059096460@example.com,2022-06-01,56
ur83306436,fletchy-57,fletchy578330643623@mail.com,1976-12-21,55
ur6612855,bobbyd6107,bobbyd6107661285555@imdbuser.net,2022-05-14,52
ur0599433,offspr1ngx,offspr1ngx059943373@moviefans.com,2006-08-09,68
ur1336456,the_gelati,thegelati133645618@imdbuser.net,2022-08-17,16
ur37624068,Gafiltha,gafiltha3762406850@moviefans.com,2019-04-28,24
ur0429148,JPFan,jpfan042914814@imdbuser.net,2005-02-15,52
ur124959265,ajgrayor,ajgrayor12495926544@moviefans.com,1992-01-24,75
ur1076321,Bi Ling,biling107632119@example.com,1974-02-27,54
ur5085239,lahabana51,lahabana51508523916@moviefans.com,1953-12-27,79
ur0583830,jjh6519,jjh6519058383062@example.com,2013-05-01,59
ur5303977,rwchapman0,rwchapman0530397749@moviefans.com,2018-11-09,59
ur0980648,Natalie-31,natalie31098064831@mail.com,1973-11-28,57
ur0423445,jbashe,jbashe042344589@moviefans.com,1971-02-25,58
ur2396965,keithh-1,keithh1239696581@example.com,1991-01-14,61
ur0983960,teegz,teegz098396098@moviefans.com,1985-03-21,64
ur10481591,reginamia,reginamia1048159177@example.com,2015-10-24,15
ur7633922,flumpman-1,flumpman1763392277@example.com,1999-08-28,41
ur4999591,marmaladeh,marmaladeh499959114@example.com,1999-05-09,80
ur0445179,Doc_Who,docwho044517943@mail.com,2020-03-16,22
ur0467185,Mr.Socko,mrsocko046718532@example.com,2005-10-17,31
ur0676300,jtfsouth,jtfsouth067630089@mail.com,1997-11-13,41
ur0465201,jen-143,jen143046520152@example.com,1985-04-06,51
ur5292727,cloudblood,cloudblood529272716@imdbuser.net,2011-01-05,23
ur0342213,ADG-81,adg81034221328@imdbuser.net,2013-04-23,57
ur8168060,dmann73,dmann73816806079@imdbuser.net,2022-06-28,45
ur3734363,Surprisema,surprisema373436329@mail.com,2016-07-13,35
ur1518804,BadWebDive,badwebdive151880428@mail.com,2025-01-12,53
ur3629099,robo8,robo8362909999@example.com,1992-06-04,44
ur1725701,Neal19,neal19172570126@moviefans.com,1980-08-21,48
ur5516307,Kunovega,kunovega551630751@example.com,1995-09-11,43
ur5775569,kidcontra1,kidcontra1577556923@moviefans.com,2001-03-21,66
ur1440032,mockturtle,mockturtle144003213@example.com,1993-05-03,44
ur2166366,numberonec,numberonec216636624@example.com,2005-01-27,33
ur1488469,malevolent,malevolent148846981@imdbuser.net,2016-06-17,18
ur0791922,loki564,loki564079192284@moviefans.com,2014-09-25,29
ur0711419,berht-2,berht2071141952@moviefans.com,2002-04-02,23
ur0316916,RBNY,rbny031691619@mail.com,1995-01-30,62
ur0499516,chain67,chain67049951651@example.com,2007-12-07,54
ur1639318,moorthyr,moorthyr163931810@moviefans.com,1994-04-03,75
ur7500769,TheHonk,thehonk750076963@mail.com,2006-09-25,30
ur14421475,cwebb2327,cwebb23271442147552@imdbuser.net,1994-09-26,40
ur0325138,Hound222,hound222032513811@example.com,2022-03-25,41
ur15790493,skeletonma,skeletonma1579049343@moviefans.com,1998-06-12,36
ur1339231,mungflesh,mungflesh133923168@mail.com,1995-09-02,68
ur132645993,rowejs-275,rowejs27513264599373@example.com,2012-04-13,28
ur23949705,p-jonsson,pjonsson2394970540@example.com,2018-02-12,15
ur23675942,R-P-McMurp,rpmcmurp2367594228@mail.com,2019-12-26,30
ur28517803,chapy004,chapy0042851780395@imdbuser.net,2023-02-14,62
ur31345124,a-andrew90,aandrew903134512459@imdbuser.net,2025-04-21,79
ur24884343,arabnikita,arabnikita2488434360@imdbuser.net,1979-03-21,74
ur0290901,Victor Fie,victorfie029090155@moviefans.com,2001-05-19,69
ur1149810,SFLYNNLV,sflynnlv114981064@mail.com,2025-08-27,60
ur0718268,autographs,autographs071826832@moviefans.com,2003-07-19,62
ur1492203,soralapio,soralapio149220396@example.com,2002-07-25,49
ur1097552,moviefreak,moviefreak109755236@mail.com,1994-08-17,33
ur0978837,larserikg,larserikg097883799@mail.com,1995-01-08,38
ur8770905,inga_cuteb,ingacuteb877090585@imdbuser.net,2009-02-10,31
ur0550183,JulieKelle,juliekelle055018333@example.com,2006-02-06,59
ur4303528,BettieTees,bettietees430352880@imdbuser.net,2015-01-21,24
ur32774129,tgooderson,tgooderson3277412935@mail.com,1971-09-14,66
ur129092434,vicentesal,vicentesal12909243483@moviefans.com,2018-06-23,15
ur34763506,Brittany22,brittany223476350646@example.com,2019-04-07,66
ur23758725,BharatSamr,bharatsamr2375872552@mail.com,2007-08-11,34
ur2540337,ricknorwoo,ricknorwoo254033738@moviefans.com,1969-05-12,68
ur6625020,jerichobra,jerichobra662502054@moviefans.com,1994-09-02,35
ur2591082,wmantzel,wmantzel259108228@example.com,2018-01-21,40
ur0328393,Andyman-3,andyman3032839389@imdbuser.net,2010-08-09,35
ur1599986,jhsteel,jhsteel159998675@example.com,1996-07-20,36
ur0486888,wjfickling,wjfickling048688852@mail.com,2012-01-18,35
ur0298327,Cinemasitt,cinemasitt029832775@imdbuser.net,2004-05-05,39
ur0491101,tenor1,tenor1049110126@imdbuser.net,2010-03-27,33
ur1495238,dfischler,dfischler149523873@imdbuser.net,2015-02-03,22
ur0669141,Bologna Ki,bolognaki066914143@imdbuser.net,2016-12-20,44
ur0947195,WendyOh!,wendyoh094719587@moviefans.com,1981-06-25,64
ur4520543,bardlover,bardlover452054310@mail.com,2007-01-19,28
ur0000917,niteman,niteman000091745@mail.com,1988-05-27,46
ur0620705,mmunies,mmunies062070542@mail.com,1955-04-04,78
ur14031795,rosian,rosian1403179592@example.com,2018-08-10,13
ur105681664,lucifer_ov,luciferov10568166453@example.com,1966-08-06,60
ur21952211,horizon200,horizon2002195221141@imdbuser.net,2020-02-12,23
ur5248782,joyisyourf,joyisyourf524878291@mail.com,2021-06-01,54
ur2705881,El-Stumpo,elstumpo270588155@example.com,1983-01-04,57
ur1626638,chr_seidel,chrseidel162663852@mail.com,2012-06-10,72
ur1271752,steph-pari,stephpari127175252@moviefans.com,2005-06-19,75
ur2278331,lost4wurds,lost4wurds227833120@mail.com,2011-10-15,53
ur4639827,ramsri81,ramsri81463982787@imdbuser.net,2006-06-06,25
ur1547380,mob61uk,mob61uk154738061@mail.com,2003-08-26,43
ur2214389,vasselot,vasselot221438947@mail.com,1999-02-01,61
ur0463959,icarus-11,icarus11046395998@imdbuser.net,2006-08-24,60
ur23143755,Mlinville8,mlinville82314375522@example.com,1996-12-30,46
ur103939883,jaredkeopp,jaredkeopp10393988345@moviefans.com,2005-06-02,22
ur15777810,BlueSkies7,blueskies71577781055@mail.com,2014-07-31,15
ur0380267,duce122,duce122038026732@imdbuser.net,1982-11-25,46
ur3742490,Robert-Who,robertwho374249088@mail.com,2005-08-13,24
ur28941614,daniellepa,daniellepa2894161490@example.com,1983-02-22,49
ur36176276,Njinked,njinked3617627642@mail.com,1995-11-12,48
ur25796864,cookiechip,cookiechip2579686418@moviefans.com,2014-10-19,27
ur6063915,Fields201,fields201606391534@imdbuser.net,2015-04-08,17
ur1053129,wcameronma,wcameronma105312914@moviefans.com,1973-08-20,75
ur32651879,ivern-326-,ivern3263265187987@moviefans.com,1985-11-28,41
ur35544057,www-qwat,wwwqwat3554405757@imdbuser.net,1990-04-13,45
ur40168936,annashewri,annashewri4016893677@example.com,1987-03-18,67
ur34885054,bbwrotherh,bbwrotherh3488505464@imdbuser.net,1971-11-15,77
ur33455354,cblackburn,cblackburn3345535481@moviefans.com,1999-08-12,31
ur49503293,kdcalderon,kdcalderon4950329356@example.com,2016-06-20,17
ur29237015,allyramsam,allyramsam2923701591@moviefans.com,2000-01-11,43
ur61248495,aaaad-7484,aaaad74846124849519@imdbuser.net,2017-06-16,23
ur31804989,kayles115,kayles1153180498915@imdbuser.net,1992-04-14,34
ur23819158,clarkkent9,clarkkent92381915860@example.com,2013-07-08,29
ur33071800,jacquesdr,jacquesdr3307180041@moviefans.com,1975-03-17,59
ur33623870,lucasnoche,lucasnoche3362387082@example.com,1975-09-26,68
ur60800334,mariiasalm,mariiasalm6080033481@mail.com,2021-09-02,33
ur28354196,yunusitbos,yunusitbos2835419621@moviefans.com,1991-06-03,79
ur60565681,stuartmcca,stuartmcca6056568141@mail.com,1998-01-28,28
ur50797865,x-lucy-mo-,xlucymo5079786566@example.com,2017-06-16,15
ur0143806,corncob01,corncob01014380655@imdbuser.net,2010-05-08,79
ur0200955,Flik,flik020095559@example.com,2012-05-28,26
ur39634854,JakeBrinkm,jakebrinkm3963485493@imdbuser.net,2010-10-26,25
ur31413969,gessner-jp,gessnerjp3141396920@imdbuser.net,1982-08-08,50
ur0176398,andy-188,andy188017639846@imdbuser.net,2000-10-02,69
ur0074199,Steven-10,steven10007419922@mail.com,2025-10-01,45
ur19217006,michael-32,michael321921700635@imdbuser.net,2024-07-12,31
ur0189681,Ahmad-4,ahmad4018968168@mail.com,1997-01-06,56
ur22963396,Chanandler,chanandler2296339638@example.com,1977-03-04,73
ur19695200,dratthecat,dratthecat1969520042@imdbuser.net,2021-06-30,14
ur25402000,LindsayFli,lindsayfli2540200091@moviefans.com,2007-04-22,32
ur204467695,KatyR-55,katyr5520446769559@imdbuser.net,2007-07-21,50
ur6873037,cinemasave,cinemasave687303779@example.com,2012-09-13,18
ur1444027,Cinemaniac,cinemaniac144402757@imdbuser.net,2002-11-18,51
ur4133887,Console_Ge,consolege413388792@example.com,1985-12-15,47
ur0446339,SMalamud,smalamud044633990@mail.com,2010-07-13,17
ur22377523,the-suey,thesuey2237752334@imdbuser.net,2023-10-02,20
ur0163262,Jim-249,jim249016326272@moviefans.com,2000-12-17,62
ur2567421,rachel-mar,rachelmar256742187@example.com,2007-04-14,22
ur2363317,psychprofe,psychprofe236331791@example.com,2016-11-29,74
ur181092497,yprshwymf,yprshwymf18109249746@moviefans.com,2014-07-07,29
ur3773934,xolilcutep,xolilcutep377393454@imdbuser.net,1993-02-09,47
ur0488634,drrap,drrap048863422@mail.com,2010-10-09,43
ur65869085,sugeyboo,sugeyboo6586908519@example.com,2000-08-13,50
ur30578667,luzm88,luzm883057866774@imdbuser.net,2003-10-26,38
ur41341732,and-charal,andcharal4134173212@moviefans.com,1952-10-30,76
ur53892194,wilhelm-sc,wilhelmsc5389219470@example.com,2019-11-17,68
ur198477230,Deer_Hair_,deerhair19847723029@imdbuser.net,2008-11-28,17
ur118412732,paulinaskm,paulinaskm11841273285@example.com,2019-05-03,29
ur67777409,zkhasbrouc,zkhasbrouc6777740997@mail.com,1986-09-12,76
ur30770456,deepak1993,deepak19933077045618@mail.com,1995-06-16,59
ur20175936,mmarkoul,mmarkoul2017593663@example.com,1974-08-07,62
ur68152196,franciscot,franciscot6815219648@moviefans.com,2015-12-16,13
ur66576939,anish-2580,anish25806657693961@mail.com,2010-02-13,73
ur41704851,Cinefil_Or,cinefilor4170485199@example.com,1992-12-14,34
ur1103732,koen_smit,koensmit110373248@moviefans.com,2002-07-11,44
ur69554516,pkzip-3443,pkzip34436955451641@example.com,2014-06-15,80
ur9819740,lmgaitan,lmgaitan981974013@example.com,2014-05-20,49
ur135663207,pchartier-,pchartier13566320738@imdbuser.net,2014-05-20,52
ur0747558,Pineapples,pineapples074755844@moviefans.com,2013-12-10,54
ur11987301,ragosaal,ragosaal1198730143@imdbuser.net,2014-12-24,30
ur0371592,Arne-12,arne12037159225@imdbuser.net,2009-03-04,52
ur7862879,steve-2297,steve2297786287942@moviefans.com,1969-05-07,69
ur1943125,LangSci,langsci194312535@moviefans.com,2019-10-21,54
ur0180868,klchu,klchu018086830@imdbuser.net,2016-09-23,15
ur48259899,auburningr,auburningr4825989916@moviefans.com,2007-08-17,26
ur7257386,wlsv1982,wlsv1982725738673@mail.com,2014-06-11,80
ur1339574,m-j-l,mjl133957473@moviefans.com,2024-01-22,14
ur14081065,athenagodd,athenagodd1408106577@moviefans.com,2012-06-11,32
ur110098771,coralysish,coralysish11009877197@example.com,1997-04-02,39
ur1609910,Triceratop,triceratop160991088@mail.com,2007-09-12,49
ur18494317,philip-473,philip4731849431727@mail.com,2015-05-24,62
ur5812180,The_Wagon,thewagon581218056@mail.com,1982-09-09,64
ur3110452,Opethian,opethian311045281@imdbuser.net,2019-10-24,46
ur9786507,violetta14,violetta14978650753@mail.com,1970-10-24,72
ur128461840,theshaneca,theshaneca12846184074@mail.com,1981-06-03,51
ur0146591,lotus49,lotus49014659119@example.com,2011-08-28,40
ur1212409,tpdevlin,tpdevlin121240926@moviefans.com,1973-01-03,57
ur0680336,narcpress,narcpress068033645@example.com,1977-06-04,65
ur132411989,ecapes,ecapes13241198941@example.com,2017-01-22,41
ur161991406,Federico_D,federicod16199140660@imdbuser.net,2015-11-28,42
ur2925760,BrentCarle,brentcarle292576044@moviefans.com,2022-04-20,31
ur0078072,Avivale,avivale007807227@imdbuser.net,1996-07-27,51
ur2395590,linder9,linder9239559057@example.com,2025-11-09,21
ur2297973,jackdaniel,jackdaniel229797338@example.com,2020-04-23,38
ur117088825,charliesco,charliesco11708882546@imdbuser.net,1997-02-04,63
ur2188681,postmanwho,postmanwho218868133@mail.com,2010-02-15,18
ur0850275,Ragnarok-5,ragnarok5085027515@imdbuser.net,2023-05-11,55
ur0554839,VegasDV,vegasdv055483964@example.com,2024-10-21,25
ur68309960,KingTambo,kingtambo6830996056@imdbuser.net,1959-07-17,70
ur5191301,StrayFeral,strayferal519130153@example.com,1966-03-28,68
ur2252159,DaysFan79,daysfan79225215950@moviefans.com,2000-02-02,42
ur4556673,lokar3791,lokar3791455667363@imdbuser.net,1966-10-25,74
ur2051409,bangbangbe,bangbangbe205140955@moviefans.com,2019-11-29,78
ur185923896,OnlyAccord,onlyaccord18592389610@example.com,2019-06-28,75
ur19494437,LOTHRFan66,lothrfan661949443729@moviefans.com,1962-12-18,78
ur37785882,sirchristo,sirchristo3778588235@mail.com,2016-08-24,23
ur61205398,Consistent,consistent6120539888@example.com,2007-02-23,62
ur135706192,KinoBuff20,kinobuff2013570619210@example.com,2010-11-17,17
ur1764000,jdollak,jdollak176400049@moviefans.com,1980-11-15,66
ur132805954,anselclovi,anselclovi13280595475@mail.com,2006-06-19,68
ur4390397,ryanj3,ryanj3439039732@moviefans.com,1989-10-02,48
ur110986959,bypeterfen,bypeterfen11098695922@example.com,2019-08-30,32
ur1633313,tmpj,tmpj163331366@imdbuser.net,1963-04-13,68
ur0457334,michel-fah,michelfah045733458@imdbuser.net,2007-01-14,36
ur1067484,taruss,taruss106748441@imdbuser.net,2020-08-08,35
ur3821806,MrBlueo,mrblueo382180623@example.com,1996-12-28,32
ur2137427,robert1500,robert1500213742782@mail.com,2011-07-14,21
ur5555644,herbertata,herbertata555564449@mail.com,2006-08-11,44
ur3912589,thatlittle,thatlittle391258988@moviefans.com,1996-06-09,58
ur28499761,rockcheste,rockcheste2849976182@example.com,2020-01-31,20
ur9284632,edwardi-ko,edwardiko928463290@imdbuser.net,2016-10-22,36
ur16128969,harperelf-,harperelf1612896990@moviefans.com,2004-02-24,29
ur17086611,vinceb-3,vinceb31708661150@imdbuser.net,1980-03-30,60
ur1424131,agrawalman,agrawalman142413115@mail.com,2015-02-05,20
ur1279842,malvernp,malvernp127984271@mail.com,1990-02-01,47
ur6206362,Doogeylove,doogeylove620636292@moviefans.com,2008-04-18,44
ur0151633,aalmhs,aalmhs015163336@example.com,1956-03-06,71
ur0067569,88keyz,88keyz006756937@imdbuser.net,2009-10-16,41
ur6136250,anothertho,anothertho613625060@mail.com,1969-07-23,69
ur15057967,northstar_,northstar1505796769@mail.com,1993-08-21,58
ur2393802,fuzzy_wunz,fuzzywunz239380296@example.com,1992-08-30,50
ur7350791,stewarthug,stewarthug735079127@example.com,2011-02-27,47
ur65140970,aymom,aymom6514097062@moviefans.com,2016-02-13,33
ur4487180,sophybliss,sophybliss448718068@moviefans.com,1970-06-02,76
ur3121681,marcuseden,marcuseden312168110@mail.com,2014-09-29,51
ur4413531,TheFanRepo,thefanrepo441353183@imdbuser.net,2022-08-28,58
ur29212941,BigJimNoFo,bigjimnofo2921294130@mail.com,1999-11-19,70
ur0108786,HenryHexto,henryhexto010878647@example.com,2015-08-31,60
ur0459220,Duellist,duellist045922061@moviefans.com,2012-02-26,33
ur1242051,stimpil,stimpil124205161@moviefans.com,2025-05-08,21
ur1959875,lasciare,lasciare195987525@example.com,2011-07-03,15
ur65387820,dhavaljiya,dhavaljiya6538782043@moviefans.com,2014-12-15,33
ur2001705,u2rave,u2rave200170558@mail.com,1995-08-05,36
ur0635434,staircar,staircar063543461@imdbuser.net,1983-09-18,75
ur0824083,vispateres,vispateres082408337@example.com,2010-10-16,22
ur0659879,drkjedi1-2,drkjedi12065987951@example.com,2003-10-01,43
ur22518687,coppernche,coppernche2251868732@example.com,2010-06-01,44
ur0599656,snowball-1,snowball1059965677@imdbuser.net,2011-08-08,32
ur18241144,GrigoryGir,grigorygir1824114491@imdbuser.net,2022-06-10,37
ur35060089,lpquig,lpquig3506008911@moviefans.com,2005-06-07,64
ur8524688,Sausage1,sausage1852468828@mail.com,2012-05-02,17
ur1229963,robertasmi,robertasmi122996363@moviefans.com,1988-10-24,53
ur58242601,movies-by-,moviesby5824260130@mail.com,1995-07-19,38
ur26401041,t-dooley-6,tdooley62640104140@example.com,2014-05-20,66
ur43892963,christophe,christophe4389296341@mail.com,2022-08-27,71
ur0894328,vkn,vkn089432852@imdbuser.net,2016-07-29,15
ur2255199,Skaiton,skaiton225519984@moviefans.com,1999-09-16,29
ur19716469,robfather_,robfather1971646966@moviefans.com,2011-06-29,17
ur5156469,r-c-s,rcs515646935@moviefans.com,2001-07-29,41
ur23271250,darkwigger,darkwigger2327125047@example.com,2013-02-28,60
ur3594807,ascheland,ascheland359480783@imdbuser.net,2014-04-10,27
ur4978109,bcuberny5,bcuberny5497810952@moviefans.com,2024-12-15,18
ur0752880,bmacv,bmacv075288058@moviefans.com,2015-05-03,25
ur4259560,masterjk2,masterjk2425956024@moviefans.com,2015-08-17,26
ur5343794,AlanSquier,alansquier534379417@imdbuser.net,2012-06-19,23
ur1718450,toadentann,toadentann171845035@moviefans.com,2014-09-20,14
ur0183093,Damas,damas018309370@mail.com,1998-10-17,44
ur48929113,bjumholtz,bjumholtz4892911337@imdbuser.net,2007-01-27,32
ur0833175,chrisdfilm,chrisdfilm083317513@mail.com,1985-11-28,60
ur4218426,kennethjoh,kennethjoh421842659@imdbuser.net,1993-02-23,34
ur1134907,PeteBDawg,petebdawg113490754@moviefans.com,1993-10-01,61
ur2298523,aslan23,aslan23229852343@moviefans.com,2019-03-17,30
ur1270912,Sneaky_Pet,sneakypet127091287@example.com,1997-10-02,77
ur64619489,andrew-535,andrew5356461948919@moviefans.com,1982-04-26,65
ur0027183,marko,marko002718361@imdbuser.net,2023-09-21,66
ur129510037,ismaeelbut,ismaeelbut12951003758@example.com,2020-05-24,55
ur6025018,spasek,spasek602501829@moviefans.com,1985-11-06,58
ur20426310,gmoujik,gmoujik2042631073@mail.com,1989-06-22,49
ur6810000,todd-340,todd340681000011@example.com,2007-06-26,51
ur20310813,flyingsauc,flyingsauc2031081367@imdbuser.net,1992-05-02,51
ur13724283,dbogosian-,dbogosian1372428343@example.com,1982-12-31,44
ur6183773,plugwater,plugwater618377389@moviefans.com,1987-10-25,39
ur0643116,dfcurran,dfcurran064311693@imdbuser.net,2008-04-18,68
ur2080638,mollymormo,mollymormo208063835@example.com,2023-12-31,14
ur17792130,dopplegang,dopplegang1779213057@imdbuser.net,2023-12-18,63
ur10183599,WadeVC-1,wadevc11018359915@example.com,1992-01-26,42
ur6896847,tsw392s,tsw392s689684786@mail.com,2014-08-20,47
ur6393542,anniecat50,anniecat50639354226@example.com,2013-09-23,19
ur2746374,weedie,weedie274637499@mail.com,2022-11-22,70
ur3086123,sektor-1,sektor1308612317@moviefans.com,2021-11-14,62
ur0493213,davdecrane,davdecrane049321331@moviefans.com,2020-08-15,41
ur0793003,remay1,remay1079300367@example.com,2021-04-29,31
ur55766079,jtaff99,jtaff995576607911@example.com,2014-02-11,15
ur4818686,123ray,123ray481868668@imdbuser.net,2010-01-03,25
ur2907309,ANDREWEHUN,andrewehun290730974@mail.com,2022-04-11,22
ur3008059,nedlee,nedlee300805942@moviefans.com,1980-03-02,74
ur0830231,slinkydog,slinkydog083023158@mail.com,2001-07-26,35
ur135771508,Erik_Surew,eriksurew13577150818@mail.com,1996-12-25,31
ur24708098,nidaros,nidaros2470809853@example.com,1964-02-14,62
ur0681584,droopfozz,droopfozz068158465@example.com,2025-04-26,20
ur3913783,thomas-379,thomas379391378375@imdbuser.net,2022-07-18,44
ur108039018,louwburger,louwburger10803901837@example.com,2020-10-21,28
ur23546011,samsavenge,samsavenge2354601167@moviefans.com,1982-05-01,58
ur7905240,domienappe,domienappe790524014@moviefans.com,2020-09-29,57
ur0094793,NeelyO,neelyo009479316@moviefans.com,2022-04-14,17
ur19979945,Rogansi,rogansi1997994530@example.com,1998-12-29,27
ur2998763,brickyardj,brickyardj299876335@example.com,2018-04-20,15
ur99776090,aristhetix,aristhetix9977609057@imdbuser.net,2022-06-20,73
ur64752988,loconne11,loconne116475298834@moviefans.com,2000-11-14,46
ur1781352,TheEmperor,theemperor178135258@imdbuser.net,2014-09-25,48
ur67022227,md_bunny10,mdbunny106702222793@example.com,2006-04-15,25
ur26910850,anna-101-4,anna10142691085097@moviefans.com,2007-03-05,45
ur5110138,ungy357,ungy357511013856@example.com,1961-04-22,69
ur22091889,salterbach,salterbach2209188939@example.com,2013-05-29,30
ur43270293,Karlynn77,karlynn774327029365@mail.com,1999-02-19,31
ur55940454,melanie-pa,melaniepa5594045486@imdbuser.net,1990-11-22,40
ur20888640,AncientWay,ancientway2088864072@moviefans.com,2022-06-12,19
ur66911292,isaaccobri,isaaccobri6691129225@imdbuser.net,2010-01-18,68
ur0170028,GrandJury,grandjury017002840@moviefans.com,2001-08-20,29
ur34478459,andrew-mar,andrewmar3447845994@mail.com,2019-05-01,78
ur2151354,blaskofilm,blaskofilm215135447@example.com,1998-03-09,53
ur1210420,garethvk,garethvk121042014@imdbuser.net,2022-04-18,31
ur117864759,bbigddiddl,bbigddiddl11786475934@example.com,2016-10-08,38
ur7130777,elvis_dola,elvisdola713077763@imdbuser.net,1997-10-12,76
ur138599554,jonahstewa,jonahstewa13859955477@mail.com,2011-12-06,26
ur73785104,jasperkjae,jasperkjae7378510429@mail.com,2014-05-23,66
ur0437865,freddobb-2,freddobb2043786565@mail.com,2025-04-12,13
ur23388363,a_baron,abaron2338836380@moviefans.com,2012-11-19,26
ur0635619,ghigau,ghigau063561976@mail.com,2021-12-06,45
ur0569794,Robodok,robodok056979460@moviefans.com,2023-08-27,18
ur4407207,bkdement,bkdement440720789@example.com,1981-11-08,64
ur1513320,shaquanda3,shaquanda3151332075@example.com,2021-04-12,33
ur0771145,donweiss,donweiss077114570@imdbuser.net,2020-03-30,15
ur0292383,katht,katht029238341@mail.com,2017-09-09,34
ur0144911,LBytes,lbytes014491182@mail.com,1977-09-29,49
ur0984488,matt43-2,matt432098448839@moviefans.com,2000-08-30,46
ur0295628,Ackbar-2,ackbar2029562826@moviefans.com,2018-12-11,16
ur0462175,DrChills,drchills046217537@imdbuser.net,2019-09-02,38
ur0001757,squill,squill000175732@imdbuser.net,1992-02-12,42
ur2129366,jesbeard,jesbeard212936640@imdbuser.net,1957-07-11,77
ur73577179,hunterswan,hunterswan7357717976@imdbuser.net,2003-08-27,31
ur4344527,Mr7134,mr7134434452777@example.com,2016-08-09,38
ur0330543,daumas,daumas033054390@mail.com,2005-12-31,40
ur16866615,jennycarls,jennycarls1686661517@imdbuser.net,2010-03-22,20
ur151304460,ta-60644,ta6064415130446031@mail.com,2010-01-21,46
ur1831013,MystiqueSt,mystiquest183101368@imdbuser.net,2012-10-12,16
ur0101123,Quinn-5,quinn5010112392@moviefans.com,2019-01-21,22
ur12927885,Jariah9200,jariah92001292788515@moviefans.com,2004-09-02,33
ur7650400,nomoons11,nomoons11765040043@mail.com,2018-07-28,20
ur47117572,survivalis,survivalis4711757281@moviefans.com,2017-12-30,25
ur1000891,tnt videov,tntvideov100089158@moviefans.com,2023-01-09,14
ur8520683,investored,investored852068389@moviefans.com,2006-10-07,62
ur0229591,Karlos-3,karlos3022959134@imdbuser.net,2009-07-01,75
ur10636296,down_home_,downhome1063629673@mail.com,1981-03-17,76
ur2155195,lwalsh,lwalsh215519529@example.com,1998-07-18,43
ur7403697,bhweller,bhweller740369712@moviefans.com,1985-07-18,40
ur1570048,BombVark,bombvark157004822@mail.com,1975-04-19,66
ur26533905,Watchman80,watchman802653390528@example.com,2022-06-13,25
ur34657869,niutta-enr,niuttaenr3465786969@mail.com,2012-11-30,14
ur5086332,ravieslave,ravieslave508633248@imdbuser.net,1997-09-13,62
ur4388343,guilfisher,guilfisher438834370@example.com,1978-11-18,69
ur14324255,user-15757,user157571432425584@imdbuser.net,2012-02-18,63
ur0261864,mange-3,mange3026186417@moviefans.com,1990-11-16,62
ur0798068,songbird_m,songbirdm079806895@imdbuser.net,2015-12-03,55
ur19659336,francesco-,francesco1965933621@example.com,2014-08-28,49
ur38478108,ivxoxvi,ivxoxvi3847810836@imdbuser.net,2011-12-26,54
ur2993779,rsol55,rsol55299377933@mail.com,1999-12-26,41
ur30256162,willdotcom,willdotcom3025616232@mail.com,2007-01-25,69
ur1074095,cartman008,cartman008107409535@moviefans.com,2014-01-22,37
ur28388976,bdubington,bdubington2838897634@example.com,2021-05-23,17
ur1611057,AgentFalco,agentfalco161105751@example.com,1980-04-23,45
ur26730932,SuperMegaT,supermegat2673093224@moviefans.com,1974-12-05,64
ur9396946,Asra23,asra23939694670@mail.com,2025-07-31,19
ur1689512,superstar4,superstar4168951241@mail.com,1984-07-22,58
ur118321478,j-00900,j0090011832147865@mail.com,2019-04-01,37
ur1561154,benhur21,benhur21156115497@example.com,1988-01-20,55
ur107471423,kendellsee,kendellsee10747142381@moviefans.com,2003-10-17,24
ur3020707,president2,president2302070723@example.com,2004-12-05,36
ur8564485,galileo3,galileo3856448573@moviefans.com,2023-08-05,46
ur1226271,expage2002,expage2002122627181@mail.com,1986-08-17,74
ur0498324,sburke,sburke049832466@example.com,2007-08-10,78
ur2285749,ejev,ejev228574932@imdbuser.net,1986-05-04,44
ur72177365,RubyMouse,rubymouse7217736599@moviefans.com,2002-10-04,38
ur12010954,hellokrist,hellokrist1201095426@example.com,2006-05-26,44
ur16363719,saytosande,saytosande1636371920@example.com,2016-11-04,15
ur17405962,catalina_1,catalina11740596269@example.com,2017-10-10,54
ur2638559,StacyScrip,stacyscrip263855934@example.com,2022-10-04,13
ur45377889,korneel-br,korneelbr4537788926@mail.com,2003-07-22,54
ur16444901,jsman-1,jsman11644490181@mail.com,1972-06-25,74
ur7931694,sgwdem,sgwdem793169474@imdbuser.net,2015-12-27,16
ur20437399,eshwarmail,eshwarmail2043739952@imdbuser.net,2019-03-09,24
ur15895097,sgt-schult,sgtschult1589509795@imdbuser.net,2018-12-09,16
ur41697052,thedudetha,thedudetha4169705223@imdbuser.net,2007-06-10,37
ur17527500,holzifer,holzifer1752750056@example.com,1978-01-03,51
ur89040871,katparker-,katparker8904087161@moviefans.com,2020-08-04,53
ur17917413,donniedark,donniedark1791741328@mail.com,2000-07-24,59
ur0074492,the_ref,theref007449259@example.com,2016-07-25,23
ur1832507,katers014,katers014183250760@imdbuser.net,2025-01-14,39
ur3571457,zandam14,zandam14357145730@mail.com,1991-05-11,66
ur0158337,Peter T. M,petertm015833782@imdbuser.net,2019-02-20,21
ur50718864,matthewfol,matthewfol5071886448@example.com,2020-10-06,77
ur3787390,dwmpe,dwmpe378739011@imdbuser.net,2010-05-19,63
ur119239017,rnaprenzx-,rnaprenzx11923901765@moviefans.com,1968-12-26,60
ur3802017,un_samoura,unsamoura380201719@moviefans.com,2008-04-10,18
ur2801225,tegoodfell,tegoodfell280122533@example.com,1997-10-23,43
ur4327129,seh-7,seh7432712915@mail.com,2024-02-13,24
ur0291748,conannz,conannz029174842@example.com,2014-07-28,25
ur4329605,seanespam,seanespam432960524@imdbuser.net,2010-12-21,41
ur23678697,beedeshban,beedeshban2367869792@moviefans.com,2025-04-13,76
ur0810576,The Grypho,thegrypho081057628@moviefans.com,2009-12-28,19
ur1350606,guyrowland,guyrowland135060662@example.com,2019-02-07,15
ur0108085,T-10,t10010808543@mail.com,2019-11-09,17
ur32745649,eatinglove,eatinglove3274564989@moviefans.com,1984-04-09,70
ur1968835,tim_dearin,timdearin196883556@mail.com,2001-09-27,32
ur2086380,bobbobwhit,bobbobwhit208638081@moviefans.com,2018-05-05,44
ur2055793,filminyc,filminyc205579395@imdbuser.net,1995-02-14,69
ur4097059,copperline,copperline409705986@moviefans.com,1988-01-27,75
ur20668297,aakash-kar,aakashkar2066829775@imdbuser.net,2016-04-10,39
ur1892070,badger-ken,badgerken189207062@example.com,2016-11-28,78
ur2543686,roland-sin,rolandsin254368662@imdbuser.net,2007-08-09,41
ur3953604,a---n---t,ant395360441@example.com,1968-03-14,79
ur121840313,Fernando-R,fernandor12184031323@example.com,2014-07-25,78
ur2694452,zoozi,zoozi269445218@imdbuser.net,2003-09-17,70
ur7596731,aaamail,aaamail759673181@mail.com,2012-02-14,13
ur19261456,tin-whistl,tinwhistl1926145649@moviefans.com,2003-10-21,79
ur110264140,jmforsyth-,jmforsyth11026414050@moviefans.com,1986-01-15,70
ur95839592,xuanbacht,xuanbacht9583959235@example.com,2018-05-23,21
ur78310344,eldreddsou,eldreddsou7831034427@imdbuser.net,2013-11-28,18
ur24277413,michellek1,michellek12427741324@example.com,2021-07-18,73
ur37219191,alanbourbe,alanbourbe3721919111@imdbuser.net,2010-07-05,15
ur92888344,pintaxandr,pintaxandr9288834421@example.com,2019-01-14,58
ur12672914,KaceyS,kaceys1267291417@imdbuser.net,2009-08-17,26
ur127160638,donbrandon,donbrandon12716063862@mail.com,2001-01-04,36
ur0145331,palle,palle014533148@example.com,1962-10-01,68
ur45507551,MamadNobar,mamadnobar4550755124@mail.com,2015-10-10,75
ur5143669,supernovam,supernovam514366916@mail.com,1991-05-03,68
ur59883841,scottishwh,scottishwh5988384164@moviefans.com,2023-06-15,27
ur20761558,monacofore,monacofore2076155896@mail.com,2017-04-08,78
ur59060563,MovieCriti,moviecriti5906056357@mail.com,2016-04-11,65
ur0690852,maughancan,maughancan069085236@imdbuser.net,1988-07-23,54
ur1687026,tragiclaur,tragiclaur168702628@imdbuser.net,2014-01-19,21
ur0398791,howard-30,howard30039879144@moviefans.com,2017-11-04,14
ur76629079,amirma-789,amirma7897662907943@moviefans.com,2014-12-06,78
ur3063013,Steffi_P,steffip306301350@imdbuser.net,2012-03-09,22
ur30734932,inikim,inikim3073493271@imdbuser.net,2000-03-08,31
ur70856852,jehosaphet,jehosaphet7085685265@example.com,1997-08-25,75
ur61945795,tareqzagha,tareqzagha6194579594@imdbuser.net,2009-10-20,18
ur104896002,rafamiko,rafamiko10489600212@moviefans.com,2022-08-18,76
ur39399499,brucek-570,brucek5703939949921@imdbuser.net,1998-12-21,35
ur0507358,rghawki,rghawki050735854@imdbuser.net,1969-03-16,69
ur4855596,ashley-120,ashley120485559638@mail.com,2018-11-12,54
ur173174603,Norman_Fre,normanfre17317460316@imdbuser.net,1966-04-03,67
ur4963708,The_Other_,theother496370859@example.com,2003-04-16,70
ur0631344,Captain Ki,captainki063134417@mail.com,2006-08-31,59
ur4407113,manchester,manchester440711382@moviefans.com,2007-03-20,60
ur75986004,borneobria,borneobria7598600412@mail.com,2014-04-17,30
ur0311269,WiseQuac,wisequac031126942@moviefans.com,1978-09-22,62
ur26176161,gunflyer,gunflyer2617616174@mail.com,2019-10-09,23
ur8912274,prodbabies,prodbabies891227468@mail.com,2009-12-07,32
ur6702258,anchor-9,anchor9670225842@moviefans.com,2019-05-07,44
ur22077380,Screen_Que,screenque2207738021@imdbuser.net,2017-10-23,25
ur23334796,MovieProdu,movieprodu2333479648@mail.com,1986-03-24,68
ur35057163,google-423,google4233505716342@moviefans.com,2015-03-15,15
ur38555755,princessst,princessst3855575549@imdbuser.net,2013-06-30,19
ur2961599,Greatornot,greatornot296159986@imdbuser.net,2024-09-06,33
ur25435987,julianthea,julianthea2543598712@imdbuser.net,1992-05-01,57
ur35850515,alxbarra,alxbarra3585051545@mail.com,2006-12-04,20
ur155967116,criverafun,criverafun15596711627@imdbuser.net,1989-05-03,61
ur3401668,nmeaton_7,nmeaton7340166841@imdbuser.net,1965-01-22,73
ur1898148,headlands7,headlands7189814894@moviefans.com,1997-02-03,36
ur4628405,LivinForMo,livinformo462840565@moviefans.com,2005-04-06,37
ur1593801,pookey56,pookey56159380157@imdbuser.net,2002-12-29,69
ur123888030,charliedz,charliedz12388803098@imdbuser.net,2013-06-17,43
ur6777778,dhair59,dhair59677777867@moviefans.com,2023-08-14,17
ur30750796,jaysser,jaysser3075079661@example.com,2023-07-12,68
ur6661178,backusjim,backusjim666117832@imdbuser.net,2017-02-15,47
ur2937481,mechmaniac,mechmaniac293748155@example.com,2005-10-09,78
ur2089743,mrvino15,mrvino15208974324@mail.com,1984-12-02,41
ur113529171,Pukeonthes,pukeonthes11352917127@imdbuser.net,2015-05-12,44
ur3695776,DrProfesso,drprofesso369577646@imdbuser.net,2007-02-24,63
ur61168282,jarradkeit,jarradkeit6116828298@moviefans.com,1991-04-08,64
ur113822361,thatmadara,thatmadara11382236171@moviefans.com,2021-09-14,79
ur8357835,file83,file83835783525@mail.com,2009-09-10,67
ur35502638,Vindelande,vindelande3550263862@moviefans.com,1987-01-17,41
ur104128322,b-96875,b9687510412832299@mail.com,2018-07-25,31
ur58131128,jbrbsmom,jbrbsmom5813112868@example.com,2013-06-27,17
ur80492418,El-Andy,elandy8049241817@imdbuser.net,2008-10-02,22
ur71719834,erikarcher,erikarcher7171983435@moviefans.com,1985-05-21,71
ur6391363,davidjaldr,davidjaldr639136364@moviefans.com,1991-07-18,80
ur3440140,LAKERS34,lakers34344014026@imdbuser.net,1986-03-18,72
ur2390972,sthapns247,sthapns247239097248@mail.com,2019-12-24,76
ur5973954,bstarter29,bstarter29597395442@example.com,1994-11-24,48
ur19171837,michaeljha,michaeljha1917183748@moviefans.com,2010-02-06,19
ur6384241,quinn18,quinn18638424198@moviefans.com,2020-02-29,48
ur5778839,leeballen,leeballen577883924@imdbuser.net,2012-09-20,13
ur2710026,rockprince,rockprince271002622@moviefans.com,1972-02-20,56
ur4062701,T1Thousand,t1thousand406270147@example.com,2018-03-09,37
ur67802888,The_Dman31,thedman316780288854@moviefans.com,2005-05-15,41
ur0576794,japamo,japamo057679411@mail.com,2014-05-21,13
ur6613065,jfwilder,jfwilder661306590@example.com,2001-10-06,42
ur14333099,Milo_Milos,milomilos1433309988@imdbuser.net,2010-05-03,29
ur17939874,xzcgb,xzcgb1793987472@mail.com,2017-06-03,13
ur26709144,mattlee100,mattlee1002670914431@moviefans.com,2015-11-04,14
ur12084573,mike-3842,mike38421208457382@mail.com,2008-10-25,65
ur18282158,odevoted,odevoted1828215850@mail.com,2018-10-12,50
ur67641452,SantiagoDM,santiagodm6764145271@imdbuser.net,1975-07-07,68
ur78522180,SpaaceMonk,spaacemonk7852218077@moviefans.com,2024-05-20,15
ur3403403,zadkine,zadkine340340376@imdbuser.net,1985-08-06,46
ur0105233,Iwould,iwould010523396@moviefans.com,1989-09-12,53
ur17087133,alexhughbr,alexhughbr1708713317@mail.com,2011-02-22,29
ur42394798,buzzbruin-,buzzbruin4239479817@moviefans.com,1969-07-05,57
ur12366660,jackinberl,jackinberl1236666036@example.com,2015-11-17,32
ur22624126,mackistner,mackistner2262412633@mail.com,1977-01-31,49
ur10211828,johnthehol,johnthehol1021182829@imdbuser.net,1989-05-06,73
ur27374609,Harrybalza,harrybalza2737460964@imdbuser.net,1970-11-15,79
ur100789221,gwh-71141,gwh7114110078922169@moviefans.com,1997-12-26,65
ur25364174,mrshev,mrshev2536417467@mail.com,2018-05-18,20
ur64257257,DylanKalay,dylankalay6425725713@mail.com,2002-08-22,48
ur49072884,jenniferwi,jenniferwi4907288493@mail.com,2010-09-22,54
ur13703564,charlesgou,charlesgou1370356492@example.com,1993-09-21,41
ur53069169,stefanovic,stefanovic5306916963@mail.com,2006-01-17,55
ur7839140,msmolly,msmolly783914072@moviefans.com,2020-05-25,49
ur14079489,aviakob,aviakob1407948935@moviefans.com,2021-07-21,76
ur46241326,aaronhubba,aaronhubba4624132671@moviefans.com,1976-06-19,54
ur20271975,Kuuzzz,kuuzzz2027197564@example.com,2022-03-25,64
ur35077509,swellframe,swellframe3507750963@example.com,2001-08-12,31
ur54097169,mjnicoski-,mjnicoski5409716971@imdbuser.net,2006-05-13,23
ur55104157,lucious-10,lucious105510415727@imdbuser.net,1996-11-27,33
ur45879942,robertmayb,robertmayb4587994212@example.com,2014-05-09,36
ur56382364,laura-pela,laurapela5638236465@imdbuser.net,2014-12-24,32
ur30933163,jordan-276,jordan2763093316332@mail.com,2014-06-18,46
ur24021190,leaveacomm,leaveacomm2402119061@example.com,2008-02-14,45
ur49513910,alexrwatso,alexrwatso4951391051@mail.com,1996-03-07,73
ur56297462,sadik-khan,sadikkhan5629746264@mail.com,1961-07-27,74
ur2467875,clivy,clivy246787582@moviefans.com,1999-08-30,32
ur36861210,erosthanat,erosthanat3686121064@mail.com,1971-03-22,59
ur44123002,mbritton09,mbritton094412300285@moviefans.com,1978-04-22,74
ur6340811,Wellenstoc,wellenstoc634081113@imdbuser.net,2021-01-07,48
ur77040296,alever-468,alever4687704029616@moviefans.com,2015-01-12,15
ur102570888,Trapista,trapista10257088885@mail.com,1960-02-26,74
ur59674192,alwayslate,alwayslate5967419251@imdbuser.net,2007-11-25,42
ur79244057,jyrkilahde,jyrkilahde7924405744@imdbuser.net,1988-10-21,39
ur115921785,KoolCatRev,koolcatrev11592178596@moviefans.com,1989-10-26,49
ur156401834,peterholla,peterholla15640183420@example.com,2001-07-04,61
ur15450737,matthew-re,matthewre1545073756@imdbuser.net,2023-03-13,77
ur55407976,vegaseagle,vegaseagle5540797678@moviefans.com,2014-08-11,19
ur14277539,Dory_Darko,dorydarko1427753948@mail.com,2013-04-18,22
ur34575093,MattBrady0,mattbrady03457509371@mail.com,2019-01-15,18
ur22753833,jigsaw-91,jigsaw912275383382@imdbuser.net,2021-07-09,19
ur22618683,doubleb58,doubleb582261868397@moviefans.com,2020-10-20,33
ur23562576,rasmushelm,rasmushelm2356257623@mail.com,2000-07-17,50
ur52237426,nataliejob,nataliejob5223742611@moviefans.com,2013-04-19,22
ur67058129,cinswan,cinswan6705812978@moviefans.com,1972-03-14,69
ur69270263,gabrieltai,gabrieltai6927026324@example.com,2022-12-14,23
ur68894478,peter-3173,peter31736889447867@example.com,1993-04-28,33
ur29585568,Anaslair,anaslair2958556875@mail.com,2013-03-28,23
ur120978840,Seras11123,seras1112312097884027@imdbuser.net,2024-11-02,17
ur41982542,justbusine,justbusine4198254239@mail.com,2016-10-09,52
ur9652413,Tomus7,tomus7965241352@moviefans.com,2017-05-17,17
ur1695242,Freedomisa,freedomisa169524221@mail.com,2016-04-07,24
ur2378994,macabro357,macabro357237899428@example.com,2014-03-23,34
ur7087909,davis2000,davis2000708790994@imdbuser.net,2000-01-03,50
ur109893979,jreagan-42,jreagan4210989397979@imdbuser.net,1997-01-20,47
ur55796032,RottenPop-,rottenpop5579603247@example.com,1978-11-04,51
ur2113798,rabid_ding,rabidding211379895@mail.com,2018-04-11,13
ur5054588,hip_school,hipschool505458872@imdbuser.net,2013-02-05,38
ur23510183,lorddrewsu,lorddrewsu2351018351@imdbuser.net,1983-09-08,51
ur37377212,tvcarsd,tvcarsd3737721233@moviefans.com,2002-03-15,67
ur4552018,christophe,christophe455201895@mail.com,2025-04-24,33
ur11674831,aramgomar,aramgomar1167483173@mail.com,2007-05-19,45
ur15496139,vijayarya,vijayarya1549613922@imdbuser.net,1980-03-05,61
ur6916542,hourglass4,hourglass4691654297@moviefans.com,1979-06-09,61
ur10641014,TomCruiseF,tomcruisef1064101457@example.com,1966-02-06,74
ur6761505,nskanyal,nskanyal676150517@example.com,1980-02-10,46
ur0553017,sarasdano,sarasdano055301788@example.com,1988-05-18,55
ur1373139,craigcamer,craigcamer137313972@example.com,1982-04-12,68
ur10233961,Turriff,turriff1023396150@imdbuser.net,2019-04-22,14
ur4879080,mario_c,marioc487908032@moviefans.com,2025-03-29,18
ur4488603,davidburnd,davidburnd448860337@example.com,2020-08-27,24
ur90724571,nohniin,nohniin9072457189@mail.com,1972-11-11,78
ur11424108,tlengnick,tlengnick1142410833@mail.com,1997-03-23,41
ur132393358,tanujabaid,tanujabaid13239335820@imdbuser.net,2010-02-12,21
ur13684717,hairysweat,hairysweat1368471710@imdbuser.net,2025-10-19,46
ur1251223,recontrami,recontrami125122336@example.com,2017-06-14,48
ur1960888,wingsandsw,wingsandsw196088837@example.com,2006-09-21,38
ur15161948,whosyourdr,whosyourdr1516194863@mail.com,2011-09-19,54
ur0741152,iohefy-2,iohefy2074115262@imdbuser.net,2009-05-03,61
ur11802181,tiffanyman,tiffanyman1180218167@example.com,1992-10-10,41
ur54428336,Carro101,carro1015442833668@mail.com,2004-12-31,69
ur2754437,series_of_,seriesof275443720@moviefans.com,2004-08-21,43
ur0525030,Travis McB,travismcb052503094@moviefans.com,2000-09-10,57
ur5671002,EvilToady,eviltoady567100216@example.com,1980-10-13,66
ur9544988,rmlattimor,rmlattimor954498819@imdbuser.net,2011-07-07,17
ur20393720,Ziglet_mir,zigletmir2039372091@moviefans.com,2022-02-14,37
ur4869119,sid_rich,sidrich486911957@imdbuser.net,1982-08-27,65
ur70699908,olireid,olireid7069990882@example.com,1991-08-07,53
ur81639357,nch-35770,nch357708163935731@moviefans.com,1965-09-25,80
ur12922859,manhattan3,manhattan31292285917@example.com,2006-02-06,21
ur1512759,rec26,rec26151275945@example.com,1958-01-29,72
ur1232911,Carl Tano,carltano123291170@moviefans.com,1997-07-20,80
ur2321618,jaronnimo,jaronnimo232161870@imdbuser.net,2010-09-04,18
ur13114138,barbaracor,barbaracor1311413893@example.com,2013-04-25,24
ur0368346,Soujiro,soujiro036834659@moviefans.com,1993-01-27,35
ur134343708,Miroslav-2,miroslav213434370816@imdbuser.net,2010-02-07,35
ur0391032,CampLo,camplo039103226@imdbuser.net,1991-01-19,62
ur11431097,sassygirl1,sassygirl11143109712@imdbuser.net,2021-08-21,24
ur0280377,Rhino Rove,rhinorove028037735@imdbuser.net,2023-01-17,48
ur3123595,dscorpiond,dscorpiond312359549@mail.com,1967-05-11,60
ur2115218,motherbug2,motherbug2211521855@moviefans.com,2010-03-13,62
ur11214985,sixtluvah,sixtluvah1121498553@moviefans.com,1989-04-11,74
ur1266544,Ernasto,ernasto126654467@imdbuser.net,2006-02-02,28
ur29925979,ebram_golh,ebramgolh2992597978@imdbuser.net,2021-07-22,37
ur9371666,mexateck,mexateck937166686@example.com,2021-04-06,20
ur30081743,zswickey,zswickey3008174324@moviefans.com,2003-11-19,56
ur25132981,Momcat_of_,momcatof2513298133@imdbuser.net,2020-08-10,51
ur2616414,c16031,c16031261641451@example.com,2003-04-10,70
ur4022218,jsf1974,jsf1974402221838@moviefans.com,2013-01-18,17
ur0453635,alrodbel,alrodbel045363526@mail.com,1986-08-05,54
ur0040729,bonzi,bonzi004072986@mail.com,1996-05-06,61
ur11750005,superfrogg,superfrogg1175000590@imdbuser.net,1994-11-02,55
ur1535491,javaguru,javaguru153549195@imdbuser.net,2013-12-18,30
ur55959770,graves-sco,gravessco5595977030@example.com,2011-10-27,45
ur1580148,nataraj,nataraj158014888@example.com,1972-09-17,74
ur9570188,RedPixel,redpixel957018860@example.com,2017-04-16,41
ur125662112,popyoshi-3,popyoshi312566211269@imdbuser.net,2006-07-31,24
ur14322879,cameron-bu,cameronbu1432287986@example.com,2017-02-05,72
ur52622160,ericrnolan,ericrnolan5262216026@moviefans.com,2013-09-20,37
ur105592042,amelieprod,amelieprod10559204244@imdbuser.net,1975-10-11,65
ur4774037,dynamons,dynamons477403782@mail.com,2023-03-27,33
ur0130054,IUnknown,iunknown013005479@moviefans.com,2001-10-02,76
ur66552962,angel-0036,angel00366655296253@imdbuser.net,1979-11-22,64
ur0361074,Monster-17,monster17036107443@mail.com,1984-09-08,46
ur0619938,RawMutton,rawmutton061993846@moviefans.com,2019-09-02,16
ur4564345,ReesaTree,reesatree456434512@mail.com,2025-01-19,32
ur20309759,leftbanker,leftbanker2030975973@moviefans.com,2012-02-09,39
ur3001883,kohl_caked,kohlcaked300188362@example.com,1991-01-12,58
ur0143249,MC4-2,mc42014324961@moviefans.com,2025-10-24,53
ur0090567,stellar7,stellar7009056735@example.com,2011-01-29,46
ur52116468,brad-main9,bradmain95211646870@example.com,2001-03-10,42
ur1068000,Disinteres,disinteres106800077@example.com,2004-04-12,50
ur3811523,wavecat13,wavecat13381152326@moviefans.com,2017-09-28,58
ur174897201,toleraptor,toleraptor17489720193@mail.com,2021-08-18,31
ur0323110,Shimazu,shimazu032311024@mail.com,2012-04-22,23
ur0198641,Ralpho,ralpho019864148@imdbuser.net,2025-05-01,67
ur0197334,TonyVan,tonyvan019733445@moviefans.com,2001-03-08,37
ur112693408,afterdarkp,afterdarkp11269340852@moviefans.com,1993-05-16,64
ur0435650,deverman,deverman043565018@imdbuser.net,2019-10-19,74
ur1886080,kmccance01,kmccance01188608072@example.com,1985-11-07,73
ur0895304,westclox41,westclox41089530425@imdbuser.net,2023-10-02,71
ur0037378,Film LA,filmla003737836@moviefans.com,1985-11-12,61
ur0088032,Kiki-7,kiki7008803244@imdbuser.net,2006-04-26,36
ur1837153,gilbynzigg,gilbynzigg183715362@moviefans.com,2015-01-19,15
ur1893842,The_Deadfi,thedeadfi189384277@imdbuser.net,1965-08-10,75
ur1360650,hanselmerc,hanselmerc136065093@mail.com,2022-02-10,68
ur1341228,stormont,stormont134122882@moviefans.com,2002-01-20,41
ur1893193,Toxie2k2,toxie2k2189319312@example.com,1984-03-20,48
ur4964326,slverbulet,slverbulet496432635@mail.com,2005-05-20,56
ur52585720,sudharsan-,sudharsan5258572051@moviefans.com,2002-06-12,24
ur96378067,saimazaidi,saimazaidi9637806799@imdbuser.net,1983-08-15,44
ur96386419,jasgrg,jasgrg9638641946@moviefans.com,2016-11-14,66
ur64195321,lucasrabel,lucasrabel6419532153@imdbuser.net,2022-10-30,55
ur11585825,cookienocr,cookienocr1158582543@example.com,1998-02-19,52
ur80079251,sadhi,sadhi8007925151@imdbuser.net,1975-10-16,75
ur12335582,delusions_,delusions1233558275@moviefans.com,1983-06-25,78
ur92241349,Guyver3230,guyver32309224134998@imdbuser.net,1994-09-10,53
ur97878927,CGZtm,cgztm9787892776@mail.com,2013-06-07,39
ur29856748,rishprakas,rishprakas2985674850@moviefans.com,1996-01-09,56
ur96385437,contatocli,contatocli9638543747@imdbuser.net,1984-01-21,42
ur62846684,rizwanhaid,rizwanhaid6284668488@imdbuser.net,2023-11-06,57
ur96385850,haletanner,haletanner9638585053@example.com,1979-11-20,65
ur40368493,shawnbrigg,shawnbrigg4036849338@example.com,2023-08-06,73
ur96398716,Abdo-iq2,abdoiq29639871638@mail.com,1988-07-12,41
ur19795498,tcs-victor,tcsvictor1979549811@moviefans.com,1966-01-23,78
ur10719923,simonl_74,simonl741071992393@mail.com,1987-11-20,41
ur1721843,Jim-D,jimd172184348@example.com,1998-08-01,39
ur21559319,HorrorEnjo,horrorenjo2155931986@imdbuser.net,2017-02-09,62
ur5179704,Lohkabre,lohkabre517970413@example.com,2021-02-11,20
ur8301237,vipher20,vipher20830123721@example.com,2022-01-27,23
ur7149413,reechard,reechard714941396@mail.com,2018-09-14,26
ur3591895,kevin-540,kevin540359189579@example.com,1986-09-19,62
ur20602129,metallipow,metallipow2060212923@moviefans.com,2015-11-13,28
ur10791766,johnnysohi,johnnysohi1079176660@mail.com,1994-10-09,74
ur52075712,nafodude,nafodude5207571216@moviefans.com,1958-03-21,72
ur1589723,kathygclaw,kathygclaw158972322@example.com,1997-01-25,43
ur88375315,derricknea,derricknea8837531553@mail.com,2005-04-29,24
ur2002344,ssannelli,ssannelli200234479@moviefans.com,2021-09-24,16
ur20464595,princebans,princebans2046459533@imdbuser.net,1982-12-24,50
ur1564764,SirTalyn,sirtalyn156476461@example.com,2019-11-07,17
ur1504794,RashadInOz,rashadinoz150479430@example.com,2009-09-26,24
ur1216927,Cylex,cylex121692715@mail.com,2016-08-11,17
ur0834876,emmegirl82,emmegirl82083487637@example.com,2019-12-21,61
ur1710652,easy_manor,easymanor171065279@mail.com,2012-03-30,18
ur0567322,goldeng8,goldeng8056732232@mail.com,2005-06-03,75
ur5180216,DavidJT,davidjt518021697@imdbuser.net,2023-11-01,57
ur7522329,Hertsmere,hertsmere752232984@imdbuser.net,2002-12-05,42
ur1588669,daodao,daodao158866944@mail.com,1975-05-21,69
ur0310235,Embley,embley031023587@mail.com,2014-02-28,17
ur0103967,hannah-4,hannah4010396782@imdbuser.net,2010-10-07,49
ur1654198,fellicity,fellicity165419818@imdbuser.net,1983-01-24,43
ur0874851,mofroggg,mofroggg087485134@imdbuser.net,2000-01-07,40
ur0284443,elag,elag028444372@mail.com,1998-09-03,66
ur0300124,razasyed,razasyed030012470@mail.com,1990-07-07,37
ur0105021,ultraluv,ultraluv010502139@imdbuser.net,2010-09-04,19
ur0420183,RWiggum,rwiggum042018318@mail.com,1980-01-14,57
ur1235721,Tyger80,tyger80123572132@mail.com,1996-05-08,33
ur0604398,irajoel,irajoel060439891@example.com,2018-08-30,41
ur0292572,JMann,jmann029257253@mail.com,2023-05-14,33
ur81134557,hendrikden,hendrikden8113455759@imdbuser.net,1986-09-11,60
ur2463407,celito,celito246340741@moviefans.com,1968-04-24,57
ur11016001,amitaishwa,amitaishwa1101600186@moviefans.com,2005-10-16,59
ur20126823,MikeyB1793,mikeyb17932012682340@mail.com,2025-10-16,37
ur0494444,kevinm-4,kevinm4049444499@mail.com,2000-12-15,70
ur5047631,ajmclean_2,ajmclean2504763154@moviefans.com,1998-07-21,40
ur4932419,bth2004,bth2004493241999@imdbuser.net,2024-04-09,33
ur1623217,kurowilen,kurowilen162321768@imdbuser.net,1999-10-13,61
ur0674550,sott3,sott3067455034@imdbuser.net,1995-06-21,42
ur80693802,Holt344,holt3448069380220@moviefans.com,2000-09-26,44
ur2338657,EagletHarb,eagletharb233865753@imdbuser.net,1975-11-05,65
ur2803842,Travisfam-,travisfam280384224@mail.com,1999-04-01,43
ur3383805,Judge8080,judge8080338380573@imdbuser.net,1979-11-21,49
ur0100981,DP-4,dp4010098111@moviefans.com,2017-02-18,61
ur0142195,JAW,jaw014219569@example.com,1991-04-15,60
ur128476208,mikegomez-,mikegomez12847620828@imdbuser.net,1966-06-03,60
ur0623893,stirred_mi,stirredmi062389316@imdbuser.net,2024-11-16,25
ur2649960,do-bye,dobye264996081@imdbuser.net,1960-01-25,73
ur0382108,mizkwebb,mizkwebb038210886@mail.com,2000-02-03,38
ur89068981,lu-50527,lu505278906898187@mail.com,1952-11-23,73
ur31098854,laragi,laragi3109885428@imdbuser.net,2018-12-01,37
ur120924125,michellegr,michellegr12092412539@imdbuser.net,2012-09-04,18
ur51147444,shacree43,shacree435114744487@example.com,2019-02-07,60
ur124902570,laurenpate,laurenpate12490257088@example.com,2008-04-23,24
ur28787732,jalkazar,jalkazar2878773278@imdbuser.net,2002-03-26,53
ur129636274,EdwardtheB,edwardtheb12963627427@example.com,1953-05-05,79
ur69553352,Drank22,drank226955335216@moviefans.com,1998-09-21,32
ur72307603,mitchellze,mitchellze7230760335@mail.com,2009-08-02,18
ur103622026,adammiles-,adammiles10362202656@moviefans.com,1992-03-17,67
ur75117125,scandinavi,scandinavi7511712523@imdbuser.net,2002-02-21,47
ur17402599,uhmartinez,uhmartinez1740259991@example.com,2020-04-22,31
ur0848954,kinolieber,kinolieber084895437@imdbuser.net,1951-01-22,79
ur0921132,copcigar,copcigar092113298@imdbuser.net,1998-10-16,61
ur21080592,donleyt-1,donleyt12108059223@imdbuser.net,2021-09-01,62
ur2468750,bobcolganr,bobcolganr246875032@moviefans.com,2023-09-13,59
ur7638471,john-2754,john2754763847135@example.com,1998-02-03,32
ur4437253,Austin_Pow,austinpow443725341@moviefans.com,1976-07-25,50
ur2862797,ronnie0a,ronnie0a286279711@mail.com,1961-10-22,73
ur156966853,rarepunkro,rarepunkro15696685338@mail.com,2021-11-29,61
ur0717142,Aussie Stu,aussiestu071714291@example.com,2006-10-30,66
ur0231953,3rdbase,3rdbase023195371@mail.com,2022-03-15,24
ur1725001,davidwdwye,davidwdwye172500136@example.com,2011-07-04,68
ur3779072,msdiglrgtk,msdiglrgtk377907263@imdbuser.net,2018-03-31,19
ur12983700,DisaJan,disajan1298370022@example.com,2017-07-01,20
ur3051873,michelerea,michelerea305187394@example.com,2007-04-13,29
ur4008598,nihilistdu,nihilistdu400859881@mail.com,1984-10-23,46
ur0378826,cwitt,cwitt037882699@moviefans.com,2010-02-10,67
ur3760974,MetalAngel,metalangel376097417@example.com,2012-09-13,67
ur193606702,filmreview,filmreview19360670235@example.com,2024-02-20,28
ur1071044,KubricksRu,kubricksru107104492@imdbuser.net,2012-06-16,50
ur1524263,musica1,musica1152426328@imdbuser.net,2014-04-01,50
ur10154899,goods116,goods1161015489960@moviefans.com,2005-11-29,41
ur3218365,gabriel-80,gabriel80321836510@moviefans.com,2001-02-13,32
ur11084876,idahovanda,idahovanda1108487674@example.com,2024-12-10,57
ur17817151,dlee7674,dlee76741781715153@mail.com,2009-04-16,41
ur0499651,Joejoesan,joejoesan049965142@moviefans.com,2025-09-04,18
ur64149262,soranamico,soranamico6414926251@example.com,1991-06-29,46
ur30409632,toddatthem,toddatthem3040963229@mail.com,2000-12-12,25
ur7254117,mojojones7,mojojones7725411737@imdbuser.net,2006-05-01,30
ur25491530,hanni-lehn,hannilehn2549153050@example.com,1988-12-21,38
ur25210063,majumdar-u,majumdaru2521006327@imdbuser.net,2021-01-10,23
ur25497641,jadepietro,jadepietro2549764117@moviefans.com,1992-05-16,62
ur24106089,thegodfath,thegodfath2410608923@example.com,2014-09-24,57
ur0995242,chris.coop,chriscoop099524267@imdbuser.net,1978-02-18,50
ur1113644,McBaine,mcbaine111364452@moviefans.com,1988-11-10,74
ur3345740,MattIn718,mattin718334574085@moviefans.com,2024-12-31,24
ur3431670,northbert,northbert343167094@moviefans.com,2025-11-23,60
ur1422965,johnmorghe,johnmorghe142296552@example.com,2003-12-22,80
ur0412798,Mac-Daddy,macdaddy041279811@example.com,2018-11-08,66
ur0232691,Grrrim,grrrim023269172@mail.com,2011-04-02,34
ur0951200,edremitli,edremitli095120093@example.com,1990-01-21,39
ur39062394,steviemaga,steviemaga3906239435@example.com,1978-06-24,48
ur0786438,consortpin,consortpin078643821@example.com,1979-07-11,50
ur2874415,estabansmy,estabansmy287441554@example.com,2014-09-09,72
ur0209121,moondog-8,moondog8020912166@imdbuser.net,2021-10-14,72
ur0184990,Mr. OpEd,mroped018499023@imdbuser.net,1995-12-12,32
ur8483992,memery-1,memery1848399280@moviefans.com,2023-03-01,77
ur3636169,Grozniak,grozniak363616999@example.com,2011-09-13,22
ur2423227,jodyv49,jodyv49242322776@moviefans.com,1971-06-20,72
ur8724737,firstconsu,firstconsu872473740@imdbuser.net,2018-04-05,24
ur0991459,michael_a_,michaela099145942@imdbuser.net,2010-09-08,22
ur6856951,nikok,nikok685695150@imdbuser.net,2017-05-26,19
ur22919050,hkl-imdb,hklimdb2291905071@moviefans.com,2013-11-27,47
ur5327402,gbacquet,gbacquet532740236@imdbuser.net,2001-01-29,28
ur20744367,jburtroald,jburtroald2074436738@imdbuser.net,2025-11-14,22
ur27016922,jtprius510,jtprius5102701692222@mail.com,2021-06-07,66
ur37289501,moelgaard-,moelgaard3728950125@mail.com,2001-03-09,58
ur33901803,lillolablu,lillolablu3390180311@mail.com,2023-07-29,55
ur24087937,theneilrul,theneilrul2408793776@imdbuser.net,1985-09-28,71
ur63375323,tangentz-8,tangentz86337532379@moviefans.com,1981-02-26,79
ur0365850,Lleu,lleu036585020@example.com,2012-09-17,22
ur20159693,ossie85,ossie852015969339@moviefans.com,1993-05-24,48
ur0280114,mandy-23,mandy23028011415@example.com,1972-02-26,65
ur1796111,poppyredfl,poppyredfl179611179@example.com,2016-09-01,17
ur0246773,Andor,andor024677399@imdbuser.net,2012-04-22,27
ur2670807,doctec,doctec267080779@mail.com,1992-04-06,44
ur12004489,delisay_im,delisayim1200448984@moviefans.com,2008-11-11,51
ur6982974,bloodollie,bloodollie698297427@moviefans.com,2014-02-01,33
ur68576793,aratron-00,aratron006857679382@moviefans.com,2001-10-13,30
ur16338092,bobertdos-,bobertdos1633809265@example.com,2009-12-07,47
ur11219579,deenie-mus,deeniemus1121957959@mail.com,2002-12-23,70
ur0346035,Paul-271,paul271034603516@mail.com,2004-09-01,78
ur14244770,Ashley_The,ashleythe1424477046@mail.com,2016-10-03,13
ur5059950,panjshir_l,panjshirl505995062@imdbuser.net,2014-11-13,14
ur6872648,Zen416,zen416687264837@example.com,2017-06-06,30
ur19990497,teeda4,teeda41999049777@mail.com,1984-04-12,74
ur5111474,bc1440,bc1440511147469@moviefans.com,1997-01-14,56
ur6428718,topherwrit,topherwrit642871841@moviefans.com,2013-11-05,14
ur19670678,monk_nzn,monknzn1967067827@mail.com,2017-05-31,33
ur150164325,nicolapree,nicolapree15016432587@imdbuser.net,1984-12-05,51
ur19559241,lukasmacmi,lukasmacmi1955924126@moviefans.com,2005-09-26,23
ur20356290,faithq,faithq2035629011@imdbuser.net,2020-05-14,62
ur19990632,smoove2,smoove21999063291@mail.com,2022-08-08,16
ur0010028,Vitarai,vitarai001002830@mail.com,2013-11-14,29
ur5192706,acclar,acclar519270651@mail.com,1998-12-08,75
ur0467265,Brambo,brambo046726567@imdbuser.net,1996-10-28,42
ur1056439,mercybell,mercybell105643914@imdbuser.net,2015-09-24,53
ur1566425,asbufra@ya,asbufraya156642546@mail.com,2019-12-21,16
ur2037831,skopera,skopera203783161@imdbuser.net,1967-01-03,61
ur3308657,mmcneil007,mmcneil007330865727@mail.com,1974-10-10,51
ur9828100,ihash,ihash982810065@moviefans.com,1992-05-09,73
ur11827169,omarramonm,omarramonm1182716988@imdbuser.net,2007-09-20,53
ur1941564,aenigma-3,aenigma3194156424@imdbuser.net,2005-05-15,52
ur5498220,Ferencz33,ferencz33549822094@example.com,2022-01-13,61
ur4961908,MRavenwood,mravenwood496190880@mail.com,2010-03-11,18
ur4512504,BobM-08731,bobm08731451250460@example.com,2017-12-08,17
ur142269057,josephhenc,josephhenc14226905749@mail.com,2013-03-02,23
ur6984438,dvdguy2005,dvdguy2005698443898@imdbuser.net,2012-11-25,13
ur100849460,buschart,buschart10084946029@mail.com,2024-06-11,31
ur11539329,cape_coral,capecoral1153932957@moviefans.com,2012-11-22,75
ur12091255,frankfrank,frankfrank1209125534@moviefans.com,2023-01-07,51
ur0262977,Sabrena,sabrena026297789@imdbuser.net,2010-07-10,62
ur7133701,kennington,kennington713370125@example.com,1989-05-28,79
ur114835253,g-82113,g8211311483525384@imdbuser.net,2021-07-22,35
ur64488542,takeaknapp,takeaknapp6448854217@example.com,2015-04-02,29
ur15204005,lizbrush,lizbrush1520400565@example.com,2005-04-29,41
ur0013474,PClark,pclark001347441@imdbuser.net,2010-07-07,19
ur2435440,ams13,ams13243544033@mail.com,2019-10-05,40
ur6840357,teigeng,teigeng684035748@imdbuser.net,1985-07-06,69
ur41773105,preston-lu,prestonlu4177310542@mail.com,1985-06-23,62
ur0675231,pzanardo,pzanardo067523137@moviefans.com,2015-07-22,39
ur21571250,lmartin_21,lmartin212157125074@example.com,2018-11-17,32
ur4028133,ghe-2,ghe2402813364@imdbuser.net,1961-12-26,75
ur1235465,clevertwis,clevertwis123546532@mail.com,2003-11-24,31
ur0075866,Gerry-12,gerry12007586689@mail.com,2008-08-04,32
ur7498203,nuv,nuv749820360@imdbuser.net,1980-12-06,80
ur13980975,thejimhale,thejimhale1398097529@example.com,1961-01-28,68
ur20867435,swedzin,swedzin2086743534@mail.com,2022-01-09,36
ur1216574,necrodemio,necrodemio121657492@example.com,2004-03-07,50
ur12950076,deamond9,deamond91295007616@example.com,1974-09-24,62
ur6098597,rar2,rar2609859711@moviefans.com,2021-10-25,35
ur26618582,TheWordYo,thewordyo2661858230@example.com,2009-04-02,32
ur60135067,raceblakha,raceblakha6013506790@example.com,2019-12-25,56
ur71412956,adamnightw,adamnightw7141295643@mail.com,2021-10-30,68
ur107450105,guydishron,guydishron10745010522@example.com,1971-06-19,72
ur1844862,feuerdame2,feuerdame2184486285@example.com,2005-02-26,51
ur0809041,Sentinel-1,sentinel1080904186@imdbuser.net,1992-03-11,60
ur0600113,bam9,bam9060011398@mail.com,2023-11-23,18
ur1917719,Senator_Co,senatorco191771985@moviefans.com,1985-06-04,50
ur5035536,ragingbull,ragingbull503553667@mail.com,1969-07-18,74
ur3382541,enew311,enew311338254112@mail.com,1999-08-12,38
ur11135667,petzoid,petzoid1113566784@example.com,2010-10-17,36
ur0743837,IsakBodin,isakbodin074383752@mail.com,2010-11-05,47
ur2068411,sonora77,sonora77206841158@moviefans.com,1994-01-12,52
ur0691927,jcdugger,jcdugger069192719@imdbuser.net,2019-01-31,31
ur123991147,hasanalana,hasanalana12399114783@imdbuser.net,1987-01-07,64
ur116131864,sunglassfi,sunglassfi11613186432@example.com,2020-10-05,73
ur0701468,steph4,steph4070146818@moviefans.com,1993-10-06,51
ur163075973,spaceyempe,spaceyempe16307597361@imdbuser.net,2020-06-17,67
ur64225465,michaelton,michaelton6422546587@example.com,1989-10-20,60
ur67672671,nebomilic,nebomilic6767267192@mail.com,2022-01-24,15
ur64725899,katieflemi,katieflemi6472589990@moviefans.com,2016-03-19,62
ur51910995,dmon_hunte,dmonhunte5191099546@imdbuser.net,1981-11-28,54
ur13834880,alnlei,alnlei1383488029@example.com,2017-11-09,42
ur18409575,wakster,wakster1840957512@imdbuser.net,1988-07-22,39
ur9825348,BlueFire10,bluefire10982534855@example.com,2001-03-14,59
ur49927223,Jonmurgie,jonmurgie4992722343@example.com,1995-02-16,44
ur23034917,tuanskie,tuanskie2303491745@mail.com,2004-03-25,29
ur8266163,rob-1955,rob1955826616394@imdbuser.net,2010-06-12,56
ur2971440,ramhouse3,ramhouse3297144014@imdbuser.net,1986-05-20,54
ur3505982,charles-sc,charlessc350598257@example.com,2008-04-24,18
ur5184236,keithmp,keithmp518423623@example.com,2011-05-30,59
ur2804001,crogerson,crogerson280400143@imdbuser.net,2019-01-16,44
ur3850971,newhopes,newhopes385097196@moviefans.com,2019-08-19,35
ur8925058,kedikatt-1,kedikatt1892505845@imdbuser.net,2009-03-22,37
ur0396182,BOUF,bouf039618291@moviefans.com,2007-12-13,44
ur7507993,news-121,news121750799351@imdbuser.net,1988-03-15,53
ur9127643,winzentwee,winzentwee912764346@example.com,2023-01-25,26
ur35755063,stefaniecr,stefaniecr3575506371@example.com,1999-01-10,33
ur27530298,keilanil,keilanil2753029889@imdbuser.net,2014-04-18,69
ur35806264,bunabonfra,bunabonfra3580626478@example.com,2010-03-02,44
ur47438074,valerie-dy,valeriedy4743807457@example.com,1970-01-20,73
ur10807778,ilania_a,ilaniaa1080777854@moviefans.com,2008-03-25,21
ur106700646,redgirl_bo,redgirlbo10670064623@example.com,1983-04-23,49
ur80891395,simonesecc,simonesecc8089139543@moviefans.com,2011-05-27,52
ur34379009,duklec,duklec3437900936@moviefans.com,2016-01-08,34
ur35317920,maxwellsna,maxwellsna3531792016@imdbuser.net,1996-03-16,32
ur22700509,tabbal-mic,tabbalmic2270050967@mail.com,1970-08-26,57
ur3067179,georgewill,georgewill306717994@imdbuser.net,1993-09-05,51
ur12326339,cblountt,cblountt1232633948@imdbuser.net,2025-07-17,13
ur1332806,yddsp@aol.,yddspaol133280683@mail.com,2005-06-19,30
ur34383001,rajitectur,rajitectur3438300135@mail.com,2017-08-24,16
ur20509447,wendelsitk,wendelsitk2050944757@moviefans.com,1990-06-21,47
ur0430772,Vike-3,vike3043077241@moviefans.com,2006-10-19,79
ur0502810,DrMess,drmess050281070@imdbuser.net,2022-08-20,13
ur0925259,jskao,jskao092525935@moviefans.com,2001-01-24,47
ur53814270,jmbovan-47,jmbovan475381427051@mail.com,1999-07-17,28
ur28679870,mikeburdic,mikeburdic2867987011@moviefans.com,1999-03-17,28
ur7255541,slh04,slh04725554118@mail.com,2011-10-13,17
ur2508528,p_empi,pempi250852826@example.com,2023-11-30,55
ur44407085,bspolj1442,bspolj14424440708572@mail.com,2016-12-10,23
ur3293868,fromweb,fromweb329386857@example.com,2005-05-15,72
ur0549133,Mia-38,mia38054913366@example.com,1978-09-05,51
ur1168779,luiza do b,luizadob116877917@imdbuser.net,1977-06-26,57
ur6186736,bostonboy,bostonboy618673655@mail.com,2022-03-23,18
ur11708708,trolljente,trolljente1170870855@mail.com,1977-09-30,54
ur12395489,tatjana-ka,tatjanaka1239548916@mail.com,1987-07-01,61
ur79468376,Hildr,hildr7946837691@example.com,2022-05-17,18
ur30056484,BookSplotR,booksplotr3005648420@example.com,1997-04-03,50
ur28715483,Its-GJNagy,itsgjnagy2871548383@mail.com,1956-07-01,79
ur129826017,shanletsre,shanletsre12982601799@imdbuser.net,2004-12-09,28
ur24987673,cjkirk6,cjkirk62498767332@imdbuser.net,2001-04-27,53
ur26267201,rebecca-ry,rebeccary2626720182@example.com,2017-01-19,14
ur20146447,dalelawson,dalelawson2014644751@moviefans.com,2019-07-13,25
ur55457799,nothimme,nothimme5545779994@mail.com,1956-08-09,71
ur11734685,maddmaxx46,maddmaxx461173468584@moviefans.com,2003-11-17,57
ur187867602,Steven_Lik,stevenlik18786760213@example.com,1996-01-26,43
ur66252590,bsutton-23,bsutton236625259042@example.com,2006-04-21,29
ur55962169,nickjharwo,nickjharwo5596216944@moviefans.com,2010-09-22,31
ur23641306,Rene-1806,rene18062364130645@example.com,2009-08-09,76
ur83299320,jtodegard,jtodegard8329932016@example.com,2001-04-29,75
ur62030816,siddharthk,siddharthk6203081621@moviefans.com,2025-07-13,41
ur4930728,biont,biont493072892@imdbuser.net,1970-03-15,58
ur1603851,The Fresh ,thefresh160385172@moviefans.com,1990-07-24,56
ur2001049,dzy88p,dzy88p200104954@moviefans.com,2000-09-18,76
ur2160829,jc1305us,jc1305us216082950@mail.com,1965-11-23,61
ur0023812,Marta,marta002381224@imdbuser.net,1959-08-06,78
ur2282738,enojones,enojones228273863@moviefans.com,2003-07-14,34
ur4124904,christygoo,christygoo412490437@imdbuser.net,2020-10-19,15
ur4741640,james_kell,jameskell474164081@example.com,2016-05-25,13
ur5960030,nebula84uk,nebula84uk596003063@imdbuser.net,1975-09-06,80
ur4478148,jeffdelisa,jeffdelisa447814811@imdbuser.net,2017-12-23,51
ur8957472,Nathan-Fie,nathanfie895747296@imdbuser.net,1974-02-27,56
ur4766572,arlenedayj,arlenedayj476657246@imdbuser.net,1993-02-09,80
ur4388014,haysonhang,haysonhang438801487@imdbuser.net,1974-07-05,69
ur4825203,maclarke-1,maclarke1482520346@moviefans.com,2013-07-19,46
ur93669463,salamonraj,salamonraj9366946380@moviefans.com,1972-10-31,57
ur5401152,Z_girl,zgirl540115259@imdbuser.net,1994-08-22,75
ur9827378,dave-2408,dave2408982737884@moviefans.com,2019-08-02,34
ur101455677,fayterpou,fayterpou10145567717@imdbuser.net,1967-12-27,65
ur4564457,willstrong,willstrong456445778@imdbuser.net,2013-11-21,34
ur2799226,freckleflu,freckleflu279922694@moviefans.com,2001-02-11,34
ur1182276,thetza_17,thetza17118227675@imdbuser.net,2002-11-25,65
ur0094345,imdbmerlyn,imdbmerlyn009434522@mail.com,1962-02-01,73
ur8496176,athenazeng,athenazeng849617692@mail.com,2023-10-22,17
ur5154888,eeax2,eeax2515488876@imdbuser.net,1979-06-08,68
ur1604743,cjohnson12,cjohnson12160474311@mail.com,2025-05-31,22
ur8709622,kevin-r-cr,kevinrcr870962283@mail.com,2007-01-25,26
ur0523339,lesfrenz,lesfrenz052333994@imdbuser.net,1990-01-21,70
ur11775130,kburke65,kburke651177513037@moviefans.com,2011-12-13,62
ur3039028,candy_fles,candyfles303902823@moviefans.com,2012-08-16,78
ur59556955,guszak,guszak5955695541@imdbuser.net,1978-08-21,56
ur5652649,jacksmom-1,jacksmom1565264994@mail.com,1987-12-29,59
ur2365029,johnandreb,johnandreb236502949@moviefans.com,2023-05-21,80
ur117490209,ivettesan-,ivettesan11749020914@mail.com,1971-04-25,57
ur76249006,Kitsfi,kitsfi7624900645@moviefans.com,2019-03-31,55
ur177954632,LeonardoOl,leonardool17795463276@mail.com,2015-03-03,60
ur28044767,Voeim,voeim2804476747@imdbuser.net,1968-08-22,62
ur22443683,donlessnau,donlessnau2244368341@moviefans.com,1987-04-30,44
ur57142354,potablepic,potablepic5714235497@mail.com,2007-02-04,52
ur17251716,aunggebi,aunggebi1725171699@imdbuser.net,2019-06-04,40
ur1625891,IceSkateUp,iceskateup162589132@mail.com,1982-01-28,57
ur0730185,TheDemko,thedemko073018557@moviefans.com,1990-02-10,41
ur6670075,macdaddy35,macdaddy35667007553@example.com,2021-01-14,14
ur43947742,docdoolitt,docdoolitt4394774227@example.com,2019-04-22,18
ur38824226,singlern05,singlern053882422629@mail.com,2019-04-29,30
ur51961882,janjogs,janjogs5196188227@mail.com,1996-09-26,43
ur37970925,haydanbarr,haydanbarr3797092578@imdbuser.net,1979-06-04,62
ur52379932,rjsdavis1,rjsdavis15237993230@example.com,2023-07-02,16
ur126754551,rachelvick,rachelvick12675455132@imdbuser.net,1983-07-27,69
ur45976666,m-soroczyn,msoroczyn4597666648@mail.com,2022-12-15,42
ur22524814,imvaughn,imvaughn2252481472@imdbuser.net,2024-01-01,38
ur79674369,tomnel-127,tomnel1277967436933@example.com,2017-03-21,55
ur67501197,theshining,theshining6750119734@moviefans.com,1964-07-18,73
ur86288638,pearlite-2,pearlite28628863887@moviefans.com,2019-06-05,64
ur48673607,missrachel,missrachel4867360758@example.com,2025-10-28,68
ur6391142,Pomplemoos,pomplemoos639114216@example.com,2005-03-26,63
ur1225531,danielendy,danielendy122553136@mail.com,1997-02-08,41
ur20107539,tedbragg-1,tedbragg12010753947@moviefans.com,2001-07-21,39
ur86987045,James_Dent,jamesdent8698704585@mail.com,2007-10-30,29
ur21201961,andrewnygr,andrewnygr2120196183@mail.com,2007-10-07,40
ur16236207,dkoonts,dkoonts1623620792@imdbuser.net,2022-08-19,13
ur45761407,grahambtho,grahambtho4576140762@mail.com,1995-03-02,34
ur78836396,micoots,micoots7883639676@moviefans.com,2016-02-18,14
ur70234992,aloveday-1,aloveday17023499252@example.com,2023-03-11,35
ur88831154,melissahar,melissahar8883115436@imdbuser.net,2013-10-20,22
ur4254674,lnoft97,lnoft97425467437@moviefans.com,2016-05-20,17
ur104619147,indiaodono,indiaodono10461914779@example.com,1974-10-29,54
ur75587948,sabwills,sabwills7558794883@example.com,2000-03-21,39
ur36250222,a-camarnei,acamarnei3625022249@example.com,1999-03-11,36
ur57354472,jenny-195-,jenny1955735447252@imdbuser.net,1987-03-28,47
ur20009584,wilbur101,wilbur1012000958493@mail.com,2002-08-25,49
ur76937556,marziehbn,marziehbn7693755627@imdbuser.net,2004-10-23,23
ur3585982,alaskan9,alaskan9358598226@imdbuser.net,2024-01-25,67
ur74978797,wscheff,wscheff7497879735@moviefans.com,2008-06-29,61
ur0805367,mike-1230,mike1230080536767@moviefans.com,2017-11-06,13
ur1988247,jrichardst,jrichardst198824777@mail.com,2012-09-12,38
ur4471258,michael_ro,michaelro447125849@moviefans.com,1984-09-12,44
ur3106715,Leadfoot_v,leadfootv310671525@imdbuser.net,2009-12-20,16
ur11719371,vikingvamp,vikingvamp1171937110@example.com,2007-07-08,19
ur2215449,shmirgel,shmirgel221544963@imdbuser.net,2012-12-27,65
ur28617995,jmeshearer,jmeshearer2861799566@mail.com,2008-01-14,45
ur7995982,wbhendrix-,wbhendrix799598282@example.com,2004-11-07,56
ur19978229,winston910,winston9101997822981@imdbuser.net,2024-12-23,65
ur14628516,holdenkara,holdenkara1462851614@mail.com,2005-10-07,42
ur22151375,DeadHeadCy,deadheadcy2215137578@example.com,1999-03-25,28
ur27698874,theinanilo,theinanilo2769887482@example.com,1971-12-23,73
ur2583398,DesterWall,desterwall258339832@mail.com,2009-12-11,64
ur146101441,Christmasm,christmasm14610144165@moviefans.com,2000-11-08,29
ur71353481,clairamari,clairamari7135348177@example.com,2010-04-14,41
ur92157163,elvylanda,elvylanda9215716359@imdbuser.net,2024-05-27,39
ur0041426,barb-7,barb7004142652@imdbuser.net,2007-09-22,35
ur24770944,BloodyPred,bloodypred2477094418@mail.com,1997-11-27,31
ur2832901,fresh_,fresh283290184@example.com,1957-05-10,68
ur0295535,CWP-,cwp029553596@mail.com,2023-03-08,16
ur1246271,widzhit,widzhit124627132@moviefans.com,2003-12-15,80
ur13353051,craigearl,craigearl1335305199@imdbuser.net,1989-11-27,69
ur128826900,carlahenri,carlahenri12882690075@example.com,1992-12-09,47
ur91528096,brandonius,brandonius9152809661@moviefans.com,1991-06-27,69
ur82249218,rileymarsh,rileymarsh8224921829@mail.com,1949-02-08,78
ur123411670,shawendra,shawendra12341167027@moviefans.com,2008-10-08,74
ur35289011,rozzier30,rozzier303528901144@imdbuser.net,2018-02-13,13
ur76875661,CynicAce,cynicace7687566126@imdbuser.net,2008-08-03,74
ur76858543,gigula,gigula7685854346@imdbuser.net,1981-07-30,59
ur135930437,BoilerYor,boileryor13593043787@example.com,1987-03-01,51
ur124029547,amarsarjap,amarsarjap12402954795@mail.com,1988-01-28,49
ur40410439,silverkelt,silverkelt4041043942@mail.com,2007-04-29,45
ur126356438,bommenasho,bommenasho12635643850@imdbuser.net,2010-06-28,18
ur107935027,darapjohns,darapjohns10793502787@moviefans.com,2000-07-14,73
ur27343685,bangel3322,bangel33222734368550@mail.com,2007-06-25,19
ur68966906,JasperdeKo,jasperdeko6896690668@imdbuser.net,1997-12-03,44
ur65474971,ethanbeard,ethanbeard6547497118@mail.com,2021-11-19,74
ur11638597,allan-1493,allan14931163859740@imdbuser.net,1997-11-03,29
ur48434822,wesbdavis,wesbdavis4843482279@example.com,2024-04-01,42
ur18895090,gaspari-al,gasparial1889509060@example.com,2015-05-01,78
ur68187893,kainegardn,kainegardn6818789356@mail.com,2014-03-27,15
ur100304256,dmshrmed,dmshrmed10030425641@example.com,2019-08-28,38
ur66711532,Marco_Tont,marcotont6671153287@mail.com,2011-08-09,36
ur77510996,jayham-999,jayham9997751099629@example.com,2016-01-09,49
ur40127150,Gresh854,gresh8544012715044@moviefans.com,1963-07-23,62
ur53337696,thirtyfive,thirtyfive5333769621@example.com,2018-01-16,31
ur2160682,shawnshawn,shawnshawn216068244@mail.com,2022-04-07,19
ur1131391,mr_lefebvr,mrlefebvr113139171@moviefans.com,1999-04-03,28
ur1798853,ocfam2,ocfam2179885389@moviefans.com,1992-07-11,37
ur9248009,zeeshaan2,zeeshaan2924800924@imdbuser.net,1986-03-25,69
ur8399561,schofy,schofy839956190@mail.com,2024-04-24,15
ur13721102,chubbylove,chubbylove1372110296@moviefans.com,1999-11-25,38
ur22059489,moritztied,moritztied2205948927@moviefans.com,2008-02-05,28
ur8689416,theshorty5,theshorty5868941688@moviefans.com,2024-06-05,17
ur58192717,allyathert,allyathert5819271759@imdbuser.net,2002-09-07,68
ur1921362,td550,td550192136246@imdbuser.net,1958-07-29,67
ur19349947,ron-sasso,ronsasso1934994712@mail.com,2024-07-27,44
ur67506994,ardentpics,ardentpics6750699459@imdbuser.net,2008-08-17,68
ur75822932,austin-650,austin6507582293271@imdbuser.net,2018-06-04,36
ur35193692,dpb0402,dpb04023519369229@example.com,2018-01-05,48
ur90568323,jhmoondanc,jhmoondanc9056832354@moviefans.com,2008-10-25,43
ur52384705,tmchester-,tmchester5238470599@mail.com,2004-01-10,61
ur135558183,genbcherry,genbcherry13555818362@moviefans.com,2007-06-18,76
ur135146722,allie_juli,alliejuli13514672282@imdbuser.net,2008-11-11,23
ur89201590,pjpatio,pjpatio8920159085@moviefans.com,2008-01-22,18
ur65872878,briantillm,briantillm6587287881@mail.com,2016-09-22,48
ur57851734,alvizurezj,alvizurezj5785173480@imdbuser.net,2017-12-13,20
ur64233229,besiktas-4,besiktas46423322968@moviefans.com,2025-08-13,14
ur81116473,ressaexxel,ressaexxel8111647361@imdbuser.net,2017-01-04,27
ur4961876,Silberfalk,silberfalk496187650@imdbuser.net,2023-07-26,14
ur135807546,jprizzotto,jprizzotto13580754619@mail.com,2015-10-08,13
ur81277999,jeymatt,jeymatt8127799916@example.com,2014-10-20,18
ur196844595,manzanitad,manzanitad19684459577@imdbuser.net,1978-04-24,65
ur1312734,Flippitygi,flippitygi131273486@imdbuser.net,2001-07-01,65
ur66541531,gcsman,gcsman6654153111@imdbuser.net,1995-10-07,51
ur107576456,TheCheeseM,thecheesem10757645619@moviefans.com,2024-11-10,61
ur119059592,duffgifl,duffgifl11905959252@imdbuser.net,1988-05-15,43
ur49274630,rebecca-wo,rebeccawo4927463099@mail.com,2020-11-25,69
ur1742908,glmrtndrth,glmrtndrth174290856@imdbuser.net,1995-06-23,75
ur54947714,acrider680,acrider6805494771475@imdbuser.net,1988-01-26,75
ur107934625,FlicksFlix,flicksflix10793462546@example.com,1955-02-01,77
ur33809901,debdshaw60,debdshaw603380990193@mail.com,2002-06-18,27
ur73297424,mgmason-28,mgmason287329742465@imdbuser.net,2019-09-28,25
ur4877438,miriam_gar,miriamgar487743813@imdbuser.net,1984-09-13,45
ur22229584,verna-a,vernaa2222958440@mail.com,2007-02-15,41
ur99126376,harryhoust,harryhoust9912637641@moviefans.com,2018-09-22,54
ur41611837,grace-vaug,gracevaug4161183716@imdbuser.net,1976-12-12,65
ur114440398,jayemaclea,jayemaclea11444039881@example.com,2025-05-07,80
ur9109443,mystee_rey,mysteerey910944357@imdbuser.net,1987-06-25,64
ur26061511,tfdharris,tfdharris2606151120@mail.com,1961-01-22,74
ur55809517,louisafont,louisafont5580951728@mail.com,1994-10-13,37
ur56073012,kizea20639,kizea206395607301269@mail.com,1958-09-20,76
ur70791492,a_p_west,apwest7079149211@moviefans.com,1999-12-03,31
ur42418703,crimson_kn,crimsonkn4241870371@imdbuser.net,1992-01-11,79
ur20535870,kunalpuri-,kunalpuri2053587033@example.com,1994-05-20,43
ur0633591,markflogan,markflogan063359117@mail.com,1993-12-11,72
ur40814675,onlynay,onlynay4081467583@example.com,1977-07-25,51
ur56044133,orthopodbr,orthopodbr5604413385@example.com,2017-10-08,72
ur27395758,melina-dor,melinador2739575886@example.com,2004-11-16,49
ur113645998,jeffreyrob,jeffreyrob11364599882@moviefans.com,2023-10-12,16
ur32830294,Bonz99,bonz993283029478@example.com,2003-10-28,66
ur118841701,jacqui-580,jacqui58011884170173@example.com,1979-11-05,47
ur76184152,mmorin-783,mmorin7837618415255@example.com,1992-01-07,34
ur65824079,Deloron,deloron6582407943@example.com,2018-05-19,23
ur56625478,mohamed-el,mohamedel5662547888@example.com,1992-09-21,42
ur0430315,ngkos,ngkos043031595@example.com,1965-04-15,73
ur61666114,MarketaN,marketan6166611461@imdbuser.net,2015-06-05,52
ur61568722,redwards-8,redwards86156872278@example.com,1988-03-24,37
ur7848450,lisa_hosea,lisahosea784845095@moviefans.com,2019-07-06,30
ur42429188,kmvandenbu,kmvandenbu4242918818@moviefans.com,2002-03-24,71
ur112326362,iwanselway,iwanselway11232636237@mail.com,2005-03-15,63
ur76285478,francislog,francislog7628547815@mail.com,2021-06-10,60
ur1094017,LCShackley,lcshackley109401737@moviefans.com,2010-11-17,62
ur14462724,howardeism,howardeism1446272467@moviefans.com,1975-10-24,79
ur0726288,lonecap-2,lonecap2072628848@moviefans.com,2012-02-07,62
ur1944458,vivesi-1,vivesi1194445885@mail.com,2018-06-16,34
ur1890923,elducko,elducko189092373@moviefans.com,1964-07-31,66
ur1928885,dantown,dantown192888572@mail.com,2010-05-04,21
ur0600359,escoles,escoles060035940@imdbuser.net,1994-02-25,39
ur17023093,lusitanias,lusitanias1702309368@imdbuser.net,2005-11-28,33
ur25260590,alun-willi,alunwilli2526059057@moviefans.com,2014-03-23,32
ur0528698,bs1,bs1052869882@example.com,2015-06-14,13
ur20991360,bessiesmit,bessiesmit2099136039@moviefans.com,1984-06-27,50
ur49871846,fabi-sp92,fabisp924987184638@moviefans.com,2000-12-01,50
ur27006121,tonyandapr,tonyandapr2700612164@example.com,2000-06-15,31
ur148008918,agustreia,agustreia14800891852@moviefans.com,2022-12-09,28
ur16368609,Eric-Bedna,ericbedna1636860949@imdbuser.net,1971-08-31,58
ur50743418,jrussell-9,jrussell95074341845@imdbuser.net,2009-03-17,74
ur22939079,rt2prvcy,rt2prvcy2293907950@mail.com,2015-09-29,54
ur60151447,jeffreyhic,jeffreyhic6015144756@moviefans.com,1957-06-13,71
ur9565312,boojitsu,boojitsu956531298@example.com,2012-12-18,13
ur119848370,benjaminst,benjaminst11984837026@moviefans.com,2001-12-19,27
ur25549601,RedHeadsRu,redheadsru2554960157@example.com,2024-09-30,21
ur110343477,sexbomomba,sexbomomba11034347756@example.com,2006-09-24,61
ur22652325,ybredad,ybredad2265232595@mail.com,1962-03-02,78
ur28042333,zombieskea,zombieskea2804233343@moviefans.com,1996-08-09,57
ur1623103,wingchild,wingchild162310390@moviefans.com,2012-12-20,33
ur3107418,Bluesky_an,blueskyan310741838@example.com,1997-11-11,35
ur84270612,ismamuzzam,ismamuzzam8427061248@imdbuser.net,1976-12-14,77
ur0174609,revere-7,revere7017460958@mail.com,2021-05-12,17
ur5267184,t_man_jp,tmanjp526718477@moviefans.com,1995-12-27,60
ur54107508,mornicdavi,mornicdavi5410750845@mail.com,1980-12-03,52
ur103624867,enricoshap,enricoshap10362486767@mail.com,2021-06-03,65
ur4940314,mileniuman,mileniuman494031437@imdbuser.net,1978-07-28,58
ur99982160,kathiravan,kathiravan9998216045@moviefans.com,2013-02-28,74
ur3725842,leigh-jeff,leighjeff372584226@mail.com,1978-09-05,57
ur94097723,miner-2317,miner23179409772349@example.com,2000-02-06,26
ur27269278,EephusPitc,eephuspitc2726927813@example.com,2022-01-13,58
ur1863829,stancube,stancube186382912@mail.com,1999-07-13,53
ur26612725,LadiesAndM,ladiesandm2661272525@moviefans.com,2015-12-04,23
ur100170538,hilnry,hilnry10017053871@example.com,1967-03-25,78
ur36723930,bobdqo,bobdqo3672393017@imdbuser.net,2008-10-21,75
ur12568974,Amelie_Rou,amelierou1256897478@example.com,1984-06-27,57
ur80918298,RogueVirus,roguevirus8091829886@mail.com,2023-04-10,36
ur3629252,bobtoombs,bobtoombs362925222@moviefans.com,1952-08-07,79
ur0194472,A.P.,ap019447293@example.com,1977-08-15,75
ur4777585,scottlukas,scottlukas477758585@mail.com,2015-05-14,21
ur16149799,Pwyrdan,pwyrdan1614979993@moviefans.com,1990-12-01,66
ur4388897,Fan4562,fan4562438889789@mail.com,2005-02-23,29
ur5232724,Polaris_Di,polarisdi523272492@mail.com,2022-04-05,20
ur0676101,vdg,vdg067610118@moviefans.com,2014-04-25,21
ur4717991,Pairodox,pairodox471799177@mail.com,2025-06-15,41
ur9671842,ruth_bucha,ruthbucha967184237@mail.com,2016-07-30,17
ur1855964,baho-1,baho1185596414@imdbuser.net,2005-12-11,25
ur0694631,kerecsen,kerecsen069463177@example.com,2001-03-16,57
ur8079200,samz_wilso,samzwilso807920017@mail.com,2001-09-12,41
ur86677422,nowackiand,nowackiand8667742243@example.com,1994-10-06,48
ur59006359,vanapa,vanapa5900635930@moviefans.com,1988-12-23,69
ur133581182,patricia_o,patriciao13358118288@example.com,2020-06-13,29
ur67040925,aerystablu,aerystablu6704092596@example.com,2019-03-18,53
ur1296280,Alexander_,alexander129628033@mail.com,2015-08-01,68
ur45172147,JensOgVovh,jensogvovh4517214780@moviefans.com,2015-12-06,13
ur12586828,ThreeMoons,threemoons1258682870@mail.com,1995-10-07,31
ur68027975,carolrmag,carolrmag6802797587@moviefans.com,2005-03-04,31
ur67678448,watchparty,watchparty6767844856@mail.com,2005-12-26,27
ur7537590,grahamchri,grahamchri753759052@imdbuser.net,1973-01-29,60
ur20759635,sinapisme,sinapisme2075963511@mail.com,2006-08-15,50
ur59058892,joythirstp,joythirstp5905889228@example.com,2013-06-05,31
ur81226684,happy_juan,happyjuan8122668483@mail.com,2011-05-08,24
ur0852150,drdre1,drdre1085215072@mail.com,2017-08-31,19
ur12154761,shoeis,shoeis1215476128@moviefans.com,2013-02-04,14
ur98193913,blues-9679,blues96799819391392@mail.com,2017-05-23,26
ur120696687,CriticsVoi,criticsvoi12069668757@example.com,2001-10-12,55
ur125721946,Didako1221,didako122112572194623@mail.com,1984-09-21,69
ur23351007,srcooper-7,srcooper72335100714@imdbuser.net,2022-10-21,15
ur130352512,mrmocun,mrmocun13035251215@mail.com,2021-11-06,18
ur105958003,forzosky,forzosky10595800337@mail.com,2020-03-06,40
ur129603614,akdjreview,akdjreview12960361489@imdbuser.net,1990-03-23,36
ur10068216,marcusdean,marcusdean1006821692@imdbuser.net,2008-04-11,64
ur22398855,howemonika,howemonika2239885536@example.com,2003-08-19,38
ur3312099,technofunk,technofunk331209914@example.com,2017-05-12,38
ur16226815,Snowgoat,snowgoat1622681548@imdbuser.net,2011-05-07,62
ur49417836,Keyan-the-,keyanthe4941783673@moviefans.com,2020-11-08,18
ur71181162,amr_hamada,amrhamada7118116230@mail.com,2020-12-24,19
ur68293229,emmabarcla,emmabarcla6829322940@mail.com,1992-04-21,58
ur102266923,CasuallVie,casuallvie10226692346@mail.com,1969-10-21,58
ur69834479,michael-91,michael916983447962@moviefans.com,2015-12-22,62
ur102886138,kukuhrahay,kukuhrahay10288613899@example.com,1994-12-21,50
ur84216692,sennotapho,sennotapho8421669254@imdbuser.net,2000-12-14,36
ur85417430,petreusdav,petreusdav8541743073@imdbuser.net,2025-03-13,23
ur76923580,mobadizher,mobadizher7692358010@imdbuser.net,1982-04-02,61
ur66269298,blondlover,blondlover6626929831@example.com,1955-07-03,75
ur66290607,yeyeandzoo,yeyeandzoo6629060749@imdbuser.net,1983-07-20,80
ur65402363,rasthompso,rasthompso6540236398@moviefans.com,2017-02-20,23
ur0265899,EyeDunno,eyedunno026589996@mail.com,1980-03-20,61
ur0997166,weswalker,weswalker099716670@imdbuser.net,1973-09-08,58
ur6657969,mocpacific,mocpacific665796936@example.com,2015-01-24,45
ur0174908,schnad,schnad017490846@imdbuser.net,1982-07-23,66
ur166204143,hosodi-118,hosodi11816620414340@moviefans.com,2001-10-31,39
ur0138488,DrJoTab,drjotab013848862@imdbuser.net,2021-10-22,20
ur1081848,v_goggo,vgoggo108184894@example.com,1996-11-08,66
ur166203882,jiposek,jiposek16620388222@imdbuser.net,2014-08-09,68
ur75870169,ravesch-83,ravesch837587016975@imdbuser.net,2020-03-23,27
ur42512491,Ksa-2010,ksa20104251249128@imdbuser.net,2007-12-10,26
ur36129748,e-jackson1,ejackson13612974870@mail.com,1998-04-05,34
ur59729572,Patterson1,patterson15972957258@mail.com,1995-08-31,30
ur69065143,the_danny,thedanny6906514359@imdbuser.net,2004-08-19,41
ur54142477,gonzalolto,gonzalolto5414247757@moviefans.com,1978-05-27,59
ur86322012,fontenlabr,fontenlabr8632201249@mail.com,2008-04-14,56
ur2527893,chipswetna,chipswetna252789377@moviefans.com,2004-03-12,49
ur22560656,christophe,christophe2256065657@mail.com,1992-07-21,74
ur87748897,mysteryvoi,mysteryvoi8774889768@imdbuser.net,1978-06-05,74
ur41857420,zivshechtm,zivshechtm4185742098@moviefans.com,2024-11-30,72
ur123666080,evolvingh,evolvingh12366608065@example.com,2013-02-23,31
ur50146734,pipoulefr,pipoulefr5014673484@imdbuser.net,2023-03-31,69
ur60524855,AhmadAlRub,ahmadalrub6052485599@mail.com,2024-05-14,13
ur7548383,BlokeWithA,blokewitha754838381@mail.com,1989-10-02,46
ur0686533,Dr. Nick R,drnickr068653344@imdbuser.net,1996-02-26,43
ur5952532,benturkalj,benturkalj595253221@example.com,2004-09-28,79
ur0172553,THFC,thfc017255385@moviefans.com,1973-04-09,73
ur0393258,No Never-2,nonever2039325891@mail.com,2015-07-25,56
ur0231982,Ghormax,ghormax023198256@mail.com,2015-07-20,28
ur10237715,Rockford_6,rockford61023771518@moviefans.com,1976-01-05,73
ur101663178,Movie-Dood,moviedood10166317851@example.com,2013-08-14,30
ur131499933,melwinbaue,melwinbaue13149993382@moviefans.com,2015-03-19,20
ur42253266,tigerdyr20,tigerdyr204225326611@imdbuser.net,2018-01-26,30
ur62229406,lumieretra,lumieretra6222940653@imdbuser.net,2001-07-18,40
ur188455636,Bradthehob,bradthehob18845563669@example.com,2002-08-17,33
ur117049175,busstwilli,busstwilli11704917591@imdbuser.net,2007-04-16,26
ur2709785,shiftyeyed,shiftyeyed270978568@example.com,2007-07-25,25
ur107458270,rodrigocpf,rodrigocpf10745827077@imdbuser.net,1996-12-28,29
ur155260236,jbedwell-2,jbedwell215526023699@mail.com,2014-01-14,29
ur9469926,PizzicatoF,pizzicatof946992631@imdbuser.net,2010-01-21,18
ur81725360,aheen-9457,aheen94578172536029@mail.com,1994-04-18,32
ur152927210,Chaosfn,chaosfn15292721023@example.com,2018-12-24,47
ur5899771,falcom1941,falcom1941589977152@mail.com,2021-06-02,22
ur7899381,baseballrh,baseballrh789938164@mail.com,2012-01-04,72
